"skill_code","skill_cn","skill_tc","skill_en","dim_update_time","dim_load_time"
CU_SK_000001,帐户事宜组,帳戶事宜组,Account,2025-11-19 14:36:45.904,2025-11-19 14:36:45.904
CU_SK_000002,用户转名或终止注册用户资格组,用戶轉名或終止註冊用戶資格组,CoC App,2025-11-19 14:36:45.904,2025-11-19 14:36:45.904
CU_SK_000007,(星期六)查询用户转名或终止注册用户资格组,(星期六)查詢用戶轉名或終止註冊用戶資格组,Sat COC Enq,2025-11-19 14:36:45.904,2025-11-19 14:36:45.904
CU_SK_000010,水安全计划资助计划或提升香港食水安全行动计划组,水安全計劃資助計劃或提升香港食水安全行動計劃组,Task Force,2025-11-19 14:36:45.904,2025-11-19 14:36:45.904
CU_SK_000011,供水事宜Technical组,供水事宜Technical组,Technical,2025-11-19 14:36:45.904,2025-11-19 14:36:45.904
CU_SK_000008,(星期六)举报劏房及滥收水费组,(星期六)舉報劏房及濫收水費组,Sat Subdivided Unit,2025-11-19 14:36:45.904,2025-11-19 14:36:45.904
CU_SK_000006,(星期六)帐户事宜能,(星期六)帳戶事宜能,Sat Account,2025-11-19 14:36:45.904,2025-11-19 14:36:45.904
CU_SK_000005,报告水管爆裂或其他紧急事宜组,報告水管爆裂或其他緊急事宜组,Mainburst,2025-11-19 14:36:45.904,2025-11-19 14:36:45.904
CU_SK_000003,查询用户转名或终止注册用户资格组,查詢用戶轉名或終止註冊用戶資格组,CoC Enq,2025-11-19 14:36:45.904,2025-11-19 14:36:45.904
CU_SK_000004,General组,General组,General,2025-11-19 14:36:45.904,2025-11-19 14:36:45.904
CU_SK_000009,举报劏房及滥收水费组,舉報劏房及濫收水費组,Subdivided Unit,2025-11-19 14:36:45.904,2025-11-19 14:36:45.904
