Label,# Samples,Average,Median,90% Line,95% Line,99% Line,Min,Max,Error %,Throughput,Received KB/sec,Sent KB/sec
PC&APP:flushingWatersupplyStatus,190,25,25,34,40,81,9,121,0.000%,.32420,0.42,0.15
PC&APP:waterConsumption,230,31,32,43,47,66,14,105,0.000%,.39227,0.43,0.18
PC&APP:Application-result,222,25,26,35,40,81,10,132,0.000%,.37851,0.26,0.17
PC&APP:Inside service fault-search,224,29,29,39,47,100,15,201,0.000%,.38102,1.85,0.18
PC&APP:waterQualitySample,901,29,29,40,46,88,11,191,0.000%,1.53609,1.35,0.70
PC&APP:houseMeterCount,193,34,34,43,50,100,17,198,0.000%,.32889,0.48,0.15
PC&APP:contractNetPayment,230,32,32,44,46,70,14,189,0.000%,.39192,0.34,0.18
PC&APP:Complaint-search,214,37,37,48,52,75,21,122,0.000%,.36465,26.40,0.19
PC&APP:supplyAnalysisdaily,240,41,43,53,59,71,26,72,0.000%,.40882,1.74,0.19
PC&APP:engineering works-warning search,231,34,35,47,50,66,16,92,0.000%,.39339,0.26,0.20
PC&APP:productSalesDiffTrend,452,38,38,49,54,69,19,179,0.000%,.76925,3.26,0.36
PC&APP:waterQualityPassRatemonthly,233,34,32,45,50,89,18,187,0.000%,.39713,0.81,0.19
PC&APP:woProcessingStatusmmonthly,212,29,31,39,41,49,16,63,0.000%,.36137,0.57,0.17
PC&APP:pumpHousePumpMachine,238,36,37,50,54,95,20,109,0.000%,.40562,0.45,0.20
PC&APP:proxyGroup,227,26,27,35,42,101,13,118,0.000%,.38695,0.64,0.16
PC&APP:waterPlantsEnergyConsumptionmonthly,214,30,33,40,44,59,17,77,0.000%,.36455,0.43,0.17
PC&APP:pondWaterLevelChangesTrend,451,59,50,100,104,116,14,168,0.000%,.76855,71.61,0.36
PC&APP:Application-search,458,110,168,199,208,231,6,276,0.000%,.77967,11.64,0.50
PC&APP:woClassification,219,29,31,42,45,57,14,60,0.000%,.37302,0.43,0.17
PC&APP:waterMeterCondition,239,28,29,39,46,65,14,107,0.000%,.40699,0.30,0.19
PC&APP:Case Investigation-search,207,36,36,50,59,88,20,111,0.000%,.35312,0.36,0.18
PC&APP:wsoMonitoring,718,31,30,41,46,102,11,264,0.000%,1.22361,10.62,0.54
PC&APP:woProcessingStatusdaily,220,44,45,54,57,82,27,186,0.000%,.37532,1.15,0.17
PC&APP:engineeringManagementIndicatorsmonthly,262,31,32,43,47,55,15,92,0.000%,.44623,1.10,0.21
PC&APP:waterTreatmentWorkDatamonthly,237,30,32,41,45,53,15,63,0.000%,.40385,0.48,0.19
PC&APP:waterQualityParameterSituation,224,36,39,47,51,63,22,75,0.000%,.38188,0.49,0.18
PC&APP:flushingWater,233,39,38,51,55,105,21,241,0.000%,.39588,0.38,0.18
PC&APP:waterTreatmentWork,218,27,28,37,44,90,13,178,0.000%,.37170,0.53,0.16
PC&APP:Leakage-detail,234,34,32,44,49,219,13,276,0.000%,.39889,0.33,0.18
PC&APP:topLabel,224,22,20,32,36,42,11,52,0.000%,.38188,0.41,0.17
PC&APP:supplyCusService,453,30,31,41,44,53,12,105,0.000%,.77232,1.07,0.34
PC&APP:rawWaterReservoirmonthly,208,32,33,40,46,100,16,199,0.000%,.35459,0.58,0.16
PC&APP:userCategory,244,31,31,41,49,106,14,173,0.000%,.41491,0.37,0.19
PC&APP:dwSwPumpingStation,226,46,45,58,62,93,26,285,0.000%,.38459,0.74,0.17
PC&APP:complaintClassification,241,32,31,42,48,116,14,124,0.000%,.41055,0.34,0.19
PC&APP:nightMinFlow,225,49,50,61,66,100,32,113,0.000%,.38371,0.64,0.18
PC&APP:userinfo,226,40,41,52,59,79,21,144,0.000%,.38549,0.41,0.17
PC&APP:waterTreatmentWorkData,461,45,41,58,66,160,20,360,0.000%,.78517,0.79,0.36
PC&APP:woStatisticsmonthly,220,31,32,41,46,76,16,167,0.000%,.37486,1.10,0.17
PC&APP:Inside service fault-result,238,26,27,36,43,107,9,159,0.000%,.40532,0.28,0.18
PC&APP:Complaint-detail,244,27,27,37,43,93,9,198,0.000%,.41525,0.46,0.20
PC&APP:Inside service fault-detail,445,47,45,60,66,169,23,217,0.000%,.75814,4.13,0.34
PC&APP:realTimeMonitoringpressure,235,44,43,54,59,119,24,235,0.000%,.39986,28.20,0.19
PC&APP:supplyAnalysis,234,32,32,42,46,119,14,176,0.000%,.39871,0.51,0.18
PC&APP:pipelinedialog,229,28,30,38,45,96,14,128,0.000%,.39055,0.52,0.19
PC&APP:Mainpage,234,59,57,81,87,105,25,115,0.000%,.39895,8.54,0.17
PC&APP:engineering works-compensation search,235,62,58,91,101,135,26,222,0.000%,.40068,0.27,0.21
PC&APP:waterType,242,27,28,36,42,75,12,97,0.000%,.41240,0.35,0.20
PC&APP:BurstPipe-search,241,33,33,45,53,95,15,100,0.000%,.41104,4.23,0.24
PC&APP:pipelineNetworkAssets,219,38,38,48,57,120,21,239,0.000%,.37965,0.66,0.17
PC&APP:Leakage-minNightFlow,206,58,57,71,76,124,39,175,0.000%,.35172,0.36,0.18
PC&APP:wsoMonitoringdata,233,35,37,47,52,70,21,72,0.000%,.39714,8.80,0.17
PC&APP:dwSwPumpingStationmonthly,212,35,36,44,50,85,19,108,0.000%,.36135,0.96,0.17
PC&APP:waterFee,216,30,32,39,44,63,17,176,0.000%,.36792,0.40,0.17
PC&APP:contractNetPaymentdialog,212,30,31,43,47,59,15,62,0.000%,.36102,0.42,0.17
PC&APP:delayStatistics,217,56,54,82,90,108,26,116,0.000%,.36953,0.56,0.17
PC&APP:Leakage-subregion,231,29,31,38,41,83,15,173,0.000%,.39344,1.16,0.18
PC&APP:deviceSituation,230,33,33,44,47,133,16,189,0.000%,.39170,0.49,0.18
PC&APP:pipelinestatistics,222,27,30,37,41,48,14,80,0.000%,.37752,0.31,0.18
PC&APP:waterTypemonthly,236,32,32,43,48,70,15,90,0.000%,.41023,0.46,0.20
PC&APP:Supply Network-flowdetail,213,98,98,111,115,196,72,239,0.000%,.36280,1.49,0.17
PC&APP:woStatisticsdaily,256,44,45,54,57,64,28,180,0.000%,.43688,2.93,0.20
PC&APP:waterFactoryEnergyConsumption,225,37,34,48,58,162,15,273,0.000%,.38310,0.42,0.18
PC&APP:waterPlantsEnergyConsumption,187,36,34,49,57,88,14,260,0.000%,.31879,0.37,0.15
PC&APP:workOrderAndCall,215,31,32,41,45,113,15,180,0.000%,.36657,0.57,0.18
PC&APP:rawWaterReservoirdaily,250,52,54,62,64,83,36,112,0.000%,.42640,1.19,0.19
PC&APP:pipelineasset,205,33,34,44,49,65,17,68,0.000%,.34953,0.29,0.16
PC&APP:Supply Network-engineeringdetail,218,47,47,60,64,88,25,128,0.000%,.37181,1.70,0.17
PC&APP:pressureFlowMonitoring,221,30,30,41,48,85,15,106,0.000%,.37631,12.75,0.18
PC&APP:BurstPipe-detail,219,42,38,51,60,138,20,340,0.000%,.37293,0.77,0.17
PC&APP:productSalesDiffTrendmonthly,220,49,49,59,64,81,32,204,0.000%,.37509,1.16,0.18
PC&APP:Application-detail,435,86,106,131,135,153,27,190,0.000%,.73983,3.82,0.33
PC&APP:Supply Network-search,249,18,20,33,34,38,6,50,0.000%,.42416,0.30,0.23
PC&APP:pullDownList,202,35,32,50,55,75,10,171,0.000%,.35124,0.24,0.16
PC&APP:Leakage-logger,191,57,55,79,85,124,27,137,0.000%,.32555,0.25,0.15
PC&APP:BurstPipe-result,215,35,34,48,52,100,15,262,0.000%,.36631,1.08,0.22
PC&APP:rwSupplySituationmonthly,206,31,33,40,44,56,18,61,0.000%,.35072,0.61,0.16
PC&APP:seat,245,50,46,74,84,110,23,122,0.000%,.41782,3.94,0.19
PC&APP:waterQualitySamplemonthly,229,31,32,46,50,56,14,89,0.000%,.39006,0.43,0.18
PC&APP:woStatistics,222,43,40,52,62,162,22,285,0.000%,.37802,0.64,0.17
PC&APP:waterQualityParametersTrendmonthly,250,57,57,68,73,115,39,199,0.000%,.42631,1.21,0.21
PC&APP:workOrder,230,29,31,39,45,63,16,171,0.000%,.39210,0.68,0.17
PC&APP:waterQualityMonitoring,442,29,28,39,43,95,11,173,0.000%,.75352,1.29,0.36
PC&APP:engineering works-finanicial search,210,35,35,49,53,86,16,107,0.000%,.35730,0.24,0.18
PC&APP:Leakage-pipline,218,177,176,199,208,217,144,275,0.000%,.37140,0.47,0.18
PC&APP:rwSupplySituation,470,37,37,48,54,96,19,161,0.000%,.80006,1.03,0.37
PC&APP:Leakage-condition,226,252,250,282,290,352,209,415,0.000%,.38483,0.88,0.19
PC&APP:woProcessingStatus,250,33,33,45,49,116,17,209,0.000%,.42688,0.45,0.20
PC&APP:waterOutput,232,231,230,249,253,290,200,310,0.000%,.39552,0.48,0.20
PC&APP:dwSwReservoir,430,144,139,187,202,327,81,418,0.000%,.73255,0.63,0.33
PC&APP:hotlineStatistics,209,32,33,43,48,99,15,122,0.000%,.35616,1.01,0.18
PC&APP:engineeringManagementIndicators,200,30,32,41,44,52,14,74,0.000%,.34127,0.48,0.16
PC&APP:pipelinedata,210,28,29,38,42,60,15,132,0.000%,.35824,0.64,0.17
PC&APP:Cockpit-mainAsset,234,235,232,255,262,343,195,359,0.000%,.39897,2.21,0.18
PC&APP:Complaint-result,244,41,42,55,61,94,23,106,0.000%,.41535,2.18,0.20
PC&APP:rwStorage,254,170,168,197,209,242,122,278,0.000%,.43286,0.54,0.19
PC&APP:engineering works-contract search,221,28,29,39,43,49,15,201,0.000%,.37705,0.27,0.18
PC&APP:realTimeMonitoringflow,206,44,44,53,59,80,28,180,0.000%,.35098,22.26,0.17
PC&APP:wsoOverview,209,30,30,41,45,76,15,275,0.000%,.35584,0.30,0.16
PC&APP:engineering works-progress search,233,33,33,48,51,96,16,152,0.000%,.39745,0.27,0.20
PC&APP:waterLevelChange,217,232,232,248,256,286,200,369,0.000%,.36990,0.45,0.19
PC&APP:waterQualityPassRate,198,30,31,40,45,56,16,163,0.000%,.33750,0.42,0.16
PC&APP:rwSupplySituationDaily,214,400,396,423,436,525,356,551,0.000%,.36448,2.38,0.17
PC&APP:energyConsumption,240,75,75,86,91,130,57,251,0.000%,.40928,0.48,0.20
PC&APP:waterQualityParametersTrend,220,36,36,45,52,185,19,192,0.000%,.37492,0.62,0.18
TOTAL,27000,53,35,105,192,281,6,551,0.000%,45.87398,283.68,21.63
