Label,# Samples,Average,Min,Max,Std. Dev.,Error %,Throughput,Received KB/sec,Sent KB/sec,Avg. Bytes
PC&APP:flushingWatersupplyStatus,190,25,9,121,13.68,0.000%,.32420,0.42,0.15,1339.0
PC&APP:waterConsumption,230,31,14,105,11.20,0.000%,.39227,0.43,0.18,1124.2
PC&APP:Application-result,222,25,10,132,13.00,0.000%,.37851,0.26,0.17,713.0
PC&APP:Inside service fault-search,224,29,15,201,19.10,0.000%,.38102,1.85,0.18,4984.1
PC&APP:waterQualitySample,901,29,11,191,15.43,0.000%,1.53609,1.35,0.70,896.9
PC&APP:houseMeterCount,193,34,17,198,17.56,0.000%,.32889,0.48,0.15,1490.7
PC&APP:contractNetPayment,230,32,14,189,16.79,0.000%,.39192,0.34,0.18,899.2
PC&APP:Complaint-search,214,37,21,122,12.31,0.000%,.36465,26.40,0.19,74127.8
PC&APP:supplyAnalysisdaily,240,41,26,72,9.57,0.000%,.40882,1.74,0.19,4358.1
PC&APP:engineering works-warning search,231,34,16,92,10.39,0.000%,.39339,0.26,0.20,683.0
PC&APP:productSalesDiffTrend,452,38,19,179,14.87,0.000%,.76925,3.26,0.36,4340.2
PC&APP:waterQualityPassRatemonthly,233,34,18,187,14.37,0.000%,.39713,0.81,0.19,2094.3
PC&APP:woProcessingStatusmmonthly,212,29,16,63,7.86,0.000%,.36137,0.57,0.17,1615.9
PC&APP:pumpHousePumpMachine,238,36,20,109,12.22,0.000%,.40562,0.45,0.20,1146.1
PC&APP:proxyGroup,227,26,13,118,13.06,0.000%,.38695,0.64,0.16,1684.1
PC&APP:waterPlantsEnergyConsumptionmonthly,214,30,17,77,8.96,0.000%,.36455,0.43,0.17,1207.1
PC&APP:pondWaterLevelChangesTrend,451,59,14,168,33.14,0.000%,.76855,71.61,0.36,95409.5
PC&APP:Application-search,458,110,6,276,84.66,0.000%,.77967,11.64,0.50,15285.2
PC&APP:woClassification,219,29,14,60,9.76,0.000%,.37302,0.43,0.17,1180.1
PC&APP:waterMeterCondition,239,28,14,107,11.98,0.000%,.40699,0.30,0.19,762.2
PC&APP:Case Investigation-search,207,36,20,111,13.31,0.000%,.35312,0.36,0.18,1034.1
PC&APP:wsoMonitoring,718,31,11,264,17.01,0.000%,1.22361,10.62,0.54,8890.2
PC&APP:woProcessingStatusdaily,220,44,27,186,13.46,0.000%,.37532,1.15,0.17,3145.4
PC&APP:engineeringManagementIndicatorsmonthly,262,31,15,92,10.09,0.000%,.44623,1.10,0.21,2518.0
PC&APP:waterTreatmentWorkDatamonthly,237,30,15,63,8.64,0.000%,.40385,0.48,0.19,1206.1
PC&APP:waterQualityParameterSituation,224,36,22,75,9.05,0.000%,.38188,0.49,0.18,1308.8
PC&APP:flushingWater,233,39,21,241,18.47,0.000%,.39588,0.38,0.18,974.1
PC&APP:waterTreatmentWork,218,27,13,178,16.56,0.000%,.37170,0.53,0.16,1473.0
PC&APP:Leakage-detail,234,34,13,276,29.76,0.000%,.39889,0.33,0.18,857.2
PC&APP:topLabel,224,22,11,52,7.93,0.000%,.38188,0.41,0.17,1086.2
PC&APP:supplyCusService,453,30,12,105,9.71,0.000%,.77232,1.07,0.34,1416.8
PC&APP:rawWaterReservoirmonthly,208,32,16,199,16.89,0.000%,.35459,0.58,0.16,1686.8
PC&APP:userCategory,244,31,14,173,16.83,0.000%,.41491,0.37,0.19,901.3
PC&APP:dwSwPumpingStation,226,46,26,285,20.67,0.000%,.38459,0.74,0.17,1974.8
PC&APP:complaintClassification,241,32,14,124,14.57,0.000%,.41055,0.34,0.19,859.1
PC&APP:nightMinFlow,225,49,32,113,11.69,0.000%,.38371,0.64,0.18,1709.6
PC&APP:userinfo,226,40,21,144,13.64,0.000%,.38549,0.41,0.17,1102.1
PC&APP:waterTreatmentWorkData,461,45,20,360,32.16,0.000%,.78517,0.79,0.36,1026.1
PC&APP:woStatisticsmonthly,220,31,16,167,13.59,0.000%,.37486,1.10,0.17,3015.2
PC&APP:Inside service fault-result,238,26,9,159,16.08,0.000%,.40532,0.28,0.18,713.0
PC&APP:Complaint-detail,244,27,9,198,16.53,0.000%,.41525,0.46,0.20,1146.1
PC&APP:Inside service fault-detail,445,47,23,217,19.75,0.000%,.75814,4.13,0.34,5584.6
PC&APP:realTimeMonitoringpressure,235,44,24,235,17.76,0.000%,.39986,28.20,0.19,72213.2
PC&APP:supplyAnalysis,234,32,14,176,16.16,0.000%,.39871,0.51,0.18,1300.9
PC&APP:pipelinedialog,229,28,14,128,13.71,0.000%,.39055,0.52,0.19,1358.5
PC&APP:Mainpage,234,59,25,115,16.66,0.000%,.39895,8.54,0.17,21916.3
PC&APP:engineering works-compensation search,235,62,26,222,23.74,0.000%,.40068,0.27,0.21,683.0
PC&APP:waterType,242,27,12,97,10.79,0.000%,.41240,0.35,0.20,870.1
PC&APP:BurstPipe-search,241,33,15,100,12.34,0.000%,.41104,4.23,0.24,10548.7
PC&APP:pipelineNetworkAssets,219,38,21,239,19.14,0.000%,.37965,0.66,0.17,1779.9
PC&APP:Leakage-minNightFlow,206,58,39,175,16.51,0.000%,.35172,0.36,0.18,1053.3
PC&APP:wsoMonitoringdata,233,35,21,72,9.41,0.000%,.39714,8.80,0.17,22688.5
PC&APP:dwSwPumpingStationmonthly,212,35,19,108,11.22,0.000%,.36135,0.96,0.17,2733.1
PC&APP:waterFee,216,30,17,176,13.22,0.000%,.36792,0.40,0.17,1103.2
PC&APP:contractNetPaymentdialog,212,30,15,62,9.79,0.000%,.36102,0.42,0.17,1191.3
PC&APP:delayStatistics,217,56,26,116,17.72,0.000%,.36953,0.56,0.17,1563.9
PC&APP:Leakage-subregion,231,29,15,173,16.06,0.000%,.39344,1.16,0.18,3023.9
PC&APP:deviceSituation,230,33,16,189,18.02,0.000%,.39170,0.49,0.18,1292.9
PC&APP:pipelinestatistics,222,27,14,80,8.89,0.000%,.37752,0.31,0.18,849.3
PC&APP:waterTypemonthly,236,32,15,90,10.01,0.000%,.41023,0.46,0.20,1138.3
PC&APP:Supply Network-flowdetail,213,98,72,239,17.65,0.000%,.36280,1.49,0.17,4207.9
PC&APP:woStatisticsdaily,256,44,28,180,12.63,0.000%,.43688,2.93,0.20,6863.0
PC&APP:waterFactoryEnergyConsumption,225,37,15,273,24.13,0.000%,.38310,0.42,0.18,1120.2
PC&APP:waterPlantsEnergyConsumption,187,36,14,260,20.56,0.000%,.31879,0.37,0.15,1185.2
PC&APP:workOrderAndCall,215,31,15,180,17.73,0.000%,.36657,0.57,0.18,1578.4
PC&APP:rawWaterReservoirdaily,250,52,36,112,9.41,0.000%,.42640,1.19,0.19,2864.8
PC&APP:pipelineasset,205,33,17,68,9.68,0.000%,.34953,0.29,0.16,854.1
PC&APP:Supply Network-engineeringdetail,218,47,25,128,12.19,0.000%,.37181,1.70,0.17,4688.0
PC&APP:pressureFlowMonitoring,221,30,15,106,12.25,0.000%,.37631,12.75,0.18,34691.4
PC&APP:BurstPipe-detail,219,42,20,340,28.90,0.000%,.37293,0.77,0.17,2124.0
PC&APP:productSalesDiffTrendmonthly,220,49,32,204,15.92,0.000%,.37509,1.16,0.18,3180.0
PC&APP:Application-detail,435,86,27,190,38.23,0.000%,.73983,3.82,0.33,5287.6
PC&APP:Supply Network-search,249,18,6,50,8.73,0.000%,.42416,0.30,0.23,713.0
PC&APP:Leakage-logger,191,57,27,137,18.19,0.000%,.32555,0.25,0.15,785.0
PC&APP:pullDownList,202,35,10,171,16.76,0.000%,.35124,0.24,0.16,713.0
PC&APP:BurstPipe-result,215,35,15,262,21.64,0.000%,.36631,1.08,0.22,3013.9
PC&APP:rwSupplySituationmonthly,206,31,18,61,8.19,0.000%,.35072,0.61,0.16,1770.7
PC&APP:seat,245,50,23,122,18.09,0.000%,.41782,3.94,0.19,9645.1
PC&APP:waterQualitySamplemonthly,229,31,14,89,10.42,0.000%,.39006,0.43,0.18,1138.2
PC&APP:woStatistics,222,43,22,285,27.51,0.000%,.37802,0.64,0.17,1727.7
PC&APP:waterQualityParametersTrendmonthly,250,57,39,199,15.74,0.000%,.42631,1.21,0.21,2905.8
PC&APP:workOrder,230,29,16,171,13.11,0.000%,.39210,0.68,0.17,1785.0
PC&APP:waterQualityMonitoring,442,29,11,173,15.56,0.000%,.75352,1.29,0.36,1747.2
PC&APP:engineering works-finanicial search,210,35,16,107,12.35,0.000%,.35730,0.24,0.18,683.0
PC&APP:Leakage-pipline,218,177,144,275,18.71,0.000%,.37140,0.47,0.18,1304.6
PC&APP:rwSupplySituation,470,37,19,161,12.75,0.000%,.80006,1.03,0.37,1321.7
PC&APP:Leakage-condition,226,252,209,415,27.73,0.000%,.38483,0.88,0.19,2336.2
PC&APP:woProcessingStatus,250,33,17,209,17.64,0.000%,.42688,0.45,0.20,1078.1
PC&APP:waterOutput,232,231,200,310,14.46,0.000%,.39552,0.48,0.20,1236.5
PC&APP:dwSwReservoir,430,144,81,418,40.11,0.000%,.73255,0.63,0.33,887.1
PC&APP:hotlineStatistics,209,32,15,122,13.57,0.000%,.35616,1.01,0.18,2900.2
PC&APP:engineeringManagementIndicators,200,30,14,74,9.10,0.000%,.34127,0.48,0.16,1450.8
PC&APP:pipelinedata,210,28,15,132,13.24,0.000%,.35824,0.64,0.17,1827.1
PC&APP:Cockpit-mainAsset,234,235,195,359,20.26,0.000%,.39897,2.21,0.18,5679.3
PC&APP:Complaint-result,244,41,23,106,11.33,0.000%,.41535,2.18,0.20,5372.6
PC&APP:rwStorage,254,170,122,278,22.25,0.000%,.43286,0.54,0.19,1281.8
PC&APP:engineering works-contract search,221,28,15,201,14.58,0.000%,.37705,0.27,0.18,737.2
PC&APP:realTimeMonitoringflow,206,44,28,180,13.72,0.000%,.35098,22.26,0.17,64942.2
PC&APP:wsoOverview,209,30,15,275,21.62,0.000%,.35584,0.30,0.16,872.1
PC&APP:engineering works-progress search,233,33,16,152,14.76,0.000%,.39745,0.27,0.20,683.0
PC&APP:waterLevelChange,217,232,200,369,18.98,0.000%,.36990,0.45,0.19,1239.6
PC&APP:waterQualityPassRate,198,30,16,163,13.22,0.000%,.33750,0.42,0.16,1281.7
PC&APP:rwSupplySituationDaily,214,400,356,551,23.70,0.000%,.36448,2.38,0.17,6684.2
PC&APP:energyConsumption,240,75,57,251,17.40,0.000%,.40928,0.48,0.20,1203.1
PC&APP:waterQualityParametersTrend,220,36,19,192,20.86,0.000%,.37492,0.62,0.18,1682.8
TOTAL,27000,53,6,551,57.84,0.000%,45.87398,283.68,21.63,6332.4
