"ir_id","ir_name","ir_wl","intake","unit","dim_update_time","dim_load_time"
IR00000015,Shek Pik Reservoir,15.01750,INTAKE NO.1(49.27),mPD,,
IR00000015,Shek Pik Reservoir,22.86610,INTAKE NO.2(75.02),mPD,2026-05-20 18:43:52.984,2026-05-20 18:43:52.984
IR00000015,Shek Pik Reservoir,30.79090,INTAKE NO.3(101.02),mPD,2026-05-20 18:43:52.984,2026-05-20 18:43:52.984
IR00000015,Shek Pik Reservoir,38.71570,INTAKE NO.4(127.02),mPD,2026-05-20 18:43:52.984,2026-05-20 18:43:52.984
IR00000015,Shek Pik Reservoir,46.64050,INTAKE NO.5(153.02),mPD,2026-05-20 18:43:52.984,2026-05-20 18:43:52.984
IR00000015,Shek Pik Reservoir,54.03190,T.W.L.(177.27),mPD,2026-05-20 18:43:52.984,2026-05-20 18:43:52.984
IR00000017,Plove Cover Reservoir,2.77000,INTAKE I.L. 2.77,mPD,2026-05-20 18:43:52.984,2026-05-20 18:43:52.984
IR00000017,Plove Cover Reservoir,5.43000,INTAKE I.L. 5.43,mPD,2026-05-20 18:43:52.984,2026-05-20 18:43:52.984
IR00000017,Plove Cover Reservoir,8.09000,INTAKE I.L. 8.09,mPD,2026-05-20 18:43:52.984,2026-05-20 18:43:52.984
IR00000017,Plove Cover Reservoir,10.75000,INTAKE I.L. 10.75,mPD,2026-05-20 18:43:52.984,2026-05-20 18:43:52.984
IR00000017,Plove Cover Reservoir,13.41000,INTAKE I.L. 13.41,mPD,2026-05-20 18:43:52.984,2026-05-20 18:43:52.984
IR00000017,Plove Cover Reservoir,14.02000,T.W.L. 14.02,mPD,2026-05-20 18:43:52.984,2026-05-20 18:43:52.984
IR00000013,Shing Mun Reservoir,145.80000,INTAKE NO. 4(145.8),mPD,2026-05-20 18:43:52.984,2026-05-20 18:43:52.984
IR00000013,Shing Mun Reservoir,163.80000,INTAKE NO. 3(163.8),mPD,2026-05-20 18:43:52.984,2026-05-20 18:43:52.984
IR00000013,Shing Mun Reservoir,175.80000,INTAKE NO. 2(175.8),mPD,2026-05-20 18:43:52.984,2026-05-20 18:43:52.984
IR00000013,Shing Mun Reservoir,185.90000,INTAKE NO. 1(185.9),mPD,2026-05-20 18:43:52.984,2026-05-20 18:43:52.984
IR00000013,Shing Mun Reservoir,190.50000,T.W.L.,mPD,2026-05-20 18:43:52.984,2026-05-20 18:43:52.984
IR00000014,Tai Lam Chun Reservoir,25.90800,INTAKE I.L. 85.00,mPD,2026-05-20 18:43:52.984,2026-05-20 18:43:52.984
IR00000014,Tai Lam Chun Reservoir,42.67200,INTAKE I.L. 140.00,mPD,2026-05-20 18:43:52.984,2026-05-20 18:43:52.984
IR00000014,Tai Lam Chun Reservoir,50.29200,INTAKE I.L. 165.00,mPD,2026-05-20 18:43:52.984,2026-05-20 18:43:52.984
IR00000014,Tai Lam Chun Reservoir,57.15000,INTAKE I.L. 187.50,mPD,2026-05-20 18:43:52.984,2026-05-20 18:43:52.984
IR00000014,Tai Lam Chun Reservoir,60.96000,T.W.L. 200.00,mPD,2026-05-20 18:43:52.984,2026-05-20 18:43:52.984
IR00000016,Lower Shing Mun Reservoir,39.87698,INTAKE I.L. 130.83,mPD,2026-05-20 18:43:52.984,2026-05-20 18:43:52.984
IR00000016,Lower Shing Mun Reservoir,70.35698,INTAKE I.L. 230.83,mPD,2026-05-20 18:43:52.984,2026-05-20 18:43:52.984
IR00000016,Lower Shing Mun Reservoir,79.50098,INTAKE I.L. 260.83,mPD,2026-05-20 18:43:52.984,2026-05-20 18:43:52.984
IR00000016,Lower Shing Mun Reservoir,90.22080,T.W.L. 296.00,mPD,2026-05-20 18:43:52.984,2026-05-20 18:43:52.984
IR00000018,High Island Reservoir,29.16000,INTAKE I.L. 29.16 m.P.D.,mPD,2026-05-20 18:43:52.984,2026-05-20 18:43:52.984
IR00000018,High Island Reservoir,40.16000,INTAKE I.L. 40.16 m.P.D.,mPD,2026-05-20 18:43:52.984,2026-05-20 18:43:52.984
IR00000018,High Island Reservoir,51.46000,INTAKE I.L. 51.46 m.P.D.,mPD,2026-05-20 18:43:52.984,2026-05-20 18:43:52.984
IR00000018,High Island Reservoir,60.96000,T.W.L. 60.96 m,mPD,2026-05-20 18:43:52.984,2026-05-20 18:43:52.984
