"installation_id","region_abbr","wtw_name_en","wtw_name_cn","wtw_name_tc","tag_name_en","tag_name_cn","tag_name_tc","units","water_type_code","category","tag_type","dim_update_time","dim_load_time"
TW018,NTW,Yau Kom Tau Water Treatment Works,油柑头滤水厂,油柑頭濾水廠,YKT_TreatedWaterTankLevel_Level_High_SP,清水池最高水位,清水池最高水位,m,WT_TW_000004,LEVEL,LEVEL,2026-09-21 15:47:00.353,2026-09-21 15:47:00.353
TW018,NTW,Yau Kom Tau Water Treatment Works,油柑头滤水厂,油柑頭濾水廠,YKT_Final_Fluoride_Fluoride,食水水质氟,食水水質氟,mg/L,WT_TW_000004,WATER QUALITY,FLUORIDE,2026-09-21 15:47:00.353,2026-09-21 15:47:00.353
TW018,NTW,Yau Kom Tau Water Treatment Works,油柑头滤水厂,油柑頭濾水廠,YKT_InletPress_Press,原水进水压力,原水進水壓力,m,WT_RW_000001,PRESSURE,PRESSURE,2026-09-21 15:47:00.353,2026-09-21 15:47:00.353
TW018,NTW,Yau Kom Tau Water Treatment Works,油柑头滤水厂,油柑頭濾水廠,YKT_Raw_Water_pH_PH,原水水质PH,原水水質PH,,WT_RW_000001,WATER QUALITY,PH,2026-09-21 15:47:00.353,2026-09-21 15:47:00.353
TW018,NTW,Yau Kom Tau Water Treatment Works,油柑头滤水厂,油柑頭濾水廠,YKT_RawWater_Turbidity_Turbidity,原水水质浊度,原水水質濁度,NTU,WT_RW_000001,WATER QUALITY,TURBIDITY,2026-09-21 15:47:00.353,2026-09-21 15:47:00.353
TW018,NTW,Yau Kom Tau Water Treatment Works,油柑头滤水厂,油柑頭濾水廠,YKT_TreatedWaterTankLevel_Level,清水池水位,清水池水位,m,WT_TW_000004,LEVEL,LEVEL,2026-09-21 15:47:00.353,2026-09-21 15:47:00.353
TW018,NTW,Yau Kom Tau Water Treatment Works,油柑头滤水厂,油柑頭濾水廠,YKT_TreatedWaterTankLevel_Level_Low_SP,清水池最低水位,清水池最低水位,m,WT_TW_000004,LEVEL,LEVEL,2026-09-21 15:47:00.353,2026-09-21 15:47:00.353
TW018,NTW,Yau Kom Tau Water Treatment Works,油柑头滤水厂,油柑頭濾水廠,YKT_DeliveryrFlow_Forward_TotalFlow,累计流量,累計流量,ML,WT_TW_000004,FLOW,FLOW,2026-09-21 15:47:00.353,2026-09-21 15:47:00.353
TW018,NTW,Yau Kom Tau Water Treatment Works,油柑头滤水厂,油柑頭濾水廠,YKT_FinalWater_ResCl2_ResidualChlorine,食水水质余氯,食水水質餘氯,mg/L,WT_TW_000004,WATER QUALITY,CHLORINE,2026-09-21 15:47:00.353,2026-09-21 15:47:00.353
TW018,NTW,Yau Kom Tau Water Treatment Works,油柑头滤水厂,油柑頭濾水廠,YKT_Final_Water_pH_PH,食水水质PH,食水水質PH,,WT_TW_000004,WATER QUALITY,PH,2026-09-21 15:47:00.353,2026-09-21 15:47:00.353
TW018,NTW,Yau Kom Tau Water Treatment Works,油柑头滤水厂,油柑頭濾水廠,YKT_Final_Water_Turbidity_Turbidity,食水水质浊度,食水水質濁度,NTU,WT_TW_000004,WATER QUALITY,TURBIDITY,2026-09-21 15:47:00.353,2026-09-21 15:47:00.353
TW018,NTW,Yau Kom Tau Water Treatment Works,油柑头滤水厂,油柑頭濾水廠,YKT_InletFlow_Forward_Flow_Total,原水进水流量,原水進水流量,ML,WT_RW_000001,FLOW,FLOW,2026-09-21 15:47:00.353,2026-09-21 15:47:00.353
TW009,HKI,Silver Mine Bay WTW,银矿湾滤水厂,銀鑛灣濾水廠,RWPHAV,原水水质PH,原水水質PH,,WT_RW_000001,WATER QUALITY,PH,2026-09-21 15:47:00.353,2026-09-21 15:47:00.353
TW009,HKI,Silver Mine Bay WTW,银矿湾滤水厂,銀鑛灣濾水廠,V_FM2_Flow_Today,南塘当天流量,南塘當天流量,MLD,WT_TW_000004,FLOW,FLOW,2026-09-21 15:47:00.353,2026-09-21 15:47:00.353
TW009,HKI,Silver Mine Bay WTW,银矿湾滤水厂,銀鑛灣濾水廠,V_FM2_Flow_Today_Re,南塘当天逆向流量,南塘當天逆向流量,MLD,WT_TW_000004,FLOW,FLOW,2026-09-21 15:47:00.353,2026-09-21 15:47:00.353
TW009,HKI,Silver Mine Bay WTW,银矿湾滤水厂,銀鑛灣濾水廠,RWTAV,原水水质浊度,原水水質濁度,NTU,WT_RW_000001,WATER QUALITY,TURBIDITY,2026-09-21 15:47:00.353,2026-09-21 15:47:00.353
TW009,HKI,Silver Mine Bay WTW,银矿湾滤水厂,銀鑛灣濾水廠,LFP_RW_INLET_Hart_total_re,原水总逆向流量,原水總逆向流量,MLD,WT_RW_000001,FLOW,FLOW,2026-09-21 15:47:00.353,2026-09-21 15:47:00.353
TW009,HKI,Silver Mine Bay WTW,银矿湾滤水厂,銀鑛灣濾水廠,LFP_RW_INLET_Hart_Today,原水当天流量,原水當天流量,MLD,WT_RW_000001,FLOW,FLOW,2026-09-21 15:47:00.353,2026-09-21 15:47:00.353
TW009,HKI,Silver Mine Bay WTW,银矿湾滤水厂,銀鑛灣濾水廠,V_FM1_Flow_Today_Re,南塘当天逆向流量,南塘當天逆向流量,MLD,WT_TW_000004,FLOW,FLOW,2026-09-21 15:47:00.353,2026-09-21 15:47:00.353
TW009,HKI,Silver Mine Bay WTW,银矿湾滤水厂,銀鑛灣濾水廠,LFP_RW_INLET_Hart_yesterday,原水昨天流量,原水昨天流量,MLD,WT_RW_000001,FLOW,FLOW,2026-09-21 15:47:00.353,2026-09-21 15:47:00.353
TW009,HKI,Silver Mine Bay WTW,银矿湾滤水厂,銀鑛灣濾水廠,V_FM2_Flow_Total,南塘总流量,南塘總流量,MLD,WT_TW_000004,FLOW,FLOW,2026-09-21 15:47:00.353,2026-09-21 15:47:00.353
TW009,HKI,Silver Mine Bay WTW,银矿湾滤水厂,銀鑛灣濾水廠,LFP_SR_LVL_NORTH,北塘水位,北塘水位,m,WT_TW_000004,LEVEL,LEVEL,2026-09-21 15:47:00.353,2026-09-21 15:47:00.353
TW009,HKI,Silver Mine Bay WTW,银矿湾滤水厂,銀鑛灣濾水廠,V_FM1_Flow_Today,南塘当天流量,南塘當天流量,MLD,WT_TW_000004,FLOW,FLOW,2026-09-21 15:47:00.353,2026-09-21 15:47:00.353
TW009,HKI,Silver Mine Bay WTW,银矿湾滤水厂,銀鑛灣濾水廠,FWFRAV,食水水质氟,食水水質氟,mg/L,WT_TW_000004,WATER QUALITY,FLUORIDE,2026-09-21 15:47:00.353,2026-09-21 15:47:00.353
TW009,HKI,Silver Mine Bay WTW,银矿湾滤水厂,銀鑛灣濾水廠,V_FM1_Flow_Yesterday,南塘昨天流量,南塘昨天流量,MLD,WT_TW_000004,FLOW,FLOW,2026-09-21 15:47:00.353,2026-09-21 15:47:00.353
TW009,HKI,Silver Mine Bay WTW,银矿湾滤水厂,銀鑛灣濾水廠,LFP_RW_INLET_Hart_total,原水总流量,原水總流量,MLD,WT_RW_000001,FLOW,FLOW,2026-09-21 15:47:00.353,2026-09-21 15:47:00.353
TW009,HKI,Silver Mine Bay WTW,银矿湾滤水厂,銀鑛灣濾水廠,FWTAV,食水水质浊度,食水水質濁度,NTU,WT_TW_000004,WATER QUALITY,TURBIDITY,2026-09-21 15:47:00.353,2026-09-21 15:47:00.353
TW009,HKI,Silver Mine Bay WTW,银矿湾滤水厂,銀鑛灣濾水廠,FWCRAV,食水水质余氯,食水水質餘氯,mg/L,WT_TW_000004,WATER QUALITY,CHLORINE,2026-09-21 15:47:00.353,2026-09-21 15:47:00.353
TW009,HKI,Silver Mine Bay WTW,银矿湾滤水厂,銀鑛灣濾水廠,V_FM1_Flow_Total,南塘总流量,南塘總流量,MLD,WT_TW_000004,FLOW,FLOW,2026-09-21 15:47:00.353,2026-09-21 15:47:00.353
TW009,HKI,Silver Mine Bay WTW,银矿湾滤水厂,銀鑛灣濾水廠,V_FM2_Flowrate,南塘瞬时流量,南塘瞬時流量,MLD,WT_TW_000004,FLOW,FLOW,2026-09-21 15:47:00.353,2026-09-21 15:47:00.353
TW009,HKI,Silver Mine Bay WTW,银矿湾滤水厂,銀鑛灣濾水廠,LFP_SR_LVL_SOUTH,南塘水位,南塘水位,m,WT_TW_000004,LEVEL,LEVEL,2026-09-21 15:47:00.353,2026-09-21 15:47:00.353
TW009,HKI,Silver Mine Bay WTW,银矿湾滤水厂,銀鑛灣濾水廠,LFP_RW_INLET_Hart_Today_re,原水当天逆向流量,原水當天逆向流量,MLD,WT_RW_000001,FLOW,FLOW,2026-09-21 15:47:00.353,2026-09-21 15:47:00.353
TW009,HKI,Silver Mine Bay WTW,银矿湾滤水厂,銀鑛灣濾水廠,LFP_RW_INLET_Hart_yesterday_re,原水昨天逆向流量,原水昨天逆向流量,MLD,WT_RW_000001,FLOW,FLOW,2026-09-21 15:47:00.353,2026-09-21 15:47:00.353
TW009,HKI,Silver Mine Bay WTW,银矿湾滤水厂,銀鑛灣濾水廠,V_FM2_Flow_Yesterday,南塘昨天流量,南塘昨天流量,MLD,WT_TW_000004,FLOW,FLOW,2026-09-21 15:47:00.353,2026-09-21 15:47:00.353
TW009,HKI,Silver Mine Bay WTW,银矿湾滤水厂,銀鑛灣濾水廠,V_FM2_Flow_Total_Re,南塘总逆向流量,南塘總逆向流量,MLD,WT_TW_000004,FLOW,FLOW,2026-09-21 15:47:00.353,2026-09-21 15:47:00.353
TW009,HKI,Silver Mine Bay WTW,银矿湾滤水厂,銀鑛灣濾水廠,V_FM2_Flow_Yesterday_Re,南塘昨天逆向流量,南塘昨天逆向流量,MLD,WT_TW_000004,FLOW,FLOW,2026-09-21 15:47:00.353,2026-09-21 15:47:00.353
TW009,HKI,Silver Mine Bay WTW,银矿湾滤水厂,銀鑛灣濾水廠,V_FM1_Flow_Total_Re,南塘总逆向流量,南塘總逆向流量,MLD,WT_TW_000004,FLOW,FLOW,2026-09-21 15:47:00.353,2026-09-21 15:47:00.353
TW009,HKI,Silver Mine Bay WTW,银矿湾滤水厂,銀鑛灣濾水廠,V_FM1_Flow_Yesterday_Re,南塘昨天逆向流量,南塘昨天逆向流量,MLD,WT_TW_000004,FLOW,FLOW,2026-09-21 15:47:00.353,2026-09-21 15:47:00.353
TW009,HKI,Silver Mine Bay WTW,银矿湾滤水厂,銀鑛灣濾水廠,V_FM1_Flowrate,南塘瞬时流量,南塘瞬時流量,MLD,WT_TW_000004,FLOW,FLOW,2026-09-21 15:47:00.353,2026-09-21 15:47:00.353
TW009,HKI,Silver Mine Bay WTW,银矿湾滤水厂,銀鑛灣濾水廠,FWPHAV,食水水质PH,食水水質PH,,WT_TW_000004,WATER QUALITY,PH,2026-09-21 15:47:00.353,2026-09-21 15:47:00.353
TW025,HKI,Siu Ho Wan WTW,小蚝湾滤水厂,小蠔灣濾水廠,MO571PI,清水池液位,清水池液位,m,WT_TW_000004,LEVEL,LEVEL,2026-09-21 15:47:00.353,2026-09-21 15:47:00.353
TW025,HKI,Siu Ho Wan WTW,小蚝湾滤水厂,小蠔灣濾水廠,AO15402AI,原水水质PH,原水水質PH,,WT_RW_000001,WATER QUALITY,PH,2026-09-21 15:47:00.353,2026-09-21 15:47:00.353
TW025,HKI,Siu Ho Wan WTW,小蚝湾滤水厂,小蠔灣濾水廠,MO55005YL1,"5号泵启停状态","5號泵啟停狀態",,WT_TW_000004,PMP_S/S_STS,PMP_S/S_STS,2026-09-21 15:47:00.353,2026-09-21 15:47:00.353
TW025,HKI,Siu Ho Wan WTW,小蚝湾滤水厂,小蠔灣濾水廠,AO15503AI,原水水质浊度(综合),原水水質濁度(綜合),NTU,WT_RW_000001,WATER QUALITY,TURBIDITY,2026-09-21 15:47:00.353,2026-09-21 15:47:00.353
TW025,HKI,Siu Ho Wan WTW,小蚝湾滤水厂,小蠔灣濾水廠,MO55004YL1,"4号泵启停状态","4號泵啟停狀態",,WT_TW_000004,PMP_S/S_STS,PMP_S/S_STS,2026-09-21 15:47:00.353,2026-09-21 15:47:00.353
TW025,HKI,Siu Ho Wan WTW,小蚝湾滤水厂,小蠔灣濾水廠,MO502AI_FinalTurb,食水水质浊度,食水水質濁度,NTU,WT_TW_000004,WATER QUALITY,TURBIDITY,2026-09-21 15:47:00.353,2026-09-21 15:47:00.353
TW025,HKI,Siu Ho Wan WTW,小蚝湾滤水厂,小蠔灣濾水廠,MO501AI,食水水质氟,食水水質氟,mg/L,WT_TW_000004,WATER QUALITY,FLUORIDE,2026-09-21 15:47:00.353,2026-09-21 15:47:00.353
TW025,HKI,Siu Ho Wan WTW,小蚝湾滤水厂,小蠔灣濾水廠,MO55003YL1,"3号泵启停状态","3號泵啟停狀態",,WT_TW_000004,PMP_S/S_STS,PMP_S/S_STS,2026-09-21 15:47:00.353,2026-09-21 15:47:00.353
TW025,HKI,Siu Ho Wan WTW,小蚝湾滤水厂,小蠔灣濾水廠,AO15002FI1_SP_inFlow,原水瞬时流量(石壁),原水瞬時流量(石壁),MLD,WT_RW_000001,FLOW,FLOW,2026-09-21 15:47:00.353,2026-09-21 15:47:00.353
TW025,HKI,Siu Ho Wan WTW,小蚝湾滤水厂,小蠔灣濾水廠,AO15501AI,原水水质浊度(大榄涌),原水水質濁度(大欖涌),NTU,WT_RW_000001,WATER QUALITY,TURBIDITY,2026-09-21 15:47:00.353,2026-09-21 15:47:00.353
TW025,HKI,Siu Ho Wan WTW,小蚝湾滤水厂,小蠔灣濾水廠,MO572PI,压力,壓力,m,WT_TW_000004,PRESSURE,PRESSURE,2026-09-21 15:47:00.353,2026-09-21 15:47:00.353
TW025,HKI,Siu Ho Wan WTW,小蚝湾滤水厂,小蠔灣濾水廠,MO55006YL1,"6号泵启停状态","6號泵啟停狀態",,WT_TW_000004,PMP_S/S_STS,PMP_S/S_STS,2026-09-21 15:47:00.353,2026-09-21 15:47:00.353
TW025,HKI,Siu Ho Wan WTW,小蚝湾滤水厂,小蠔灣濾水廠,MO570FI,瞬时流量,瞬時流量,MLD,WT_TW_000004,FLOW,FLOW,2026-09-21 15:47:00.353,2026-09-21 15:47:00.353
TW025,HKI,Siu Ho Wan WTW,小蚝湾滤水厂,小蠔灣濾水廠,AO15502AI,原水水质浊度(石壁),原水水質濁度(石壁),NTU,WT_RW_000001,WATER QUALITY,TURBIDITY,2026-09-21 15:47:00.353,2026-09-21 15:47:00.353
TW025,HKI,Siu Ho Wan WTW,小蚝湾滤水厂,小蠔灣濾水廠,Hart_F570_Flow_counter2,累计流量2,累計流量2,ML,WT_TW_000004,FLOW,FLOW,2026-09-21 15:47:00.353,2026-09-21 15:47:00.353
TW025,HKI,Siu Ho Wan WTW,小蚝湾滤水厂,小蠔灣濾水廠,Hart_F570_Flow,瞬时流量,瞬時流量,MLD,WT_TW_000004,FLOW,FLOW,2026-09-21 15:47:00.353,2026-09-21 15:47:00.353
TW025,HKI,Siu Ho Wan WTW,小蚝湾滤水厂,小蠔灣濾水廠,Hart_F150_1_Flow_counter2,原水累计流量2(大榄涌),原水累計流量2(大欖涌),ML,WT_RW_000001,FLOW,FLOW,2026-09-21 15:47:00.353,2026-09-21 15:47:00.353
TW025,HKI,Siu Ho Wan WTW,小蚝湾滤水厂,小蠔灣濾水廠,AO15001FI_TLC_inFlow,原水瞬时流量(大榄涌),原水瞬時流量(大欖涌),MLD,WT_RW_000001,FLOW,FLOW,2026-09-21 15:47:00.353,2026-09-21 15:47:00.353
TW025,HKI,Siu Ho Wan WTW,小蚝湾滤水厂,小蠔灣濾水廠,MO503AI_Final_pH,食水水质PH,食水水質PH,,WT_TW_000004,WATER QUALITY,PH,2026-09-21 15:47:00.353,2026-09-21 15:47:00.353
TW025,HKI,Siu Ho Wan WTW,小蚝湾滤水厂,小蠔灣濾水廠,MO504AI,食水水质余氯,食水水質餘氯,mg/L,WT_TW_000004,WATER QUALITY,CHLORINE,2026-09-21 15:47:00.353,2026-09-21 15:47:00.353
TW025,HKI,Siu Ho Wan WTW,小蚝湾滤水厂,小蠔灣濾水廠,AO15403AI,食水水质PH(综合),食水水質PH(綜合),,WT_RW_000001,WATER QUALITY,PH,2026-09-21 15:47:00.353,2026-09-21 15:47:00.353
TW025,HKI,Siu Ho Wan WTW,小蚝湾滤水厂,小蠔灣濾水廠,MO55001YL1,"1号泵启停状态","1號泵啟停狀態",,WT_TW_000004,PMP_S/S_STS,PMP_S/S_STS,2026-09-21 15:47:00.353,2026-09-21 15:47:00.353
TW025,HKI,Siu Ho Wan WTW,小蚝湾滤水厂,小蠔灣濾水廠,AO15401AI,原水水质PH(大榄涌),原水水質PH(大欖涌),,WT_RW_000001,WATER QUALITY,PH,2026-09-21 15:47:00.353,2026-09-21 15:47:00.353
TW025,HKI,Siu Ho Wan WTW,小蚝湾滤水厂,小蠔灣濾水廠,Hart_F150_1_Flow_counter1,原水累计流量1(大榄涌),原水累計流量1(大欖涌),ML,WT_RW_000001,FLOW,FLOW,2026-09-21 15:47:00.353,2026-09-21 15:47:00.353
TW025,HKI,Siu Ho Wan WTW,小蚝湾滤水厂,小蠔灣濾水廠,Hart_F150_1_Flow,原水瞬时流量(大榄涌),原水瞬時流量(大欖涌),MLD,WT_RW_000001,FLOW,FLOW,2026-09-21 15:47:00.353,2026-09-21 15:47:00.353
TW025,HKI,Siu Ho Wan WTW,小蚝湾滤水厂,小蠔灣濾水廠,MO55002YL1,"2号泵启停状态","2號泵啟停狀態",,WT_TW_000004,PMP_S/S_STS,PMP_S/S_STS,2026-09-21 15:47:00.353,2026-09-21 15:47:00.353
TW025,HKI,Siu Ho Wan WTW,小蚝湾滤水厂,小蠔灣濾水廠,Hart_F570_Flow_counter1,累计流量1,累計流量1,ML,WT_TW_000004,FLOW,FLOW,2026-09-21 15:47:00.353,2026-09-21 15:47:00.353
TW026,NTE,Tai Po WTW,大埔濾水廠,大埔滤水厂,B99QIT2209_sPV,食水水质余氯,食水水質餘氯,mg/L,WT_TW_000004,WATER QUALITY,CHLORINE,2026-09-21 15:47:00.353,2026-09-21 15:47:00.353
TW026,NTE,Tai Po WTW,大埔濾水廠,大埔滤水厂,B99QIT2208_sPV,食水水质PH,食水水質PH,,WT_TW_000004,WATER QUALITY,PH,2026-09-21 15:47:00.353,2026-09-21 15:47:00.353
TW026,NTE,Tai Po WTW,大埔濾水廠,大埔滤水厂,B99QIT2207_sPV,食水水质浊度,食水水質濁度,NTU,WT_TW_000004,WATER QUALITY,TURBIDITY,2026-09-21 15:47:00.353,2026-09-21 15:47:00.353
TW026,NTE,Tai Po WTW,大埔濾水廠,大埔滤水厂,"89FIT2111T_TDAYF",蝴蝶谷配水库食水干管1当天累计流量,蝴蝶谷配水庫食水乾管1當天累計流量,ML,WT_TW_000004,FLOW,FLOW,2026-09-21 15:47:00.353,2026-09-21 15:47:00.353
TW026,NTE,Tai Po WTW,大埔濾水廠,大埔滤水厂,"93FIT3011T_TDAYF",蟠村园配水库食水当天累计流量,蟠村園配水庫食水當天累計流量,ML,WT_TW_000004,FLOW,FLOW,2026-09-21 15:47:00.353,2026-09-21 15:47:00.353
TW026,NTE,Tai Po WTW,大埔濾水廠,大埔滤水厂,"93FIT3011T_YDAYF",蟠村园配水库食水昨天累计流量,蟠村園配水庫食水昨天累計流量,ML,WT_TW_000004,FLOW,FLOW,2026-09-21 15:47:00.353,2026-09-21 15:47:00.353
TW026,NTE,Tai Po WTW,大埔濾水廠,大埔滤水厂,B91PIT2201_sPV,蝴蝶谷食水供水压力,蝴蝶谷食水供水壓力,m,WT_TW_000004,PRESSURE,PRESSURE,2026-09-21 15:47:00.353,2026-09-21 15:47:00.353
TW026,NTE,Tai Po WTW,大埔濾水廠,大埔滤水厂,B99QIT2210_sPV,食水水质氟,食水水質氟,mg/L,WT_TW_000004,WATER QUALITY,FLUORIDE,2026-09-21 15:47:00.353,2026-09-21 15:47:00.353
TW026,NTE,Tai Po WTW,大埔濾水廠,大埔滤水厂,B91PIT3001_sPV,大埔头和蟠村园食水供水压力,大埔頭和蟠村園食水供水壓力,bar,WT_TW_000004,PRESSURE,PRESSURE,2026-09-21 15:47:00.353,2026-09-21 15:47:00.353
TW026,NTE,Tai Po WTW,大埔濾水廠,大埔滤水厂,"99QIT0007_sPV",原水水质色度,原水水質色度,mg/L,WT_RW_000001,WATER QUALITY,COLOR,2026-09-21 15:47:00.353,2026-09-21 15:47:00.353
TW026,NTE,Tai Po WTW,大埔濾水廠,大埔滤水厂,"99QIT0007A_sPV",原水水质溶解性有机碳,原水水質溶解性有機碳,mg/L,WT_RW_000001,WATER QUALITY,DOC,2026-09-21 15:47:00.353,2026-09-21 15:47:00.353
TW026,NTE,Tai Po WTW,大埔濾水廠,大埔滤水厂,"89FIT2111T_sACCF",蝴蝶谷配水库食水干管1累计流量,蝴蝶谷配水庫食水乾管1累計流量,ML,WT_TW_000004,FLOW,FLOW,2026-09-21 15:47:00.353,2026-09-21 15:47:00.353
TW026,NTE,Tai Po WTW,大埔濾水廠,大埔滤水厂,"93FIT3011T_sACCF",蟠村园配水库食水累计流量,蟠村園配水庫食水累計流量,ML,WT_TW_000004,FLOW,FLOW,2026-09-21 15:47:00.353,2026-09-21 15:47:00.353
TW026,NTE,Tai Po WTW,大埔濾水廠,大埔滤水厂,"89FIT2111T_YDAYF",蝴蝶谷配水库食水干管1昨天累计流量,蝴蝶谷配水庫食水乾管1昨天累計流量,ML,WT_TW_000004,FLOW,FLOW,2026-09-21 15:47:00.353,2026-09-21 15:47:00.353
TW026,NTE,Tai Po WTW,大埔濾水廠,大埔滤水厂,"89FIT2211T_sACCF",蝴蝶谷配水库食水干管2累计流量,蝴蝶谷配水庫食水乾管2累計流量,ML,WT_TW_000004,FLOW,FLOW,2026-09-21 15:47:00.353,2026-09-21 15:47:00.353
TW026,NTE,Tai Po WTW,大埔濾水廠,大埔滤水厂,"89FIT2211T_TDAYF",蝴蝶谷配水库食水干管2当天累计流量,蝴蝶谷配水庫食水乾管2當天累計流量,ML,WT_TW_000004,FLOW,FLOW,2026-09-21 15:47:00.353,2026-09-21 15:47:00.353
TW026,NTE,Tai Po WTW,大埔濾水廠,大埔滤水厂,"89FIT2211T_YDAYF",蝴蝶谷配水库食水干管2昨天累计流量,蝴蝶谷配水庫食水乾管2昨天累計流量,ML,WT_TW_000004,FLOW,FLOW,2026-09-21 15:47:00.353,2026-09-21 15:47:00.353
TW017,NTE,Sheung Shui Water Treatment Works,上水滤水厂,上水濾水廠,SS_Delivery_Flow_Yesterday_Flow,昨天流量,昨天流量,ML,WT_TW_000004,FLOW,FLOW,2026-09-21 15:47:00.353,2026-09-21 15:47:00.353
TW017,NTE,Sheung Shui Water Treatment Works,上水滤水厂,上水濾水廠,SS_CCR_InletFlow02_REV_Today_Flow,原水2号当天逆流量,原水2號當天逆流量,ML,WT_RW_000001,FLOW,FLOW,2026-09-21 15:47:00.353,2026-09-21 15:47:00.353
TW017,NTE,Sheung Shui Water Treatment Works,上水滤水厂,上水濾水廠,SS_CCR_InletFlow02_REV_Total_Flow,原水2号累计逆流量,原水2號累計逆流量,ML,WT_RW_000001,FLOW,FLOW,2026-09-21 15:47:00.353,2026-09-21 15:47:00.353
TW017,NTE,Sheung Shui Water Treatment Works,上水滤水厂,上水濾水廠,SS_CWT2_ResidualChlorine_AI_ResidualChlorine,食水水质余氯(清水池2号),食水水質餘氯(清水池2號),mg/L,WT_TW_000004,WATER QUALITY,CHLORINE,2026-09-21 15:47:00.353,2026-09-21 15:47:00.353
TW017,NTE,Sheung Shui Water Treatment Works,上水滤水厂,上水濾水廠,SS_Delivery_Flow_REV_Total_Flow,总逆流量,總逆流量,ML,WT_TW_000004,FLOW,FLOW,2026-09-21 15:47:00.353,2026-09-21 15:47:00.353
TW017,NTE,Sheung Shui Water Treatment Works,上水滤水厂,上水濾水廠,SS_CCR_InletFlow02_Total_Flow,原水2号累计流量,原水2號累計流量,ML,WT_RW_000001,FLOW,FLOW,2026-09-21 15:47:00.353,2026-09-21 15:47:00.353
TW017,NTE,Sheung Shui Water Treatment Works,上水滤水厂,上水濾水廠,SS_RRT_pH_AI_PH,原水水质PH(水缸),原水水質PH(水缸),,WT_RW_000001,WATER QUALITY,PH,2026-09-21 15:47:00.353,2026-09-21 15:47:00.353
TW017,NTE,Sheung Shui Water Treatment Works,上水滤水厂,上水濾水廠,SS_RRT_OuterLevel_AI_Level,原水水缸水位,原水水缸水位,m,WT_RW_000001,LEVEL,LEVEL,2026-09-21 15:47:00.353,2026-09-21 15:47:00.353
TW017,NTE,Sheung Shui Water Treatment Works,上水滤水厂,上水濾水廠,SS_CCR_InletFlow02_AI_Flow,原水2号瞬时流量,原水2號瞬時流量,MLD,WT_RW_000001,FLOW,FLOW,2026-09-21 15:47:00.353,2026-09-21 15:47:00.353
TW017,NTE,Sheung Shui Water Treatment Works,上水滤水厂,上水濾水廠,SS_CCR_InletFlow01_AI_Flow,原水1号瞬时流量,原水1號瞬時流量,MLD,WT_RW_000001,FLOW,FLOW,2026-09-21 15:47:00.353,2026-09-21 15:47:00.353
TW017,NTE,Sheung Shui Water Treatment Works,上水滤水厂,上水濾水廠,SS_Delivery_Flow_Total_Flow,总流量,總流量,ML,WT_TW_000004,FLOW,FLOW,2026-09-21 15:47:00.353,2026-09-21 15:47:00.353
TW017,NTE,Sheung Shui Water Treatment Works,上水滤水厂,上水濾水廠,SS_CCR_InletFlow01_Today_Flow,原水1号当天流量,原水1號當天流量,ML,WT_RW_000001,FLOW,FLOW,2026-09-21 15:47:00.353,2026-09-21 15:47:00.353
TW017,NTE,Sheung Shui Water Treatment Works,上水滤水厂,上水濾水廠,SS_CCR_InletFlow02_REV_Yesterday_Flow,原水2号昨天逆流量,原水2號昨天逆流量,ML,WT_RW_000001,FLOW,FLOW,2026-09-21 15:47:00.353,2026-09-21 15:47:00.353
TW017,NTE,Sheung Shui Water Treatment Works,上水滤水厂,上水濾水廠,SS_Delivery_Flow_REV_Today_Flow,今天逆流量,今天逆流量,ML,WT_TW_000004,FLOW,FLOW,2026-09-21 15:47:00.353,2026-09-21 15:47:00.353
TW017,NTE,Sheung Shui Water Treatment Works,上水滤水厂,上水濾水廠,SS_CCR_InletFlow02_Today_Flow,原水2号当天流量,原水2號當天流量,ML,WT_RW_000001,FLOW,FLOW,2026-09-21 15:47:00.353,2026-09-21 15:47:00.353
TW017,NTE,Sheung Shui Water Treatment Works,上水滤水厂,上水濾水廠,SS_Delivery_Flow_REV_AI_Flow,瞬时逆流量,瞬時逆流量,MLD,WT_TW_000004,FLOW,FLOW,2026-09-21 15:47:00.353,2026-09-21 15:47:00.353
TW017,NTE,Sheung Shui Water Treatment Works,上水滤水厂,上水濾水廠,SS_CWT1_Fluoride_AI_Fluoride,食水水质氟(清水池1号),食水水質氟(清水池1號),mg/L,WT_TW_000004,WATER QUALITY,FLUORIDE,2026-09-21 15:47:00.353,2026-09-21 15:47:00.353
TW017,NTE,Sheung Shui Water Treatment Works,上水滤水厂,上水濾水廠,SS_CCR_InletFlow01_REV_Today_Flow,原水1号当天逆流量,原水1號當天逆流量,ML,WT_RW_000001,FLOW,FLOW,2026-09-21 15:47:00.353,2026-09-21 15:47:00.353
TW017,NTE,Sheung Shui Water Treatment Works,上水滤水厂,上水濾水廠,SS_CWT1_ResidualChlorine_AI_ResidualChlorine,食水水质余氯(清水池1号),食水水質餘氯(清水池1號),mg/L,WT_TW_000004,WATER QUALITY,CHLORINE,2026-09-21 15:47:00.353,2026-09-21 15:47:00.353
TW017,NTE,Sheung Shui Water Treatment Works,上水滤水厂,上水濾水廠,SS_RRT_Fluoride_AI_Fluoride,原水水质氟(水缸),原水水質氟(水缸),mg/L,WT_RW_000001,WATER QUALITY,FLUORIDE,2026-09-21 15:47:00.353,2026-09-21 15:47:00.353
TW017,NTE,Sheung Shui Water Treatment Works,上水滤水厂,上水濾水廠,SS_Combined_FinalWater_pH_AI_PH,食水水质PH,食水水質PH,,WT_TW_000004,WATER QUALITY,PH,2026-09-21 15:47:00.353,2026-09-21 15:47:00.353
TW017,NTE,Sheung Shui Water Treatment Works,上水滤水厂,上水濾水廠,SS_Delivery_Flow_REV_Yesterday_Flow,昨天逆流量,昨天逆流量,ML,WT_TW_000004,FLOW,FLOW,2026-09-21 15:47:00.353,2026-09-21 15:47:00.353
TW017,NTE,Sheung Shui Water Treatment Works,上水滤水厂,上水濾水廠,SS_CCR_InletFlow02_REV_AI_Flow,原水2号瞬时逆流量,原水2號瞬時逆流量,MLD,WT_RW_000001,FLOW,FLOW,2026-09-21 15:47:00.353,2026-09-21 15:47:00.353
TW017,NTE,Sheung Shui Water Treatment Works,上水滤水厂,上水濾水廠,SS_CCR_InletFlow01_REV_AI_Flow,原水1号瞬时逆流量,原水1號瞬時逆流量,MLD,WT_RW_000001,FLOW,FLOW,2026-09-21 15:47:00.353,2026-09-21 15:47:00.353
TW017,NTE,Sheung Shui Water Treatment Works,上水滤水厂,上水濾水廠,SS_Combined_FinalWater_Fluoride_AI_Fluoride,食水水质氟,食水水質氟,mg/L,WT_TW_000004,WATER QUALITY,FLUORIDE,2026-09-21 15:47:00.353,2026-09-21 15:47:00.353
TW017,NTE,Sheung Shui Water Treatment Works,上水滤水厂,上水濾水廠,SS_RRT_InnerLevel_AI_Level,原水水缸水位,原水水缸水位,m,WT_RW_000001,LEVEL,LEVEL,2026-09-21 15:47:00.353,2026-09-21 15:47:00.353
TW017,NTE,Sheung Shui Water Treatment Works,上水滤水厂,上水濾水廠,SS_RRT_Turbidity_AI_Turbidity,原水水质浊度(水缸),原水水質濁度(水缸),NTU,WT_RW_000001,WATER QUALITY,TURBIDITY,2026-09-21 15:47:00.353,2026-09-21 15:47:00.353
TW017,NTE,Sheung Shui Water Treatment Works,上水滤水厂,上水濾水廠,SS_CCR_InletFlow01_Total_Flow,原水1号累计流量,原水1號累計流量,ML,WT_RW_000001,FLOW,FLOW,2026-09-21 15:47:00.353,2026-09-21 15:47:00.353
TW017,NTE,Sheung Shui Water Treatment Works,上水滤水厂,上水濾水廠,SS_CCR_InletFlow02_Yesterday_Flow,原水2号昨天流量,原水2號昨天流量,ML,WT_RW_000001,FLOW,FLOW,2026-09-21 15:47:00.353,2026-09-21 15:47:00.353
TW017,NTE,Sheung Shui Water Treatment Works,上水滤水厂,上水濾水廠,SS_CWT1_Level_AI_Level,清水池水位,清水池水位,m,WT_TW_000004,LEVEL,LEVEL,2026-09-21 15:47:00.353,2026-09-21 15:47:00.353
TW017,NTE,Sheung Shui Water Treatment Works,上水滤水厂,上水濾水廠,SS_PS_Pressure_AI_Pressure,压力,壓力,m,WT_TW_000004,PRESSURE,PRESSURE,2026-09-21 15:47:00.353,2026-09-21 15:47:00.353
TW017,NTE,Sheung Shui Water Treatment Works,上水滤水厂,上水濾水廠,SS_CWT2_Turbidity_AI_Turbidity,食水水质浊度(清水池2号),食水水質濁度(清水池2號),NTU,WT_TW_000004,WATER QUALITY,TURBIDITY,2026-09-21 15:47:00.353,2026-09-21 15:47:00.353
TW017,NTE,Sheung Shui Water Treatment Works,上水滤水厂,上水濾水廠,SS_CWT1_Turbidity_AI_Turbidity,食水水质浊度(清水池1号),食水水質濁度(清水池1號),NTU,WT_TW_000004,WATER QUALITY,TURBIDITY,2026-09-21 15:47:00.353,2026-09-21 15:47:00.353
TW017,NTE,Sheung Shui Water Treatment Works,上水滤水厂,上水濾水廠,SS_Delivery_Flow_Today_Flow,今天流量,今天流量,ML,WT_TW_000004,FLOW,FLOW,2026-09-21 15:47:00.353,2026-09-21 15:47:00.353
TW017,NTE,Sheung Shui Water Treatment Works,上水滤水厂,上水濾水廠,SS_Combined_FinalWater_Turbidity_AI_Turbidity,食水水质浊度,食水水質濁度,NTU,WT_TW_000004,WATER QUALITY,TURBIDITY,2026-09-21 15:47:00.353,2026-09-21 15:47:00.353
TW017,NTE,Sheung Shui Water Treatment Works,上水滤水厂,上水濾水廠,SS_CCR_InletFlow01_Yesterday_Flow,原水1号昨天流量,原水1號昨天流量,ML,WT_RW_000001,FLOW,FLOW,2026-09-21 15:47:00.353,2026-09-21 15:47:00.353
TW017,NTE,Sheung Shui Water Treatment Works,上水滤水厂,上水濾水廠,SS_CWT2_Fluoride_AI_Fluoride,食水水质氟(清水池2号),食水水質氟(清水池2號),mg/L,WT_TW_000004,WATER QUALITY,FLUORIDE,2026-09-21 15:47:00.353,2026-09-21 15:47:00.353
TW017,NTE,Sheung Shui Water Treatment Works,上水滤水厂,上水濾水廠,SS_CCR_InletFlow01_REV_Total_Flow,原水1号累计逆流量,原水1號累計逆流量,ML,WT_RW_000001,FLOW,FLOW,2026-09-21 15:47:00.353,2026-09-21 15:47:00.353
TW017,NTE,Sheung Shui Water Treatment Works,上水滤水厂,上水濾水廠,SS_CWT1_pH_AI_PH,食水水质PH(清水池1号),食水水質PH(清水池1號),,WT_TW_000004,WATER QUALITY,PH,2026-09-21 15:47:00.353,2026-09-21 15:47:00.353
TW017,NTE,Sheung Shui Water Treatment Works,上水滤水厂,上水濾水廠,SS_CCR_InletFlow01_REV_Yesterday_Flow,原水1号昨天逆流量,原水1號昨天逆流量,ML,WT_RW_000001,FLOW,FLOW,2026-09-21 15:47:00.353,2026-09-21 15:47:00.353
TW017,NTE,Sheung Shui Water Treatment Works,上水滤水厂,上水濾水廠,SS_CWT2_pH_AI_PH,食水水质PH(清水池2号),食水水質PH(清水池2號),,WT_TW_000004,WATER QUALITY,PH,2026-09-21 15:47:00.353,2026-09-21 15:47:00.353
TW017,NTE,Sheung Shui Water Treatment Works,上水滤水厂,上水濾水廠,SS_Combined_FinalWater_Chlorine_AI_ResidualChlorine,食水水质余氯,食水水質餘氯,mg/L,WT_TW_000004,WATER QUALITY,CHLORINE,2026-09-21 15:47:00.353,2026-09-21 15:47:00.353
TW017,NTE,Sheung Shui Water Treatment Works,上水滤水厂,上水濾水廠,SS_CWT2_Level_AI_Level,清水池2号水位,清水池2號水位,m,WT_TW_000004,LEVEL,LEVEL,2026-09-21 15:47:00.353,2026-09-21 15:47:00.353
TW017,NTE,Sheung Shui Water Treatment Works,上水滤水厂,上水濾水廠,SS_Delivery_Flow_AI_Flow,瞬时流量,瞬時流量,MLD,WT_TW_000004,FLOW,FLOW,2026-09-21 15:47:00.353,2026-09-21 15:47:00.353
TW005,NTW,Tsuen Wan Water Treatment Works,荃湾滤水厂,荃灣濾水廠,TW_FinalWater_ES_ResChlorine_ResidualChlorine,食水水质余氯(西厂),食水水質餘氯(西廠),mg/L,WT_TW_000004,WATER QUALITY,CHLORINE,2026-09-21 15:47:00.353,2026-09-21 15:47:00.353
TW005,NTW,Tsuen Wan Water Treatment Works,荃湾滤水厂,荃灣濾水廠,TW_FinalWater_ES_PH_PH,食水水质PH(西厂),食水水質PH(西廠),,WT_TW_000004,WATER QUALITY,PH,2026-09-21 15:47:00.353,2026-09-21 15:47:00.353
TW005,NTW,Tsuen Wan Water Treatment Works,荃湾滤水厂,荃灣濾水廠,TW_FinalWater_WS_Turbidity_Turbidity,食水水质浊度(东厂),食水水質濁度(東廠),NTU,WT_TW_000004,WATER QUALITY,TURBIDITY,2026-09-21 15:47:00.353,2026-09-21 15:47:00.353
TW005,NTW,Tsuen Wan Water Treatment Works,荃湾滤水厂,荃灣濾水廠,TW_FinalWater_ES_Turbidity_Turbidity,食水水质浊度(西厂),食水水質濁度(西廠),NTU,WT_TW_000004,WATER QUALITY,TURBIDITY,2026-09-21 15:47:00.353,2026-09-21 15:47:00.353
TW005,NTW,Tsuen Wan Water Treatment Works,荃湾滤水厂,荃灣濾水廠,TW_FinalWater_WS_PH_PH,食水水质PH(东厂),食水水質PH(東廠),,WT_TW_000004,WATER QUALITY,PH,2026-09-21 15:47:00.353,2026-09-21 15:47:00.353
TW005,NTW,Tsuen Wan Water Treatment Works,荃湾滤水厂,荃灣濾水廠,TW_FinalWater_WS_ResChlorine_ResidualChlorine,食水水质余氯(东厂),食水水質餘氯(東廠),mg/L,WT_TW_000004,WATER QUALITY,CHLORINE,2026-09-21 15:47:00.353,2026-09-21 15:47:00.353
TW005,NTW,Tsuen Wan Water Treatment Works,荃湾滤水厂,荃灣濾水廠,TW_RawWater_ES_PH_PH,原水水质PH(西厂),原水水質PH(西廠),,WT_RW_000001,WATER QUALITY,PH,2026-09-21 15:47:00.353,2026-09-21 15:47:00.353
TW005,NTW,Tsuen Wan Water Treatment Works,荃湾滤水厂,荃灣濾水廠,TW_RawWater_ES_Turbidity_Turbidity,原水水质浊度(西厂),原水水質濁度(西廠),NTU,WT_RW_000001,WATER QUALITY,TURBIDITY,2026-09-21 15:47:00.353,2026-09-21 15:47:00.353
TW005,NTW,Tsuen Wan Water Treatment Works,荃湾滤水厂,荃灣濾水廠,TW_ClearWaterTank_Level_E_Level,清水池水位(西厂),清水池水位(西廠),m,WT_TW_000004,LEVEL,LEVEL,2026-09-21 15:47:00.353,2026-09-21 15:47:00.353
TW005,NTW,Tsuen Wan Water Treatment Works,荃湾滤水厂,荃灣濾水廠,TW_RawWater_WS_PH_PH,原水水质PH(东厂),原水水質PH(東廠),,WT_RW_000001,WATER QUALITY,PH,2026-09-21 15:47:00.353,2026-09-21 15:47:00.353
TW005,NTW,Tsuen Wan Water Treatment Works,荃湾滤水厂,荃灣濾水廠,TW_FinalWater_ES_Fluoride_Fluoride,食水水质氟(西厂),食水水質氟(西廠),mg/L,WT_TW_000004,WATER QUALITY,FLUORIDE,2026-09-21 15:47:00.353,2026-09-21 15:47:00.353
TW005,NTW,Tsuen Wan Water Treatment Works,荃湾滤水厂,荃灣濾水廠,TW_ClearWaterTank_Level_W_Level,清水池水位(东厂),清水池水位(東廠),m,WT_TW_000004,LEVEL,LEVEL,2026-09-21 15:47:00.353,2026-09-21 15:47:00.353
TW005,NTW,Tsuen Wan Water Treatment Works,荃湾滤水厂,荃灣濾水廠,TW_RawWater_WS_Turbidity_Turbidity,原水水质浊度(东厂),原水水質濁度(東廠),NTU,WT_RW_000001,WATER QUALITY,TURBIDITY,2026-09-21 15:47:00.353,2026-09-21 15:47:00.353
TW005,NTW,Tsuen Wan Water Treatment Works,荃湾滤水厂,荃灣濾水廠,TW_FinalWater_WS_Fluoride_Fluoride,食水水质氟(东厂),食水水質氟(東廠),mg/L,WT_TW_000004,WATER QUALITY,FLUORIDE,2026-09-21 15:47:00.353,2026-09-21 15:47:00.353
TW011,HKI,Tai O Water Treatment Works,大澳滤水厂,大澳濾水廠,TO_OutletFL_Rev_Hart,食水反向瞬时流量,食水反向瞬時流量,MLD,WT_TW_000004,FLOW,FLOW,2026-09-21 15:47:00.353,2026-09-21 15:47:00.353
TW011,HKI,Tai O Water Treatment Works,大澳滤水厂,大澳濾水廠,TO_RWFroShePikFL,石壁原水瞬时流量,石壁原水瞬時流量,MLD,WT_RW_000001,FLOW,FLOW,2026-09-21 15:47:00.353,2026-09-21 15:47:00.353
TW011,HKI,Tai O Water Treatment Works,大澳滤水厂,大澳濾水廠,TO_RWFroShePikFL_Rev_Hart,石壁原水反向瞬时流量,石壁原水反向瞬時流量,MLD,WT_RW_000001,FLOW,FLOW,2026-09-21 15:47:00.353,2026-09-21 15:47:00.353
TW011,HKI,Tai O Water Treatment Works,大澳滤水厂,大澳濾水廠,TO_FinWatChl,食水水质余氯,食水水質餘氯,mg/L,WT_TW_000004,WATER QUALITY,CHLORINE,2026-09-21 15:47:00.353,2026-09-21 15:47:00.353
TW011,HKI,Tai O Water Treatment Works,大澳滤水厂,大澳濾水廠,TO_FW_SR_Lev,清水池1号水位,清水池1號水位,m,WT_TW_000004,LEVEL,LEVEL,2026-09-21 15:47:00.353,2026-09-21 15:47:00.353
TW011,HKI,Tai O Water Treatment Works,大澳滤水厂,大澳濾水廠,TO_FinWatpH,食水水质PH,食水水質PH,,WT_TW_000004,WATER QUALITY,PH,2026-09-21 15:47:00.353,2026-09-21 15:47:00.353
TW011,HKI,Tai O Water Treatment Works,大澳滤水厂,大澳濾水廠,TO_FinWatFlo,食水水质氟,食水水質氟,mg/L,WT_TW_000004,WATER QUALITY,FLUORIDE,2026-09-21 15:47:00.353,2026-09-21 15:47:00.353
TW011,HKI,Tai O Water Treatment Works,大澳滤水厂,大澳濾水廠,TO_RWFroShePikTur,原水水质浊度(石壁),原水水質濁度(石壁),NTU,WT_RW_000001,WATER QUALITY,TURBIDITY,2026-09-21 15:47:00.353,2026-09-21 15:47:00.353
TW011,HKI,Tai O Water Treatment Works,大澳滤水厂,大澳濾水廠,TO_RWFroYiOTur,原水水质浊度(二澳),原水水質濁度(二澳),NTU,WT_RW_000001,WATER QUALITY,TURBIDITY,2026-09-21 15:47:00.353,2026-09-21 15:47:00.353
TW011,HKI,Tai O Water Treatment Works,大澳滤水厂,大澳濾水廠,TO_Pum4Tri,泵机4号告警状态,泵機4號告警狀態,,WT_RW_000001,PMP_ALARM_STS,PMP_ALARM_STS,2026-09-21 15:47:00.353,2026-09-21 15:47:00.353
TW011,HKI,Tai O Water Treatment Works,大澳滤水厂,大澳濾水廠,TO_Pum1On,泵机1号启停状态,泵機1號啟停狀態,,WT_RW_000001,PMP_S/S_STS,PMP_S/S_STS,2026-09-21 15:47:00.353,2026-09-21 15:47:00.353
TW011,HKI,Tai O Water Treatment Works,大澳滤水厂,大澳濾水廠,TO_RWFroShePikpH,原水水质PH(石壁),原水水質PH(石壁),,WT_RW_000001,WATER QUALITY,PH,2026-09-21 15:47:00.353,2026-09-21 15:47:00.353
TW011,HKI,Tai O Water Treatment Works,大澳滤水厂,大澳濾水廠,TO_RWFroShePikFL_Total1_Hart,石壁原水累计流量,石壁原水累計流量,ML,WT_RW_000001,FLOW,FLOW,2026-09-21 15:47:00.353,2026-09-21 15:47:00.353
TW011,HKI,Tai O Water Treatment Works,大澳滤水厂,大澳濾水廠,TO_RWFroShePikFL_Total2_Hart,石壁原水反向累计流量,石壁原水反向累計流量,ML,WT_RW_000001,FLOW,FLOW,2026-09-21 15:47:00.353,2026-09-21 15:47:00.353
TW011,HKI,Tai O Water Treatment Works,大澳滤水厂,大澳濾水廠,TO_FinWatTur,食水水质浊度,食水水質濁度,NTU,WT_TW_000004,WATER QUALITY,TURBIDITY,2026-09-21 15:47:00.353,2026-09-21 15:47:00.353
TW024,NTE,Ma On Shan Water Treatment Works,马鞍山滤水厂,馬鞍山濾水廠,CP2_AIR_503_PH,食水水质PH,食水水質PH,,WT_TW_000004,WATER QUALITY,PH,2026-09-21 15:47:00.353,2026-09-21 15:47:00.353
TW011,HKI,Tai O Water Treatment Works,大澳滤水厂,大澳濾水廠,TO_Pum3Tri,泵机3号告警状态,泵機3號告警狀態,,WT_RW_000001,PMP_ALARM_STS,PMP_ALARM_STS,2026-09-21 15:47:00.353,2026-09-21 15:47:00.353
TW011,HKI,Tai O Water Treatment Works,大澳滤水厂,大澳濾水廠,TO_RWFroYiOpH,原水水质PH(二澳),原水水質PH(二澳),,WT_RW_000001,WATER QUALITY,PH,2026-09-21 15:47:00.353,2026-09-21 15:47:00.353
TW011,HKI,Tai O Water Treatment Works,大澳滤水厂,大澳濾水廠,TO_FW_SR_Lev_No_2,清水池2号水位,清水池2號水位,m,WT_TW_000004,LEVEL,LEVEL,2026-09-21 15:47:00.353,2026-09-21 15:47:00.353
TW011,HKI,Tai O Water Treatment Works,大澳滤水厂,大澳濾水廠,TO_Pum2On,泵机2号启停状态,泵機2號啟停狀態,,WT_RW_000001,PMP_S/S_STS,PMP_S/S_STS,2026-09-21 15:47:00.353,2026-09-21 15:47:00.353
TW011,HKI,Tai O Water Treatment Works,大澳滤水厂,大澳濾水廠,TO_Pum3On,泵机3号启停状态,泵機3號啟停狀態,,WT_RW_000001,PMP_S/S_STS,PMP_S/S_STS,2026-09-21 15:47:00.353,2026-09-21 15:47:00.353
TW011,HKI,Tai O Water Treatment Works,大澳滤水厂,大澳濾水廠,TO_Pum4On,泵机4号启停状态,泵機4號啟停狀態,,WT_RW_000001,PMP_S/S_STS,PMP_S/S_STS,2026-09-21 15:47:00.353,2026-09-21 15:47:00.353
TW011,HKI,Tai O Water Treatment Works,大澳滤水厂,大澳濾水廠,TO_Pum1Tri,泵机1号告警状态,泵機1號告警狀態,,WT_RW_000001,PMP_ALARM_STS,PMP_ALARM_STS,2026-09-21 15:47:00.353,2026-09-21 15:47:00.353
TW011,HKI,Tai O Water Treatment Works,大澳滤水厂,大澳濾水廠,TO_Pum2Tri,泵机2号告警状态,泵機2號告警狀態,,WT_RW_000001,PMP_ALARM_STS,PMP_ALARM_STS,2026-09-21 15:47:00.353,2026-09-21 15:47:00.353
TW011,HKI,Tai O Water Treatment Works,大澳滤水厂,大澳濾水廠,TO_RWFroYiOFL_Total1_Hart,二澳原水累计流量,二澳原水累計流量,ML,WT_RW_000001,FLOW,FLOW,2026-09-21 15:47:00.353,2026-09-21 15:47:00.353
TW011,HKI,Tai O Water Treatment Works,大澳滤水厂,大澳濾水廠,TO_RWFroYiOFL_Total2_Hart,二澳原水反向累计流量,二澳原水反向累計流量,ML,WT_RW_000001,FLOW,FLOW,2026-09-21 15:47:00.353,2026-09-21 15:47:00.353
TW011,HKI,Tai O Water Treatment Works,大澳滤水厂,大澳濾水廠,TO_RWFroYiOFL,二澳原水瞬时流量,二澳原水瞬時流量,MLD,WT_RW_000001,FLOW,FLOW,2026-09-21 15:47:00.353,2026-09-21 15:47:00.353
TW011,HKI,Tai O Water Treatment Works,大澳滤水厂,大澳濾水廠,TO_RWFroYiOFL_Rev_Hart,二澳原水反向瞬时流量,二澳原水反向瞬時流量,MLD,WT_RW_000001,FLOW,FLOW,2026-09-21 15:47:00.353,2026-09-21 15:47:00.353
TW011,HKI,Tai O Water Treatment Works,大澳滤水厂,大澳濾水廠,TO_OutletFL_Total1_Hart,食水累计流量,食水累計流量,ML,WT_TW_000004,FLOW,FLOW,2026-09-21 15:47:00.353,2026-09-21 15:47:00.353
TW011,HKI,Tai O Water Treatment Works,大澳滤水厂,大澳濾水廠,TO_OutletFL_Total2_Hart,食水反向累计流量,食水反向累計流量,ML,WT_TW_000004,FLOW,FLOW,2026-09-21 15:47:00.353,2026-09-21 15:47:00.353
TW011,HKI,Tai O Water Treatment Works,大澳滤水厂,大澳濾水廠,TO_OutletFL,食水瞬时流量,食水瞬時流量,MLD,WT_TW_000004,FLOW,FLOW,2026-09-21 15:47:00.353,2026-09-21 15:47:00.353
TW015,HKI,Red Hill Water Treatment Works,红山滤水厂,紅山濾水廠,Final_Water_Residual_Chlorine,食水水质余氯,食水水質餘氯,mg/L,WT_TW_000004,WATER QUALITY,CHLORINE,2026-09-21 15:47:00.353,2026-09-21 15:47:00.353
TW015,HKI,Red Hill Water Treatment Works,红山滤水厂,紅山濾水廠,Plant_Inlet_Flow_Rate,原水瞬时流量,原水瞬時流量,MLD,WT_RW_000001,FLOW,FLOW,2026-09-21 15:47:00.353,2026-09-21 15:47:00.353
TW015,HKI,Red Hill Water Treatment Works,红山滤水厂,紅山濾水廠,Final_Water_pH,食水水质PH,食水水質PH,,WT_TW_000004,WATER QUALITY,PH,2026-09-21 15:47:00.353,2026-09-21 15:47:00.353
TW015,HKI,Red Hill Water Treatment Works,红山滤水厂,紅山濾水廠,Raw_Water_pH,原水水质PH,原水水質PH,,WT_RW_000001,WATER QUALITY,PH,2026-09-21 15:47:00.353,2026-09-21 15:47:00.353
TW015,HKI,Red Hill Water Treatment Works,红山滤水厂,紅山濾水廠,Final_Water_Fl2,食水水质氟,食水水質氟,mg/L,WT_TW_000004,WATER QUALITY,FLUORIDE,2026-09-21 15:47:00.353,2026-09-21 15:47:00.353
TW015,HKI,Red Hill Water Treatment Works,红山滤水厂,紅山濾水廠,Plant_Outlet_Flow_Rate,食水瞬时流量,食水瞬時流量,MLD,WT_TW_000004,FLOW,FLOW,2026-09-21 15:47:00.353,2026-09-21 15:47:00.353
TW015,HKI,Red Hill Water Treatment Works,红山滤水厂,紅山濾水廠,Raw_Water_Tur,原水水质浊度,原水水質濁度,NTU,WT_RW_000001,WATER QUALITY,TURBIDITY,2026-09-21 15:47:00.353,2026-09-21 15:47:00.353
TW015,HKI,Red Hill Water Treatment Works,红山滤水厂,紅山濾水廠,Final_Water_Tur,食水水质浊度,食水水質濁度,NTU,WT_TW_000004,WATER QUALITY,TURBIDITY,2026-09-21 15:47:00.353,2026-09-21 15:47:00.353
TW019,HKI,Cheung Sha Water Treatment Works,长沙滤水厂,長沙濾水廠,CS_FILTERWATER_REV_FLOW,食水反向累计流量,食水反向累計流量,ML,WT_TW_000004,FLOW,FLOW,2026-09-21 15:47:00.353,2026-09-21 15:47:00.353
TW019,HKI,Cheung Sha Water Treatment Works,长沙滤水厂,長沙濾水廠,CS_FILTERWATERE_FLOW_TOTAL,食水总累计流量,食水總累計流量,ML,WT_TW_000004,FLOW,FLOW,2026-09-21 15:47:00.353,2026-09-21 15:47:00.353
TW019,HKI,Cheung Sha Water Treatment Works,长沙滤水厂,長沙濾水廠,CS_RWP2_TRIP,泵机2号告警状态,泵機2號告警狀態,,WT_RW_000001,PMP_ALARM_STS,PMP_ALARM_STS,2026-09-21 15:47:00.353,2026-09-21 15:47:00.353
TW019,HKI,Cheung Sha Water Treatment Works,长沙滤水厂,長沙濾水廠,CS_RWP2_RUN,泵机2号启停状态,泵機2號啟停狀態,,WT_RW_000001,PMP_S/S_STS,PMP_S/S_STS,2026-09-21 15:47:00.353,2026-09-21 15:47:00.353
TW019,HKI,Cheung Sha Water Treatment Works,长沙滤水厂,長沙濾水廠,CS_RWP1_TRIP,泵机1号告警状态,泵機1號告警狀態,,WT_RW_000001,PMP_ALARM_STS,PMP_ALARM_STS,2026-09-21 15:47:00.353,2026-09-21 15:47:00.353
TW019,HKI,Cheung Sha Water Treatment Works,长沙滤水厂,長沙濾水廠,CS_PRESSURE,原水进入压力,原水進入壓力,m,WT_RW_000001,PRESSURE,PRESSURE,2026-09-21 15:47:00.353,2026-09-21 15:47:00.353
TW019,HKI,Cheung Sha Water Treatment Works,长沙滤水厂,長沙濾水廠,CS_RWP4_TRIP,泵机4号告警状态,泵機4號告警狀態,,WT_RW_000001,PMP_ALARM_STS,PMP_ALARM_STS,2026-09-21 15:47:00.353,2026-09-21 15:47:00.353
TW019,HKI,Cheung Sha Water Treatment Works,长沙滤水厂,長沙濾水廠,CS_RWP4_RUN,泵机4号启停状态,泵機4號啟停狀態,,WT_RW_000001,PMP_S/S_STS,PMP_S/S_STS,2026-09-21 15:47:00.353,2026-09-21 15:47:00.353
TW019,HKI,Cheung Sha Water Treatment Works,长沙滤水厂,長沙濾水廠,CS_FILTERWATER_FOR_FLOW,食水瞬时流量,食水瞬時流量,MLD,WT_TW_000004,FLOW,FLOW,2026-09-21 15:47:00.353,2026-09-21 15:47:00.353
TW019,HKI,Cheung Sha Water Treatment Works,长沙滤水厂,長沙濾水廠,Dosing_Final_Water_CR,食水水质余氯,食水水質餘氯,mg/L,WT_TW_000004,WATER QUALITY,CHLORINE,2026-09-21 15:47:00.353,2026-09-21 15:47:00.353
TW019,HKI,Cheung Sha Water Treatment Works,长沙滤水厂,長沙濾水廠,CS_RESERVOIR_LEVEL_A,清水池A水位,清水池A水位,m,WT_TW_000004,LEVEL,LEVEL,2026-09-21 15:47:00.353,2026-09-21 15:47:00.353
TW019,HKI,Cheung Sha Water Treatment Works,长沙滤水厂,長沙濾水廠,CS_RAWWATER_REV_FLOW,原水反向累计流量,原水反向累計流量,ML,WT_RW_000001,FLOW,FLOW,2026-09-21 15:47:00.353,2026-09-21 15:47:00.353
TW019,HKI,Cheung Sha Water Treatment Works,长沙滤水厂,長沙濾水廠,CS_INLET_FLOW_TOTAL,原水总累计流量,原水總累計流量,ML,WT_RW_000001,FLOW,FLOW,2026-09-21 15:47:00.353,2026-09-21 15:47:00.353
TW019,HKI,Cheung Sha Water Treatment Works,长沙滤水厂,長沙濾水廠,CS_RAWWATER_YESTERDAY_FLOW,原水昨天累计流量,原水昨天累計流量,ML,WT_RW_000001,FLOW,FLOW,2026-09-21 15:47:00.353,2026-09-21 15:47:00.353
TW019,HKI,Cheung Sha Water Treatment Works,长沙滤水厂,長沙濾水廠,CS_RESERVOIR_LEVEL_B,清水池B水位,清水池B水位,m,WT_TW_000004,LEVEL,LEVEL,2026-09-21 15:47:00.353,2026-09-21 15:47:00.353
TW019,HKI,Cheung Sha Water Treatment Works,长沙滤水厂,長沙濾水廠,CS_RWP1_RUN,泵机1号启停状态,泵機1號啟停狀態,,WT_RW_000001,PMP_S/S_STS,PMP_S/S_STS,2026-09-21 15:47:00.353,2026-09-21 15:47:00.353
TW019,HKI,Cheung Sha Water Treatment Works,长沙滤水厂,長沙濾水廠,Dosing_Raw_water_Turbidity,原水水质浊度,原水水質濁度,NTU,WT_RW_000001,NTU,NTU,2026-09-21 15:47:00.353,2026-09-21 15:47:00.353
TW019,HKI,Cheung Sha Water Treatment Works,长沙滤水厂,長沙濾水廠,CS_FILTERWATER_YESTERDAY_FLOW,食水昨天累计流量,食水昨天累計流量,ML,WT_TW_000004,FLOW,FLOW,2026-09-21 15:47:00.353,2026-09-21 15:47:00.353
TW019,HKI,Cheung Sha Water Treatment Works,长沙滤水厂,長沙濾水廠,CS_FILTERWATER_TODAY_FLOW,食水当天累计流量,食水當天累計流量,ML,WT_TW_000004,FLOW,FLOW,2026-09-21 15:47:00.353,2026-09-21 15:47:00.353
TW019,HKI,Cheung Sha Water Treatment Works,长沙滤水厂,長沙濾水廠,CS_OUTLET_PRESSURE,食水出水压力,食水出水壓力,m,WT_TW_000004,PRESSURE,PRESSURE,2026-09-21 15:47:00.353,2026-09-21 15:47:00.353
TW019,HKI,Cheung Sha Water Treatment Works,长沙滤水厂,長沙濾水廠,CS_RAWWATER_FOR_FLOW,原水瞬时流量,原水瞬時流量,MLD,WT_RW_000001,FLOW,FLOW,2026-09-21 15:47:00.353,2026-09-21 15:47:00.353
TW019,HKI,Cheung Sha Water Treatment Works,长沙滤水厂,長沙濾水廠,CS_RWP3_TRIP,泵机3号告警状态,泵機3號告警狀態,,WT_RW_000001,PMP_ALARM_STS,PMP_ALARM_STS,2026-09-21 15:47:00.353,2026-09-21 15:47:00.353
TW019,HKI,Cheung Sha Water Treatment Works,长沙滤水厂,長沙濾水廠,CS_RWP3_RUN,泵机3号启停状态,泵機3號啟停狀態,,WT_RW_000001,PMP_S/S_STS,PMP_S/S_STS,2026-09-21 15:47:00.353,2026-09-21 15:47:00.353
TW019,HKI,Cheung Sha Water Treatment Works,长沙滤水厂,長沙濾水廠,Dosing_Raw_Water_pH,原水水质PH,原水水質PH,,WT_RW_000001,WATER QUALITY,PH,2026-09-21 15:47:00.353,2026-09-21 15:47:00.353
TW019,HKI,Cheung Sha Water Treatment Works,长沙滤水厂,長沙濾水廠,Dosing_Final_Water_Turbidity,食水水质浊度,食水水質濁度,NTU,WT_TW_000004,NTU,NTU,2026-09-21 15:47:00.353,2026-09-21 15:47:00.353
TW019,HKI,Cheung Sha Water Treatment Works,长沙滤水厂,長沙濾水廠,Dosing_Final_Water_pH,食水水质PH,食水水質PH,,WT_TW_000004,WATER QUALITY,PH,2026-09-21 15:47:00.353,2026-09-21 15:47:00.353
TW019,HKI,Cheung Sha Water Treatment Works,长沙滤水厂,長沙濾水廠,Dosing_Final_Water_Fluoride_Residual,食水水质氟,食水水質氟,mg/L,WT_TW_000004,WATER QUALITY,FLUORIDE,2026-09-21 15:47:00.353,2026-09-21 15:47:00.353
TW019,HKI,Cheung Sha Water Treatment Works,长沙滤水厂,長沙濾水廠,CS_RAWWATER_TODAY_FLOW,原水当天累计流量,原水當天累計流量,ML,WT_RW_000001,FLOW,FLOW,2026-09-21 15:47:00.353,2026-09-21 15:47:00.353
TW020,NTE,Pak Kong Water Treatment Works,北港滤水厂,北港濾水廠,DeliveryFlowToPakKongAUSR_HartFlow,实时流量,實時流量,MLD,WT_TW_000004,FLOW,FLOW,2026-09-21 15:47:00.353,2026-09-21 15:47:00.353
TW020,NTE,Pak Kong Water Treatment Works,北港滤水厂,北港濾水廠,HVDeliveryFlowMeter_HartFlow,总出水量-3个出水口出水量总数-备用,總出水量-3個出水口出水量總數-備用,MLD,WT_TW_000004,FLOW,FLOW,2026-09-21 15:47:00.353,2026-09-21 15:47:00.353
TW020,NTE,Pak Kong Water Treatment Works,北港滤水厂,北港濾水廠,PK_FinalRawWater_pH_PH,食水水质PH,食水水質PH,,WT_TW_000004,WATER QUALITY,PH,2026-09-21 15:47:00.353,2026-09-21 15:47:00.353
TW020,NTE,Pak Kong Water Treatment Works,北港滤水厂,北港濾水廠,PK_FinalRawWater_ResChlorine_ResidualChlorine,食水水质余氯,食水水質餘氯,mg/L,WT_TW_000004,WATER QUALITY,CHLORINE,2026-09-21 15:47:00.353,2026-09-21 15:47:00.353
TW020,NTE,Pak Kong Water Treatment Works,北港滤水厂,北港濾水廠,DeliveryFlowToTuiMinHoiSaiKungSR_HartFlow,实时流量,實時流量,MLD,WT_TW_000004,FLOW,FLOW,2026-09-21 15:47:00.353,2026-09-21 15:47:00.353
TW020,NTE,Pak Kong Water Treatment Works,北港滤水厂,北港濾水廠,HVDeliveryFlowMeter_Acc_Total,总出水量 3个出水口出水量总数,總出水量 3個出水口出水量總數,ML,WT_TW_000004,FLOW,FLOW,2026-09-21 15:47:00.353,2026-09-21 15:47:00.353
TW020,NTE,Pak Kong Water Treatment Works,北港滤水厂,北港濾水廠,HVDeliveryFlowMeter_Flow,总出水量 3个出水口出水量总数,總出水量 3個出水口出水量總數,MLD,WT_TW_000004,FLOW,FLOW,2026-09-21 15:47:00.353,2026-09-21 15:47:00.353
TW020,NTE,Pak Kong Water Treatment Works,北港滤水厂,北港濾水廠,DeliveryFlowToPakKongAUSR_Acc_Total,总流量,總流量,ML,WT_TW_000004,FLOW,FLOW,2026-09-21 15:47:00.353,2026-09-21 15:47:00.353
TW020,NTE,Pak Kong Water Treatment Works,北港滤水厂,北港濾水廠,DeliveryFlowToPakKongAUSR_Flow,备用,備用,MLD,WT_TW_000004,FLOW,FLOW,2026-09-21 15:47:00.353,2026-09-21 15:47:00.353
TW020,NTE,Pak Kong Water Treatment Works,北港滤水厂,北港濾水廠,DeliveryFlowToPlantService_Acc_Total,总流量,總流量,ML,WT_TW_000004,FLOW,FLOW,2026-09-21 15:47:00.353,2026-09-21 15:47:00.353
TW020,NTE,Pak Kong Water Treatment Works,北港滤水厂,北港濾水廠,DeliveryFlowToPlantService_Flow,备用,備用,MLD,WT_TW_000004,FLOW,FLOW,2026-09-21 15:47:00.353,2026-09-21 15:47:00.353
TW020,NTE,Pak Kong Water Treatment Works,北港滤水厂,北港濾水廠,DeliveryFlowToPlantService_HartFlow,实时流量,實時流量,MLD,WT_TW_000004,FLOW,FLOW,2026-09-21 15:47:00.353,2026-09-21 15:47:00.353
TW020,NTE,Pak Kong Water Treatment Works,北港滤水厂,北港濾水廠,DeliveryFlowToTuiMinHoiSaiKungSR_Acc_Total,总流量,總流量,ML,WT_TW_000004,FLOW,FLOW,2026-09-21 15:47:00.353,2026-09-21 15:47:00.353
TW020,NTE,Pak Kong Water Treatment Works,北港滤水厂,北港濾水廠,DeliveryFlowToTuiMinHoiSaiKungSR_Flow,备用,備用,MLD,WT_TW_000004,FLOW,FLOW,2026-09-21 15:47:00.353,2026-09-21 15:47:00.353
TW020,NTE,Pak Kong Water Treatment Works,北港滤水厂,北港濾水廠,PK_Flow900_HartFlow,万宜水库入水瞬时流量,萬宜水庫入水瞬時流量,MLD,WT_RW_000001,FLOW,FLOW,2026-09-21 15:47:00.353,2026-09-21 15:47:00.353
TW020,NTE,Pak Kong Water Treatment Works,北港滤水厂,北港濾水廠,PK_High_Island_Raw_pH_PH,原水水质PH(万宜),原水水質PH(萬宜),,WT_RW_000001,WATER QUALITY,PH,2026-09-21 15:47:00.353,2026-09-21 15:47:00.353
TW020,NTE,Pak Kong Water Treatment Works,北港滤水厂,北港濾水廠,PK_High_Island_Raw_Turbidity_Turbidity,原水水质浊度(万宜),原水水質濁度(萬宜),NTU,WT_RW_000001,WATER QUALITY,TURBIDITY,2026-09-21 15:47:00.353,2026-09-21 15:47:00.353
TW020,NTE,Pak Kong Water Treatment Works,北港滤水厂,北港濾水廠,PK_HighIsd_Press_Press,万宜水库入厂水压力,萬宜水庫入廠水壓力,m,WT_RW_000001,PRESSURE,PRESSURE,2026-09-21 15:47:00.353,2026-09-21 15:47:00.353
TW020,NTE,Pak Kong Water Treatment Works,北港滤水厂,北港濾水廠,PK_HighIsd_Press_Press_Hi_SP2,万宜水库入厂水过压报警,萬宜水庫入廠水過壓報警,,WT_RW_000001,ALARM,ALARM,2026-09-21 15:47:00.353,2026-09-21 15:47:00.353
TW020,NTE,Pak Kong Water Treatment Works,北港滤水厂,北港濾水廠,PK_Plover_Cover_Raw_pH_PH,原水水质PH(船湾),原水水質PH(船灣),,WT_RW_000001,WATER QUALITY,PH,2026-09-21 15:47:00.353,2026-09-21 15:47:00.353
TW020,NTE,Pak Kong Water Treatment Works,北港滤水厂,北港濾水廠,PK_Plover_Cover_Raw_Turbidity_Turbidity,原水水质浊度(船湾),原水水質濁度(船灣),NTU,WT_RW_000001,WATER QUALITY,TURBIDITY,2026-09-21 15:47:00.353,2026-09-21 15:47:00.353
TW020,NTE,Pak Kong Water Treatment Works,北港滤水厂,北港濾水廠,PK_RawWater_TotalFlow_Acc_Total,三个口径入水总量,三個口徑入水總量,ML,WT_RW_000001,FLOW,FLOW,2026-09-21 15:47:00.353,2026-09-21 15:47:00.353
TW020,NTE,Pak Kong Water Treatment Works,北港滤水厂,北港濾水廠,PK_RawWater_TotalFlow_Flow,三个口径入水瞬时流量(备用),三個口徑入水瞬時流量(備用),MLD,WT_RW_000001,FLOW,FLOW,2026-09-21 15:47:00.353,2026-09-21 15:47:00.353
TW020,NTE,Pak Kong Water Treatment Works,北港滤水厂,北港濾水廠,PK_RawWater_TotalFlow_HartFlow,三个口径入水瞬时流量(主用),三個口徑入水瞬時流量(主用),MLD,WT_RW_000001,FLOW,FLOW,2026-09-21 15:47:00.353,2026-09-21 15:47:00.353
TW020,NTE,Pak Kong Water Treatment Works,北港滤水厂,北港濾水廠,PK_TreatWaterReservoir1_Level_Level,清水池水位,清水池水位,m,WT_TW_000004,LEVEL,LEVEL,2026-09-21 15:47:00.353,2026-09-21 15:47:00.353
TW020,NTE,Pak Kong Water Treatment Works,北港滤水厂,北港濾水廠,PK_TreatWaterReservoir2_Level_Level,清水池水位,清水池水位,m,WT_TW_000004,LEVEL,LEVEL,2026-09-21 15:47:00.353,2026-09-21 15:47:00.353
TW020,NTE,Pak Kong Water Treatment Works,北港滤水厂,北港濾水廠,PK_Flow1800_HartFlow,船湾入水瞬时流量(主用),船灣入水瞬時流量(主用),MLD,WT_RW_000001,FLOW,FLOW,2026-09-21 15:47:00.353,2026-09-21 15:47:00.353
TW020,NTE,Pak Kong Water Treatment Works,北港滤水厂,北港濾水廠,PK_Flow900_Acc_Total,万宜水库入水总流量 900是管径,萬宜水庫入水總流量 900是管徑,ML,WT_RW_000001,FLOW,FLOW,2026-09-21 15:47:00.353,2026-09-21 15:47:00.353
TW020,NTE,Pak Kong Water Treatment Works,北港滤水厂,北港濾水廠,PK_Flow900_Flow,万宜水库入水瞬时流量(备用),萬宜水庫入水瞬時流量(備用),MLD,WT_RW_000001,FLOW,FLOW,2026-09-21 15:47:00.353,2026-09-21 15:47:00.353
TW020,NTE,Pak Kong Water Treatment Works,北港滤水厂,北港濾水廠,PK_FinalRawWater_Turbidity_Turbidity,食水水质浊度,食水水質濁度,NTU,WT_TW_000004,WATER QUALITY,TURBIDITY,2026-09-21 15:47:00.353,2026-09-21 15:47:00.353
TW020,NTE,Pak Kong Water Treatment Works,北港滤水厂,北港濾水廠,PK_Flow1600_Acc_Total,万宜水库入水总流量 1600是管径,萬宜水庫入水總流量 1600是管徑,ML,WT_RW_000001,FLOW,FLOW,2026-09-21 15:47:00.353,2026-09-21 15:47:00.353
TW020,NTE,Pak Kong Water Treatment Works,北港滤水厂,北港濾水廠,PK_Flow1600_Flow,万宜水库入水瞬时流量(备用),萬宜水庫入水瞬時流量(備用),MLD,WT_RW_000001,FLOW,FLOW,2026-09-21 15:47:00.353,2026-09-21 15:47:00.353
TW020,NTE,Pak Kong Water Treatment Works,北港滤水厂,北港濾水廠,PK_Flow1600_HartFlow,万宜水库入水瞬时流量(主用),萬宜水庫入水瞬時流量(主用),MLD,WT_RW_000001,FLOW,FLOW,2026-09-21 15:47:00.353,2026-09-21 15:47:00.353
TW020,NTE,Pak Kong Water Treatment Works,北港滤水厂,北港濾水廠,PK_Flow1800_Acc_Total,船湾入水总流量-1800是管径,船灣入水總流量-1800是管徑,ML,WT_RW_000001,FLOW,FLOW,2026-09-21 15:47:00.353,2026-09-21 15:47:00.353
TW020,NTE,Pak Kong Water Treatment Works,北港滤水厂,北港濾水廠,PK_Flow1800_Flow,船湾入水瞬时流量(备用),船灣入水瞬時流量(備用),MLD,WT_RW_000001,FLOW,FLOW,2026-09-21 15:47:00.353,2026-09-21 15:47:00.353
TW020,NTE,Pak Kong Water Treatment Works,北港滤水厂,北港濾水廠,PK_FinalRawWater_Fluoride_Fluoride,食水水质氟,食水水質氟,mg/L,WT_TW_000004,WATER QUALITY,FLUORIDE,2026-09-21 15:47:00.353,2026-09-21 15:47:00.353
TW027,NTW,Ngau Tam Mei WTW,牛潭尾滤水厂,牛潭尾濾水廠,TreatedWater_DeliveryPressure2_Pressure,食水压力2,食水壓力2,m,WT_TW_000004,PRESSURE,PRESSURE,2026-09-21 15:47:00.353,2026-09-21 15:47:00.353
TW027,NTW,Ngau Tam Mei WTW,牛潭尾滤水厂,牛潭尾濾水廠,Treated_Water_Chlorine_Chlorine,食水水质余氯,食水水質餘氯,mg/L,WT_TW_000004,WATER QUALITY,CHLORINE,2026-09-21 15:47:00.353,2026-09-21 15:47:00.353
TW027,NTW,Ngau Tam Mei WTW,牛潭尾滤水厂,牛潭尾濾水廠,Treated_Water_pH_pH,食水水质PH,食水水質PH,,WT_TW_000004,WATER QUALITY,PH,2026-09-21 15:47:00.353,2026-09-21 15:47:00.353
TW027,NTW,Ngau Tam Mei WTW,牛潭尾滤水厂,牛潭尾濾水廠,RawWaterFlow_MLD,原水瞬时流量,原水瞬時流量,MLD,WT_RW_000001,FLOW,FLOW,2026-09-21 15:47:00.353,2026-09-21 15:47:00.353
TW027,NTW,Ngau Tam Mei WTW,牛潭尾滤水厂,牛潭尾濾水廠,TreatedWater_DeliveryPressure1_Pressure,食水压力1,食水壓力1,m,WT_TW_000004,PRESSURE,PRESSURE,2026-09-21 15:47:00.353,2026-09-21 15:47:00.353
TW021,NTW,Au Tau  Water Treatment Works,凹头滤水厂,凹頭濾水廠,TreatedWaterReservoir_001_Value,清水池1号水位,清水池1號水位,m,WT_TW_000004,LEVEL,LEVEL,2026-09-21 15:47:00.353,2026-09-21 15:47:00.353
TW021,NTW,Au Tau  Water Treatment Works,凹头滤水厂,凹頭濾水廠,TreatedWaterReservoir_CL_Value,食水水质余氯,食水水質餘氯,mg/L,WT_TW_000004,WATER QUALITY,CHLORINE,2026-09-21 15:47:00.353,2026-09-21 15:47:00.353
TW021,NTW,Au Tau  Water Treatment Works,凹头滤水厂,凹頭濾水廠,TreatedWaterReservoir_pH_Value,食水水质PH,食水水質PH,,WT_TW_000004,WATER QUALITY,PH,2026-09-21 15:47:00.353,2026-09-21 15:47:00.353
TW021,NTW,Au Tau  Water Treatment Works,凹头滤水厂,凹頭濾水廠,Inlet_RawWater_Flow_Totalizer,累计流量,累計流量,,WT_RW_000001,FLOW,FLOW,2026-09-21 15:47:00.353,2026-09-21 15:47:00.353
TW021,NTW,Au Tau  Water Treatment Works,凹头滤水厂,凹頭濾水廠,TreatedWaterReservoir_Fluoride_Value,食水水质氟,食水水質氟,mg/L,WT_TW_000004,WATER QUALITY,FLUORIDE,2026-09-21 15:47:00.353,2026-09-21 15:47:00.353
TW021,NTW,Au Tau  Water Treatment Works,凹头滤水厂,凹頭濾水廠,TreatedWaterReservoir_002_Value,清水池2号水位,清水池2號水位,m,WT_TW_000004,LEVEL,LEVEL,2026-09-21 15:47:00.353,2026-09-21 15:47:00.353
TW021,NTW,Au Tau  Water Treatment Works,凹头滤水厂,凹頭濾水廠,FW_Flow_PV,出水瞬时流量,出水瞬時流量,MLD,WT_TW_000004,FLOW,FLOW,2026-09-21 15:47:00.353,2026-09-21 15:47:00.353
TW021,NTW,Au Tau  Water Treatment Works,凹头滤水厂,凹頭濾水廠,Inlet_RawWater_Flow_Value,进水瞬时流量,進水瞬時流量,MLD,WT_RW_000001,FLOW,FLOW,2026-09-21 15:47:00.353,2026-09-21 15:47:00.353
TW021,NTW,Au Tau  Water Treatment Works,凹头滤水厂,凹頭濾水廠,TreatedWaterReservoir_Turbidity_Value,食水水质浊度,食水水質濁度,NTU,WT_TW_000004,WATER QUALITY,TURBIDITY,2026-09-21 15:47:00.353,2026-09-21 15:47:00.353
TW021,NTW,Au Tau  Water Treatment Works,凹头滤水厂,凹頭濾水廠,FW_DeliveryPressure_PV,压力,壓力,m,WT_TW_000004,PRESSURE,PRESSURE,2026-09-21 15:47:00.353,2026-09-21 15:47:00.353
TW016,NTW,Tuen Mun Water Treatment Works,屯门滤水厂,屯門濾水廠,Raw_Turbidity_Turbidity,原水水质浊度,原水水質濁度,NTU,WT_RW_000001,WATER QUALITY,TURBIDITY,2026-09-21 15:47:00.353,2026-09-21 15:47:00.353
TW016,NTW,Tuen Mun Water Treatment Works,屯门滤水厂,屯門濾水廠,Raw_pH_pH,原水水质PH,原水水質PH,,WT_RW_000001,WATER QUALITY,PH,2026-09-21 15:47:00.353,2026-09-21 15:47:00.353
TW016,NTW,Tuen Mun Water Treatment Works,屯门滤水厂,屯門濾水廠,ClearWaterTank_Level_Level,清水池液位5期,清水池液位5期,m,WT_TW_000004,LEVEL,LEVEL,2026-09-21 15:47:00.353,2026-09-21 15:47:00.353
TW013,NTE,Sha Tin Water Treatment Works,沙田滤水厂,沙田濾水廠,FlowKiosk4_SHT_VolumeCountMonthlyS88,s88号管出厂正向流量(本月1号-当前),s88號管出廠正向流量(本月1號-當前),,WT_TW_000004,FLOW,FLOW,2026-09-21 15:47:00.353,2026-09-21 15:47:00.353
TW013,NTE,Sha Tin Water Treatment Works,沙田滤水厂,沙田濾水廠,FlowKiosk5_SHT_AnalogCountMonthlyS89,s89号管出厂正向流量(本月1号-当前),s89號管出廠正向流量(本月1號-當前),MLD,WT_TW_000004,FLOW,FLOW,2026-09-21 15:47:00.353,2026-09-21 15:47:00.353
TW013,NTE,Sha Tin Water Treatment Works,沙田滤水厂,沙田濾水廠,Inlet_Flow_F945_TotalRevFlow,F945进水累计反向流量(开厂-当前),F945進水累計反向流量(開廠-當前),ML,WT_RW_000001,FLOW,FLOW,2026-09-21 15:47:00.353,2026-09-21 15:47:00.353
TW013,NTE,Sha Tin Water Treatment Works,沙田滤水厂,沙田濾水廠,V01_Flow_InletFlow,V01进水渠正向瞬时流量,V01進水渠正向瞬時流量,MLD,WT_RW_000001,FLOW,FLOW,2026-09-21 15:47:00.353,2026-09-21 15:47:00.353
TW013,NTE,Sha Tin Water Treatment Works,沙田滤水厂,沙田濾水廠,HF11Flow_VolumeCountYesterdayReverse,HF11进水渠累计反向流量(昨天9:00-今天9:00),HF11進水渠累計反向流量(昨天9:00-今天9:00),,WT_RW_000001,FLOW,FLOW,2026-09-21 15:47:00.353,2026-09-21 15:47:00.353
TW013,NTE,Sha Tin Water Treatment Works,沙田滤水厂,沙田濾水廠,V02_Flow_TodayRevFlow,V02进水渠今天反向流量,V02進水渠今天反向流量,ML,WT_RW_000001,FLOW,FLOW,2026-09-21 15:47:00.353,2026-09-21 15:47:00.353
TW013,NTE,Sha Tin Water Treatment Works,沙田滤水厂,沙田濾水廠,HF11Flow_VolumeCountYesterday,HF11进水渠累计正向流量(昨天9:00-今天9:00),HF11進水渠累計正向流量(昨天9:00-今天9:00),,WT_RW_000001,FLOW,FLOW,2026-09-21 15:47:00.353,2026-09-21 15:47:00.353
TW013,NTE,Sha Tin Water Treatment Works,沙田滤水厂,沙田濾水廠,NW_RawWater_SHT_Raw_Water2_Turbidity,原水水质浊度(下城门水库),原水水質濁度(下城門水庫),NTU,WT_RW_000001,WATER QUALITY,TURBIDITY,2026-09-21 15:47:00.353,2026-09-21 15:47:00.353
TW013,NTE,Sha Tin Water Treatment Works,沙田滤水厂,沙田濾水廠,FlowKiosk5_SHT_VolumeCountMonthlyS89,s89号管出厂正向流量(本月1号-当前),s89號管出廠正向流量(本月1號-當前),,WT_TW_000004,FLOW,FLOW,2026-09-21 15:47:00.353,2026-09-21 15:47:00.353
TW013,NTE,Sha Tin Water Treatment Works,沙田滤水厂,沙田濾水廠,FlowKiosk4_SHT_AnalogCountLastMonthS88,s88号管上月出厂正向流量,s88號管上月出廠正向流量,MLD,WT_TW_000004,FLOW,FLOW,2026-09-21 15:47:00.353,2026-09-21 15:47:00.353
TW013,NTE,Sha Tin Water Treatment Works,沙田滤水厂,沙田濾水廠,FlowKiosk4_SHT_VolumeCountMonthlyS88_Reverse,s88号管出厂反向流量(本月1号-当前),s88號管出廠反向流量(本月1號-當前),,WT_TW_000004,FLOW,FLOW,2026-09-21 15:47:00.353,2026-09-21 15:47:00.353
TW013,NTE,Sha Tin Water Treatment Works,沙田滤水厂,沙田濾水廠,HF1Flow_VolumeCountYesterday,HF1进水渠累计正向流量(昨天9:00-今天9:00),HF1進水渠累計正向流量(昨天9:00-今天9:00),,WT_RW_000001,FLOW,FLOW,2026-09-21 15:47:00.353,2026-09-21 15:47:00.353
TW013,NTE,Sha Tin Water Treatment Works,沙田滤水厂,沙田濾水廠,NW_RawWater_SHT_Raw_Water2_pH,原水水质PH(下城门水库),原水水質PH(下城門水庫),,WT_RW_000001,WATER QUALITY,PH,2026-09-21 15:47:00.353,2026-09-21 15:47:00.353
TW013,NTE,Sha Tin Water Treatment Works,沙田滤水厂,沙田濾水廠,V02_Flow_TodayFlow,V02进水渠今天正向流量,V02進水渠今天正向流量,ML,WT_RW_000001,FLOW,FLOW,2026-09-21 15:47:00.353,2026-09-21 15:47:00.353
TW013,NTE,Sha Tin Water Treatment Works,沙田滤水厂,沙田濾水廠,Inlet_Flow_F945_TodayRevFlow,F945进水今天反向流量,F945進水今天反向流量,ML,WT_RW_000001,FLOW,FLOW,2026-09-21 15:47:00.353,2026-09-21 15:47:00.353
TW013,NTE,Sha Tin Water Treatment Works,沙田滤水厂,沙田濾水廠,FlowKiosk5_SHT_AnalogCountTotalS89,s89号管出厂累计正向流量,s89號管出廠累計正向流量,MLD,WT_TW_000004,FLOW,FLOW,2026-09-21 15:47:00.353,2026-09-21 15:47:00.353
TW013,NTE,Sha Tin Water Treatment Works,沙田滤水厂,沙田濾水廠,Inlet_Flow_F945_MonthRevFlow,F945进水本月反向流量,F945進水本月反向流量,ML,WT_RW_000001,FLOW,FLOW,2026-09-21 15:47:00.353,2026-09-21 15:47:00.353
TW013,NTE,Sha Tin Water Treatment Works,沙田滤水厂,沙田濾水廠,V01_Flow_TotalFlow,V01进水渠累计正向流量(开厂-当前),V01進水渠累計正向流量(開廠-當前),ML,WT_RW_000001,FLOW,FLOW,2026-09-21 15:47:00.353,2026-09-21 15:47:00.353
TW013,NTE,Sha Tin Water Treatment Works,沙田滤水厂,沙田濾水廠,Inlet_Flow_F945_LastMonthFlow,F945进水上个月正向流量,F945進水上個月正向流量,ML,WT_RW_000001,FLOW,FLOW,2026-09-21 15:47:00.353,2026-09-21 15:47:00.353
TW013,NTE,Sha Tin Water Treatment Works,沙田滤水厂,沙田濾水廠,NW_FinalWater_SHT_N_Final_Water_Turbidity,食水水质浊度(北厂泵后),食水水質濁度(北廠泵後),,WT_TW_000004,WATER QUALITY,TURBIDITY,2026-09-21 15:47:00.353,2026-09-21 15:47:00.353
TW013,NTE,Sha Tin Water Treatment Works,沙田滤水厂,沙田濾水廠,V01_Flow_MonthRevFlow,V01进水渠本月反向流量,V01進水渠本月反向流量,ML,WT_RW_000001,FLOW,FLOW,2026-09-21 15:47:00.353,2026-09-21 15:47:00.353
TW013,NTE,Sha Tin Water Treatment Works,沙田滤水厂,沙田濾水廠,HF11Flow_VolumeCountTotalReverse,HF11进水渠累计反向流量(开厂-当前),HF11進水渠累計反向流量(開廠-當前),,WT_RW_000001,FLOW,FLOW,2026-09-21 15:47:00.353,2026-09-21 15:47:00.353
TW013,NTE,Sha Tin Water Treatment Works,沙田滤水厂,沙田濾水廠,SIPanel1_SHT_DeliveryPressureForPump12T14,出水管泵站12-14出水压力,出水管泵站12-14出水壓力,m,WT_TW_000004,PRESSURE,PRESSURE,2026-09-21 15:47:00.353,2026-09-21 15:47:00.353
TW013,NTE,Sha Tin Water Treatment Works,沙田滤水厂,沙田濾水廠,FlowKiosk4_SHT_VolumeCountLastDayS88,s88号管昨天出厂正向流量,s88號管昨天出廠正向流量,ML,WT_TW_000004,FLOW,FLOW,2026-09-21 15:47:00.353,2026-09-21 15:47:00.353
TW013,NTE,Sha Tin Water Treatment Works,沙田滤水厂,沙田濾水廠,FlowKiosk4_SHT_VolumeCountTotalS88,s88号管出厂累计正流量,s88號管出廠累計正流量,,WT_TW_000004,FLOW,FLOW,2026-09-21 15:47:00.353,2026-09-21 15:47:00.353
TW013,NTE,Sha Tin Water Treatment Works,沙田滤水厂,沙田濾水廠,HF11Flow_VolumeCountTotal,HF11进水渠累计正向流量(开厂-当前),HF11進水渠累計正向流量(開廠-當前),,WT_RW_000001,FLOW,FLOW,2026-09-21 15:47:00.353,2026-09-21 15:47:00.353
TW013,NTE,Sha Tin Water Treatment Works,沙田滤水厂,沙田濾水廠,Raw_RawWater_SHT_Raw_Water_Fl2,原水水质氟(万宜水库),原水水質氟(萬宜水庫),,WT_RW_000001,WATER QUALITY,FLUORIDE,2026-09-21 15:47:00.353,2026-09-21 15:47:00.353
TW013,NTE,Sha Tin Water Treatment Works,沙田滤水厂,沙田濾水廠,HF11Flow_FLow,HF11进水渠正向瞬时流量,HF11進水渠正向瞬時流量,MLD,WT_RW_000001,FLOW,FLOW,2026-09-21 15:47:00.353,2026-09-21 15:47:00.353
TW013,NTE,Sha Tin Water Treatment Works,沙田滤水厂,沙田濾水廠,FlowKiosk5_SHT_DeliveryFlowKioskS89_Reverse,s89号管出厂瞬时反向流量,s89號管出廠瞬時反向流量,MLD,WT_TW_000004,FLOW,FLOW,2026-09-21 15:47:00.353,2026-09-21 15:47:00.353
TW013,NTE,Sha Tin Water Treatment Works,沙田滤水厂,沙田濾水廠,Inlet_Flow_F945_YesterdayRevFlow,F945进水累计反向流量(昨天9:00-今天9:00),F945進水累計反向流量(昨天9:00-今天9:00),ML,WT_RW_000001,FLOW,FLOW,2026-09-21 15:47:00.353,2026-09-21 15:47:00.353
TW013,NTE,Sha Tin Water Treatment Works,沙田滤水厂,沙田濾水廠,V01_Flow_LastMonthFlow,V01进水渠上个月正向流量,V01進水渠上個月正向流量,ML,WT_RW_000001,FLOW,FLOW,2026-09-21 15:47:00.353,2026-09-21 15:47:00.353
TW013,NTE,Sha Tin Water Treatment Works,沙田滤水厂,沙田濾水廠,HV_Valve_Outlet_Pressure_11_Pressure,进水管泵站11泵后出水压力,進水管泵站11泵後出水壓力,m,WT_RW_000001,PRESSURE,PRESSURE,2026-09-21 15:47:00.353,2026-09-21 15:47:00.353
TW013,NTE,Sha Tin Water Treatment Works,沙田滤水厂,沙田濾水廠,V01_Flow_TodayRevFlow,V01进水渠今天反向流量,V01進水渠今天反向流量,ML,WT_RW_000001,FLOW,FLOW,2026-09-21 15:47:00.353,2026-09-21 15:47:00.353
TW013,NTE,Sha Tin Water Treatment Works,沙田滤水厂,沙田濾水廠,HF11Flow_VolumeCountTodayReverse,HF11进水渠今天反向流量,HF11進水渠今天反向流量,,WT_RW_000001,FLOW,FLOW,2026-09-21 15:47:00.353,2026-09-21 15:47:00.353
TW013,NTE,Sha Tin Water Treatment Works,沙田滤水厂,沙田濾水廠,V02_Flow_MonthRevFlow,V02进水渠本月反向流量,V02進水渠本月反向流量,ML,WT_RW_000001,FLOW,FLOW,2026-09-21 15:47:00.353,2026-09-21 15:47:00.353
TW013,NTE,Sha Tin Water Treatment Works,沙田滤水厂,沙田濾水廠,FlowKiosk5_SHT_AnalogCountLastDayS89,s89号管昨天出厂正向流量,s89號管昨天出廠正向流量,MLD,WT_TW_000004,FLOW,FLOW,2026-09-21 15:47:00.353,2026-09-21 15:47:00.353
TW013,NTE,Sha Tin Water Treatment Works,沙田滤水厂,沙田濾水廠,V02_Flow_TotalFlow,V02进水渠累计正向流量(开厂-当前),V02進水渠累計正向流量(開廠-當前),ML,WT_RW_000001,FLOW,FLOW,2026-09-21 15:47:00.353,2026-09-21 15:47:00.353
TW013,NTE,Sha Tin Water Treatment Works,沙田滤水厂,沙田濾水廠,HF11Flow_FlowReverse,HF11进水渠反向瞬时流量,HF11進水渠反向瞬時流量,MLD,WT_RW_000001,FLOW,FLOW,2026-09-21 15:47:00.353,2026-09-21 15:47:00.353
TW013,NTE,Sha Tin Water Treatment Works,沙田滤水厂,沙田濾水廠,V02_Flow_LastMonthFlow,V02进水渠上个月正向流量,V02進水渠上個月正向流量,ML,WT_RW_000001,FLOW,FLOW,2026-09-21 15:47:00.353,2026-09-21 15:47:00.353
TW013,NTE,Sha Tin Water Treatment Works,沙田滤水厂,沙田濾水廠,V01_Flow_YesterdayFlow,V01进水渠累计正向流量(昨天9:00-今天9:00),V01進水渠累計正向流量(昨天9:00-今天9:00),,WT_RW_000001,FLOW,FLOW,2026-09-21 15:47:00.353,2026-09-21 15:47:00.353
TW013,NTE,Sha Tin Water Treatment Works,沙田滤水厂,沙田濾水廠,Raw_RawWater_SHT_Raw_Water_pH,原水水质PH(万宜水库),原水水質PH(萬宜水庫),,WT_RW_000001,WATER QUALITY,PH,2026-09-21 15:47:00.353,2026-09-21 15:47:00.353
TW013,NTE,Sha Tin Water Treatment Works,沙田滤水厂,沙田濾水廠,HF1Flow_VolumeCountMonthlyReverse,HF1进水渠本月反向流量,HF1進水渠本月反向流量,,WT_RW_000001,FLOW,FLOW,2026-09-21 15:47:00.353,2026-09-21 15:47:00.353
TW013,NTE,Sha Tin Water Treatment Works,沙田滤水厂,沙田濾水廠,FlowKiosk4_SHT_AnalogCountMonthlyS88,s88号管出厂正向流量(本月1号-当前),s88號管出廠正向流量(本月1號-當前),MLD,WT_TW_000004,FLOW,FLOW,2026-09-21 15:47:00.353,2026-09-21 15:47:00.353
TW013,NTE,Sha Tin Water Treatment Works,沙田滤水厂,沙田濾水廠,FlowKiosk5_SHT_VolumeCountTodayS89_Reverse,s89号管今天出厂反向流量,s89號管今天出廠反向流量,,WT_TW_000004,FLOW,FLOW,2026-09-21 15:47:00.353,2026-09-21 15:47:00.353
TW013,NTE,Sha Tin Water Treatment Works,沙田滤水厂,沙田濾水廠,V01_Flow_TodayFlow,V01进水渠今天正向流量,V01進水渠今天正向流量,ML,WT_RW_000001,FLOW,FLOW,2026-09-21 15:47:00.353,2026-09-21 15:47:00.353
TW013,NTE,Sha Tin Water Treatment Works,沙田滤水厂,沙田濾水廠,NW_FilterednDosedWater_SHT_N_FilteredDosed_Water_CL2,出水管出厂前投药后氯气值,出水管出廠前投藥後氯氣值,mg/L,WT_TW_000004,WATER QUALITY,CHLORINE,2026-09-21 15:47:00.353,2026-09-21 15:47:00.353
TW013,NTE,Sha Tin Water Treatment Works,沙田滤水厂,沙田濾水廠,V02_Flow_YesterdayFlow,V02进水渠累计正向流量(昨天9:00-今天9:00),V02進水渠累計正向流量(昨天9:00-今天9:00),,WT_RW_000001,FLOW,FLOW,2026-09-21 15:47:00.353,2026-09-21 15:47:00.353
TW013,NTE,Sha Tin Water Treatment Works,沙田滤水厂,沙田濾水廠,FlowKiosk5_SHT_VolumeCountLastMonthS89_Reverse,s89号管上个月出厂反向流量,s89號管上個月出廠反向流量,,WT_TW_000004,FLOW,FLOW,2026-09-21 15:47:00.353,2026-09-21 15:47:00.353
TW013,NTE,Sha Tin Water Treatment Works,沙田滤水厂,沙田濾水廠,HF1Flow_FlowReverse,HF1进水渠反向瞬时流量,HF1進水渠反向瞬時流量,MLD,WT_RW_000001,FLOW,FLOW,2026-09-21 15:47:00.353,2026-09-21 15:47:00.353
TW013,NTE,Sha Tin Water Treatment Works,沙田滤水厂,沙田濾水廠,V01_Flow_LastMonthRevFlow,V01进水渠上个月反向流量,V01進水渠上個月反向流量,ML,WT_RW_000001,FLOW,FLOW,2026-09-21 15:47:00.353,2026-09-21 15:47:00.353
TW013,NTE,Sha Tin Water Treatment Works,沙田滤水厂,沙田濾水廠,FlowKiosk4_SHT_AnalogCountTotalS88,s88号管出厂累计正流量,s88號管出廠累計正流量,MLD,WT_TW_000004,FLOW,FLOW,2026-09-21 15:47:00.353,2026-09-21 15:47:00.353
TW013,NTE,Sha Tin Water Treatment Works,沙田滤水厂,沙田濾水廠,FlowKiosk4_SHT_VolumeCountLastMonthS88,s88号管上个月出厂正向流量,s88號管上個月出廠正向流量,,WT_TW_000004,FLOW,FLOW,2026-09-21 15:47:00.353,2026-09-21 15:47:00.353
TW013,NTE,Sha Tin Water Treatment Works,沙田滤水厂,沙田濾水廠,FlowKiosk4_SHT_VolumeCountLastMonthS88_Reverse,s88号管上个月出厂反向流量,s88號管上個月出廠反向流量,,WT_TW_000004,FLOW,FLOW,2026-09-21 15:47:00.353,2026-09-21 15:47:00.353
TW013,NTE,Sha Tin Water Treatment Works,沙田滤水厂,沙田濾水廠,NW_FinalWater_SHT_N_Final_Water_pH,食水水质PH(北厂泵后),食水水質PH(北廠泵後),,WT_TW_000004,WATER QUALITY,PH,2026-09-21 15:47:00.353,2026-09-21 15:47:00.353
TW013,NTE,Sha Tin Water Treatment Works,沙田滤水厂,沙田濾水廠,FlowKiosk4_SHT_AnalogCountTodayS88,s88号管今天出厂正向流量,s88號管今天出廠正向流量,MLD,WT_TW_000004,FLOW,FLOW,2026-09-21 15:47:00.353,2026-09-21 15:47:00.353
TW013,NTE,Sha Tin Water Treatment Works,沙田滤水厂,沙田濾水廠,FlowKiosk4_SHT_DeliveryFlowKioskS88,s88号管出厂正向瞬时流量,s88號管出廠正向瞬時流量,MLD,WT_TW_000004,FLOW,FLOW,2026-09-21 15:47:00.353,2026-09-21 15:47:00.353
TW013,NTE,Sha Tin Water Treatment Works,沙田滤水厂,沙田濾水廠,Inlet_Flow_F945_MonthFlow,F945进水本月正向流量,F945進水本月正向流量,ML,WT_RW_000001,FLOW,FLOW,2026-09-21 15:47:00.353,2026-09-21 15:47:00.353
TW013,NTE,Sha Tin Water Treatment Works,沙田滤水厂,沙田濾水廠,HF1Flow_VolumeCountTotalReverse,HF1进水渠累计反向流量(开厂-当前),HF1進水渠累計反向流量(開廠-當前),,WT_RW_000001,FLOW,FLOW,2026-09-21 15:47:00.353,2026-09-21 15:47:00.353
TW013,NTE,Sha Tin Water Treatment Works,沙田滤水厂,沙田濾水廠,FlowKiosk4_SHT_VolumeCountLastDayS88_Reverse,s88号管昨天出厂反向流量,s88號管昨天出廠反向流量,ML,WT_TW_000004,FLOW,FLOW,2026-09-21 15:47:00.353,2026-09-21 15:47:00.353
TW013,NTE,Sha Tin Water Treatment Works,沙田滤水厂,沙田濾水廠,NW_FinalWater_SHT_N_Final_Water_CL2,食水水质氯(北厂泵后),食水水質氯(北廠泵後),mg/L,WT_TW_000004,WATER QUALITY,CHLORINE,2026-09-21 15:47:00.353,2026-09-21 15:47:00.353
TW013,NTE,Sha Tin Water Treatment Works,沙田滤水厂,沙田濾水廠,Inlet_Flow_F945_InletFlow,F945进水正向瞬时流量,F945進水正向瞬時流量,MLD,WT_RW_000001,FLOW,FLOW,2026-09-21 15:47:00.353,2026-09-21 15:47:00.353
TW013,NTE,Sha Tin Water Treatment Works,沙田滤水厂,沙田濾水廠,HF1Flow_VolumeCountToday,HF1进水渠今天正向流量,HF1進水渠今天正向流量,,WT_RW_000001,FLOW,FLOW,2026-09-21 15:47:00.353,2026-09-21 15:47:00.353
TW013,NTE,Sha Tin Water Treatment Works,沙田滤水厂,沙田濾水廠,FlowKiosk5_SHT_VolumeCountTotalS89,s89号管出厂累计正向流量,s89號管出廠累計正向流量,,WT_TW_000004,FLOW,FLOW,2026-09-21 15:47:00.353,2026-09-21 15:47:00.353
TW013,NTE,Sha Tin Water Treatment Works,沙田滤水厂,沙田濾水廠,NW_RawWater_SHT_Raw_Water2_Fl2,原水水质氟(下城门水库),原水水質氟(下城門水庫),mg/L,WT_RW_000001,WATER QUALITY,FLUORIDE,2026-09-21 15:47:00.353,2026-09-21 15:47:00.353
TW013,NTE,Sha Tin Water Treatment Works,沙田滤水厂,沙田濾水廠,HF1Flow_VolumeCountYesterdayReverse,HF1进水渠累计反向流量(昨天9:00-今天9:00),HF1進水渠累計反向流量(昨天9:00-今天9:00),,WT_RW_000001,FLOW,FLOW,2026-09-21 15:47:00.353,2026-09-21 15:47:00.353
TW013,NTE,Sha Tin Water Treatment Works,沙田滤水厂,沙田濾水廠,HF1Flow_VolumeCountLastMonth,HF1进水渠上个月正向流量,HF1進水渠上個月正向流量,,WT_RW_000001,FLOW,FLOW,2026-09-21 15:47:00.353,2026-09-21 15:47:00.353
TW013,NTE,Sha Tin Water Treatment Works,沙田滤水厂,沙田濾水廠,HV_Valve_Inlet_Pressure_11_Pressure,进水管泵站11泵前入水压力,進水管泵站11泵前入水壓力,m,WT_RW_000001,PRESSURE,PRESSURE,2026-09-21 15:47:00.353,2026-09-21 15:47:00.353
TW013,NTE,Sha Tin Water Treatment Works,沙田滤水厂,沙田濾水廠,Inlet_Flow_F945_YesterdayFlow,F945进水累计正向流量(昨天9:00-今天9:00),F945進水累計正向流量(昨天9:00-今天9:00),ML,WT_RW_000001,FLOW,FLOW,2026-09-21 15:47:00.353,2026-09-21 15:47:00.353
TW013,NTE,Sha Tin Water Treatment Works,沙田滤水厂,沙田濾水廠,V02_Flow_YesterdayRevFlow,V02进水渠累计反向流量(昨天9:00-今天9:00),V02進水渠累計反向流量(昨天9:00-今天9:00),ML,WT_RW_000001,FLOW,FLOW,2026-09-21 15:47:00.353,2026-09-21 15:47:00.353
TW013,NTE,Sha Tin Water Treatment Works,沙田滤水厂,沙田濾水廠,FlowKiosk5_SHT_VolumeCountTodayS89,s89号管今天出厂正向流量,s89號管今天出廠正向流量,,WT_TW_000004,FLOW,FLOW,2026-09-21 15:47:00.353,2026-09-21 15:47:00.353
TW013,NTE,Sha Tin Water Treatment Works,沙田滤水厂,沙田濾水廠,HF11Flow_VolumeCountMonthly,HF11进水渠本月正向流量,HF11進水渠本月正向流量,,WT_RW_000001,FLOW,FLOW,2026-09-21 15:47:00.353,2026-09-21 15:47:00.353
TW013,NTE,Sha Tin Water Treatment Works,沙田滤水厂,沙田濾水廠,HF1Flow_VolumeCountTotal,HF1进水渠累计正向流量(开厂-当前),HF1進水渠累計正向流量(開廠-當前),,WT_RW_000001,FLOW,FLOW,2026-09-21 15:47:00.353,2026-09-21 15:47:00.353
TW013,NTE,Sha Tin Water Treatment Works,沙田滤水厂,沙田濾水廠,V01_Flow_InletRevFlow,V01进水渠反向瞬时流量,V01進水渠反向瞬時流量,MLD,WT_RW_000001,FLOW,FLOW,2026-09-21 15:47:00.353,2026-09-21 15:47:00.353
TW013,NTE,Sha Tin Water Treatment Works,沙田滤水厂,沙田濾水廠,V02_Flow_InletRevFlow,V02进水渠反向瞬时流量,V02進水渠反向瞬時流量,MLD,WT_RW_000001,FLOW,FLOW,2026-09-21 15:47:00.353,2026-09-21 15:47:00.353
TW013,NTE,Sha Tin Water Treatment Works,沙田滤水厂,沙田濾水廠,V02_Flow_LastMonthRevFlow,V02进水渠上个月反向流量,V02進水渠上個月反向流量,ML,WT_RW_000001,FLOW,FLOW,2026-09-21 15:47:00.353,2026-09-21 15:47:00.353
TW013,NTE,Sha Tin Water Treatment Works,沙田滤水厂,沙田濾水廠,V02_Flow_InletFlow,V02进水渠正向瞬时流量,V02進水渠正向瞬時流量,MLD,WT_RW_000001,FLOW,FLOW,2026-09-21 15:47:00.353,2026-09-21 15:47:00.353
TW013,NTE,Sha Tin Water Treatment Works,沙田滤水厂,沙田濾水廠,FlowKiosk4_SHT_DeliveryFlowKioskS88_Reverse,s88号管出厂反向瞬时流量,s88號管出廠反向瞬時流量,MLD,WT_TW_000004,FLOW,FLOW,2026-09-21 15:47:00.353,2026-09-21 15:47:00.353
TW013,NTE,Sha Tin Water Treatment Works,沙田滤水厂,沙田濾水廠,FlowKiosk5_SHT_AnalogCountTodayS89,s89号管今天出厂正向流量,s89號管今天出廠正向流量,MLD,WT_TW_000004,FLOW,FLOW,2026-09-21 15:47:00.353,2026-09-21 15:47:00.353
TW013,NTE,Sha Tin Water Treatment Works,沙田滤水厂,沙田濾水廠,Inlet_Flow_F945_InletRevFlow,F945进水反向瞬时流量,F945進水反向瞬時流量,MLD,WT_RW_000001,FLOW,FLOW,2026-09-21 15:47:00.353,2026-09-21 15:47:00.353
TW013,NTE,Sha Tin Water Treatment Works,沙田滤水厂,沙田濾水廠,FlowKiosk4_SHT_VolumeCountTotalS88_Reverse,s88号管出厂累计反向流量,s88號管出廠累計反向流量,,WT_TW_000004,FLOW,FLOW,2026-09-21 15:47:00.353,2026-09-21 15:47:00.353
TW013,NTE,Sha Tin Water Treatment Works,沙田滤水厂,沙田濾水廠,HV_Valve_Inlet_Pressure_Pressure,泵房进水管泵前入水压力,泵房進水管泵前入水壓力,m,WT_RW_000001,PRESSURE,PRESSURE,2026-09-21 15:47:00.353,2026-09-21 15:47:00.353
TW013,NTE,Sha Tin Water Treatment Works,沙田滤水厂,沙田濾水廠,HF1Flow_FLow,HF1进水渠正向瞬时流量,HF1進水渠正向瞬時流量,MLD,WT_RW_000001,FLOW,FLOW,2026-09-21 15:47:00.353,2026-09-21 15:47:00.353
TW013,NTE,Sha Tin Water Treatment Works,沙田滤水厂,沙田濾水廠,V01_Flow_YesterdayRevFlow,V01进水渠累计反向流量(昨天9:00-今天9:00),V01進水渠累計反向流量(昨天9:00-今天9:00),ML,WT_RW_000001,FLOW,FLOW,2026-09-21 15:47:00.353,2026-09-21 15:47:00.353
TW013,NTE,Sha Tin Water Treatment Works,沙田滤水厂,沙田濾水廠,FlowKiosk5_SHT_VolumeCountLastMonthS89,s89号管上个月出厂正向流量,s89號管上個月出廠正向流量,,WT_TW_000004,FLOW,FLOW,2026-09-21 15:47:00.353,2026-09-21 15:47:00.353
TW013,NTE,Sha Tin Water Treatment Works,沙田滤水厂,沙田濾水廠,FlowKiosk4_SHT_VolumeCountTodayS88,s88号管今天出厂正向流量,s88號管今天出廠正向流量,,WT_TW_000004,FLOW,FLOW,2026-09-21 15:47:00.353,2026-09-21 15:47:00.353
TW013,NTE,Sha Tin Water Treatment Works,沙田滤水厂,沙田濾水廠,Inlet_Flow_F945_TodayFlow,F945进水今天正向流量,F945進水今天正向流量,ML,WT_RW_000001,FLOW,FLOW,2026-09-21 15:47:00.353,2026-09-21 15:47:00.353
TW013,NTE,Sha Tin Water Treatment Works,沙田滤水厂,沙田濾水廠,FlowKiosk4_SHT_AnalogCountLastDayS88,s88号管昨天出厂正向流量,s88號管昨天出廠正向流量,MLD,WT_TW_000004,FLOW,FLOW,2026-09-21 15:47:00.353,2026-09-21 15:47:00.353
TW013,NTE,Sha Tin Water Treatment Works,沙田滤水厂,沙田濾水廠,FlowKiosk5_SHT_VolumeCountLastDayS89_Reverse,s89号管昨天出厂反向流量,s89號管昨天出廠反向流量,ML,WT_TW_000004,FLOW,FLOW,2026-09-21 15:47:00.353,2026-09-21 15:47:00.353
TW013,NTE,Sha Tin Water Treatment Works,沙田滤水厂,沙田濾水廠,HF1Flow_VolumeCountTodayReverse,HF1进水渠今天反向流量,HF1進水渠今天反向流量,,WT_RW_000001,FLOW,FLOW,2026-09-21 15:47:00.353,2026-09-21 15:47:00.353
TW013,NTE,Sha Tin Water Treatment Works,沙田滤水厂,沙田濾水廠,HV_Valve_Outlet_Pressure_Pressure,泵房进水管泵后出水压力,泵房進水管泵後出水壓力,m,WT_RW_000001,PRESSURE,PRESSURE,2026-09-21 15:47:00.353,2026-09-21 15:47:00.353
TW013,NTE,Sha Tin Water Treatment Works,沙田滤水厂,沙田濾水廠,HF1Flow_VolumeCountLastMonthReverse,HF1进水渠上个月反向流量,HF1進水渠上個月反向流量,,WT_RW_000001,FLOW,FLOW,2026-09-21 15:47:00.353,2026-09-21 15:47:00.353
TW013,NTE,Sha Tin Water Treatment Works,沙田滤水厂,沙田濾水廠,FlowKiosk5_SHT_AnalogCountLastMonthS89,s89号管上个月出厂正向流量,s89號管上個月出廠正向流量,MLD,WT_TW_000004,FLOW,FLOW,2026-09-21 15:47:00.353,2026-09-21 15:47:00.353
TW013,NTE,Sha Tin Water Treatment Works,沙田滤水厂,沙田濾水廠,FlowKiosk5_SHT_VolumeCountLastDayS89,s89号管昨天出厂正向流量,s89號管昨天出廠正向流量,ML,WT_TW_000004,FLOW,FLOW,2026-09-21 15:47:00.353,2026-09-21 15:47:00.353
TW013,NTE,Sha Tin Water Treatment Works,沙田滤水厂,沙田濾水廠,Raw_RawWater_SHT_Raw_Water_Turbidity,原水水质浊度(万宜水库),原水水質濁度(萬宜水庫),,WT_RW_000001,WATER QUALITY,TURBIDITY,2026-09-21 15:47:00.353,2026-09-21 15:47:00.353
TW013,NTE,Sha Tin Water Treatment Works,沙田滤水厂,沙田濾水廠,FlowKiosk5_SHT_VolumeCountTotalS89_Reverse,s89号管出厂累计反向流量,s89號管出廠累計反向流量,,WT_TW_000004,FLOW,FLOW,2026-09-21 15:47:00.353,2026-09-21 15:47:00.353
TW013,NTE,Sha Tin Water Treatment Works,沙田滤水厂,沙田濾水廠,HV_Valve_Outlet_Pressure_10_Pressure,进水管泵站10泵后出水压力,進水管泵站10泵後出水壓力,m,WT_RW_000001,PRESSURE,PRESSURE,2026-09-21 15:47:00.353,2026-09-21 15:47:00.353
TW013,NTE,Sha Tin Water Treatment Works,沙田滤水厂,沙田濾水廠,Inlet_Flow_F945_LastMonthRevFlow,F945进水上个月反向流量,F945進水上個月反向流量,ML,WT_RW_000001,FLOW,FLOW,2026-09-21 15:47:00.353,2026-09-21 15:47:00.353
TW013,NTE,Sha Tin Water Treatment Works,沙田滤水厂,沙田濾水廠,HF1Flow_VolumeCountMonthly,HF1进水渠本月正向流量,HF1進水渠本月正向流量,,WT_RW_000001,FLOW,FLOW,2026-09-21 15:47:00.353,2026-09-21 15:47:00.353
TW013,NTE,Sha Tin Water Treatment Works,沙田滤水厂,沙田濾水廠,Inlet_Flow_F945_TotalFlow,F945进水累计正向流量(开厂-当前),F945進水累計正向流量(開廠-當前),ML,WT_RW_000001,FLOW,FLOW,2026-09-21 15:47:00.353,2026-09-21 15:47:00.353
TW013,NTE,Sha Tin Water Treatment Works,沙田滤水厂,沙田濾水廠,V02_Flow_TotalRevFlow,V02进水渠累计反向流量(开厂-当前),V02進水渠累計反向流量(開廠-當前),ML,WT_RW_000001,FLOW,FLOW,2026-09-21 15:47:00.353,2026-09-21 15:47:00.353
TW013,NTE,Sha Tin Water Treatment Works,沙田滤水厂,沙田濾水廠,FlowKiosk5_SHT_VolumeCountMonthlyS89_Reverse,s89号管出厂反向流量(本月1号-当前),s89號管出廠反向流量(本月1號-當前),,WT_TW_000004,FLOW,FLOW,2026-09-21 15:47:00.353,2026-09-21 15:47:00.353
TW013,NTE,Sha Tin Water Treatment Works,沙田滤水厂,沙田濾水廠,HF11Flow_VolumeCountToday,HF11进水渠今天正向流量,HF11進水渠今天正向流量,,WT_RW_000001,FLOW,FLOW,2026-09-21 15:47:00.353,2026-09-21 15:47:00.353
TW013,NTE,Sha Tin Water Treatment Works,沙田滤水厂,沙田濾水廠,HF11Flow_VolumeCountLastMonth,HF11进水渠上个月正向流量,HF11進水渠上個月正向流量,,WT_RW_000001,FLOW,FLOW,2026-09-21 15:47:00.353,2026-09-21 15:47:00.353
TW013,NTE,Sha Tin Water Treatment Works,沙田滤水厂,沙田濾水廠,V02_Flow_MonthFlow,V02进水渠本月正向流量,V02進水渠本月正向流量,ML,WT_RW_000001,FLOW,FLOW,2026-09-21 15:47:00.353,2026-09-21 15:47:00.353
TW013,NTE,Sha Tin Water Treatment Works,沙田滤水厂,沙田濾水廠,V01_Flow_MonthFlow,V01进水渠本月正向流量,V01進水渠本月正向流量,ML,WT_RW_000001,FLOW,FLOW,2026-09-21 15:47:00.353,2026-09-21 15:47:00.353
TW013,NTE,Sha Tin Water Treatment Works,沙田滤水厂,沙田濾水廠,SIPanel1_SHT_DeliveryPressureForPump9To11,出水管泵站9-11出水压力,出水管泵站9-11出水壓力,m,WT_TW_000004,PRESSURE,PRESSURE,2026-09-21 15:47:00.353,2026-09-21 15:47:00.353
TW013,NTE,Sha Tin Water Treatment Works,沙田滤水厂,沙田濾水廠,HF11Flow_VolumeCountMonthlyReverse,HF11进水渠本月反向流量,HF11進水渠本月反向流量,,WT_RW_000001,FLOW,FLOW,2026-09-21 15:47:00.353,2026-09-21 15:47:00.353
TW013,NTE,Sha Tin Water Treatment Works,沙田滤水厂,沙田濾水廠,HF11Flow_VolumeCountLastMonthReverse,HF11进水渠上个月反向流量,HF11進水渠上個月反向流量,,WT_RW_000001,FLOW,FLOW,2026-09-21 15:47:00.353,2026-09-21 15:47:00.353
TW013,NTE,Sha Tin Water Treatment Works,沙田滤水厂,沙田濾水廠,HV_Valve_Inlet_Pressure_10_Pressure,进水管泵站10泵前入水压力,進水管泵站10泵前入水壓力,m,WT_RW_000001,PRESSURE,PRESSURE,2026-09-21 15:47:00.353,2026-09-21 15:47:00.353
TW013,NTE,Sha Tin Water Treatment Works,沙田滤水厂,沙田濾水廠,NW_FinalWater_SHT_N_Final_Water_Fl2,食水水质氟(北厂泵后),食水水質氟(北廠泵後),mg/L,WT_TW_000004,WATER QUALITY,FLUORIDE,2026-09-21 15:47:00.353,2026-09-21 15:47:00.353
TW013,NTE,Sha Tin Water Treatment Works,沙田滤水厂,沙田濾水廠,V01_Flow_TotalRevFlow,V01进水渠累计反向流量(开厂-当前),V01進水渠累計,ML,WT_RW_000001,FLOW,FLOW,2026-09-21 15:47:00.353,2026-09-21 15:47:00.353
TW013,NTE,Sha Tin Water Treatment Works,沙田滤水厂,沙田濾水廠,FlowKiosk4_SHT_VolumeCountTodayS88_Reverse,s88号管今天出厂反向流量,s88號管今天出廠反向流量,,WT_TW_000004,FLOW,FLOW,2026-09-21 15:47:00.353,2026-09-21 15:47:00.353
TW024,NTE,Ma On Shan Water Treatment Works,马鞍山滤水厂,馬鞍山濾水廠,CP1_AIR_154_PH,原水水质PH,原水水質PH,,WT_RW_000001,WATER QUALITY,PH,2026-09-21 15:47:00.353,2026-09-21 15:47:00.353
TW024,NTE,Ma On Shan Water Treatment Works,马鞍山滤水厂,馬鞍山濾水廠,CP2_AIR_502_TURBIDITY,食水水质浊度,食水水質濁度,NTU,WT_TW_000004,WATER QUALITY,TURBIDITY,2026-09-21 15:47:00.353,2026-09-21 15:47:00.353
TW024,NTE,Ma On Shan Water Treatment Works,马鞍山滤水厂,馬鞍山濾水廠,CP2_AIR_504_TW_CHLORINE_RESIDUAL,食水水质余氯,食水水質餘氯,mg/L,WT_TW_000004,WATER QUALITY,CHLORINE,2026-09-21 15:47:00.353,2026-09-21 15:47:00.353
TW024,NTE,Ma On Shan Water Treatment Works,马鞍山滤水厂,馬鞍山濾水廠,CP1_TIR_153_TEMPERATURE,原水水质温度,原水水質溫度,°C,WT_RW_000001,WATER QUALITY,TEMP,2026-09-21 15:47:00.353,2026-09-21 15:47:00.353
TW024,NTE,Ma On Shan Water Treatment Works,马鞍山滤水厂,馬鞍山濾水廠,CP2_AIR_501_FLUORIDE,食水水质氟,食水水質氟,mg/L,WT_TW_000004,WATER QUALITY,FLUORIDE,2026-09-21 15:47:00.353,2026-09-21 15:47:00.353
TW024,NTE,Ma On Shan Water Treatment Works,马鞍山滤水厂,馬鞍山濾水廠,CP1_FIR_150_FLOWRATE,原水流量,原水流量,,WT_RW_000001,FLOW,FLOW,2026-09-21 15:47:00.353,2026-09-21 15:47:00.353
TW024,NTE,Ma On Shan Water Treatment Works,马鞍山滤水厂,馬鞍山濾水廠,CP1_AIR_155_TURBIDITY,原水水质浊度,原水水質濁度,NTU,WT_RW_000001,WATER QUALITY,TURBIDITY,2026-09-21 15:47:00.353,2026-09-21 15:47:00.353
TW100,NTE,Tseung Kwan O Desalination Plant,将军澳海水化淡厂,將軍澳海水化淡廠,SL_TKO_GAC_INTAKE_T1GAC02_CF101XG01_MEAS,海水流量,海水流量,MLD,WT_RW_000001,FLOW,FLOW,2026-09-21 15:47:00.353,2026-09-21 15:47:00.353
TW100,NTE,Tseung Kwan O Desalination Plant,将军澳海水化淡厂,將軍澳海水化淡廠,SL_TKO_GAC_INTAKE_T1GAC02_CL101AXG04_MEAS,海水泵站A1压力,海水泵站A1壓力,m ,WT_RW_000001,PRESSURE,PRESSURE,2026-09-21 15:47:00.353,2026-09-21 15:47:00.353
TW100,NTE,Tseung Kwan O Desalination Plant,将军澳海水化淡厂,將軍澳海水化淡廠,SL_TKO_GAC_INTAKE_T1GAC02_CL101BXG04_MEAS,海水泵站B1压力,海水泵站B1壓力,m ,WT_RW_000001,PRESSURE,PRESSURE,2026-09-21 15:47:00.353,2026-09-21 15:47:00.353
TW100,NTE,Tseung Kwan O Desalination Plant,将军澳海水化淡厂,將軍澳海水化淡廠,SL_TKO_GAC_INTAKE_T1GAC02_CQ102XG06_MEAS,海水碳氢化合物,海水碳氫化合物,μg/L,WT_RW_000001,WATER QUALITY,HC,2026-09-21 15:47:00.353,2026-09-21 15:47:00.353
TW100,NTE,Tseung Kwan O Desalination Plant,将军澳海水化淡厂,將軍澳海水化淡廠,SL_TKO_GAC_INTAKE_T1GAC02_CQ103XG06_MEAS,海水氧化还原电位,海水氧化還原電位,mV,WT_RW_000001,WATER QUALITY,ORP,2026-09-21 15:47:00.353,2026-09-21 15:47:00.353
TW100,NTE,Tseung Kwan O Desalination Plant,将军澳海水化淡厂,將軍澳海水化淡廠,SL_TKO_GKC_PRODUCT_T1GKC01_1_AP003_STP_ACTIVE,泵机3号停止,泵浦機3號停止,,WT_TW_000004,PMP_S/S_STS,PMP_S/S_STS,2026-09-21 15:47:00.353,2026-09-21 15:47:00.353
TW100,NTE,Tseung Kwan O Desalination Plant,将军澳海水化淡厂,將軍澳海水化淡廠,SL_TKO_GKC_PRODUCT_T1GKC01_1_AP003_STR_ACTIVE,泵机3号运行,泵浦機3號運行,,WT_TW_000004,PMP_S/S_STS,PMP_S/S_STS,2026-09-21 15:47:00.353,2026-09-21 15:47:00.353
TW100,NTE,Tseung Kwan O Desalination Plant,将军澳海水化淡厂,將軍澳海水化淡廠,SL_TKO_GKC_PRODUCT_T1GKC01_CF101_MEAS_MEAS,干管流量(备用流量计),乾管流量(備用流量計),MLD,WT_TW_000004,FLOW,FLOW,2026-09-21 15:47:00.353,2026-09-21 15:47:00.353
TW100,NTE,Tseung Kwan O Desalination Plant,将军澳海水化淡厂,將軍澳海水化淡廠,SL_TKO_GKC_PRODUCT_T1GKC01_CF101XG01_MEAS,干管流量(主流量计的读数),幹管流量(主流量計的讀數),MLD,WT_TW_000004,FLOW,FLOW,2026-09-21 15:47:00.353,2026-09-21 15:47:00.353
TW100,NTE,Tseung Kwan O Desalination Plant,将军澳海水化淡厂,將軍澳海水化淡廠,SL_TKO_GKC_PRODUCT_T1GKC01_CF101XG07_MEAS,干管流量(流量计的累计器数值),乾管流量(流量計的累計器數值),MLD,WT_TW_000004,FLOW,FLOW,2026-09-21 15:47:00.353,2026-09-21 15:47:00.353
TW100,NTE,Tseung Kwan O Desalination Plant,将军澳海水化淡厂,將軍澳海水化淡廠,SL_TKO_GKC_PRODUCT_T1GKC01_CF102_MEAS_MEAS,干管流量( 备用流量计),乾管流量( 備用流量計),MLD,WT_TW_000004,FLOW,FLOW,2026-09-21 15:47:00.353,2026-09-21 15:47:00.353
TW100,NTE,Tseung Kwan O Desalination Plant,将军澳海水化淡厂,將軍澳海水化淡廠,SL_TKO_GKC_PRODUCT_T1GKC01_CF102XG01_MEAS,干管流量(主流量计的读数),幹管流量(主流量計的讀數),MLD,WT_TW_000004,FLOW,FLOW,2026-09-21 15:47:00.353,2026-09-21 15:47:00.353
TW100,NTE,Tseung Kwan O Desalination Plant,将军澳海水化淡厂,將軍澳海水化淡廠,SL_TKO_GKC_PRODUCT_T1GKC01_CF102XG07_MEAS,备用流量计(流量计的累计器数值),備用流量計(流量計的累計器數值),MLD,WT_TW_000004,FLOW,FLOW,2026-09-21 15:47:00.353,2026-09-21 15:47:00.353
TW100,NTE,Tseung Kwan O Desalination Plant,将军澳海水化淡厂,將軍澳海水化淡廠,SL_TKO_GKC_PRODUCT_T1GKC01_CF801A_OUT,备用流量计(两个主流量计读数的平均值),備用流量計(兩個主流量計讀數的執手),MLD,WT_TW_000004,FLOW,FLOW,2026-09-21 15:47:00.353,2026-09-21 15:47:00.353
TW100,NTE,Tseung Kwan O Desalination Plant,将军澳海水化淡厂,將軍澳海水化淡廠,SL_TKO_GKC_PRODUCT_T1GKC01_CP101XG02_MEAS,食水压力,食水壓力,m,WT_TW_000004,PRESSURE,PRESSURE,2026-09-21 15:47:00.353,2026-09-21 15:47:00.353
TW100,NTE,Tseung Kwan O Desalination Plant,将军澳海水化淡厂,將軍澳海水化淡廠,SL_TKO_GAC_INTAKE_T1GAC02_CQ104XG06_MEAS,海水电导率,海水電導率,µS/cm,WT_RW_000001,WATER QUALITY,EC,2026-09-21 15:47:00.353,2026-09-21 15:47:00.353
TW100,NTE,Tseung Kwan O Desalination Plant,将军澳海水化淡厂,將軍澳海水化淡廠,SL_TKO_GAC_INTAKE_T1GAC02_CQ105XG06_MEAS,海水浊度,海水濁度,NTU,WT_RW_000001,WATER QUALITY,TURBIDITY,2026-09-21 15:47:00.353,2026-09-21 15:47:00.353
TW100,NTE,Tseung Kwan O Desalination Plant,将军澳海水化淡厂,將軍澳海水化淡廠,SL_TKO_GAC_INTAKE_T1GAC01_CL101AXG04_MEAS,海水泵站A1压力,海水泵站A1壓力,m ,WT_RW_000001,PRESSURE,PRESSURE,2026-09-21 15:47:00.353,2026-09-21 15:47:00.353
TW100,NTE,Tseung Kwan O Desalination Plant,将军澳海水化淡厂,將軍澳海水化淡廠,SL_TKO_GAC_INTAKE_T1GAC01_CL101BXG04_MEAS,海水泵站B1压力,海水泵站B1壓力,m ,WT_RW_000001,PRESSURE,PRESSURE,2026-09-21 15:47:00.353,2026-09-21 15:47:00.353
TW100,NTE,Tseung Kwan O Desalination Plant,将军澳海水化淡厂,將軍澳海水化淡廠,SL_TKO_GAC_INTAKE_T1GAC02_CQ106XG06_MEAS,海水PH,海水PH,,WT_RW_000001,WATER QUALITY,PH,2026-09-21 15:47:00.353,2026-09-21 15:47:00.353
TW100,NTE,Tseung Kwan O Desalination Plant,将军澳海水化淡厂,將軍澳海水化淡廠,SL_TKO_GAC_INTAKE_T1GAC02_CQ107XG06_MEAS,海水余氯,海水餘氯,mg/L,WT_RW_000001,WATER QUALITY,CHLORINE,2026-09-21 15:47:00.353,2026-09-21 15:47:00.353
TW100,NTE,Tseung Kwan O Desalination Plant,将军澳海水化淡厂,將軍澳海水化淡廠,SL_TKO_GAC_INTAKE_T1GAC02_CQ108XQ06_MEAS,海水叶绿素,海水葉綠素,µg/L,WT_RW_000001,WATER QUALITY,CHL,2026-09-21 15:47:00.353,2026-09-21 15:47:00.353
TW100,NTE,Tseung Kwan O Desalination Plant,将军澳海水化淡厂,將軍澳海水化淡廠,SL_TKO_GAC_INTAKE_T1GAC02_CQ109XG06_MEAS,海水溶解氧,海水溶氧,mg/L,WT_RW_000001,WATER QUALITY,DO,2026-09-21 15:47:00.353,2026-09-21 15:47:00.353
TW100,NTE,Tseung Kwan O Desalination Plant,将军澳海水化淡厂,將軍澳海水化淡廠,SL_TKO_GAC_INTAKE_T1GAC02_CT101XG05_MEAS,海水温度,海水溫度,°C,WT_RW_000001,WATER QUALITY,TEMP,2026-09-21 15:47:00.353,2026-09-21 15:47:00.353
TW100,NTE,Tseung Kwan O Desalination Plant,将军澳海水化淡厂,將軍澳海水化淡廠,SL_TKO_GKC_PRODUCT_T1GKC01_1_AP002_STP_ACTIVE,泵机2号停止,泵浦機2號停止,,WT_TW_000004,PMP_S/S_STS,PMP_S/S_STS,2026-09-21 15:47:00.353,2026-09-21 15:47:00.353
TW100,NTE,Tseung Kwan O Desalination Plant,将军澳海水化淡厂,將軍澳海水化淡廠,SL_TKO_GKC_PRODUCT_T1GKC01_1_AP002_STR_ACTIVE,泵机2号运行,泵浦機2號運行,,WT_TW_000004,PMP_S/S_STS,PMP_S/S_STS,2026-09-21 15:47:00.353,2026-09-21 15:47:00.353
TW100,NTE,Tseung Kwan O Desalination Plant,将军澳海水化淡厂,將軍澳海水化淡廠,SL_TKO_GKC_PRODUCT_T1GKC01_1_AP003_EMG_ACTIVE,泵机3号故障,泵浦機3號故障,,WT_TW_000004,PMP_ALARM_STS,PMP_ALARM_STS,2026-09-21 15:47:00.353,2026-09-21 15:47:00.353
TW100,NTE,Tseung Kwan O Desalination Plant,将军澳海水化淡厂,將軍澳海水化淡廠,SL_TKO_GKB_PRODUCT_T1GKB01_CQ112XQ16_MEAS,食水氟,食水氟,mg/L,WT_TW_000004,WATER QUALITY,FLUORIDE,2026-09-21 15:47:00.353,2026-09-21 15:47:00.353
TW100,NTE,Tseung Kwan O Desalination Plant,将军澳海水化淡厂,將軍澳海水化淡廠,SL_TKO_GKC_PRODUCT_T1GKC01_1_AP001_EMG_ACTIVE,泵机1号故障,泵浦機1號故障,,WT_TW_000004,PMP_ALARM_STS,PMP_ALARM_STS,2026-09-21 15:47:00.353,2026-09-21 15:47:00.353
TW100,NTE,Tseung Kwan O Desalination Plant,将军澳海水化淡厂,將軍澳海水化淡廠,SL_TKO_GKC_PRODUCT_T1GKC01_1_AP001_STP_ACTIVE,泵机1号停止,泵浦機1號停止,,WT_TW_000004,PMP_S/S_STS,PMP_S/S_STS,2026-09-21 15:47:00.353,2026-09-21 15:47:00.353
TW100,NTE,Tseung Kwan O Desalination Plant,将军澳海水化淡厂,將軍澳海水化淡廠,SL_TKO_GKC_PRODUCT_T1GKC01_1_AP001_STR_ACTIVE,泵机1号运行,泵浦機1號運行,,WT_TW_000004,PMP_S/S_STS,PMP_S/S_STS,2026-09-21 15:47:00.353,2026-09-21 15:47:00.353
TW100,NTE,Tseung Kwan O Desalination Plant,将军澳海水化淡厂,將軍澳海水化淡廠,SL_TKO_GKC_PRODUCT_T1GKC01_1_AP002_EMG_ACTIVE,泵机2号故障,泵浦機2號故障,,WT_TW_000004,PMP_ALARM_STS,PMP_ALARM_STS,2026-09-21 15:47:00.353,2026-09-21 15:47:00.353
TW100,NTE,Tseung Kwan O Desalination Plant,将军澳海水化淡厂,將軍澳海水化淡廠,SL_TKO_GKB_PRODUCT_T1GKB01_1_CL101XG04_MEAS,清水池1水位比,清水池1水位比,%,WT_TW_000004,LEVEL,LEVEL,2026-09-21 15:47:00.353,2026-09-21 15:47:00.353
TW100,NTE,Tseung Kwan O Desalination Plant,将军澳海水化淡厂,將軍澳海水化淡廠,SL_TKO_GKB_PRODUCT_T1GKB01_1_CL102XG04_MEAS,清水池2水位比,清水池2水位比,%,WT_TW_000004,LEVEL,LEVEL,2026-09-21 15:47:00.353,2026-09-21 15:47:00.353
TW100,NTE,Tseung Kwan O Desalination Plant,将军澳海水化淡厂,將軍澳海水化淡廠,SL_TKO_GKB_PRODUCT_T1GKB01_1_CQ107XG06_MEAS,食水PH,食水PH,,WT_TW_000004,WATER QUALITY,PH,2026-09-21 15:47:00.353,2026-09-21 15:47:00.353
TW100,NTE,Tseung Kwan O Desalination Plant,将军澳海水化淡厂,將軍澳海水化淡廠,SL_TKO_GKB_PRODUCT_T1GKB01_1_CQ108XG06_MEAS,食水导电率,食水導電率,µS/cm,WT_TW_000004,WATER QUALITY,EC,2026-09-21 15:47:00.353,2026-09-21 15:47:00.353
TW100,NTE,Tseung Kwan O Desalination Plant,将军澳海水化淡厂,將軍澳海水化淡廠,SL_TKO_GKB_PRODUCT_T1GKB01_1_CQ109XG06_MEAS,食水浊度,食水濁度,NTU,WT_TW_000004,WATER QUALITY,TURBIDITY,2026-09-21 15:47:00.353,2026-09-21 15:47:00.353
TW100,NTE,Tseung Kwan O Desalination Plant,将军澳海水化淡厂,將軍澳海水化淡廠,SL_TKO_GKB_PRODUCT_T1GKB01_1_CQ110XG06_MEAS,食水总氯,食水總氯,mg/L,WT_TW_000004,WATER QUALITY,CHLORINE,2026-09-21 15:47:00.353,2026-09-21 15:47:00.353
TW100,NTE,Tseung Kwan O Desalination Plant,将军澳海水化淡厂,將軍澳海水化淡廠,SL_TKO_GKB_PRODUCT_T1GKB01_1_CQ111XG06_MEAS,食水余氯,食水餘氯,mg/L,WT_TW_000004,WATER QUALITY,CHLORINE,2026-09-21 15:47:00.353,2026-09-21 15:47:00.353
