"id","region","item_code","item_name","item_value","unit","etl_time","dm_update_time","dm_load_time","yr"
"610f237c-7f36-8b3f-fc75-fa163e9bb5e8",HKSAR,bi_p_216,Service Reservoir Supply Volume,760.38579,MCM,2026-08-21 10:31:45.486,2026-08-21 10:31:45.486,2026-08-21 10:31:45.486,2022
"61c5ef4e-7f36-8b3f-fc75-fa163e9bb5e8",K,bi_p_217,Service Reservoir Supply Volume,78.95040,MCM,2026-08-21 10:31:45.486,2026-08-21 10:31:45.486,2026-08-21 10:31:45.486,2007
"61c837d6-7f36-8b3f-fc75-fa163e9bb5e8",NTW,bi_p_217,Service Reservoir Supply Volume,127.56900,MCM,2026-08-21 10:31:45.486,2026-08-21 10:31:45.486,2026-08-21 10:31:45.486,2024
"61c89b4a-7f36-8b3f-fc75-fa163e9bb5e8",K,bi_p_217,Service Reservoir Supply Volume,200.58526,MCM,2026-08-21 10:31:45.486,2026-08-21 10:31:45.486,2026-08-21 10:31:45.486,2020
"61ca7dd4-7f36-8b3f-fc75-fa163e9bb5e8",HKI,bi_p_217,Service Reservoir Supply Volume,112.80881,MCM,2026-08-21 10:31:45.486,2026-08-21 10:31:45.486,2026-08-21 10:31:45.486,2020
"61cc6b76-7f36-8b3f-fc75-fa163e9bb5e8",NTE,bi_p_217,Service Reservoir Supply Volume,285.69887,MCM,2026-08-21 10:31:45.486,2026-08-21 10:31:45.486,2026-08-21 10:31:45.486,2016
"61ce4f9a-7f36-8b3f-fc75-fa163e9bb5e8",NTE,bi_p_217,Service Reservoir Supply Volume,293.85274,MCM,2026-08-21 10:31:45.486,2026-08-21 10:31:45.486,2026-08-21 10:31:45.486,2018
"61d14678-7f36-8b3f-fc75-fa163e9bb5e8",K,bi_p_217,Service Reservoir Supply Volume,133.67447,MCM,2026-08-21 10:31:45.486,2026-08-21 10:31:45.486,2026-08-21 10:31:45.486,2013
"61d20a54-7f36-8b3f-fc75-fa163e9bb5e8",NTW,bi_p_217,Service Reservoir Supply Volume,137.68485,MCM,2026-08-21 10:31:45.486,2026-08-21 10:31:45.486,2026-08-21 10:31:45.486,2023
"61d26ac6-7f36-8b3f-fc75-fa163e9bb5e8",HKI,bi_p_217,Service Reservoir Supply Volume,122.63289,MCM,2026-08-21 10:31:45.486,2026-08-21 10:31:45.486,2026-08-21 10:31:45.486,2009
"61d399c8-7f36-8b3f-fc75-fa163e9bb5e8",HKI,bi_p_217,Service Reservoir Supply Volume,109.01939,MCM,2026-08-21 10:31:45.486,2026-08-21 10:31:45.486,2026-08-21 10:31:45.486,2011
"61d516fe-7f36-8b3f-fc75-fa163e9bb5e8",NTW,bi_p_217,Service Reservoir Supply Volume,128.23268,MCM,2026-08-21 10:31:45.486,2026-08-21 10:31:45.486,2026-08-21 10:31:45.486,2025
"61d69eac-7f36-8b3f-fc75-fa163e9bb5e8",HKI,bi_p_217,Service Reservoir Supply Volume,105.82354,MCM,2026-08-21 10:31:45.486,2026-08-21 10:31:45.486,2026-08-21 10:31:45.486,2023
"61d70004-7f36-8b3f-fc75-fa163e9bb5e8",NTE,bi_p_217,Service Reservoir Supply Volume,275.60790,MCM,2026-08-21 10:31:45.486,2026-08-21 10:31:45.486,2026-08-21 10:31:45.486,2008
"61d75ffe-7f36-8b3f-fc75-fa163e9bb5e8",NTE,bi_p_217,Service Reservoir Supply Volume,294.06093,MCM,2026-08-21 10:31:45.486,2026-08-21 10:31:45.486,2026-08-21 10:31:45.486,2011
"61d881b8-7f36-8b3f-fc75-fa163e9bb5e8",NTW,bi_p_217,Service Reservoir Supply Volume,105.62514,MCM,2026-08-21 10:31:45.486,2026-08-21 10:31:45.486,2026-08-21 10:31:45.486,2015
"61d9a21e-7f36-8b3f-fc75-fa163e9bb5e8",HKI,bi_p_217,Service Reservoir Supply Volume,102.72144,MCM,2026-08-21 10:31:45.486,2026-08-21 10:31:45.486,2026-08-21 10:31:45.486,2024
"61dbea56-7f36-8b3f-fc75-fa163e9bb5e8",NTE,bi_p_217,Service Reservoir Supply Volume,281.62762,MCM,2026-08-21 10:31:45.486,2026-08-21 10:31:45.486,2026-08-21 10:31:45.486,2010
"61de3964-7f36-8b3f-fc75-fa163e9bb5e8",NTW,bi_p_217,Service Reservoir Supply Volume,149.51143,MCM,2026-08-21 10:31:45.486,2026-08-21 10:31:45.486,2026-08-21 10:31:45.486,2018
"61de9c88-7f36-8b3f-fc75-fa163e9bb5e8",NTE,bi_p_217,Service Reservoir Supply Volume,269.67439,MCM,2026-08-21 10:31:45.486,2026-08-21 10:31:45.486,2026-08-21 10:31:45.486,2007
"61e0256c-7f36-8b3f-fc75-fa163e9bb5e8",K,bi_p_217,Service Reservoir Supply Volume,87.19541,MCM,2026-08-21 10:31:45.486,2026-08-21 10:31:45.486,2026-08-21 10:31:45.486,2012
"61e10298-7f36-8b3f-fc75-fa163e9bb5e8",NTW,bi_p_217,Service Reservoir Supply Volume,72.01430,MCM,2026-08-21 10:31:45.486,2026-08-21 10:31:45.486,2026-08-21 10:31:45.486,2012
"61e22506-7f36-8b3f-fc75-fa163e9bb5e8",K,bi_p_217,Service Reservoir Supply Volume,63.88784,MCM,2026-08-21 10:31:45.486,2026-08-21 10:31:45.486,2026-08-21 10:31:45.486,2008
"61e46b4a-7f36-8b3f-fc75-fa163e9bb5e8",HKI,bi_p_217,Service Reservoir Supply Volume,0.00000,MCM,2026-08-21 10:31:45.486,2026-08-21 10:31:45.486,2026-08-21 10:31:45.486,2026
"61e5fe1a-7f36-8b3f-fc75-fa163e9bb5e8",HKI,bi_p_217,Service Reservoir Supply Volume,112.25688,MCM,2026-08-21 10:31:45.486,2026-08-21 10:31:45.486,2026-08-21 10:31:45.486,2014
"61e661de-7f36-8b3f-fc75-fa163e9bb5e8",K,bi_p_217,Service Reservoir Supply Volume,240.74425,MCM,2026-08-21 10:31:45.486,2026-08-21 10:31:45.486,2026-08-21 10:31:45.486,2024
"610972ba-7f36-8b3f-fc75-fa163e9bb5e8",HKSAR,bi_p_216,Service Reservoir Supply Volume,597.41761,MCM,2026-08-21 10:31:45.486,2026-08-21 10:31:45.486,2026-08-21 10:31:45.486,2013
"610a9f0a-7f36-8b3f-fc75-fa163e9bb5e8",HKSAR,bi_p_216,Service Reservoir Supply Volume,584.72927,MCM,2026-08-21 10:31:45.486,2026-08-21 10:31:45.486,2026-08-21 10:31:45.486,2008
"610b6336-7f36-8b3f-fc75-fa163e9bb5e8",HKSAR,bi_p_216,Service Reservoir Supply Volume,637.46136,MCM,2026-08-21 10:31:45.486,2026-08-21 10:31:45.486,2026-08-21 10:31:45.486,2015
"611082a8-7f36-8b3f-fc75-fa163e9bb5e8",HKSAR,bi_p_216,Service Reservoir Supply Volume,708.58861,MCM,2026-08-21 10:31:45.486,2026-08-21 10:31:45.486,2026-08-21 10:31:45.486,2018
"61c52a5a-7f36-8b3f-fc75-fa163e9bb5e8",K,bi_p_217,Service Reservoir Supply Volume,137.64252,MCM,2026-08-21 10:31:45.486,2026-08-21 10:31:45.486,2026-08-21 10:31:45.486,2017
"61c59008-7f36-8b3f-fc75-fa163e9bb5e8",NTW,bi_p_217,Service Reservoir Supply Volume,119.33048,MCM,2026-08-21 10:31:45.486,2026-08-21 10:31:45.486,2026-08-21 10:31:45.486,2005
"61c6bafa-7f36-8b3f-fc75-fa163e9bb5e8",HKI,bi_p_217,Service Reservoir Supply Volume,133.85779,MCM,2026-08-21 10:31:45.486,2026-08-21 10:31:45.486,2026-08-21 10:31:45.486,2010
"61c779fe-7f36-8b3f-fc75-fa163e9bb5e8",NTW,bi_p_217,Service Reservoir Supply Volume,124.30493,MCM,2026-08-21 10:31:45.486,2026-08-21 10:31:45.486,2026-08-21 10:31:45.486,2008
"61c7d912-7f36-8b3f-fc75-fa163e9bb5e8",K,bi_p_217,Service Reservoir Supply Volume,228.99208,MCM,2026-08-21 10:31:45.486,2026-08-21 10:31:45.486,2026-08-21 10:31:45.486,2022
"61c8fc3e-7f36-8b3f-fc75-fa163e9bb5e8",NTW,bi_p_217,Service Reservoir Supply Volume,129.59157,MCM,2026-08-21 10:31:45.486,2026-08-21 10:31:45.486,2026-08-21 10:31:45.486,2022
"61c95d82-7f36-8b3f-fc75-fa163e9bb5e8",NTE,bi_p_217,Service Reservoir Supply Volume,292.92409,MCM,2026-08-21 10:31:45.486,2026-08-21 10:31:45.486,2026-08-21 10:31:45.486,2017
"61c9be3a-7f36-8b3f-fc75-fa163e9bb5e8",NTE,bi_p_217,Service Reservoir Supply Volume,316.53373,MCM,2026-08-21 10:31:45.486,2026-08-21 10:31:45.486,2026-08-21 10:31:45.486,2024
"61cba402-7f36-8b3f-fc75-fa163e9bb5e8",HKI,bi_p_217,Service Reservoir Supply Volume,106.55275,MCM,2026-08-21 10:31:45.486,2026-08-21 10:31:45.486,2026-08-21 10:31:45.486,2016
"61cc09b0-7f36-8b3f-fc75-fa163e9bb5e8",K,bi_p_217,Service Reservoir Supply Volume,169.62876,MCM,2026-08-21 10:31:45.486,2026-08-21 10:31:45.486,2026-08-21 10:31:45.486,2019
"61cd2f8e-7f36-8b3f-fc75-fa163e9bb5e8",NTW,bi_p_217,Service Reservoir Supply Volume,162.63319,MCM,2026-08-21 10:31:45.486,2026-08-21 10:31:45.486,2026-08-21 10:31:45.486,2006
"61cd9046-7f36-8b3f-fc75-fa163e9bb5e8",HKI,bi_p_217,Service Reservoir Supply Volume,113.10850,MCM,2026-08-21 10:31:45.486,2026-08-21 10:31:45.486,2026-08-21 10:31:45.486,2017
"61cf6bd2-7f36-8b3f-fc75-fa163e9bb5e8",NTE,bi_p_217,Service Reservoir Supply Volume,280.27138,MCM,2026-08-21 10:31:45.486,2026-08-21 10:31:45.486,2026-08-21 10:31:45.486,2014
"61cfcb4a-7f36-8b3f-fc75-fa163e9bb5e8",K,bi_p_217,Service Reservoir Supply Volume,82.82820,MCM,2026-08-21 10:31:45.486,2026-08-21 10:31:45.486,2026-08-21 10:31:45.486,2006
"61d02892-7f36-8b3f-fc75-fa163e9bb5e8",HKI,bi_p_217,Service Reservoir Supply Volume,104.91231,MCM,2026-08-21 10:31:45.486,2026-08-21 10:31:45.486,2026-08-21 10:31:45.486,2013
"61d08774-7f36-8b3f-fc75-fa163e9bb5e8",NTW,bi_p_217,Service Reservoir Supply Volume,144.07832,MCM,2026-08-21 10:31:45.486,2026-08-21 10:31:45.486,2026-08-21 10:31:45.486,2016
"61d33488-7f36-8b3f-fc75-fa163e9bb5e8",NTE,bi_p_217,Service Reservoir Supply Volume,309.66189,MCM,2026-08-21 10:31:45.486,2026-08-21 10:31:45.486,2026-08-21 10:31:45.486,2025
"61d3fb8e-7f36-8b3f-fc75-fa163e9bb5e8",K,bi_p_217,Service Reservoir Supply Volume,76.44630,MCM,2026-08-21 10:31:45.486,2026-08-21 10:31:45.486,2026-08-21 10:31:45.486,2010
"61d4b952-7f36-8b3f-fc75-fa163e9bb5e8",K,bi_p_217,Service Reservoir Supply Volume,148.04318,MCM,2026-08-21 10:31:45.486,2026-08-21 10:31:45.486,2026-08-21 10:31:45.486,2018
"61d577d4-7f36-8b3f-fc75-fa163e9bb5e8",NTW,bi_p_217,Service Reservoir Supply Volume,123.00881,MCM,2026-08-21 10:31:45.486,2026-08-21 10:31:45.486,2026-08-21 10:31:45.486,2021
"61d63d5e-7f36-8b3f-fc75-fa163e9bb5e8",NTW,bi_p_217,Service Reservoir Supply Volume,130.42864,MCM,2026-08-21 10:31:45.486,2026-08-21 10:31:45.486,2026-08-21 10:31:45.486,2014
"61d8e02c-7f36-8b3f-fc75-fa163e9bb5e8",HKI,bi_p_217,Service Reservoir Supply Volume,98.59928,MCM,2026-08-21 10:31:45.486,2026-08-21 10:31:45.486,2026-08-21 10:31:45.486,2021
"61dac5f4-7f36-8b3f-fc75-fa163e9bb5e8",NTW,bi_p_217,Service Reservoir Supply Volume,81.55898,MCM,2026-08-21 10:31:45.486,2026-08-21 10:31:45.486,2026-08-21 10:31:45.486,2010
"61db268e-7f36-8b3f-fc75-fa163e9bb5e8",HKI,bi_p_217,Service Reservoir Supply Volume,113.24829,MCM,2026-08-21 10:31:45.486,2026-08-21 10:31:45.486,2026-08-21 10:31:45.486,2015
"61dd114c-7f36-8b3f-fc75-fa163e9bb5e8",HKI,bi_p_217,Service Reservoir Supply Volume,100.71789,MCM,2026-08-21 10:31:45.486,2026-08-21 10:31:45.486,2026-08-21 10:31:45.486,2022
"61df002e-7f36-8b3f-fc75-fa163e9bb5e8",NTW,bi_p_217,Service Reservoir Supply Volume,124.28431,MCM,2026-08-21 10:31:45.486,2026-08-21 10:31:45.486,2026-08-21 10:31:45.486,2019
"61e0a17c-7f36-8b3f-fc75-fa163e9bb5e8",NTE,bi_p_217,Service Reservoir Supply Volume,280.43305,MCM,2026-08-21 10:31:45.486,2026-08-21 10:31:45.486,2026-08-21 10:31:45.486,2009
"61e1636e-7f36-8b3f-fc75-fa163e9bb5e8",NTW,bi_p_217,Service Reservoir Supply Volume,71.41957,MCM,2026-08-21 10:31:45.486,2026-08-21 10:31:45.486,2026-08-21 10:31:45.486,2011
"610a086a-7f36-8b3f-fc75-fa163e9bb5e8",HKSAR,bi_p_216,Service Reservoir Supply Volume,0.00000,MCM,2026-08-21 10:31:45.486,2026-08-21 10:31:45.486,2026-08-21 10:31:45.486,2026
"610aff22-7f36-8b3f-fc75-fa163e9bb5e8",HKSAR,bi_p_216,Service Reservoir Supply Volume,6022.32044,MCM,2026-08-21 10:31:45.486,2026-08-21 10:31:45.486,2026-08-21 10:31:45.486,2005
"610c8518-7f36-8b3f-fc75-fa163e9bb5e8",HKSAR,bi_p_216,Service Reservoir Supply Volume,692.10835,MCM,2026-08-21 10:31:45.486,2026-08-21 10:31:45.486,2026-08-21 10:31:45.486,2017
"610d47d2-7f36-8b3f-fc75-fa163e9bb5e8",HKSAR,bi_p_216,Service Reservoir Supply Volume,584.29179,MCM,2026-08-21 10:31:45.486,2026-08-21 10:31:45.486,2026-08-21 10:31:45.486,2011
"610e68f6-7f36-8b3f-fc75-fa163e9bb5e8",HKSAR,bi_p_216,Service Reservoir Supply Volume,735.64885,MCM,2026-08-21 10:31:45.486,2026-08-21 10:31:45.486,2026-08-21 10:31:45.486,2021
"610fb4d6-7f36-8b3f-fc75-fa163e9bb5e8",HKSAR,bi_p_216,Service Reservoir Supply Volume,546.08337,MCM,2026-08-21 10:31:45.486,2026-08-21 10:31:45.486,2026-08-21 10:31:45.486,2009
"6110128c-7f36-8b3f-fc75-fa163e9bb5e8",HKSAR,bi_p_216,Service Reservoir Supply Volume,687.24761,MCM,2026-08-21 10:31:45.486,2026-08-21 10:31:45.486,2026-08-21 10:31:45.486,2016
"6110e482-7f36-8b3f-fc75-fa163e9bb5e8",HKSAR,bi_p_216,Service Reservoir Supply Volume,781.39711,MCM,2026-08-21 10:31:45.486,2026-08-21 10:31:45.486,2026-08-21 10:31:45.486,2025
"61cadc16-7f36-8b3f-fc75-fa163e9bb5e8",K,bi_p_217,Service Reservoir Supply Volume,219.28191,MCM,2026-08-21 10:31:45.486,2026-08-21 10:31:45.486,2026-08-21 10:31:45.486,2021
"61cb44d0-7f36-8b3f-fc75-fa163e9bb5e8",NTE,bi_p_217,Service Reservoir Supply Volume,295.11902,MCM,2026-08-21 10:31:45.486,2026-08-21 10:31:45.486,2026-08-21 10:31:45.486,2020
"61cccaa8-7f36-8b3f-fc75-fa163e9bb5e8",NTE,bi_p_217,Service Reservoir Supply Volume,312.88839,MCM,2026-08-21 10:31:45.486,2026-08-21 10:31:45.486,2026-08-21 10:31:45.486,2023
"61cdef96-7f36-8b3f-fc75-fa163e9bb5e8",NTE,bi_p_217,Service Reservoir Supply Volume,294.29940,MCM,2026-08-21 10:31:45.486,2026-08-21 10:31:45.486,2026-08-21 10:31:45.486,2019
"61cf0e12-7f36-8b3f-fc75-fa163e9bb5e8",HKI,bi_p_217,Service Reservoir Supply Volume,117.18127,MCM,2026-08-21 10:31:45.486,2026-08-21 10:31:45.486,2026-08-21 10:31:45.486,2018
"61d0e750-7f36-8b3f-fc75-fa163e9bb5e8",K,bi_p_217,Service Reservoir Supply Volume,0.00000,MCM,2026-08-21 10:31:45.486,2026-08-21 10:31:45.486,2026-08-21 10:31:45.486,2026
"61d1aa00-7f36-8b3f-fc75-fa163e9bb5e8",NTE,bi_p_217,Service Reservoir Supply Volume,0.00000,MCM,2026-08-21 10:31:45.486,2026-08-21 10:31:45.486,2026-08-21 10:31:45.486,2026
"61d4594e-7f36-8b3f-fc75-fa163e9bb5e8",NTW,bi_p_217,Service Reservoir Supply Volume,0.00000,MCM,2026-08-21 10:31:45.486,2026-08-21 10:31:45.486,2026-08-21 10:31:45.486,2026
"61d7be86-7f36-8b3f-fc75-fa163e9bb5e8",K,bi_p_217,Service Reservoir Supply Volume,151.13680,MCM,2026-08-21 10:31:45.486,2026-08-21 10:31:45.486,2026-08-21 10:31:45.486,2005
"61d820a6-7f36-8b3f-fc75-fa163e9bb5e8",NTW,bi_p_217,Service Reservoir Supply Volume,80.36231,MCM,2026-08-21 10:31:45.486,2026-08-21 10:31:45.486,2026-08-21 10:31:45.486,2013
"61db871e-7f36-8b3f-fc75-fa163e9bb5e8",NTE,bi_p_217,Service Reservoir Supply Volume,5649.41859,MCM,2026-08-21 10:31:45.486,2026-08-21 10:31:45.486,2026-08-21 10:31:45.486,2005
"61dcad10-7f36-8b3f-fc75-fa163e9bb5e8",NTW,bi_p_217,Service Reservoir Supply Volume,144.09212,MCM,2026-08-21 10:31:45.486,2026-08-21 10:31:45.486,2026-08-21 10:31:45.486,2007
"61dd75c4-7f36-8b3f-fc75-fa163e9bb5e8",K,bi_p_217,Service Reservoir Supply Volume,166.67874,MCM,2026-08-21 10:31:45.486,2026-08-21 10:31:45.486,2026-08-21 10:31:45.486,2014
"61df5f56-7f36-8b3f-fc75-fa163e9bb5e8",NTW,bi_p_217,Service Reservoir Supply Volume,134.45342,MCM,2026-08-21 10:31:45.486,2026-08-21 10:31:45.486,2026-08-21 10:31:45.486,2020
"61e2847e-7f36-8b3f-fc75-fa163e9bb5e8",NTE,bi_p_217,Service Reservoir Supply Volume,267.72350,MCM,2026-08-21 10:31:45.486,2026-08-21 10:31:45.486,2026-08-21 10:31:45.486,2012
"61e34986-7f36-8b3f-fc75-fa163e9bb5e8",K,bi_p_217,Service Reservoir Supply Volume,230.58064,MCM,2026-08-21 10:31:45.486,2026-08-21 10:31:45.486,2026-08-21 10:31:45.486,2023
"61e4cedc-7f36-8b3f-fc75-fa163e9bb5e8",K,bi_p_217,Service Reservoir Supply Volume,150.91767,MCM,2026-08-21 10:31:45.486,2026-08-21 10:31:45.486,2026-08-21 10:31:45.486,2016
"61e596a0-7f36-8b3f-fc75-fa163e9bb5e8",NTE,bi_p_217,Service Reservoir Supply Volume,265.92225,MCM,2026-08-21 10:31:45.486,2026-08-21 10:31:45.486,2026-08-21 10:31:45.486,2006
"610819ec-7f36-8b3f-fc75-fa163e9bb5e8",HKSAR,bi_p_216,Service Reservoir Supply Volume,694.63138,MCM,2026-08-21 10:31:45.486,2026-08-21 10:31:45.486,2026-08-21 10:31:45.486,2019
"6108b104-7f36-8b3f-fc75-fa163e9bb5e8",HKSAR,bi_p_216,Service Reservoir Supply Volume,689.63564,MCM,2026-08-21 10:31:45.486,2026-08-21 10:31:45.486,2026-08-21 10:31:45.486,2014
"6109137e-7f36-8b3f-fc75-fa163e9bb5e8",HKSAR,bi_p_216,Service Reservoir Supply Volume,633.02821,MCM,2026-08-21 10:31:45.486,2026-08-21 10:31:45.486,2026-08-21 10:31:45.486,2006
"610bc40c-7f36-8b3f-fc75-fa163e9bb5e8",HKSAR,bi_p_216,Service Reservoir Supply Volume,573.49069,MCM,2026-08-21 10:31:45.486,2026-08-21 10:31:45.486,2026-08-21 10:31:45.486,2010
"610c267c-7f36-8b3f-fc75-fa163e9bb5e8",HKSAR,bi_p_216,Service Reservoir Supply Volume,612.70626,MCM,2026-08-21 10:31:45.486,2026-08-21 10:31:45.486,2026-08-21 10:31:45.486,2007
"610ce80a-7f36-8b3f-fc75-fa163e9bb5e8",HKSAR,bi_p_216,Service Reservoir Supply Volume,742.96652,MCM,2026-08-21 10:31:45.486,2026-08-21 10:31:45.486,2026-08-21 10:31:45.486,2020
"610da8c6-7f36-8b3f-fc75-fa163e9bb5e8",HKSAR,bi_p_216,Service Reservoir Supply Volume,786.97741,MCM,2026-08-21 10:31:45.486,2026-08-21 10:31:45.486,2026-08-21 10:31:45.486,2023
"610e0884-7f36-8b3f-fc75-fa163e9bb5e8",HKSAR,bi_p_216,Service Reservoir Supply Volume,787.56842,MCM,2026-08-21 10:31:45.486,2026-08-21 10:31:45.486,2026-08-21 10:31:45.486,2024
"610ec6a2-7f36-8b3f-fc75-fa163e9bb5e8",HKSAR,bi_p_216,Service Reservoir Supply Volume,539.14693,MCM,2026-08-21 10:31:45.486,2026-08-21 10:31:45.486,2026-08-21 10:31:45.486,2012
"61c6548e-7f36-8b3f-fc75-fa163e9bb5e8",K,bi_p_217,Service Reservoir Supply Volume,243.69884,MCM,2026-08-21 10:31:45.486,2026-08-21 10:31:45.486,2026-08-21 10:31:45.486,2025
"61c71996-7f36-8b3f-fc75-fa163e9bb5e8",NTE,bi_p_217,Service Reservoir Supply Volume,278.46851,MCM,2026-08-21 10:31:45.486,2026-08-21 10:31:45.486,2026-08-21 10:31:45.486,2013
"61ca1d44-7f36-8b3f-fc75-fa163e9bb5e8",HKI,bi_p_217,Service Reservoir Supply Volume,120.92860,MCM,2026-08-21 10:31:45.486,2026-08-21 10:31:45.486,2026-08-21 10:31:45.486,2008
"61ceadaa-7f36-8b3f-fc75-fa163e9bb5e8",NTW,bi_p_217,Service Reservoir Supply Volume,148.43324,MCM,2026-08-21 10:31:45.486,2026-08-21 10:31:45.486,2026-08-21 10:31:45.486,2017
"61d2cc96-7f36-8b3f-fc75-fa163e9bb5e8",K,bi_p_217,Service Reservoir Supply Volume,67.05626,MCM,2026-08-21 10:31:45.486,2026-08-21 10:31:45.486,2026-08-21 10:31:45.486,2009
"61d5d922-7f36-8b3f-fc75-fa163e9bb5e8",HKI,bi_p_217,Service Reservoir Supply Volume,106.41892,MCM,2026-08-21 10:31:45.486,2026-08-21 10:31:45.486,2026-08-21 10:31:45.486,2019
"61d94062-7f36-8b3f-fc75-fa163e9bb5e8",K,bi_p_217,Service Reservoir Supply Volume,109.79191,MCM,2026-08-21 10:31:45.486,2026-08-21 10:31:45.486,2026-08-21 10:31:45.486,2011
"61da0678-7f36-8b3f-fc75-fa163e9bb5e8",HKI,bi_p_217,Service Reservoir Supply Volume,99.80370,MCM,2026-08-21 10:31:45.486,2026-08-21 10:31:45.486,2026-08-21 10:31:45.486,2025
"61da6726-7f36-8b3f-fc75-fa163e9bb5e8",HKI,bi_p_217,Service Reservoir Supply Volume,112.21372,MCM,2026-08-21 10:31:45.486,2026-08-21 10:31:45.486,2026-08-21 10:31:45.486,2012
"61dc4d98-7f36-8b3f-fc75-fa163e9bb5e8",HKI,bi_p_217,Service Reservoir Supply Volume,102.43457,MCM,2026-08-21 10:31:45.486,2026-08-21 10:31:45.486,2026-08-21 10:31:45.486,2005
"61ddd6f4-7f36-8b3f-fc75-fa163e9bb5e8",NTE,bi_p_217,Service Reservoir Supply Volume,301.08426,MCM,2026-08-21 10:31:45.486,2026-08-21 10:31:45.486,2026-08-21 10:31:45.486,2022
"61dfc04a-7f36-8b3f-fc75-fa163e9bb5e8",HKI,bi_p_217,Service Reservoir Supply Volume,119.98935,MCM,2026-08-21 10:31:45.486,2026-08-21 10:31:45.486,2026-08-21 10:31:45.486,2007
"61e1c336-7f36-8b3f-fc75-fa163e9bb5e8",NTE,bi_p_217,Service Reservoir Supply Volume,280.62280,MCM,2026-08-21 10:31:45.486,2026-08-21 10:31:45.486,2026-08-21 10:31:45.486,2015
"61e2e752-7f36-8b3f-fc75-fa163e9bb5e8",HKI,bi_p_217,Service Reservoir Supply Volume,121.64458,MCM,2026-08-21 10:31:45.486,2026-08-21 10:31:45.486,2026-08-21 10:31:45.486,2006
"61e3a9d0-7f36-8b3f-fc75-fa163e9bb5e8",K,bi_p_217,Service Reservoir Supply Volume,137.96512,MCM,2026-08-21 10:31:45.486,2026-08-21 10:31:45.486,2026-08-21 10:31:45.486,2015
"61e40c9a-7f36-8b3f-fc75-fa163e9bb5e8",NTW,bi_p_217,Service Reservoir Supply Volume,75.96117,MCM,2026-08-21 10:31:45.486,2026-08-21 10:31:45.486,2026-08-21 10:31:45.486,2009
"61e532dc-7f36-8b3f-fc75-fa163e9bb5e8",NTE,bi_p_217,Service Reservoir Supply Volume,294.75885,MCM,2026-08-21 10:31:45.486,2026-08-21 10:31:45.486,2026-08-21 10:31:45.486,2021
