"id","sensor_code","sensor_value","sensor_time","dm_update_time","dm_load_time"
dd492bc9e9cb42e9bc401b8d8f5ae021,FWBDKN05002Q00105,22.758000,2026-04-09 00:02:00.000,2026-04-09 00:13:23.851,2026-04-09 00:13:23.851
ffc5e61678e44550a597429c04118f10,FWWMNW04001Q00102,8.022000,2026-04-09 00:00:00.000,2026-04-09 00:08:26.381,2026-04-09 00:08:26.381
a046716cfa8c4b5a877dfb2fef82a0d6,FWWMNW04001Q00103,0.200000,2026-04-09 00:00:00.000,2026-04-09 00:08:26.381,2026-04-09 00:08:26.381
d4a243c08bee4d678cc86a6683b12343,FWWMNW03001Q00104,128.963600,2026-04-09 00:00:00.000,2026-04-09 00:08:26.381,2026-04-09 00:08:26.381
"68a7b3109a354fb2a2fac6c1d5cda86b",FWWMNW04001Q00105,25.000000,2026-04-09 00:01:00.000,2026-04-09 00:08:26.381,2026-04-09 00:08:26.381
"121f00e4d1c74926aac62b0064ea41a8",FWWMNW04001Q00102,8.021000,2026-04-09 00:04:00.000,2026-04-09 00:13:23.851,2026-04-09 00:13:23.851
"043f1bf0e7214a8981e559e4615f6522",FWWMNW04001Q00103,0.219000,2026-04-09 00:04:00.000,2026-04-09 00:13:23.851,2026-04-09 00:13:23.851
"25ceb189bc4a4e13aea4c14fff2a7232",FWBDKN05002Q00102,0.514000,2026-04-09 00:02:00.000,2026-04-09 00:13:23.851,2026-04-09 00:13:23.851
"46fc0999d50241188cd3fbc9812b1c1d",FWWMNW03001Q00103,0.059000,2026-04-09 00:03:00.000,2026-04-09 00:13:23.851,2026-04-09 00:13:23.851
c3467a8356b04fcc94105fe5020764b2,FWBDKN05002Q00103,0.052000,2026-04-09 00:02:00.000,2026-04-09 00:13:23.851,2026-04-09 00:13:23.851
d6f54233f2744587911bba0847b82cb8,FWWMNW03001Q00104,128.987300,2026-04-09 00:04:00.000,2026-04-09 00:13:23.851,2026-04-09 00:13:23.851
dd8df261e49b4b11945260263ce84a3e,FWBDKN05002Q00105,22.757000,2026-04-09 00:11:00.000,2026-04-09 00:23:25.682,2026-04-09 00:23:25.682
e79a1e375ef5412c948a65d641d085bf,FWBDKN05002Q00103,0.053000,2026-04-09 00:11:00.000,2026-04-09 00:23:25.682,2026-04-09 00:23:25.682
"0ed86891075e4e308c94719ed3e49ee3",FWWMNW04001Q00102,8.021000,2026-04-09 00:24:00.000,2026-04-09 00:33:09.162,2026-04-09 00:33:09.162
"0ffde2cc938b4c919f34ddde9b2ad847",FWWMNW04001Q00103,0.233000,2026-04-09 00:24:00.000,2026-04-09 00:33:09.162,2026-04-09 00:33:09.162
"1c3bd43e0b364e778152dfee5dcd3753",FWWMNW03001Q00104,129.003600,2026-04-09 00:24:00.000,2026-04-09 00:33:09.162,2026-04-09 00:33:09.162
"95cf50bd060e49d4ad6609507a75fe8a",FWWMNW04001Q00105,25.000000,2026-04-09 00:22:00.000,2026-04-09 00:33:09.162,2026-04-09 00:33:09.162
"8bc04c116f194f8bb739da660f9a8435",FWBDKN05002Q00105,22.771000,2026-04-09 00:33:00.000,2026-04-09 00:43:08.830,2026-04-09 00:43:08.830
ef16bb1bc30b40ed82159a72575aafc2,FWBDKN05002Q00102,0.497000,2026-04-09 00:32:00.000,2026-04-09 00:43:08.830,2026-04-09 00:43:08.830
"67d8407ce0b047518738a17095395f3f",FWBDKN05002Q00103,0.054000,2026-04-09 00:33:00.000,2026-04-09 00:43:08.830,2026-04-09 00:43:08.830
"0a242132754e43ed8ebc649438bd5c5f",FWBDKN05002Q00105,22.757000,2026-04-09 00:45:00.000,2026-04-09 00:53:26.627,2026-04-09 00:53:26.627
acd6ee3fa32740a5a75a3468e5b3b2d0,FWBDKN05002Q00103,0.055000,2026-04-09 00:45:00.000,2026-04-09 00:53:26.627,2026-04-09 00:53:26.627
"0092f794301d4be3ac52535e735149ab",FWWMNW03001Q00103,0.053000,2026-04-09 00:55:00.000,2026-04-09 01:03:09.158,2026-04-09 01:03:09.158
"416ae3eec42e409999e18acd9fea1f7b",FWBDKN05002Q00102,0.514000,2026-04-09 01:06:00.000,2026-04-09 01:13:09.153,2026-04-09 01:13:09.153
"93b925b0839e469bb6e9e0a57c8db857",FWWMNW04001Q00102,8.021000,2026-04-09 01:15:00.000,2026-04-09 01:23:09.722,2026-04-09 01:23:09.722
"097cd5ede1244b06b9defe52643cdcf8",FWWMNW04001Q00103,0.202000,2026-04-09 01:15:00.000,2026-04-09 01:23:09.722,2026-04-09 01:23:09.722
"1cc47cd806b946ef91664057802391f7",FWWMNW03001Q00103,0.057000,2026-04-09 01:12:00.000,2026-04-09 01:23:09.722,2026-04-09 01:23:09.722
efbaed68f31e4088b2e775d9e069af69,FWWMNW03001Q00104,128.893800,2026-04-09 01:15:00.000,2026-04-09 01:23:09.722,2026-04-09 01:23:09.722
"8554fb9fceb146e7b28627c01088efd6",FWBDKN05002Q00102,0.535000,2026-04-09 01:25:00.000,2026-04-09 01:33:09.816,2026-04-09 01:33:09.816
"4fe176b6249240d19eaa7817c4718a76",FWWMNW04001Q00102,8.021000,2026-04-09 01:32:00.000,2026-04-09 01:43:09.069,2026-04-09 01:43:09.069
f20f58efc19d4ab0af7efa13599f043c,FWWMNW04001Q00103,0.219000,2026-04-09 01:32:00.000,2026-04-09 01:43:09.069,2026-04-09 01:43:09.069
f8373c34ebdf47d5a1180aa266b19de4,FWWMNW03001Q00104,128.885500,2026-04-09 01:32:00.000,2026-04-09 01:43:09.069,2026-04-09 01:43:09.069
f4d072b3840c4ce1b9497d4edc9d0ab2,FWWMNW04001Q00105,25.000000,2026-04-09 01:34:00.000,2026-04-09 01:43:09.069,2026-04-09 01:43:09.069
"035a648bb08d488393b7062da7f5acec",FWBDKN05002Q00105,22.768000,2026-04-09 01:43:00.000,2026-04-09 01:53:09.186,2026-04-09 01:53:09.186
a6c5b400266e40b7bb0133d23edffe0e,FWBDKN05002Q00102,0.546000,2026-04-09 01:42:00.000,2026-04-09 01:53:09.186,2026-04-09 01:53:09.186
e9e01f7a0f1d4f2fb45816679192e031,FWBDKN05002Q00103,0.055000,2026-04-09 01:43:00.000,2026-04-09 01:53:09.186,2026-04-09 01:53:09.186
b11bb8a49f3b40a687e4460e5e9dddb4,FWBDKN05002Q00105,22.771000,2026-04-09 02:00:00.000,2026-04-09 02:08:08.633,2026-04-09 02:08:08.633
"0f46a6f570094101a67583af76826800",FWBDKN05002Q00102,0.557000,2026-04-09 01:58:00.000,2026-04-09 02:08:08.633,2026-04-09 02:08:08.633
"7d1089aed5d54fd88ff916a6cd2480ee",FWBDKN05002Q00103,0.052000,2026-04-09 02:00:00.000,2026-04-09 02:08:08.633,2026-04-09 02:08:08.633
"14750fe2cb22460ca1f7215cfc66298e",FWWMNW04001Q00102,8.021000,2026-04-09 02:05:00.000,2026-04-09 02:13:09.019,2026-04-09 02:13:09.019
b8f6666a18fa427d9bd6b567f1b5fda8,FWWMNW04001Q00103,0.188000,2026-04-09 02:05:00.000,2026-04-09 02:13:09.019,2026-04-09 02:13:09.019
"312f28e56e9847159ee8f40a10f6b8e7",FWWMNW03001Q00103,0.064000,2026-04-09 02:03:00.000,2026-04-09 02:13:09.019,2026-04-09 02:13:09.019
edb29f397a95487d8ece948dd3ed9fe3,FWWMNW03001Q00104,128.787000,2026-04-09 02:05:00.000,2026-04-09 02:13:09.019,2026-04-09 02:13:09.019
"7b6b59c48d5045c9b312c8083cd1efff",FWBDKN05002Q00102,0.508000,2026-04-09 00:10:00.000,2026-04-09 00:18:09.355,2026-04-09 00:18:09.355
ebce6e49cf82420aba6edf05f5794264,FWWMNW04001Q00105,25.000000,2026-04-09 00:06:00.000,2026-04-09 00:18:09.355,2026-04-09 00:18:09.355
"5d9312ab2b284ee3829d7ca822c366e5",FWWMNW03001Q00103,0.055000,2026-04-09 00:19:00.000,2026-04-09 00:28:09.255,2026-04-09 00:28:09.255
c8f66b1da6084d5292ea6bc0579e7416,FWWMNW04001Q00102,8.021000,2026-04-09 00:39:00.000,2026-04-09 00:48:25.518,2026-04-09 00:48:25.518
"4e22124ef9b74e62a36c4e93b651790c",FWWMNW04001Q00103,0.208000,2026-04-09 00:39:00.000,2026-04-09 00:48:25.518,2026-04-09 00:48:25.518
"81fdd05b20844a28b2a085f6e48757b8",FWWMNW03001Q00103,0.059000,2026-04-09 00:35:00.000,2026-04-09 00:48:25.518,2026-04-09 00:48:25.518
f8d500873b0f42f19b8c3ffa97676e77,FWWMNW03001Q00104,129.004300,2026-04-09 00:39:00.000,2026-04-09 00:48:25.518,2026-04-09 00:48:25.518
"05acaab858c54f9f9189ba0ed6e3a297",FWWMNW04001Q00105,25.000000,2026-04-09 00:37:00.000,2026-04-09 00:48:25.518,2026-04-09 00:48:25.518
f41e737d392242008925302ebb4806a2,FWBDKN05002Q00102,0.500000,2026-04-09 00:47:00.000,2026-04-09 00:58:25.206,2026-04-09 00:58:25.206
"6b19c41fb8a743e5a1516a261318132e",FWWMNW04001Q00102,8.022000,2026-04-09 00:59:00.000,2026-04-09 01:08:09.457,2026-04-09 01:08:09.457
"6ab884594adf491a9fa7f4943af646b3",FWWMNW04001Q00103,0.228000,2026-04-09 00:59:00.000,2026-04-09 01:08:09.457,2026-04-09 01:08:09.457
"5691e6db91aa409db113694c268e718b",FWWMNW03001Q00104,128.885600,2026-04-09 00:59:00.000,2026-04-09 01:08:09.457,2026-04-09 01:08:09.457
b3ba6f957e984430b8e251299fdb1cfe,FWWMNW04001Q00105,25.000000,2026-04-09 00:57:00.000,2026-04-09 01:08:09.457,2026-04-09 01:08:09.457
"74f9b866eafb42a18334380114bab1c7",FWBDKN05002Q00105,22.766000,2026-04-09 01:09:00.000,2026-04-09 01:18:08.524,2026-04-09 01:18:08.524
"848ae482c3a644c9ba5125be81c4a348",FWBDKN05002Q00103,0.052000,2026-04-09 01:09:00.000,2026-04-09 01:18:08.524,2026-04-09 01:18:08.524
"76475794460748c7ae37f39b93bb1a10",FWWMNW04001Q00105,25.000000,2026-04-09 01:16:00.000,2026-04-09 01:28:09.639,2026-04-09 01:28:09.639
"13890ea9374b49c491b683dadda8d2ec",FWBDKN05002Q00105,22.765000,2026-04-09 01:26:00.000,2026-04-09 01:38:26.168,2026-04-09 01:38:26.168
"4e72ba09735347638e8f5409ae9e3418",FWWMNW03001Q00103,0.059000,2026-04-09 01:30:00.000,2026-04-09 01:38:26.168,2026-04-09 01:38:26.168
"76d0161f9518446ba72d36f84061356b",FWBDKN05002Q00103,0.053000,2026-04-09 01:26:00.000,2026-04-09 01:38:26.168,2026-04-09 01:38:26.168
"4edd5caf499d403286da2e5c0a5f80cb",FWWMNW04001Q00102,8.021000,2026-04-09 01:49:00.000,2026-04-09 01:58:26.168,2026-04-09 01:58:26.168
"2ff01e61882142bcab083f30d55ef2fe",FWWMNW04001Q00103,0.228000,2026-04-09 01:49:00.000,2026-04-09 01:58:26.168,2026-04-09 01:58:26.168
"9fed25dd6dcc4b848bfc1d960a48304c",FWWMNW03001Q00103,0.058000,2026-04-09 01:46:00.000,2026-04-09 01:58:26.168,2026-04-09 01:58:26.168
"2e77ee4c2ddc4e4791f9750f02aea1dd",FWWMNW03001Q00104,128.899900,2026-04-09 01:49:00.000,2026-04-09 01:58:26.168,2026-04-09 01:58:26.168
"776fe6369ab74566aad6b3bfc95134b0",FWWMNW04001Q00105,25.000000,2026-04-09 01:51:00.000,2026-04-09 01:58:26.168,2026-04-09 01:58:26.168
"8d212b670522419ab5b6686373fdd990",FWWMNW04001Q00105,25.000000,2026-04-09 02:07:00.000,2026-04-09 02:18:10.176,2026-04-09 02:18:10.176
ac50ac43757b453eac4832397d9b128f,FWBDKN05002Q00105,22.780000,2026-04-09 02:16:00.000,2026-04-09 02:23:25.750,2026-04-09 02:23:25.750
bb2de389acf441b9b719fecc444238bc,FWBDKN05002Q00102,0.567000,2026-04-09 02:14:00.000,2026-04-09 02:23:25.750,2026-04-09 02:23:25.750
cb000f5d012f471c81e4064a3ecc7dab,FWBDKN05002Q00103,0.054000,2026-04-09 02:16:00.000,2026-04-09 02:23:25.750,2026-04-09 02:23:25.750
c4d9b360712a4fccb5928228aa143ccd,FWBDKN05002Q00105,22.796000,2026-04-09 06:23:00.000,2026-04-09 06:33:27.782,2026-04-09 06:33:27.782
b0ee20be9c6d4cac9f9d5b8ec1040dc1,FWBDKN05002Q00102,0.503000,2026-04-09 06:22:00.000,2026-04-09 06:33:27.782,2026-04-09 06:33:27.782
bce0f3b0af6747b5967ff852829a9c7f,FWBDKN05002Q00103,0.057000,2026-04-09 06:23:00.000,2026-04-09 06:33:27.782,2026-04-09 06:33:27.782
"315d3c0f31a94ca79858354a0ec666ba",FWWMNW04001Q00102,8.033000,2026-04-09 06:31:00.000,2026-04-09 06:43:11.141,2026-04-09 06:43:11.141
"98d0752c58014f04bf9388ac204eb52c",FWWMNW04001Q00103,0.220000,2026-04-09 06:31:00.000,2026-04-09 06:43:11.141,2026-04-09 06:43:11.141
"48ec268857e046c48b9153235b29417b",FWWMNW03001Q00104,129.070100,2026-04-09 06:31:00.000,2026-04-09 06:43:11.141,2026-04-09 06:43:11.141
e2d6a61fe3da4d0f92e73fb61eda389f,FWWMNW04001Q00105,25.000000,2026-04-09 06:44:00.000,2026-04-09 06:53:28.704,2026-04-09 06:53:28.704
a86fa624ef8646bda55a4a0004ca40bb,FWBDKN05002Q00105,22.802000,2026-04-09 06:52:00.000,2026-04-09 07:03:28.711,2026-04-09 07:03:28.711
"040a8e2b8eae4364a78ff292807a505f",FWBDKN05002Q00103,0.060000,2026-04-09 06:52:00.000,2026-04-09 07:03:28.711,2026-04-09 07:03:28.711
a47f39b440ac4d4cbf91b00767c48e50,FWBDKN05002Q00105,22.806000,2026-04-09 07:15:00.000,2026-04-09 07:23:10.416,2026-04-09 07:23:10.416
"3fc4bb164271401da3f734dfc0b8826c",FWBDKN05002Q00102,0.464000,2026-04-09 07:12:00.000,2026-04-09 07:23:10.416,2026-04-09 07:23:10.416
"7167c85e6f164610a434240cbd4c1830",FWBDKN05002Q00103,0.056000,2026-04-09 07:15:00.000,2026-04-09 07:23:10.416,2026-04-09 07:23:10.416
"40e86335c0c3476cbaa35daf8cd3925c",FWWMNW04001Q00102,8.041000,2026-04-09 07:23:00.000,2026-04-09 07:33:27.940,2026-04-09 07:33:27.940
"232bc77cffed45a8bc649a9a3d7c142b",FWWMNW04001Q00103,0.205000,2026-04-09 07:23:00.000,2026-04-09 07:33:27.940,2026-04-09 07:33:27.940
"585a1f3de4aa4f8693fbc612210d2625",FWWMNW03001Q00104,129.237100,2026-04-09 07:23:00.000,2026-04-09 07:33:27.940,2026-04-09 07:33:27.940
df181d48be664846b2c35ae58bce4efa,FWWMNW04001Q00105,25.000000,2026-04-09 07:21:00.000,2026-04-09 07:33:27.940,2026-04-09 07:33:27.940
"6cc15b3ad8584c1c8be129c24c2a008f",FWWMNW04001Q00102,8.040000,2026-04-09 07:41:00.000,2026-04-09 07:48:27.799,2026-04-09 07:48:27.799
"35f6acb860ef45ac87e2eb549fbf7b5c",FWWMNW04001Q00103,0.224000,2026-04-09 07:41:00.000,2026-04-09 07:48:27.799,2026-04-09 07:48:27.799
"57d8e5dfd36b4ee282f137ba014fe35e",FWWMNW03001Q00103,0.059000,2026-04-09 07:36:00.000,2026-04-09 07:48:27.799,2026-04-09 07:48:27.799
"5b3e035c866e4b03b0b7513eb47c42b3",FWWMNW03001Q00101,0.294000,2026-04-09 00:03:00.000,2026-04-09 00:13:23.851,2026-04-09 00:13:23.851
"20fe2aedf5694fc888e2771646d43b16",FWWMNW03001Q00101,0.292000,2026-04-09 00:19:00.000,2026-04-09 00:28:09.255,2026-04-09 00:28:09.255
c206e13b67e54433a452e2b1a2777410,FWWMNW03001Q00101,0.292000,2026-04-09 00:35:00.000,2026-04-09 00:48:25.518,2026-04-09 00:48:25.518
e15eb1289bfb4ff087503944a46ae0cc,FWWMNW03001Q00101,0.290000,2026-04-09 00:55:00.000,2026-04-09 01:03:09.158,2026-04-09 01:03:09.158
a536febd81e948e6b19f8941fca495d9,FWWMNW03001Q00101,0.290000,2026-04-09 01:12:00.000,2026-04-09 01:23:09.722,2026-04-09 01:23:09.722
dca473153c9242b3b0eeca0522479766,FWWMNW03001Q00101,0.289000,2026-04-09 01:30:00.000,2026-04-09 01:38:26.168,2026-04-09 01:38:26.168
fa3ab6ef6e5a4cf7840e998cc6d3031d,FWWMNW03001Q00101,0.288000,2026-04-09 01:46:00.000,2026-04-09 01:58:26.168,2026-04-09 01:58:26.168
"7629e3b682244185a13bef5b17946ddd",FWWMNW03001Q00101,0.286000,2026-04-09 02:03:00.000,2026-04-09 02:13:09.019,2026-04-09 02:13:09.019
dfc02bf38e0046c593a133b89d173fd6,FWWMNW03001Q00101,0.284000,2026-04-09 02:19:00.000,2026-04-09 02:28:08.977,2026-04-09 02:28:08.977
"2302e66b8f104d39b27b4f6ac65a86ed",FWWMNW03001Q00101,0.284000,2026-04-09 02:36:00.000,2026-04-09 02:48:26.413,2026-04-09 02:48:26.413
"2ee12d8661a94a41b437f22bb6e0b0d1",FWWMNW03001Q00101,0.280000,2026-04-09 02:53:00.000,2026-04-09 03:03:27.424,2026-04-09 03:03:27.424
e30c9ac1658f4b659f5ab39bf98e8397,FWWMNW03001Q00101,0.278000,2026-04-09 03:10:00.000,2026-04-09 03:18:27.391,2026-04-09 03:18:27.391
"1e7a1f8e5f524e7386ba5c99fcc917a2",FWWMNW03001Q00101,0.276000,2026-04-09 03:27:00.000,2026-04-09 03:38:25.507,2026-04-09 03:38:25.507
b6af2ad56ed547f5b0dd85fa980337be,FWWMNW03001Q00101,0.274000,2026-04-09 03:44:00.000,2026-04-09 03:53:09.166,2026-04-09 03:53:09.166
b4ef350bfcf34e28a4b85ffbd7e7d6c4,FWWMNW03001Q00101,0.272000,2026-04-09 03:56:00.000,2026-04-09 04:08:26.520,2026-04-09 04:08:26.520
"8233123b9d614ff3bb86747c1bff50b7",FWWMNW03001Q00101,0.270000,2026-04-09 04:02:00.000,2026-04-09 04:13:09.343,2026-04-09 04:13:09.343
"55f09f706b0e437f974b291ede99052d",FWWMNW03001Q00101,0.268000,2026-04-09 04:12:00.000,2026-04-09 04:23:09.273,2026-04-09 04:23:09.273
aa4dfe04641c4715a816d2df1ccff7c5,FWWMNW03001Q00101,0.266000,2026-04-09 04:30:00.000,2026-04-09 04:38:25.431,2026-04-09 04:38:25.431
"20c5f31241ca4f18a1e2d4f8928e8a3f",FWWMNW03001Q00101,0.264000,2026-04-09 04:46:00.000,2026-04-09 04:58:10.262,2026-04-09 04:58:10.262
d4152cfa66214abea01a71d503db92e8,FWWMNW03001Q00101,0.262000,2026-04-09 05:03:00.000,2026-04-09 05:13:27.400,2026-04-09 05:13:27.400
"6ef718592ffc45acbc459fdb2e2326cb",FWWMNW03001Q00101,0.260000,2026-04-09 05:20:00.000,2026-04-09 05:28:09.584,2026-04-09 05:28:09.584
ec8f3cd78ce747b29c28218041186d7b,FWWMNW03001Q00101,0.258000,2026-04-09 05:41:00.000,2026-04-09 05:53:10.351,2026-04-09 05:53:10.351
d914cc2f4f204f289f64176c1fb87a5b,FWWMNW03001Q00101,0.256000,2026-04-09 05:52:00.000,2026-04-09 06:03:09.862,2026-04-09 06:03:09.862
"425bf60a2fe74e2cbd2201dd834f6408",FWWMNW03001Q00101,0.255000,2026-04-09 06:10:00.000,2026-04-09 06:18:10.837,2026-04-09 06:18:10.837
b006395ce6d64946a17137a347f34f37,FWWMNW03001Q00101,0.254000,2026-04-09 06:27:00.000,2026-04-09 06:38:11.381,2026-04-09 06:38:11.381
"00d83ca02abb4f8f927162bf6650836e",FWWMNW03001Q00101,0.254000,2026-04-09 06:46:00.000,2026-04-09 06:58:27.630,2026-04-09 06:58:27.630
"0af688ca382540bf84dbaebcc6039dab",FWWMNW03001Q00101,0.254000,2026-04-09 06:55:00.000,2026-04-09 07:08:27.376,2026-04-09 07:08:27.376
bc8f1c8fe30444db9c095851e6e93a49,FWWMNW03001Q00101,0.255000,2026-04-09 07:19:00.000,2026-04-09 07:28:10.835,2026-04-09 07:28:10.835
f27fafe531d74e9f961181e80ed0dcfb,FWWMNW03001Q00101,0.256000,2026-04-09 07:36:00.000,2026-04-09 07:48:27.799,2026-04-09 07:48:27.799
"349812a696224ea699301b6e0f69280e",FWWMNW03001Q00101,0.258000,2026-04-09 07:53:00.000,2026-04-09 08:03:10.755,2026-04-09 08:03:10.755
"6070c3bc82a9432396ce38fd992e7141",FWWMNW03001Q00101,0.258000,2026-04-09 07:59:00.000,2026-04-09 08:08:29.430,2026-04-09 08:08:29.430
a9d1832c4598401b952984e54ec127a8,FWWMNW03001Q00101,0.258000,2026-04-09 08:04:00.000,2026-04-09 08:13:11.763,2026-04-09 08:13:11.763
c5224872b5da4ca6a91f0f49d8754bac,FWWMNW03001Q00101,0.260000,2026-04-09 08:20:00.000,2026-04-09 08:33:27.725,2026-04-09 08:33:27.725
"4d9c67bf580043298007c46dc5bd07cf",FWWMNW03001Q00101,0.266000,2026-04-09 08:36:00.000,2026-04-09 08:48:11.927,2026-04-09 08:48:11.927
"93568f1614b54cb0892d6f4639d7a823",FWWMNW03001Q00101,0.278000,2026-04-09 08:55:00.000,2026-04-09 09:08:29.445,2026-04-09 09:08:29.445
"484be8ea8d8345938e82984337482bd5",FWWMNW03001Q00101,0.278000,2026-04-09 09:10:00.000,2026-04-09 09:23:28.643,2026-04-09 09:23:28.643
"5e1a502b04b04d2eadebb18ba63f18b9",FWWMNW03001Q00101,0.281000,2026-04-09 09:30:00.000,2026-04-09 09:43:12.021,2026-04-09 09:43:12.021
"71e6efe67aec4f74ab1358e40a02a0b3",FWWMNW03001Q00101,0.280000,2026-04-09 09:47:00.000,2026-04-09 09:58:11.996,2026-04-09 09:58:11.996
f8d6313fcf874e0da84469e1c99c1f8b,FWWMNW03001Q00101,0.280000,2026-04-09 10:05:00.000,2026-04-09 10:18:11.610,2026-04-09 10:18:11.610
"91f6ded4480e4a7dae3c1557592b600b",FWWMNW03001Q00101,0.278000,2026-04-09 10:22:00.000,2026-04-09 10:33:29.040,2026-04-09 10:33:29.040
"9c70eaf0f42043f0ba381415d32c4189",FWWMNW03001Q00101,0.276000,2026-04-09 10:40:00.000,2026-04-09 10:48:11.837,2026-04-09 10:48:11.837
"749f95134339481da019f14c2e409951",FWWMNW03001Q00101,0.272000,2026-04-09 10:51:00.000,2026-04-09 11:03:11.540,2026-04-09 11:03:11.540
"48b6f4d04bac454fa15944cdc192af54",FWWMNW03001Q00101,0.266000,2026-04-09 11:08:00.000,2026-04-09 11:18:11.699,2026-04-09 11:18:11.699
ab52ceb67d9d44a9966c79b2b41aad1e,FWWMNW03001Q00101,0.260000,2026-04-09 11:25:00.000,2026-04-09 11:38:12.162,2026-04-09 11:38:12.162
"8428f473ecd14542951c50444e637c5f",FWWMNW03001Q00105,23.599000,2026-04-09 00:03:00.000,2026-04-09 00:13:23.851,2026-04-09 00:13:23.851
b1651fc1af1c4ed5b00bf6512e8c0865,FWWMNW03001Q00105,23.595000,2026-04-09 00:19:00.000,2026-04-09 00:28:09.255,2026-04-09 00:28:09.255
"81ed1a67417247dbbb010362f53ca215",FWWMNW03001Q00105,23.587000,2026-04-09 00:35:00.000,2026-04-09 00:48:25.518,2026-04-09 00:48:25.518
"54e6bf70567647319a1b9e17072d0af7",FWWMNW03001Q00105,23.591000,2026-04-09 00:55:00.000,2026-04-09 01:03:09.158,2026-04-09 01:03:09.158
"75759ef0522b41adbf64197a096ac57f",FWWMNW03001Q00105,23.591000,2026-04-09 01:12:00.000,2026-04-09 01:23:09.722,2026-04-09 01:23:09.722
"7defce9c3f0040ddbe9f5f705efa13f7",FWWMNW03001Q00105,23.591000,2026-04-09 01:30:00.000,2026-04-09 01:38:26.168,2026-04-09 01:38:26.168
"2e7109f9671a4df49ad28cd1b44b3f43",FWWMNW03001Q00105,23.587000,2026-04-09 01:46:00.000,2026-04-09 01:58:26.168,2026-04-09 01:58:26.168
cc2a4a2e186d42ab83ea90c294315870,FWWMNW03001Q00105,23.583000,2026-04-09 02:03:00.000,2026-04-09 02:13:09.019,2026-04-09 02:13:09.019
f567f3920120446b8210b2c86459f98a,FWBDKN05002Q00101,8.459000,2026-04-09 00:02:00.000,2026-04-09 00:13:23.851,2026-04-09 00:13:23.851
f4e7d6bc8bcc409d891feb125c7c5e7b,FWBDKN05002Q00101,8.460000,2026-04-09 00:09:00.000,2026-04-09 00:18:09.355,2026-04-09 00:18:09.355
dc6b1744e9eb431488e5b38676d099f7,FWBDKN05002Q00101,8.466000,2026-04-09 00:31:00.000,2026-04-09 00:38:09.525,2026-04-09 00:38:09.525
"2b888f1066cb4d65887782cfbdb04bd2",FWBDKN05002Q00101,8.469000,2026-04-09 00:44:00.000,2026-04-09 00:53:26.627,2026-04-09 00:53:26.627
"94f4442229324698b0a092a96283905c",FWBDKN05002Q00101,8.468000,2026-04-09 01:07:00.000,2026-04-09 01:18:08.524,2026-04-09 01:18:08.524
b16fc01272014628b04545dc62d79099,FWBDKN05002Q00101,8.470000,2026-04-09 01:23:00.000,2026-04-09 01:33:09.816,2026-04-09 01:33:09.816
"9f173bad597a4d5082e6fb2e786b689f",FWBDKN05002Q00101,8.470000,2026-04-09 01:40:00.000,2026-04-09 01:48:26.381,2026-04-09 01:48:26.381
"4a0620a01f3947af964b438b75a35b41",FWBDKN05002Q00101,8.472000,2026-04-09 01:57:00.000,2026-04-09 02:08:08.633,2026-04-09 02:08:08.633
"0e0caa6ea32148ef90d7cb6338614a0c",FWBDKN05002Q00101,8.470000,2026-04-09 02:14:00.000,2026-04-09 02:23:25.750,2026-04-09 02:23:25.750
fb66775383494a66b35e10ded6462a1c,FWBDKN05002Q00101,8.470000,2026-04-09 02:26:00.000,2026-04-09 02:33:27.228,2026-04-09 02:33:27.228
"289a0ec07d674499be78d871e7ecde1e",FWBDKN05002Q00101,8.472000,2026-04-09 02:48:00.000,2026-04-09 02:58:24.784,2026-04-09 02:58:24.784
"8135e5d31ca24889a0451aabeab2b11a",FWBDKN05002Q00101,8.472000,2026-04-09 03:04:00.000,2026-04-09 03:13:24.907,2026-04-09 03:13:24.907
"70629e6952074a6fbab3807bfe50d2fb",FWBDKN05002Q00101,8.474000,2026-04-09 03:21:00.000,2026-04-09 03:28:09.111,2026-04-09 03:28:09.111
ca301fb2c93045c09c05ccc3e426bb0e,FWBDKN05002Q00101,8.476000,2026-04-09 03:38:00.000,2026-04-09 03:48:10.613,2026-04-09 03:48:10.613
"9b8121aa831547d9b45ae19e99545332",FWBDKN05002Q00101,8.479000,2026-04-09 03:50:00.000,2026-04-09 03:58:25.336,2026-04-09 03:58:25.336
da1426ceda044bdbac14a442d5608713,FWBDKN05002Q00101,8.480000,2026-04-09 04:00:00.000,2026-04-09 04:08:26.520,2026-04-09 04:08:26.520
a079d3a1843c44f2a0d757c133c72f49,FWBDKN05002Q00101,8.481000,2026-04-09 04:03:00.000,2026-04-09 04:13:09.343,2026-04-09 04:13:09.343
bebbd1c1e7194f4e81b4a512ebe49411,FWBDKN05002Q00101,8.483000,2026-04-09 04:23:00.000,2026-04-09 04:33:27.510,2026-04-09 04:33:27.510
bdf1fce541744749b50b4fa515e21192,FWBDKN05002Q00101,8.484000,2026-04-09 04:41:00.000,2026-04-09 04:53:10.032,2026-04-09 04:53:10.032
"6493fd169f184d03bfd66ff75c6199e1",FWBDKN05002Q00101,8.485000,2026-04-09 04:53:00.000,2026-04-09 05:03:27.238,2026-04-09 05:03:27.238
"333bd3688efd4dc2bcce93fa3993ba37",FWBDKN05002Q00101,8.489000,2026-04-09 05:15:00.000,2026-04-09 05:23:10.317,2026-04-09 05:23:10.317
"674816b069d340e6bab0725dea9fd582",FWBDKN05002Q00101,8.489000,2026-04-09 05:31:00.000,2026-04-09 05:38:25.926,2026-04-09 05:38:25.926
"7bf287cb1572470ca528db7ff19ab721",FWBDKN05002Q00101,8.494000,2026-04-09 05:48:00.000,2026-04-09 05:58:10.407,2026-04-09 05:58:10.407
e82c93ae96d44ee6bfed7e604ad04953,FWBDKN05002Q00101,8.497000,2026-04-09 06:04:00.000,2026-04-09 06:13:27.134,2026-04-09 06:13:27.134
d80d159e24644b62b080d8ad161916ea,FWBDKN05002Q00101,8.507000,2026-04-09 06:20:00.000,2026-04-09 06:28:11.416,2026-04-09 06:28:11.416
eedb318cfc07415295b86c24bf3a3e27,FWBDKN05002Q00101,8.517000,2026-04-09 06:38:00.000,2026-04-09 06:48:11.687,2026-04-09 06:48:11.687
"26a0c229a6474287bc790665603ff983",FWBDKN05002Q00101,8.527000,2026-04-09 06:53:00.000,2026-04-09 07:03:28.711,2026-04-09 07:03:28.711
"28b82b41f5734293bedc6e845b8cdef3",FWBDKN05002Q00101,8.534000,2026-04-09 07:13:00.000,2026-04-09 07:23:10.416,2026-04-09 07:23:10.416
"9cdaad34877d4fc6b01339d21a3ef2d7",FWBDKN05002Q00101,8.537000,2026-04-09 07:26:00.000,2026-04-09 07:33:27.940,2026-04-09 07:33:27.940
ad1dad7ad1284f6382c1aeaf55dd58b1,FWBDKN05002Q00101,8.540000,2026-04-09 07:44:00.000,2026-04-09 07:53:29.078,2026-04-09 07:53:29.078
f4a3a98edde1421f9c282346017d5587,FWBDKN05002Q00101,8.541000,2026-04-09 07:57:00.000,2026-04-09 08:08:29.430,2026-04-09 08:08:29.430
"67c14f6b911947959ac5d95c89dee562",FWBDKN05002Q00101,8.540000,2026-04-09 08:03:00.000,2026-04-09 08:13:11.763,2026-04-09 08:13:11.763
a2967b3dcff846c39db998c9d509a14d,FWBDKN05002Q00101,8.543000,2026-04-09 08:12:00.000,2026-04-09 08:23:28.646,2026-04-09 08:23:28.646
"6c58e342665041b7a113c2208a90c445",FWBDKN05002Q00101,8.541000,2026-04-09 08:34:00.000,2026-04-09 08:43:11.131,2026-04-09 08:43:11.131
"073d308c46db4b3cae20d2dbc77acd9b",FWBDKN05002Q00101,8.544000,2026-04-09 08:49:00.000,2026-04-09 08:58:12.095,2026-04-09 08:58:12.095
af5479d51e4143dfb6f6fd8ca8936d9c,FWBDKN05002Q00101,8.543000,2026-04-09 09:06:00.000,2026-04-09 09:18:11.335,2026-04-09 09:18:11.335
b94ab754cb2b401fbda4b178b3687d7f,FWBDKN05002Q00101,8.544000,2026-04-09 09:24:00.000,2026-04-09 09:33:29.890,2026-04-09 09:33:29.890
a695bb43a8e343c6bd3f873923321e80,FWBDKN05002Q00101,8.546000,2026-04-09 09:42:00.000,2026-04-09 09:53:12.379,2026-04-09 09:53:12.379
e7a48f2a1db241aabc402039227a6b1f,FWBDKN05002Q00101,8.550000,2026-04-09 09:59:00.000,2026-04-09 10:08:28.332,2026-04-09 10:08:28.332
cd6ebf1f58ec41cc9dc5eeae5037d4c1,FWBDKN05002Q00101,8.550000,2026-04-09 10:16:00.000,2026-04-09 10:23:12.109,2026-04-09 10:23:12.109
"812670da3483458096a1060a9cc9df28",FWBDKN05002Q00101,8.550000,2026-04-09 10:33:00.000,2026-04-09 10:43:12.775,2026-04-09 10:43:12.775
"636c586b48ec4352856d4a119e900870",FWBDKN05002Q00101,8.554000,2026-04-09 10:57:00.000,2026-04-09 11:08:12.608,2026-04-09 11:08:12.608
edc185fcbcc048e19d7520f45bc77478,FWBDKN05002Q00101,8.564000,2026-04-09 11:14:00.000,2026-04-09 11:23:12.440,2026-04-09 11:23:12.440
edfa8f8347a24ed089e4f17c17b8dc4a,FWBDKN05002Q00101,8.549000,2026-04-09 11:35:00.000,2026-04-09 11:43:12.143,2026-04-09 11:43:12.143
"25dc0adad76f4d029f460bd4270d9881",FWBDKN05002Q00104,143.291600,2026-04-09 00:02:00.000,2026-04-09 00:13:23.851,2026-04-09 00:13:23.851
aeae19e1bf65482fa5ec7368c4e249f3,FWBDKN05002Q00104,143.292800,2026-04-09 00:11:00.000,2026-04-09 00:23:25.682,2026-04-09 00:23:25.682
"9ddb620154a14444854ab2a156b3c0ce",FWBDKN05002Q00104,143.439000,2026-04-09 00:33:00.000,2026-04-09 00:43:08.830,2026-04-09 00:43:08.830
"4cca9085a1234fcfb965900466e59d9d",FWBDKN05002Q00104,143.294700,2026-04-09 00:45:00.000,2026-04-09 00:53:26.627,2026-04-09 00:53:26.627
"5f4e8ca771854b96ac8beb7bded94a9a",FWBDKN05002Q00104,143.075400,2026-04-09 01:09:00.000,2026-04-09 01:18:08.524,2026-04-09 01:18:08.524
"9fb3733923a34c128a5e744e226d1351",FWBDKN05002Q00104,142.891100,2026-04-09 01:26:00.000,2026-04-09 01:38:26.168,2026-04-09 01:38:26.168
"4c32b639800946069d638c2d98653f03",FWBDKN05002Q00104,142.691100,2026-04-09 01:43:00.000,2026-04-09 01:53:09.186,2026-04-09 01:53:09.186
"3c9a3f5569fe44f8b1dbdd157cd3b33a",FWBDKN05002Q00104,142.681500,2026-04-09 02:00:00.000,2026-04-09 02:08:08.633,2026-04-09 02:08:08.633
d119a5b0c9c44f169611af259a6a7bbd,FWWMNW03001Q00105,23.583000,2026-04-09 02:19:00.000,2026-04-09 02:28:08.977,2026-04-09 02:28:08.977
"3186227cc5f94c389cd904b518ac0dc1",FWWMNW03001Q00105,23.587000,2026-04-09 02:36:00.000,2026-04-09 02:48:26.413,2026-04-09 02:48:26.413
c78f15d8679e4076bbf736967bf6bac5,FWWMNW03001Q00105,23.583000,2026-04-09 02:53:00.000,2026-04-09 03:03:27.424,2026-04-09 03:03:27.424
a60c598d1408455db40804620156c56a,FWWMNW03001Q00105,23.583000,2026-04-09 03:10:00.000,2026-04-09 03:18:27.391,2026-04-09 03:18:27.391
b6d087a9a6be4ae7ae9a6987416f8e95,FWWMNW03001Q00105,23.583000,2026-04-09 03:27:00.000,2026-04-09 03:38:25.507,2026-04-09 03:38:25.507
be11b9c4795b450491383408a2835370,FWWMNW03001Q00105,23.583000,2026-04-09 03:44:00.000,2026-04-09 03:53:09.166,2026-04-09 03:53:09.166
"46b22513d52b44289a3bcdd73f312c4c",FWWMNW03001Q00105,23.583000,2026-04-09 03:56:00.000,2026-04-09 04:08:26.520,2026-04-09 04:08:26.520
"6470d6c027604a1bbb42c7d7d81d152f",FWWMNW03001Q00105,23.583000,2026-04-09 04:02:00.000,2026-04-09 04:13:09.343,2026-04-09 04:13:09.343
"588a483d8c6a4293bf9bb53e71e8690b",FWWMNW03001Q00105,23.575000,2026-04-09 04:12:00.000,2026-04-09 04:23:09.273,2026-04-09 04:23:09.273
b6ced4bcf55142b8ac8e7a41d655bf8b,FWWMNW03001Q00105,23.579000,2026-04-09 04:30:00.000,2026-04-09 04:38:25.431,2026-04-09 04:38:25.431
"882e412bd9c14e4ba8150b4a1b458726",FWWMNW03001Q00105,23.583000,2026-04-09 04:46:00.000,2026-04-09 04:58:10.262,2026-04-09 04:58:10.262
"373ffb1990d7457ab1626bf31d5e9b49",FWWMNW03001Q00105,23.571000,2026-04-09 05:03:00.000,2026-04-09 05:13:27.400,2026-04-09 05:13:27.400
df00f56adba74d3b9789bde984016b4c,FWWMNW03001Q00105,23.567000,2026-04-09 05:20:00.000,2026-04-09 05:28:09.584,2026-04-09 05:28:09.584
"2e4ecbfa468a40438cb25885d52b9512",FWWMNW03001Q00105,23.571000,2026-04-09 05:41:00.000,2026-04-09 05:53:10.351,2026-04-09 05:53:10.351
"81905bab32474b7fa9c8e9333513b0bb",FWWMNW03001Q00105,23.571000,2026-04-09 05:52:00.000,2026-04-09 06:03:09.862,2026-04-09 06:03:09.862
c5617e41b4d3441a9d6c251d26ac1c80,FWWMNW03001Q00105,23.575000,2026-04-09 06:10:00.000,2026-04-09 06:18:10.837,2026-04-09 06:18:10.837
ef2765da265b4fccab43d6a3e99d2e08,FWWMNW03001Q00105,23.555000,2026-04-09 06:27:00.000,2026-04-09 06:38:11.381,2026-04-09 06:38:11.381
e096b47f3344439ba8d9903a5596232d,FWWMNW03001Q00105,23.555000,2026-04-09 06:46:00.000,2026-04-09 06:58:27.630,2026-04-09 06:58:27.630
"177b21ff668a40a89a46ab271dc80323",FWWMNW03001Q00105,23.552000,2026-04-09 06:55:00.000,2026-04-09 07:08:27.376,2026-04-09 07:08:27.376
d0502596164f47e2a93a1d896efe684c,FWWMNW03001Q00105,23.583000,2026-04-09 07:19:00.000,2026-04-09 07:28:10.835,2026-04-09 07:28:10.835
"7b0b7f19fc104d48921e0957717c0856",FWWMNW03001Q00105,23.591000,2026-04-09 07:36:00.000,2026-04-09 07:48:27.799,2026-04-09 07:48:27.799
"209c9bfa59524688901d3b164847dcc9",FWWMNW03001Q00105,23.583000,2026-04-09 07:53:00.000,2026-04-09 08:03:10.755,2026-04-09 08:03:10.755
a5be2a01b06741f8b6413c2ccad86569,FWWMNW03001Q00105,23.599000,2026-04-09 07:59:00.000,2026-04-09 08:08:29.430,2026-04-09 08:08:29.430
"69806ca0ca5043d68082b1c7c876c5be",FWWMNW03001Q00105,23.599000,2026-04-09 08:04:00.000,2026-04-09 08:13:11.763,2026-04-09 08:13:11.763
f9011c77c4d94f329bb177d2b7816656,FWWMNW03001Q00105,23.618000,2026-04-09 08:20:00.000,2026-04-09 08:33:27.725,2026-04-09 08:33:27.725
"2c8e37b037594b48a85d6e0307fc45c1",FWWMNW03001Q00105,23.622000,2026-04-09 08:36:00.000,2026-04-09 08:48:11.927,2026-04-09 08:48:11.927
fc915a79db5b46c1a3e2c1d96b8bc7f9,FWWMNW03001Q00105,23.650000,2026-04-09 08:55:00.000,2026-04-09 09:08:29.445,2026-04-09 09:08:29.445
"97ea449b0b024902ab91be51a3df6e95",FWWMNW03001Q00105,23.669000,2026-04-09 09:10:00.000,2026-04-09 09:23:28.643,2026-04-09 09:23:28.643
ee80a531f6c9417dbb6545ed68d0eb3f,FWWMNW03001Q00105,23.697000,2026-04-09 09:30:00.000,2026-04-09 09:43:12.021,2026-04-09 09:43:12.021
bc4dfdeeb8954ea783438a2594428d9b,FWWMNW03001Q00105,23.732000,2026-04-09 09:47:00.000,2026-04-09 09:58:11.996,2026-04-09 09:58:11.996
d2c695c803714ad485c27aa944768fe3,FWWMNW03001Q00105,23.740000,2026-04-09 10:05:00.000,2026-04-09 10:18:11.610,2026-04-09 10:18:11.610
"8905dbf085d2466fa3f19dd7814a4856",FWWMNW03001Q00105,23.764000,2026-04-09 10:22:00.000,2026-04-09 10:33:29.040,2026-04-09 10:33:29.040
b6705f07509c4649a4dd07bd148cceea,FWWMNW03001Q00105,23.780000,2026-04-09 10:40:00.000,2026-04-09 10:48:11.837,2026-04-09 10:48:11.837
df52ec4f6654417eadb8d57d674fcf3b,FWWMNW03001Q00105,23.799000,2026-04-09 10:51:00.000,2026-04-09 11:03:11.540,2026-04-09 11:03:11.540
"29e2c96b303c410eb1c4f5f3105990e1",FWWMNW03001Q00105,23.819000,2026-04-09 11:08:00.000,2026-04-09 11:18:11.699,2026-04-09 11:18:11.699
"4d5b8b231d3548fe95199f9b6f3db94f",FWWMNW03001Q00105,23.823000,2026-04-09 11:25:00.000,2026-04-09 11:38:12.162,2026-04-09 11:38:12.162
e733ae87dc1942c5bba6c32868b778a6,FWWMNW03001Q00102,8.443000,2026-04-09 00:03:00.000,2026-04-09 00:13:23.851,2026-04-09 00:13:23.851
"9de847036dcc4c9488b403d5da2b3ebb",FWWMNW03001Q00102,8.443000,2026-04-09 00:19:00.000,2026-04-09 00:28:09.255,2026-04-09 00:28:09.255
"30de685bdbf24cea94ec7a6389ae74c7",FWWMNW03001Q00102,8.444000,2026-04-09 00:35:00.000,2026-04-09 00:48:25.518,2026-04-09 00:48:25.518
"5f4258344ac148519e6a15e4f265a39d",FWWMNW03001Q00102,8.443000,2026-04-09 00:55:00.000,2026-04-09 01:03:09.158,2026-04-09 01:03:09.158
"0bd4d98fc01a41cd8e26c023791ef32a",FWWMNW03001Q00102,8.443000,2026-04-09 01:12:00.000,2026-04-09 01:23:09.722,2026-04-09 01:23:09.722
a20725d47f30486b82d86a65f01cf85c,FWWMNW03001Q00102,8.443000,2026-04-09 01:30:00.000,2026-04-09 01:38:26.168,2026-04-09 01:38:26.168
"04dce5e39ed249fabb084e0e87c43f46",FWWMNW03001Q00102,8.443000,2026-04-09 01:46:00.000,2026-04-09 01:58:26.168,2026-04-09 01:58:26.168
a00909da713f44a1a68fb24d6ebcf46f,FWWMNW03001Q00102,8.445000,2026-04-09 02:03:00.000,2026-04-09 02:13:09.019,2026-04-09 02:13:09.019
eaf9ce5a20aa4bf8911614918c1655bf,FWWMNW03001Q00102,8.445000,2026-04-09 02:19:00.000,2026-04-09 02:28:08.977,2026-04-09 02:28:08.977
"474cf6b1ea9d40a3bf2a41e04284d2b2",FWWMNW03001Q00102,8.447000,2026-04-09 02:36:00.000,2026-04-09 02:48:26.413,2026-04-09 02:48:26.413
"1fe916e841c74a26ba98b3514fb4ac5d",FWWMNW03001Q00102,8.448000,2026-04-09 02:53:00.000,2026-04-09 03:03:27.424,2026-04-09 03:03:27.424
"5db919e6966f423bbd27b5e02a1ac761",FWWMNW03001Q00102,8.451000,2026-04-09 03:10:00.000,2026-04-09 03:18:27.391,2026-04-09 03:18:27.391
"0e93e19092fc47ca9f0f984179212337",FWWMNW03001Q00102,8.454000,2026-04-09 03:27:00.000,2026-04-09 03:38:25.507,2026-04-09 03:38:25.507
d46bd567d983461d92b1460373b29eea,FWWMNW03001Q00102,8.457000,2026-04-09 03:44:00.000,2026-04-09 03:53:09.166,2026-04-09 03:53:09.166
"1814f9d791bc4681aed792d434d61845",FWWMNW03001Q00102,8.459000,2026-04-09 03:56:00.000,2026-04-09 04:08:26.520,2026-04-09 04:08:26.520
"7acd09a595ad43789b5bff7b5b1209ee",FWWMNW03001Q00102,8.461000,2026-04-09 04:02:00.000,2026-04-09 04:13:09.343,2026-04-09 04:13:09.343
b7f465185f6b429e825373cbfe4f27da,FWWMNW03001Q00102,8.462000,2026-04-09 04:12:00.000,2026-04-09 04:23:09.273,2026-04-09 04:23:09.273
"3a86f36b6691453ca6b6f582c7fbbd43",FWWMNW03001Q00102,8.465000,2026-04-09 04:30:00.000,2026-04-09 04:38:25.431,2026-04-09 04:38:25.431
"002b2107fa3a4477b21b509d5cc92883",FWWMNW03001Q00102,8.467000,2026-04-09 04:46:00.000,2026-04-09 04:58:10.262,2026-04-09 04:58:10.262
ecd6732a5a8746f8bea0dc08c87cdded,FWWMNW03001Q00102,8.467000,2026-04-09 05:03:00.000,2026-04-09 05:13:27.400,2026-04-09 05:13:27.400
"8f8ace5369bb489b853b9510345963c7",FWWMNW03001Q00102,8.469000,2026-04-09 05:20:00.000,2026-04-09 05:28:09.584,2026-04-09 05:28:09.584
e661af4dc08c4879b4611cf37c69bb63,FWWMNW03001Q00102,8.468000,2026-04-09 05:41:00.000,2026-04-09 05:53:10.351,2026-04-09 05:53:10.351
"6e11f79109eb42c094c9948932e4d5f9",FWWMNW03001Q00102,8.469000,2026-04-09 05:52:00.000,2026-04-09 06:03:09.862,2026-04-09 06:03:09.862
f87629e6df274d1aa72a8c0c6ffef476,FWWMNW03001Q00102,8.469000,2026-04-09 06:10:00.000,2026-04-09 06:18:10.837,2026-04-09 06:18:10.837
f818599e17a54c50b2119988204c81d7,FWWMNW03001Q00102,8.469000,2026-04-09 06:27:00.000,2026-04-09 06:38:11.381,2026-04-09 06:38:11.381
b9b26efaa61a44faa7fdc892d3e599f5,FWWMNW03001Q00102,8.468000,2026-04-09 06:46:00.000,2026-04-09 06:58:27.630,2026-04-09 06:58:27.630
e34c082ff73c4f8795817bd8ac9d03dd,FWWMNW03001Q00102,8.466000,2026-04-09 06:55:00.000,2026-04-09 07:08:27.376,2026-04-09 07:08:27.376
"40caf6f9095b48e2b12a343e8d2a3d56",FWWMNW03001Q00102,8.464000,2026-04-09 07:19:00.000,2026-04-09 07:28:10.835,2026-04-09 07:28:10.835
"84fdc4ecbff64a38bbe8f6244f9fa209",FWWMNW03001Q00102,8.461000,2026-04-09 07:36:00.000,2026-04-09 07:48:27.799,2026-04-09 07:48:27.799
"628cdf5df0134d46b4fd67b3f00352d8",FWWMNW03001Q00102,8.459000,2026-04-09 07:53:00.000,2026-04-09 08:03:10.755,2026-04-09 08:03:10.755
"60477f7c25fe4fba9a50af4385f4129d",FWWMNW03001Q00102,8.458000,2026-04-09 07:59:00.000,2026-04-09 08:08:29.430,2026-04-09 08:08:29.430
fdea311524d042c89d5e237a9131fc21,FWWMNW03001Q00102,8.457000,2026-04-09 08:04:00.000,2026-04-09 08:13:11.763,2026-04-09 08:13:11.763
"64b37475e0814e1d98675b21dc348390",FWWMNW03001Q00102,8.453000,2026-04-09 08:20:00.000,2026-04-09 08:33:27.725,2026-04-09 08:33:27.725
"19b7f2a2e9ac4d33a5a8858a7d420025",FWWMNW03001Q00102,8.444000,2026-04-09 08:36:00.000,2026-04-09 08:48:11.927,2026-04-09 08:48:11.927
aba51adc30f54778b9827cd5774ca4c8,FWWMNW03001Q00102,8.426000,2026-04-09 08:55:00.000,2026-04-09 09:08:29.445,2026-04-09 09:08:29.445
"57398b91516c40158e80be575f426b6d",FWWMNW03001Q00102,8.421000,2026-04-09 09:10:00.000,2026-04-09 09:23:28.643,2026-04-09 09:23:28.643
"6a5224df908d401490ee83dded22a29f",FWWMNW03001Q00102,8.418000,2026-04-09 09:30:00.000,2026-04-09 09:43:12.021,2026-04-09 09:43:12.021
c59993b523724e71892c94ca14e04144,FWWMNW03001Q00102,8.420000,2026-04-09 09:47:00.000,2026-04-09 09:58:11.996,2026-04-09 09:58:11.996
f188ca9c67bf489abfaf9c1ed5dd5c8b,FWWMNW03001Q00102,8.418000,2026-04-09 10:05:00.000,2026-04-09 10:18:11.610,2026-04-09 10:18:11.610
"13d7d7890d0b4e2b8c0e9de2c08a567a",FWWMNW03001Q00102,8.421000,2026-04-09 10:22:00.000,2026-04-09 10:33:29.040,2026-04-09 10:33:29.040
"7a054ab78cd34da5bb07a2e2c33ab53f",FWWMNW03001Q00102,8.425000,2026-04-09 10:40:00.000,2026-04-09 10:48:11.837,2026-04-09 10:48:11.837
"88d0293f13ec4e4394d3568ad955724b",FWWMNW03001Q00102,8.430000,2026-04-09 10:51:00.000,2026-04-09 11:03:11.540,2026-04-09 11:03:11.540
c2f0af98656b4a80aa02cd1869729595,FWWMNW03001Q00102,8.440000,2026-04-09 11:08:00.000,2026-04-09 11:18:11.699,2026-04-09 11:18:11.699
"5914ed36dde24034abd497f838c32171",FWWMNW03001Q00102,8.451000,2026-04-09 11:25:00.000,2026-04-09 11:38:12.162,2026-04-09 11:38:12.162
"1e57d6060e4740fe9201811f292de8c3",FWWMNW04001Q00101,0.294000,2026-04-09 00:00:00.000,2026-04-09 00:08:26.381,2026-04-09 00:08:26.381
b55162b7df2543569a8f1548cd1861b0,FWWMNW04001Q00101,0.293000,2026-04-09 00:04:00.000,2026-04-09 00:13:23.851,2026-04-09 00:13:23.851
bbf387ec8c2e4122a8d19a2ce4ad254d,FWWMNW04001Q00101,0.280000,2026-04-09 00:19:00.000,2026-04-09 00:28:09.255,2026-04-09 00:28:09.255
"0c02e04322bd4156905a883187ad0acf",FWWMNW04001Q00101,0.241000,2026-04-09 00:37:00.000,2026-04-09 00:48:25.518,2026-04-09 00:48:25.518
"1df8f6d26c0c4af5897d7a69330c77a6",FWWMNW04001Q00101,0.235000,2026-04-09 00:55:00.000,2026-04-09 01:03:09.158,2026-04-09 01:03:09.158
"1c2d5589c9524b188ed5f88fd4edf3f9",FWWMNW04001Q00101,0.234000,2026-04-09 01:15:00.000,2026-04-09 01:23:09.722,2026-04-09 01:23:09.722
ff7ec4cdac9143b2a7a58685e4738637,FWWMNW04001Q00101,0.225000,2026-04-09 01:32:00.000,2026-04-09 01:43:09.069,2026-04-09 01:43:09.069
cea4d4f216e0419b93726949db3fde0c,FWWMNW04001Q00101,0.232000,2026-04-09 01:49:00.000,2026-04-09 01:58:26.168,2026-04-09 01:58:26.168
"055d2f5c3e2443a792749960b678552d",FWBDKN05002Q00104,142.653400,2026-04-09 02:16:00.000,2026-04-09 02:23:25.750,2026-04-09 02:23:25.750
"1e645feb0e12480c86623a6bb445daca",FWBDKN05002Q00104,142.667000,2026-04-09 02:28:00.000,2026-04-09 02:38:25.028,2026-04-09 02:38:25.028
d04d90e7cdc6428e84186087831229e9,FWBDKN05002Q00104,142.650600,2026-04-09 02:50:00.000,2026-04-09 02:58:24.784,2026-04-09 02:58:24.784
"7f488414ae224a1d9dca45de096b1d74",FWBDKN05002Q00104,142.658800,2026-04-09 03:05:00.000,2026-04-09 03:13:24.907,2026-04-09 03:13:24.907
"8fea898fb9c34c378de7c527170ceaf7",FWBDKN05002Q00104,142.461800,2026-04-09 03:24:00.000,2026-04-09 03:33:10.850,2026-04-09 03:33:10.850
"042996a78e0b4f9c97f3f0d8092a3993",FWBDKN05002Q00104,142.671900,2026-04-09 03:41:00.000,2026-04-09 03:48:10.613,2026-04-09 03:48:10.613
"4fed6bfa2e8c425d888d9a873bfc34b1",FWBDKN05002Q00104,142.689600,2026-04-09 03:53:00.000,2026-04-09 04:03:27.724,2026-04-09 04:03:27.724
a152cc9a46ac44c39b8942fc2b197630,FWBDKN05002Q00104,142.666100,2026-04-09 03:58:00.000,2026-04-09 04:08:26.520,2026-04-09 04:08:26.520
"42e788dd475947bf854d03ec0e62b7b0",FWBDKN05002Q00104,142.514800,2026-04-09 04:06:00.000,2026-04-09 04:13:09.343,2026-04-09 04:13:09.343
"49c8c8b031644eb5acccc013d2c82131",FWBDKN05002Q00104,142.544300,2026-04-09 04:26:00.000,2026-04-09 04:33:27.510,2026-04-09 04:33:27.510
"22550709432644e4ada845e1a6aa8495",FWBDKN05002Q00104,142.666000,2026-04-09 04:43:00.000,2026-04-09 04:53:10.032,2026-04-09 04:53:10.032
"5443bebbaa0445e285b7b44afb229c93",FWBDKN05002Q00104,142.637500,2026-04-09 04:54:00.000,2026-04-09 05:03:27.238,2026-04-09 05:03:27.238
f3d725f982204f03a51328ff370748e5,FWBDKN05002Q00104,142.627100,2026-04-09 05:17:00.000,2026-04-09 05:28:09.584,2026-04-09 05:28:09.584
"628d3d0610e74fe39887843fe4d57ba9",FWBDKN05002Q00104,142.630700,2026-04-09 05:33:00.000,2026-04-09 05:43:09.671,2026-04-09 05:43:09.671
"349f193164c640d0aa195e12e132bb4b",FWBDKN05002Q00104,142.669200,2026-04-09 05:50:00.000,2026-04-09 05:58:10.407,2026-04-09 05:58:10.407
"0444848b850048fd98234a7353ee9912",FWBDKN05002Q00104,142.634600,2026-04-09 06:05:00.000,2026-04-09 06:13:27.134,2026-04-09 06:13:27.134
de2e5239115e423b923352dfff4370ce,FWBDKN05002Q00104,142.602400,2026-04-09 06:23:00.000,2026-04-09 06:33:27.782,2026-04-09 06:33:27.782
"445916f5c48c465eb527bd1efd97a2f2",FWBDKN05002Q00104,142.784100,2026-04-09 06:40:00.000,2026-04-09 06:48:11.687,2026-04-09 06:48:11.687
f4f8e00aad01417192a1b4b1ad153fe4,FWBDKN05002Q00104,142.771900,2026-04-09 06:52:00.000,2026-04-09 07:03:28.711,2026-04-09 07:03:28.711
f9b32b0854724e718313e11899d4aa9b,FWBDKN05002Q00104,142.757700,2026-04-09 07:15:00.000,2026-04-09 07:23:10.416,2026-04-09 07:23:10.416
"3a2820936bdb4cf18ed4b42bc90e6b49",FWBDKN05002Q00104,142.788900,2026-04-09 07:27:00.000,2026-04-09 07:38:12.070,2026-04-09 07:38:12.070
"2dd9e3957e0b4776be48e71f51923cba",FWBDKN05002Q00104,142.943600,2026-04-09 07:43:00.000,2026-04-09 07:53:29.078,2026-04-09 07:53:29.078
"6efd1f2754a04fa680b9a5790233dd9d",FWBDKN05002Q00104,142.948200,2026-04-09 07:58:00.000,2026-04-09 08:08:29.430,2026-04-09 08:08:29.430
"66421affbcde47128aca0f38cf0f7b69",FWBDKN05002Q00104,142.936500,2026-04-09 08:03:00.000,2026-04-09 08:13:11.763,2026-04-09 08:13:11.763
"5297cb1efda14167859f37b68a35ffc3",FWBDKN05002Q00104,142.915500,2026-04-09 08:10:00.000,2026-04-09 08:18:10.807,2026-04-09 08:18:10.807
"0e2685d16b1e4decaa1eb04863209f11",FWBDKN05002Q00104,142.844700,2026-04-09 08:32:00.000,2026-04-09 08:43:11.131,2026-04-09 08:43:11.131
"22ec1de0611540ec8120e319e103f878",FWBDKN05002Q00104,142.754500,2026-04-09 08:52:00.000,2026-04-09 09:03:11.302,2026-04-09 09:03:11.302
"530ec76f0c0b4125b91629f98dfd04ab",FWBDKN05002Q00104,142.913100,2026-04-09 09:07:00.000,2026-04-09 09:18:11.335,2026-04-09 09:18:11.335
"797281c164c84023a6ea7f13284eb326",FWBDKN05002Q00104,142.845500,2026-04-09 09:26:00.000,2026-04-09 09:33:29.890,2026-04-09 09:33:29.890
b0ec52b7817742b997cedf2366028617,FWBDKN05002Q00104,142.655500,2026-04-09 09:44:00.000,2026-04-09 09:53:12.379,2026-04-09 09:53:12.379
"5babc481f8b94fa4816c09b443c317af",FWBDKN05002Q00104,142.650600,2026-04-09 10:01:00.000,2026-04-09 10:08:28.332,2026-04-09 10:08:28.332
"029000ee05ff4e19916a80d0e3b3a1d7",FWBDKN05002Q00104,142.450200,2026-04-09 10:19:00.000,2026-04-09 10:28:12.568,2026-04-09 10:28:12.568
b9dd3f3e9b9443238b4175a8c339dad2,FWBDKN05002Q00104,142.361400,2026-04-09 10:36:00.000,2026-04-09 10:43:12.775,2026-04-09 10:43:12.775
"584e37a6b67d4396a1230fbfe660bc7d",FWBDKN05002Q00104,142.441400,2026-04-09 11:02:00.000,2026-04-09 11:13:29.413,2026-04-09 11:13:29.413
"87bd47c6d3dd46d5b9b0ad0b9ef346f4",FWBDKN05002Q00104,142.450800,2026-04-09 11:19:00.000,2026-04-09 11:28:12.461,2026-04-09 11:28:12.461
"9204312a868e4f2bb3861eea10e10185",FWBDKN05002Q00104,142.229100,2026-04-09 11:36:00.000,2026-04-09 11:48:29.759,2026-04-09 11:48:29.759
fb0b5ed4ad2c478e93e17c4c81626ea5,FWWMNW04001Q00101,0.232000,2026-04-09 02:05:00.000,2026-04-09 02:13:09.019,2026-04-09 02:13:09.019
"554fb50edf9c4872a64fee5152ff17c4",FWWMNW04001Q00101,0.228000,2026-04-09 02:19:00.000,2026-04-09 02:28:08.977,2026-04-09 02:28:08.977
"0f4b54cdda2c4b18aa9ae62da3705f7f",FWWMNW04001Q00101,0.225000,2026-04-09 02:36:00.000,2026-04-09 02:48:26.413,2026-04-09 02:48:26.413
"69ae965f3cfe4aac8890e2ec3898fe43",FWWMNW04001Q00101,0.217000,2026-04-09 02:53:00.000,2026-04-09 03:03:27.424,2026-04-09 03:03:27.424
"0c2330b040284ffe901064af2504dc30",FWWMNW04001Q00101,0.223000,2026-04-09 03:10:00.000,2026-04-09 03:18:27.391,2026-04-09 03:18:27.391
"1acd5a0e664248ac879a065ae6f2e3b2",FWWMNW04001Q00101,0.225000,2026-04-09 03:27:00.000,2026-04-09 03:38:25.507,2026-04-09 03:38:25.507
"1d3a92c67655433a998ee971c38941b8",FWWMNW04001Q00101,0.222000,2026-04-09 03:44:00.000,2026-04-09 03:53:09.166,2026-04-09 03:53:09.166
"5bfac533be894f17a998a2634882f5c0",FWWMNW04001Q00101,0.222000,2026-04-09 03:56:00.000,2026-04-09 04:03:27.724,2026-04-09 04:03:27.724
"7ace6561a9d548cdb71e54851c1ff9c3",FWWMNW04001Q00101,0.224000,2026-04-09 04:03:00.000,2026-04-09 04:13:09.343,2026-04-09 04:13:09.343
d68aeafee61d406f87d24c0a79c1afad,FWWMNW04001Q00101,0.227000,2026-04-09 04:12:00.000,2026-04-09 04:23:09.273,2026-04-09 04:23:09.273
"78dd2f55937145e18c20bf45ef8379d5",FWWMNW04001Q00101,0.224000,2026-04-09 04:30:00.000,2026-04-09 04:38:25.431,2026-04-09 04:38:25.431
eca6cec34c484990b9b8c6c5450b0edc,FWWMNW04001Q00101,0.221000,2026-04-09 04:49:00.000,2026-04-09 04:58:10.262,2026-04-09 04:58:10.262
b1e07ca1a17b4046a3435860297a921b,FWWMNW04001Q00101,0.223000,2026-04-09 05:03:00.000,2026-04-09 05:13:27.400,2026-04-09 05:13:27.400
baf33bb67ca14fda8c7d18b523b9be87,FWWMNW04001Q00101,0.231000,2026-04-09 05:22:00.000,2026-04-09 05:33:26.748,2026-04-09 05:33:26.748
"7e71bc45b7f942c48d0a43aa61379532",FWWMNW04001Q00101,0.231000,2026-04-09 05:37:00.000,2026-04-09 05:48:10.887,2026-04-09 05:48:10.887
"1ad1caf735a3403db9c17cc9fbca81b1",FWWMNW04001Q00101,0.226000,2026-04-09 05:56:00.000,2026-04-09 06:03:09.862,2026-04-09 06:03:09.862
"77cb6954f5dc45d89745ad56295392f1",FWWMNW04001Q00101,0.228000,2026-04-09 06:10:00.000,2026-04-09 06:18:10.837,2026-04-09 06:18:10.837
"1ea982f0e2ca4abfae34b2274c102d55",FWWMNW04001Q00101,0.224000,2026-04-09 06:27:00.000,2026-04-09 06:38:11.381,2026-04-09 06:38:11.381
"827c30827d014930a7b4c80210dc0eb7",FWWMNW04001Q00101,0.224000,2026-04-09 06:42:00.000,2026-04-09 06:53:28.704,2026-04-09 06:53:28.704
"33f684eeb5e04e0ba44639b5ca717820",FWWMNW04001Q00101,0.228000,2026-04-09 06:57:00.000,2026-04-09 07:08:27.376,2026-04-09 07:08:27.376
dbffd320112b4549b9fe5d1f09227878,FWWMNW04001Q00101,0.227000,2026-04-09 07:19:00.000,2026-04-09 07:28:10.835,2026-04-09 07:28:10.835
d23126db6b2741fc9aef5da49e57aee2,FWWMNW04001Q00101,0.244000,2026-04-09 07:36:00.000,2026-04-09 07:48:27.799,2026-04-09 07:48:27.799
"25e59942cb954af29d4a622a0d7e4792",FWWMNW04001Q00101,0.248000,2026-04-09 07:53:00.000,2026-04-09 08:03:10.755,2026-04-09 08:03:10.755
f2bb4dc2a4144ff1ac9112baaf09fef1,FWWMNW04001Q00101,0.252000,2026-04-09 07:59:00.000,2026-04-09 08:08:29.430,2026-04-09 08:08:29.430
"9b84581eb2c64f6b829782028641b9c5",FWWMNW04001Q00101,0.256000,2026-04-09 08:04:00.000,2026-04-09 08:13:11.763,2026-04-09 08:13:11.763
"7c93ea44c9b04daa81c38ad3e1c1a294",FWWMNW04001Q00101,0.267000,2026-04-09 08:23:00.000,2026-04-09 08:33:27.725,2026-04-09 08:33:27.725
f854fa980ecc495086ae511e48b9f27c,FWWMNW04001Q00101,0.276000,2026-04-09 08:40:00.000,2026-04-09 08:48:11.927,2026-04-09 08:48:11.927
"460c2d7cd8354490836a1bd8e95e4590",FWWMNW04001Q00101,0.281000,2026-04-09 08:55:00.000,2026-04-09 09:08:29.445,2026-04-09 09:08:29.445
"524e6091bf114766a49e05cc21300bc7",FWWMNW04001Q00101,0.292000,2026-04-09 09:13:00.000,2026-04-09 09:23:28.643,2026-04-09 09:23:28.643
ea7d6fce17af428e9469f2631bff257e,FWWMNW04001Q00101,0.305000,2026-04-09 09:33:00.000,2026-04-09 09:43:12.021,2026-04-09 09:43:12.021
"7065f00f977f41c7a865a7eaa5248ad1",FWWMNW04001Q00101,0.326000,2026-04-09 09:47:00.000,2026-04-09 09:58:11.996,2026-04-09 09:58:11.996
"2c055fdd3fc94770ae003be1a549f203",FWWMNW04001Q00101,0.343000,2026-04-09 10:08:00.000,2026-04-09 10:18:11.610,2026-04-09 10:18:11.610
"7eaaacf37cec40cf90ebc9b0c8a30c06",FWWMNW04001Q00101,0.365000,2026-04-09 10:22:00.000,2026-04-09 10:33:29.040,2026-04-09 10:33:29.040
dd0cb98d60314741947ca347aef28ae4,FWWMNW04001Q00101,0.380000,2026-04-09 10:42:00.000,2026-04-09 10:53:29.400,2026-04-09 10:53:29.400
"380b848ae1aa41acb04e45faa27f88ad",FWWMNW04001Q00101,0.384000,2026-04-09 10:56:00.000,2026-04-09 11:08:12.608,2026-04-09 11:08:12.608
"3845ab2ee6e34724bd5064d5cb9272a7",FWWMNW04001Q00101,0.373000,2026-04-09 11:11:00.000,2026-04-09 11:23:12.440,2026-04-09 11:23:12.440
"8137b4d821a04b6a9db50ef4984e2da1",FWWMNW04001Q00101,0.378000,2026-04-09 11:28:00.000,2026-04-09 11:38:12.162,2026-04-09 11:38:12.162
"3ad20b040e7e42b988df9b3a151892fe",FWWMNW04001Q00104,176.583300,2026-04-09 00:00:00.000,2026-04-09 00:08:26.381,2026-04-09 00:08:26.381
"11b6349c0e2d4cd6aa47e1d9dd20196f",FWWMNW03001Q00104,129.169100,2026-04-09 07:41:00.000,2026-04-09 07:48:27.799,2026-04-09 07:48:27.799
"5c9ee60253934b57b3ed8bb6af791bc4",FWWMNW04001Q00105,25.000000,2026-04-09 07:39:00.000,2026-04-09 07:48:27.799,2026-04-09 07:48:27.799
"8e8cd1b86a144f53b5b74da29731fc58",FWBDKN05002Q00105,22.807000,2026-04-09 07:43:00.000,2026-04-09 07:53:29.078,2026-04-09 07:53:29.078
"1271780a267849528fff4ea5350ff088",FWBDKN05002Q00102,0.448000,2026-04-09 07:46:00.000,2026-04-09 07:53:29.078,2026-04-09 07:53:29.078
"39d07fc4a6ab4168a901fc425ebb0c99",FWBDKN05002Q00103,0.059000,2026-04-09 07:43:00.000,2026-04-09 07:53:29.078,2026-04-09 07:53:29.078
b18c0f4ecd0a47b8b452fde5b8f31acf,FWWMNW03001Q00103,0.060000,2026-04-09 07:53:00.000,2026-04-09 08:03:10.755,2026-04-09 08:03:10.755
"0d62c3247c4649b38f6047ed14fb0ce7",FWWMNW04001Q00105,25.000000,2026-04-09 07:55:00.000,2026-04-09 08:03:10.755,2026-04-09 08:03:10.755
"2e3e8df7cc1c4a3e92dd2d7c3e515464",FWBDKN05002Q00105,22.810000,2026-04-09 08:03:00.000,2026-04-09 08:13:11.763,2026-04-09 08:13:11.763
"734c0349a0614c65b4747ce31b0383b2",FWBDKN05002Q00102,0.442000,2026-04-09 08:03:00.000,2026-04-09 08:13:11.763,2026-04-09 08:13:11.763
"8bd5dddd73e545498d67b10b5af431c1",FWWMNW03001Q00103,0.063000,2026-04-09 08:04:00.000,2026-04-09 08:13:11.763,2026-04-09 08:13:11.763
"3e1958701e634206897c7b48a9763170",FWBDKN05002Q00103,0.059000,2026-04-09 08:03:00.000,2026-04-09 08:13:11.763,2026-04-09 08:13:11.763
"83f1e863620e47119a32f14f748b4ce8",FWWMNW04001Q00105,25.000000,2026-04-09 08:05:00.000,2026-04-09 08:13:11.763,2026-04-09 08:13:11.763
"7ea8925c39a0412fb1ddc0bffd9c2e2e",FWBDKN05002Q00102,0.438000,2026-04-09 08:11:00.000,2026-04-09 08:23:28.646,2026-04-09 08:23:28.646
e1e39ae3bd4c4bf5bb5d722cbca67d06,FWWMNW04001Q00102,8.028000,2026-04-09 08:23:00.000,2026-04-09 08:33:27.725,2026-04-09 08:33:27.725
b11cf14f7e804a7e8a430e4462370554,FWWMNW04001Q00103,0.195000,2026-04-09 08:23:00.000,2026-04-09 08:33:27.725,2026-04-09 08:33:27.725
"28349a11c4f84020b9656c7fd8403fec",FWWMNW03001Q00103,0.061000,2026-04-09 08:20:00.000,2026-04-09 08:33:27.725,2026-04-09 08:33:27.725
"849a0252192d4c58a64b8ce4d96999eb",FWWMNW03001Q00104,129.083800,2026-04-09 08:23:00.000,2026-04-09 08:33:27.725,2026-04-09 08:33:27.725
"2a5c127871af4b0e94d14eb7d3ae8e04",FWWMNW04001Q00105,25.000000,2026-04-09 08:25:00.000,2026-04-09 08:33:27.725,2026-04-09 08:33:27.725
"2ce1337eb6204b23a266165cafcdf787",FWBDKN05002Q00105,22.838000,2026-04-09 08:32:00.000,2026-04-09 08:43:11.131,2026-04-09 08:43:11.131
b13c15ff751b4f35871794e5951cb7fa,FWBDKN05002Q00102,0.437000,2026-04-09 08:31:00.000,2026-04-09 08:43:11.131,2026-04-09 08:43:11.131
e2526a7c79f84a83b62897a38703b29b,FWBDKN05002Q00103,0.059000,2026-04-09 08:32:00.000,2026-04-09 08:43:11.131,2026-04-09 08:43:11.131
dd185481438d463aa56eed4d870b835f,FWBDKN05002Q00102,0.437000,2026-04-09 08:50:00.000,2026-04-09 08:58:12.095,2026-04-09 08:58:12.095
bd6cec21d24f4d44ab059fec5574d781,FWBDKN05002Q00105,22.866000,2026-04-09 08:52:00.000,2026-04-09 09:03:11.302,2026-04-09 09:03:11.302
"73b1e05992f54c5db0316e4e5d137804",FWBDKN05002Q00103,0.058000,2026-04-09 08:52:00.000,2026-04-09 09:03:11.302,2026-04-09 09:03:11.302
"976b36d5c5984911ba6088c85a78fc57",FWBDKN05002Q00105,22.876000,2026-04-09 09:07:00.000,2026-04-09 09:18:11.335,2026-04-09 09:18:11.335
"3346e3c13c584bab8eb055de29fa1f08",FWBDKN05002Q00102,0.426000,2026-04-09 09:09:00.000,2026-04-09 09:18:11.335,2026-04-09 09:18:11.335
"8f16883701814f5a9cf5f1b5b31acde7",FWBDKN05002Q00103,0.056000,2026-04-09 09:07:00.000,2026-04-09 09:18:11.335,2026-04-09 09:18:11.335
b6366ccde5474921baa4f65210d3fb7c,FWWMNW04001Q00102,8.010000,2026-04-09 09:14:00.000,2026-04-09 09:23:28.643,2026-04-09 09:23:28.643
"49b90395dc06452b804b3a016b8347da",FWWMNW04001Q00103,0.200000,2026-04-09 09:14:00.000,2026-04-09 09:23:28.643,2026-04-09 09:23:28.643
b345de7d258c4c3db31030b1a6190acb,FWWMNW03001Q00103,0.051000,2026-04-09 02:19:00.000,2026-04-09 02:28:08.977,2026-04-09 02:28:08.977
"298de61a46ca471e91addbd43f8c6b73",FWWMNW04001Q00102,8.019000,2026-04-09 02:24:00.000,2026-04-09 02:33:27.228,2026-04-09 02:33:27.228
c9e7558b2a7046deb713d3f7f20bff55,FWWMNW04001Q00103,0.203000,2026-04-09 02:24:00.000,2026-04-09 02:33:27.228,2026-04-09 02:33:27.228
a126de215a324706843a8e1b6a7d31c3,FWWMNW03001Q00104,128.783700,2026-04-09 02:24:00.000,2026-04-09 02:33:27.228,2026-04-09 02:33:27.228
"3b487638cbac49f995c3a3f0f6df2896",FWWMNW04001Q00105,25.000000,2026-04-09 02:22:00.000,2026-04-09 02:33:27.228,2026-04-09 02:33:27.228
"1e649d2499f44f9db5aff4bd8092ed90",FWWMNW04001Q00102,8.021000,2026-04-09 02:41:00.000,2026-04-09 02:48:26.413,2026-04-09 02:48:26.413
"60956ee32d5b495285ad6affab4cb979",FWWMNW04001Q00103,0.210000,2026-04-09 02:41:00.000,2026-04-09 02:48:26.413,2026-04-09 02:48:26.413
"5a9d6147ad234fbe842504b46d451636",FWWMNW03001Q00103,0.056000,2026-04-09 02:36:00.000,2026-04-09 02:48:26.413,2026-04-09 02:48:26.413
"8d33fa9d2d4147ac8689d9759320dcc5",FWWMNW03001Q00104,128.795000,2026-04-09 02:41:00.000,2026-04-09 02:48:26.413,2026-04-09 02:48:26.413
f2460228943346d18a9344a750a9dfa2,FWWMNW04001Q00105,25.000000,2026-04-09 02:39:00.000,2026-04-09 02:48:26.413,2026-04-09 02:48:26.413
"4004210144ce494e932b49123e000983",FWBDKN05002Q00105,22.781000,2026-04-09 02:50:00.000,2026-04-09 02:58:24.784,2026-04-09 02:58:24.784
"32293c000ff547b8844a8a1c42db3085",FWBDKN05002Q00102,0.562000,2026-04-09 02:47:00.000,2026-04-09 02:58:24.784,2026-04-09 02:58:24.784
bd738dddecd9413fab04f000b19f45dc,FWBDKN05002Q00103,0.054000,2026-04-09 02:50:00.000,2026-04-09 02:58:24.784,2026-04-09 02:58:24.784
d27d4f069baf4a02b2b92c2ec2b51056,FWWMNW03001Q00103,0.066000,2026-04-09 02:53:00.000,2026-04-09 03:03:27.424,2026-04-09 03:03:27.424
"5b2d859ae962444db2b9995de3bc3a74",FWWMNW04001Q00105,25.000000,2026-04-09 02:55:00.000,2026-04-09 03:03:27.424,2026-04-09 03:03:27.424
"704cefc4d3074355b3ab718be90183ea",FWBDKN05002Q00105,22.778000,2026-04-09 03:05:00.000,2026-04-09 03:13:24.907,2026-04-09 03:13:24.907
"470f8287a7b4454090555655968f47f8",FWBDKN05002Q00103,0.055000,2026-04-09 03:05:00.000,2026-04-09 03:13:24.907,2026-04-09 03:13:24.907
a39f985f78784600a32e690bfdd89f13,FWWMNW04001Q00102,8.023000,2026-04-09 03:14:00.000,2026-04-09 03:23:26.271,2026-04-09 03:23:26.271
"9cee67b45e674355a0e5e70e21c831cd",FWWMNW04001Q00103,0.213000,2026-04-09 03:14:00.000,2026-04-09 03:23:26.271,2026-04-09 03:23:26.271
"9ec21f253e2c464fb4cafb8a939a7a30",FWWMNW03001Q00104,128.827700,2026-04-09 03:14:00.000,2026-04-09 03:23:26.271,2026-04-09 03:23:26.271
d56931e75dc746c4b0b9476334d73648,FWWMNW04001Q00105,25.000000,2026-04-09 03:12:00.000,2026-04-09 03:23:26.271,2026-04-09 03:23:26.271
"417144edcb5a413f85d6775a5950bf2b",FWBDKN05002Q00105,22.781000,2026-04-09 03:24:00.000,2026-04-09 03:33:10.850,2026-04-09 03:33:10.850
f720483eeec24a94b454f596f6d8e108,FWBDKN05002Q00102,0.557000,2026-04-09 03:22:00.000,2026-04-09 03:33:10.850,2026-04-09 03:33:10.850
b57fa8a70984495ba7ff009ab7a99d91,FWBDKN05002Q00103,0.053000,2026-04-09 03:24:00.000,2026-04-09 03:33:10.850,2026-04-09 03:33:10.850
fc4325a0415242db8cfa676f3095edd5,FWWMNW04001Q00102,8.024000,2026-04-09 03:31:00.000,2026-04-09 03:43:09.326,2026-04-09 03:43:09.326
"0f6525cf089143d48854f44a4e3d49b0",FWWMNW04001Q00103,0.206000,2026-04-09 03:31:00.000,2026-04-09 03:43:09.326,2026-04-09 03:43:09.326
"65b3fc07e85748d9b5864008c239c81d",FWWMNW03001Q00104,128.841500,2026-04-09 03:31:00.000,2026-04-09 03:43:09.326,2026-04-09 03:43:09.326
"2e027eefbcbc4582a9ce8f6946b72c75",FWWMNW03001Q00103,0.056000,2026-04-09 03:44:00.000,2026-04-09 03:53:09.166,2026-04-09 03:53:09.166
ec924cc6d82c4a5092e57498015e0aff,FWBDKN05002Q00105,22.769000,2026-04-09 03:53:00.000,2026-04-09 04:03:27.724,2026-04-09 04:03:27.724
"3f4a716bd03d493eb9ac1b2caae0a7a3",FWBDKN05002Q00102,0.547000,2026-04-09 03:52:00.000,2026-04-09 04:03:27.724,2026-04-09 04:03:27.724
"7478d8b8c16d411eb555ff5a4850a8e8",FWBDKN05002Q00103,0.056000,2026-04-09 03:53:00.000,2026-04-09 04:03:27.724,2026-04-09 04:03:27.724
"0bdda495147d4bad86a6c6839fdece14",FWWMNW04001Q00105,25.000000,2026-04-09 03:56:00.000,2026-04-09 04:03:27.724,2026-04-09 04:03:27.724
"79e7b64836bc4b159b44183722b2a13d",FWBDKN05002Q00105,22.764000,2026-04-09 04:06:00.000,2026-04-09 04:13:09.343,2026-04-09 04:13:09.343
bd4ed89ee6f34db7999946dd7e355f60,FWWMNW04001Q00102,8.028000,2026-04-09 04:03:00.000,2026-04-09 04:13:09.343,2026-04-09 04:13:09.343
"7f66da59c32d40858420e00a0be1c0f6",FWWMNW04001Q00103,0.192000,2026-04-09 04:03:00.000,2026-04-09 04:13:09.343,2026-04-09 04:13:09.343
"85aaf9c881e744c1b3a3667fa12c1613",FWBDKN05002Q00102,0.546000,2026-04-09 04:05:00.000,2026-04-09 04:13:09.343,2026-04-09 04:13:09.343
b10c5e221d734ef786c53f4013ffca88,FWWMNW03001Q00103,0.060000,2026-04-09 04:02:00.000,2026-04-09 04:13:09.343,2026-04-09 04:13:09.343
bf4b5987869b4a31a6105ea9e716ea71,FWBDKN05002Q00103,0.053000,2026-04-09 04:06:00.000,2026-04-09 04:13:09.343,2026-04-09 04:13:09.343
"384d2d4590604804a16838cdcf98909c",FWWMNW03001Q00104,128.881800,2026-04-09 04:03:00.000,2026-04-09 04:13:09.343,2026-04-09 04:13:09.343
"7d3d80449bb2479bad2b80fd99555696",FWWMNW04001Q00105,25.000000,2026-04-09 04:03:00.000,2026-04-09 04:13:09.343,2026-04-09 04:13:09.343
"7e329369a22144f0b3b12e8bef67cc91",FWWMNW03001Q00103,0.057000,2026-04-09 04:12:00.000,2026-04-09 04:23:09.273,2026-04-09 04:23:09.273
bced1c0404f94cbdb43381b3dcc9d883,FWWMNW04001Q00105,25.000000,2026-04-09 04:15:00.000,2026-04-09 04:23:09.273,2026-04-09 04:23:09.273
"5186e46d59b34cc8852118dfe2e7331d",FWBDKN05002Q00105,22.755000,2026-04-09 04:26:00.000,2026-04-09 04:33:27.510,2026-04-09 04:33:27.510
"3127e4dbb8d74e6b86d9ea1e127f1aca",FWBDKN05002Q00102,0.541000,2026-04-09 04:25:00.000,2026-04-09 04:33:27.510,2026-04-09 04:33:27.510
b5cb69d5caa1416db0a6b35d7051edba,FWBDKN05002Q00103,0.054000,2026-04-09 04:26:00.000,2026-04-09 04:33:27.510,2026-04-09 04:33:27.510
d84f930bdc4e4e7baa27d6480cc6bec4,FWWMNW04001Q00102,8.028000,2026-04-09 04:34:00.000,2026-04-09 04:43:09.951,2026-04-09 04:43:09.951
b1d27216ee194ef1a4640e9e5d72d6c2,FWWMNW04001Q00103,0.217000,2026-04-09 04:34:00.000,2026-04-09 04:43:09.951,2026-04-09 04:43:09.951
"1ed690d1964e4b809ce741ae6b6b95e2",FWWMNW03001Q00104,128.904400,2026-04-09 04:34:00.000,2026-04-09 04:43:09.951,2026-04-09 04:43:09.951
e6ea746fd0704c7380eed12ac13f3d39,FWWMNW04001Q00105,25.000000,2026-04-09 04:32:00.000,2026-04-09 04:43:09.951,2026-04-09 04:43:09.951
"85a767f461a445508abe14d22199adca",FWBDKN05002Q00105,22.776000,2026-04-09 04:43:00.000,2026-04-09 04:53:10.032,2026-04-09 04:53:10.032
e1794aba982042478d9f10df61c37eb1,FWBDKN05002Q00103,0.055000,2026-04-09 04:43:00.000,2026-04-09 04:53:10.032,2026-04-09 04:53:10.032
e1e1717aedaa432bbf01037385522b61,FWBDKN05002Q00105,22.785000,2026-04-09 04:54:00.000,2026-04-09 05:03:27.238,2026-04-09 05:03:27.238
f61de51f85af4fc898bc65bcfce7d39d,FWBDKN05002Q00102,0.541000,2026-04-09 04:56:00.000,2026-04-09 05:03:27.238,2026-04-09 05:03:27.238
e6abb28e97ac47f9ad2ec0b819e9bfb0,FWBDKN05002Q00103,0.054000,2026-04-09 04:54:00.000,2026-04-09 05:03:27.238,2026-04-09 05:03:27.238
daf8b0385c294c8882baeae0afe8e96f,FWWMNW04001Q00105,25.000000,2026-04-09 04:51:00.000,2026-04-09 05:03:27.238,2026-04-09 05:03:27.238
d718a852002f4677a3dc165834e9a624,FWWMNW03001Q00103,0.061000,2026-04-09 05:03:00.000,2026-04-09 05:13:27.400,2026-04-09 05:13:27.400
"4b445b59269f4ec7a52d40f4b8bd45cc",FWWMNW04001Q00105,25.000000,2026-04-09 05:06:00.000,2026-04-09 05:13:27.400,2026-04-09 05:13:27.400
"1029f3f2ff6d4d7380a8b9132772a9d2",FWBDKN05002Q00102,0.536000,2026-04-09 05:14:00.000,2026-04-09 05:23:10.317,2026-04-09 05:23:10.317
"5baaa3b289484738b16e74950007bea0",FWWMNW04001Q00102,8.030000,2026-04-09 05:22:00.000,2026-04-09 05:33:26.748,2026-04-09 05:33:26.748
dde8a8c965c644b1b644618475a52dde,FWWMNW04001Q00103,0.203000,2026-04-09 05:22:00.000,2026-04-09 05:33:26.748,2026-04-09 05:33:26.748
"8eaf431cefbd4e2099cfd7b2bb4c42be",FWWMNW03001Q00104,128.907900,2026-04-09 05:22:00.000,2026-04-09 05:33:26.748,2026-04-09 05:33:26.748
"66854510d54a450f91c018727ac1639d",FWWMNW04001Q00105,25.000000,2026-04-09 05:24:00.000,2026-04-09 05:33:26.748,2026-04-09 05:33:26.748
fb27820ed58743069d2f95dcc3441c98,FWBDKN05002Q00105,22.787000,2026-04-09 05:33:00.000,2026-04-09 05:43:09.671,2026-04-09 05:43:09.671
"0383791bce8b41cd88d664e5bbf5b6db",FWBDKN05002Q00102,0.536000,2026-04-09 05:32:00.000,2026-04-09 05:43:09.671,2026-04-09 05:43:09.671
"1fd2654eb78f424c8812ef106c10985a",FWBDKN05002Q00103,0.054000,2026-04-09 05:33:00.000,2026-04-09 05:43:09.671,2026-04-09 05:43:09.671
"965effdc98154bc89b42ec203e0ea969",FWWMNW03001Q00103,0.052000,2026-04-09 05:41:00.000,2026-04-09 05:53:10.351,2026-04-09 05:53:10.351
"38bf4a0fdb8243d09749d00041f53214",FWWMNW04001Q00102,8.030000,2026-04-09 05:54:00.000,2026-04-09 06:03:09.862,2026-04-09 06:03:09.862
"6083d4f40abf44939b5c419a7e29766f",FWWMNW04001Q00103,0.223000,2026-04-09 05:54:00.000,2026-04-09 06:03:09.862,2026-04-09 06:03:09.862
"7d4ebd92142446bca1bc5d3f341ac237",FWWMNW03001Q00103,0.057000,2026-04-09 05:52:00.000,2026-04-09 06:03:09.862,2026-04-09 06:03:09.862
"56950f03c9b94832bba4186f17fbf635",FWWMNW03001Q00104,129.046300,2026-04-09 05:54:00.000,2026-04-09 06:03:09.862,2026-04-09 06:03:09.862
efa9c03e29b94f29bc7fe9c166b92a42,FWWMNW04001Q00105,25.000000,2026-04-09 05:56:00.000,2026-04-09 06:03:09.862,2026-04-09 06:03:09.862
e2a5368ed532465cbf6bb209969d3e90,FWBDKN05002Q00105,22.786000,2026-04-09 06:05:00.000,2026-04-09 06:13:27.134,2026-04-09 06:13:27.134
"23f7a906c6474e259fa479dadff0412b",FWBDKN05002Q00103,0.056000,2026-04-09 06:05:00.000,2026-04-09 06:13:27.134,2026-04-09 06:13:27.134
d8e41197774a4fb7801c0791f7e6b3d2,FWWMNW04001Q00102,8.033000,2026-04-09 06:14:00.000,2026-04-09 06:23:28.923,2026-04-09 06:23:28.923
cc95e1dfd2c44ba3a1c10030b1fd09da,FWWMNW04001Q00103,0.186000,2026-04-09 06:14:00.000,2026-04-09 06:23:28.923,2026-04-09 06:23:28.923
"4592c937ffaa4fd2982c5cbc8af22f92",FWWMNW03001Q00104,128.941100,2026-04-09 06:14:00.000,2026-04-09 06:23:28.923,2026-04-09 06:23:28.923
"10f459cdcd5a4e4db8c310e0e1921aa8",FWBDKN05002Q00105,22.776000,2026-04-09 02:28:00.000,2026-04-09 02:38:25.028,2026-04-09 02:38:25.028
"8f2acf9dc0d84a4d9d48c435667380ad",FWBDKN05002Q00102,0.568000,2026-04-09 02:29:00.000,2026-04-09 02:38:25.028,2026-04-09 02:38:25.028
dbf74555307e4572af0c399567569fb6,FWBDKN05002Q00103,0.054000,2026-04-09 02:28:00.000,2026-04-09 02:38:25.028,2026-04-09 02:38:25.028
"878eb1eb1e494f2fa44d9c012bb49ef9",FWWMNW04001Q00102,8.021000,2026-04-09 02:58:00.000,2026-04-09 03:08:26.156,2026-04-09 03:08:26.156
"16d861f721ab45eaa8bfd9b3d5ea960a",FWWMNW04001Q00103,0.223000,2026-04-09 02:58:00.000,2026-04-09 03:08:26.156,2026-04-09 03:08:26.156
ac82d2d974cb4262836ae00b850cd388,FWWMNW03001Q00104,128.811500,2026-04-09 02:58:00.000,2026-04-09 03:08:26.156,2026-04-09 03:08:26.156
"1823862646594a339b1ca3145cd3b5f1",FWBDKN05002Q00102,0.557000,2026-04-09 03:07:00.000,2026-04-09 03:18:27.391,2026-04-09 03:18:27.391
aeedddbf3f994a6d98481c5f18709b73,FWWMNW03001Q00103,0.050000,2026-04-09 03:10:00.000,2026-04-09 03:18:27.391,2026-04-09 03:18:27.391
f25a61adb2374dc18985c05d9bb74ac9,FWWMNW03001Q00103,0.060000,2026-04-09 03:27:00.000,2026-04-09 03:38:25.507,2026-04-09 03:38:25.507
"17234ab8a8304a7ca3698c4012651f42",FWWMNW04001Q00105,25.000000,2026-04-09 03:29:00.000,2026-04-09 03:38:25.507,2026-04-09 03:38:25.507
"8a8cd00b4fe64439989ef6a4edca30d4",FWBDKN05002Q00105,22.774000,2026-04-09 03:41:00.000,2026-04-09 03:48:10.613,2026-04-09 03:48:10.613
"14d55ed9c7f74a9cbd43b819a1c4a5fb",FWBDKN05002Q00102,0.551000,2026-04-09 03:39:00.000,2026-04-09 03:48:10.613,2026-04-09 03:48:10.613
"2fa37ce4524340c79cf8c772e3871249",FWBDKN05002Q00103,0.054000,2026-04-09 03:41:00.000,2026-04-09 03:48:10.613,2026-04-09 03:48:10.613
"3254b2415568442e9e3535efb29b254d",FWWMNW04001Q00102,8.026000,2026-04-09 03:48:00.000,2026-04-09 03:58:25.336,2026-04-09 03:58:25.336
"1663c0c065f9425ba6cb580d8d64a153",FWWMNW04001Q00103,0.208000,2026-04-09 03:48:00.000,2026-04-09 03:58:25.336,2026-04-09 03:58:25.336
"469b3c5a6d494d8a8421d8b1af22dcb2",FWWMNW03001Q00104,128.866200,2026-04-09 03:48:00.000,2026-04-09 03:58:25.336,2026-04-09 03:58:25.336
"94dfff3d4bd546b18add419be9bb89d6",FWWMNW04001Q00105,25.000000,2026-04-09 03:46:00.000,2026-04-09 03:58:25.336,2026-04-09 03:58:25.336
"7f08f5555aa14c43b246ebd8a6d7273b",FWBDKN05002Q00105,22.776000,2026-04-09 03:58:00.000,2026-04-09 04:08:26.520,2026-04-09 04:08:26.520
"87e8fa152e084b30a00cfdbb3a66114c",FWWMNW04001Q00102,8.027000,2026-04-09 03:58:00.000,2026-04-09 04:08:26.520,2026-04-09 04:08:26.520
d2092c896a674293a003dda66eaf50c9,FWWMNW04001Q00103,0.206000,2026-04-09 03:58:00.000,2026-04-09 04:08:26.520,2026-04-09 04:08:26.520
"09e2ad379cee42b4ac7852de75f92967",FWBDKN05002Q00102,0.546000,2026-04-09 04:00:00.000,2026-04-09 04:08:26.520,2026-04-09 04:08:26.520
"469ac104a3c2417a9f20697210a3dad5",FWWMNW03001Q00103,0.068000,2026-04-09 03:56:00.000,2026-04-09 04:08:26.520,2026-04-09 04:08:26.520
d5415d0f555542479b4e9ba3629699ce,FWBDKN05002Q00103,0.056000,2026-04-09 03:58:00.000,2026-04-09 04:08:26.520,2026-04-09 04:08:26.520
c9f06839344f48ea8a7e4be3490d611b,FWWMNW03001Q00104,128.870900,2026-04-09 03:58:00.000,2026-04-09 04:08:26.520,2026-04-09 04:08:26.520
"43801116c3f745dfa80f4fb355125f0f",FWWMNW04001Q00102,8.028000,2026-04-09 04:17:00.000,2026-04-09 04:28:09.624,2026-04-09 04:28:09.624
"6e63d48a3474437e9a4db810e2963a7c",FWWMNW04001Q00103,0.225000,2026-04-09 04:17:00.000,2026-04-09 04:28:09.624,2026-04-09 04:28:09.624
"491bacce952e4a108ca5ffd4c9fd801c",FWWMNW03001Q00104,128.894900,2026-04-09 04:17:00.000,2026-04-09 04:28:09.624,2026-04-09 04:28:09.624
c70e184f887b4d63971b9243300ef77d,FWWMNW03001Q00103,0.057000,2026-04-09 04:30:00.000,2026-04-09 04:38:25.431,2026-04-09 04:38:25.431
"57b003e8d1ae4e95a71f1d18d3499719",FWBDKN05002Q00102,0.537000,2026-04-09 04:40:00.000,2026-04-09 04:48:10.754,2026-04-09 04:48:10.754
"374d448e607d4340bc2c3c3fe2421c6a",FWWMNW04001Q00102,8.026000,2026-04-09 04:49:00.000,2026-04-09 04:58:10.262,2026-04-09 04:58:10.262
d0d5586e01c84b57ba1b925376463767,FWWMNW04001Q00103,0.243000,2026-04-09 04:49:00.000,2026-04-09 04:58:10.262,2026-04-09 04:58:10.262
"07b25b25891f49a1810b5dd5ab150474",FWWMNW03001Q00103,0.059000,2026-04-09 04:46:00.000,2026-04-09 04:58:10.262,2026-04-09 04:58:10.262
"761a01859cbb4c2abef10416ed7808c6",FWWMNW03001Q00104,128.910400,2026-04-09 04:49:00.000,2026-04-09 04:58:10.262,2026-04-09 04:58:10.262
"2fc8af12631f4dc29081a2779c59263a",FWWMNW04001Q00102,8.026000,2026-04-09 05:08:00.000,2026-04-09 05:18:10.752,2026-04-09 05:18:10.752
c708d4dab5094acabdb65de180022263,FWWMNW04001Q00103,0.216000,2026-04-09 05:08:00.000,2026-04-09 05:18:10.752,2026-04-09 05:18:10.752
"3128d4fb0a1242f4ac63ec5b9ca7ba60",FWWMNW03001Q00104,128.908300,2026-04-09 05:08:00.000,2026-04-09 05:18:10.752,2026-04-09 05:18:10.752
"6d2e4870a1ba40bbbe3df642ec09cd41",FWBDKN05002Q00105,22.788000,2026-04-09 05:17:00.000,2026-04-09 05:28:09.584,2026-04-09 05:28:09.584
"0b7d421185be45da938ba5c9671c55d1",FWWMNW03001Q00103,0.058000,2026-04-09 05:20:00.000,2026-04-09 05:28:09.584,2026-04-09 05:28:09.584
"1ddf428292ce43629fb19eb7638ca4ac",FWBDKN05002Q00103,0.054000,2026-04-09 05:17:00.000,2026-04-09 05:28:09.584,2026-04-09 05:28:09.584
f33df95cb9e04d2b94eaada4c27e4abe,FWWMNW04001Q00102,8.030000,2026-04-09 05:37:00.000,2026-04-09 05:48:10.887,2026-04-09 05:48:10.887
fe208c324e854472892420866a02f9b3,FWWMNW04001Q00103,0.206000,2026-04-09 05:37:00.000,2026-04-09 05:48:10.887,2026-04-09 05:48:10.887
"1e601e1ef29448cd90af8889f393acb5",FWWMNW03001Q00104,128.913800,2026-04-09 05:37:00.000,2026-04-09 05:48:10.887,2026-04-09 05:48:10.887
"64be5da910984ad3854cacfef1165aa5",FWWMNW04001Q00105,25.000000,2026-04-09 05:39:00.000,2026-04-09 05:48:10.887,2026-04-09 05:48:10.887
dac22d804e4642a5a66cfbbb523f99a6,FWBDKN05002Q00105,22.775000,2026-04-09 05:50:00.000,2026-04-09 05:58:10.407,2026-04-09 05:58:10.407
"24cc8687b1de49a1b5f5e6f2ff4480d9",FWBDKN05002Q00102,0.525000,2026-04-09 05:49:00.000,2026-04-09 05:58:10.407,2026-04-09 05:58:10.407
e84eebabe23d4689b4e484f3f76feccb,FWBDKN05002Q00103,0.056000,2026-04-09 05:50:00.000,2026-04-09 05:58:10.407,2026-04-09 05:58:10.407
"8caf61a92e0b4908b5a4d799f9ae0f97",FWBDKN05002Q00102,0.514000,2026-04-09 06:07:00.000,2026-04-09 06:18:10.837,2026-04-09 06:18:10.837
"4eb57c63398a400ab0326411c92dc0f3",FWWMNW03001Q00103,0.050000,2026-04-09 06:10:00.000,2026-04-09 06:18:10.837,2026-04-09 06:18:10.837
c2776aa086ce46bab2cffc8e11ca0436,FWWMNW04001Q00105,25.000000,2026-04-09 06:12:00.000,2026-04-09 06:23:28.923,2026-04-09 06:23:28.923
a894c2d208714a98b39ade5db6aef39d,FWBDKN05002Q00105,22.964000,2026-04-09 11:02:00.000,2026-04-09 11:13:29.413,2026-04-09 11:13:29.413
"265348c0377e47e2830747d407851d02",FWBDKN05002Q00103,0.056000,2026-04-09 11:02:00.000,2026-04-09 11:13:29.413,2026-04-09 11:13:29.413
"1430ce19234748f39aef0c72899cbc75",FWWMNW04001Q00102,7.947000,2026-04-09 11:12:00.000,2026-04-09 11:23:12.440,2026-04-09 11:23:12.440
"0aed4026764147dc91c1273de5cc5ecc",FWWMNW04001Q00103,0.181000,2026-04-09 11:12:00.000,2026-04-09 11:23:12.440,2026-04-09 11:23:12.440
"9a61d79cbf89445ebb014ad8dd1adaf3",FWBDKN05002Q00102,0.415000,2026-04-09 11:15:00.000,2026-04-09 11:23:12.440,2026-04-09 11:23:12.440
"332e3beb20e149caaf87dad92710574b",FWWMNW03001Q00104,128.051400,2026-04-09 11:12:00.000,2026-04-09 11:23:12.440,2026-04-09 11:23:12.440
"70192c24b9ff4298b7be4318ad281814",FWWMNW04001Q00105,25.100000,2026-04-09 11:11:00.000,2026-04-09 11:23:12.440,2026-04-09 11:23:12.440
"68f8c16fbe834801a8a18b405d8ffca5",FWWMNW04001Q00102,7.947000,2026-04-09 11:30:00.000,2026-04-09 11:38:12.162,2026-04-09 11:38:12.162
"5535ca0849d9462b93071f0258662c41",FWWMNW04001Q00103,0.204000,2026-04-09 11:30:00.000,2026-04-09 11:38:12.162,2026-04-09 11:38:12.162
"9842d71f42134ab4bbc4fa8437d00185",FWWMNW03001Q00103,0.056000,2026-04-09 11:25:00.000,2026-04-09 11:38:12.162,2026-04-09 11:38:12.162
"2559d08deab24fb4acbbf7f2654ce9dd",FWWMNW03001Q00104,127.816900,2026-04-09 11:30:00.000,2026-04-09 11:38:12.162,2026-04-09 11:38:12.162
"282dc6e8cabe462cb9fa0340ed7a7d44",FWWMNW04001Q00105,25.150000,2026-04-09 11:28:00.000,2026-04-09 11:38:12.162,2026-04-09 11:38:12.162
"496324ceaa864fc0b3abb60b3e4295ce",FWBDKN05002Q00102,0.431000,2026-04-09 11:31:00.000,2026-04-09 11:43:12.143,2026-04-09 11:43:12.143
"16d8682008c348828cec3e1a8b0895f5",FWWMNW03001Q00103,0.067000,2026-04-09 06:27:00.000,2026-04-09 06:38:11.381,2026-04-09 06:38:11.381
"7d641419476b4f17898ee54e4f559118",FWWMNW04001Q00105,25.000000,2026-04-09 06:29:00.000,2026-04-09 06:38:11.381,2026-04-09 06:38:11.381
"2b5b29d2099c451ebcd33e2081b4ca8b",FWBDKN05002Q00105,22.798000,2026-04-09 06:40:00.000,2026-04-09 06:48:11.687,2026-04-09 06:48:11.687
ad85b9b485874fc3800f754a8d3b9711,FWBDKN05002Q00102,0.486000,2026-04-09 06:39:00.000,2026-04-09 06:48:11.687,2026-04-09 06:48:11.687
a93f855ad150434d873586337e2fd584,FWBDKN05002Q00103,0.058000,2026-04-09 06:40:00.000,2026-04-09 06:48:11.687,2026-04-09 06:48:11.687
"48256ede54db4b029faa591e31d3e2a2",FWWMNW04001Q00102,8.037000,2026-04-09 06:49:00.000,2026-04-09 06:58:27.630,2026-04-09 06:58:27.630
"622dc9f7de1a4cf3aa5adb6dd7aba5b8",FWWMNW04001Q00103,0.212000,2026-04-09 06:49:00.000,2026-04-09 06:58:27.630,2026-04-09 06:58:27.630
"698fcc8a60a24806ab37943ba46d285b",FWBDKN05002Q00102,0.481000,2026-04-09 06:51:00.000,2026-04-09 06:58:27.630,2026-04-09 06:58:27.630
e97e4ea6b27f4d5c975afacb8f726e2c,FWWMNW03001Q00103,0.056000,2026-04-09 06:46:00.000,2026-04-09 06:58:27.630,2026-04-09 06:58:27.630
aa2d8fb92f2d470d9b200a27f715de9e,FWWMNW03001Q00104,129.067000,2026-04-09 06:49:00.000,2026-04-09 06:58:27.630,2026-04-09 06:58:27.630
"8887bbabbc274a429d799f819cea66dc",FWWMNW04001Q00102,8.038000,2026-04-09 06:59:00.000,2026-04-09 07:08:27.376,2026-04-09 07:08:27.376
c1aef1a2386b408597cd5d53b994d9ae,FWWMNW04001Q00103,0.205000,2026-04-09 06:59:00.000,2026-04-09 07:08:27.376,2026-04-09 07:08:27.376
ca5e16c766c24b4a8067f00176eb7cb1,FWWMNW03001Q00103,0.054000,2026-04-09 06:55:00.000,2026-04-09 07:08:27.376,2026-04-09 07:08:27.376
"43599258154c46749ec9dc9581cc2cb0",FWWMNW03001Q00104,129.166400,2026-04-09 06:59:00.000,2026-04-09 07:08:27.376,2026-04-09 07:08:27.376
"0eb4c1650ecd4e81932039e6da2193f8",FWWMNW04001Q00105,25.000000,2026-04-09 06:57:00.000,2026-04-09 07:08:27.376,2026-04-09 07:08:27.376
d0324b15fa394d90bb8c7e13dd02645f,FWWMNW03001Q00103,0.046000,2026-04-09 07:19:00.000,2026-04-09 07:28:10.835,2026-04-09 07:28:10.835
"699f881fdd604de6a85ce083188b04d3",FWBDKN05002Q00105,22.797000,2026-04-09 07:27:00.000,2026-04-09 07:38:12.070,2026-04-09 07:38:12.070
"2ead3110a84e4a8096fec07fc2881c9e",FWBDKN05002Q00102,0.458000,2026-04-09 07:28:00.000,2026-04-09 07:38:12.070,2026-04-09 07:38:12.070
b834d61c87bc4f05a2a83224ca2edd43,FWBDKN05002Q00103,0.057000,2026-04-09 07:27:00.000,2026-04-09 07:38:12.070,2026-04-09 07:38:12.070
"3e5decb0f7674dd2a00ef7bacbaa8cdd",FWBDKN05002Q00105,22.806000,2026-04-09 07:58:00.000,2026-04-09 08:08:29.430,2026-04-09 08:08:29.430
fe45305e029d4b78a631c112bed27178,FWWMNW04001Q00102,8.035000,2026-04-09 08:01:00.000,2026-04-09 08:08:29.430,2026-04-09 08:08:29.430
acc293999b43433db2c409b2de79f179,FWWMNW04001Q00103,0.187000,2026-04-09 08:01:00.000,2026-04-09 08:08:29.430,2026-04-09 08:08:29.430
a002a8193e1b4d76b1225796fcfa68a5,FWBDKN05002Q00102,0.442000,2026-04-09 07:57:00.000,2026-04-09 08:08:29.430,2026-04-09 08:08:29.430
ef3d0c6219b64cf2bff90de98c4a7b23,FWWMNW04001Q00104,176.544000,2026-04-09 00:04:00.000,2026-04-09 00:13:23.851,2026-04-09 00:13:23.851
c232b4ec2aa141769a8729078cdd6061,FWWMNW04001Q00104,176.181000,2026-04-09 00:24:00.000,2026-04-09 00:33:09.162,2026-04-09 00:33:09.162
"8a6348c058424103a17f22514cb77643",FWWMNW04001Q00104,175.732600,2026-04-09 00:39:00.000,2026-04-09 00:48:25.518,2026-04-09 00:48:25.518
"81e59408a7694505b890a8310e8e984b",FWWMNW04001Q00104,175.862400,2026-04-09 00:59:00.000,2026-04-09 01:08:09.457,2026-04-09 01:08:09.457
f62226fe692e431d982341a9c6acd97d,FWWMNW04001Q00104,175.714900,2026-04-09 01:15:00.000,2026-04-09 01:23:09.722,2026-04-09 01:23:09.722
d20bf71a26ef43e0926c9db4cf10efcd,FWWMNW04001Q00104,175.962200,2026-04-09 01:32:00.000,2026-04-09 01:43:09.069,2026-04-09 01:43:09.069
d91ff4fc616c4639aef516d9efca4e57,FWWMNW04001Q00104,175.999000,2026-04-09 01:49:00.000,2026-04-09 01:58:26.168,2026-04-09 01:58:26.168
"4442d9064cd245548acc091a610af96e",FWWMNW04001Q00104,175.937800,2026-04-09 02:05:00.000,2026-04-09 02:13:09.019,2026-04-09 02:13:09.019
"5ea37c24797f4bb6b4c3b732d3c28d75",FWWMNW04001Q00104,175.914000,2026-04-09 02:24:00.000,2026-04-09 02:33:27.228,2026-04-09 02:33:27.228
"15797050d5e241929498ddb3afd75eea",FWWMNW04001Q00104,175.840500,2026-04-09 02:41:00.000,2026-04-09 02:48:26.413,2026-04-09 02:48:26.413
"4f771d2563484c00b61d1307ca832a57",FWWMNW04001Q00104,175.911100,2026-04-09 02:58:00.000,2026-04-09 03:08:26.156,2026-04-09 03:08:26.156
dd55b2d64e9c45929b5565d8759f96a1,FWWMNW04001Q00104,176.165200,2026-04-09 03:14:00.000,2026-04-09 03:23:26.271,2026-04-09 03:23:26.271
d265eeef99a64e7c8939f3a23d4739ba,FWWMNW04001Q00104,176.175300,2026-04-09 03:31:00.000,2026-04-09 03:43:09.326,2026-04-09 03:43:09.326
"023b6e0d207e4bb8866e46f04e9aefd2",FWWMNW04001Q00104,176.065500,2026-04-09 03:48:00.000,2026-04-09 03:58:25.336,2026-04-09 03:58:25.336
"4c3bce8a965f4597bc45958a114a2c5d",FWWMNW04001Q00104,176.216900,2026-04-09 03:58:00.000,2026-04-09 04:08:26.520,2026-04-09 04:08:26.520
bbed60c8050b43db9dc279b2e910271d,FWWMNW04001Q00104,176.308800,2026-04-09 04:03:00.000,2026-04-09 04:13:09.343,2026-04-09 04:13:09.343
c22d2f65fd614bb7838b3373c468e0fe,FWWMNW04001Q00104,176.246400,2026-04-09 04:17:00.000,2026-04-09 04:28:09.624,2026-04-09 04:28:09.624
"9e30d03c7d8140b79f55311c97f7899a",FWWMNW04001Q00104,176.340600,2026-04-09 04:34:00.000,2026-04-09 04:43:09.951,2026-04-09 04:43:09.951
b6761c52ff084148ad8e77d0cc3d92d1,FWWMNW04001Q00104,176.359600,2026-04-09 04:49:00.000,2026-04-09 04:58:10.262,2026-04-09 04:58:10.262
f73bbffa74c44a8e82e9fe124bd2f615,FWWMNW04001Q00104,176.412700,2026-04-09 05:08:00.000,2026-04-09 05:18:10.752,2026-04-09 05:18:10.752
"24399d25e3ba4af5923626186acab8f6",FWWMNW04001Q00104,176.612200,2026-04-09 05:22:00.000,2026-04-09 05:33:26.748,2026-04-09 05:33:26.748
"377da2f65b8e49778090b3016c087f1a",FWWMNW04001Q00104,176.810400,2026-04-09 05:37:00.000,2026-04-09 05:48:10.887,2026-04-09 05:48:10.887
"572757c83c4a4cc8a8529970ffea4960",FWWMNW04001Q00104,176.695200,2026-04-09 05:54:00.000,2026-04-09 06:03:09.862,2026-04-09 06:03:09.862
fb4270a545aa460087d8ba1b0fc7c552,FWWMNW04001Q00104,176.874000,2026-04-09 06:14:00.000,2026-04-09 06:23:28.923,2026-04-09 06:23:28.923
"915c1c9a1bdc4013adc5b0e6b61bb1b8",FWWMNW04001Q00104,176.843100,2026-04-09 06:31:00.000,2026-04-09 06:43:11.141,2026-04-09 06:43:11.141
da4d9f47c819476192d1688fbd3f1207,FWWMNW04001Q00104,176.754000,2026-04-09 06:49:00.000,2026-04-09 06:58:27.630,2026-04-09 06:58:27.630
"9f932bbf13ff4fd0b34cd4a042474050",FWWMNW04001Q00104,176.879600,2026-04-09 06:59:00.000,2026-04-09 07:08:27.376,2026-04-09 07:08:27.376
"549d7fa6a2264b7da39c84c9b4d94ab4",FWWMNW04001Q00104,177.292300,2026-04-09 07:23:00.000,2026-04-09 07:33:27.940,2026-04-09 07:33:27.940
a60a3b524d254d1b99384975591adaad,FWWMNW04001Q00104,177.364600,2026-04-09 07:41:00.000,2026-04-09 07:48:27.799,2026-04-09 07:48:27.799
e04e1d39439a4f37b722d953031612a9,FWWMNW04001Q00104,177.672600,2026-04-09 08:01:00.000,2026-04-09 08:08:29.430,2026-04-09 08:08:29.430
"0fb2119a1b7b4d0584e10309610298f0",FWWMNW04001Q00104,178.045500,2026-04-09 08:07:00.000,2026-04-09 08:18:10.807,2026-04-09 08:18:10.807
"4bca7aead86d4a118f47eae5fe3de609",FWWMNW04001Q00104,178.372700,2026-04-09 08:23:00.000,2026-04-09 08:33:27.725,2026-04-09 08:33:27.725
"5e1ee43805d64fa2bb98a495831812b0",FWWMNW04001Q00104,178.326000,2026-04-09 08:38:00.000,2026-04-09 08:48:11.927,2026-04-09 08:48:11.927
"7340629ba96f4879adafc0fc10c51dc3",FWWMNW04001Q00104,178.449900,2026-04-09 09:00:00.000,2026-04-09 09:08:29.445,2026-04-09 09:08:29.445
b83de247569a47c99cd653dda6c3f351,FWWMNW04001Q00104,178.554200,2026-04-09 09:14:00.000,2026-04-09 09:23:28.643,2026-04-09 09:23:28.643
f41c532ebe24477e83b6a1dc8f41101f,FWWMNW04001Q00104,178.675300,2026-04-09 09:33:00.000,2026-04-09 09:43:12.021,2026-04-09 09:43:12.021
ce725c9926774dada60f1867d177c640,FWWMNW04001Q00104,178.778600,2026-04-09 09:52:00.000,2026-04-09 10:03:12.294,2026-04-09 10:03:12.294
"31b067c7729a4562b454374b1bdbd487",FWWMNW04001Q00104,178.693200,2026-04-09 10:08:00.000,2026-04-09 10:18:11.610,2026-04-09 10:18:11.610
"149fcea80d97481f889eb65a123965e1",FWWMNW04001Q00104,179.133500,2026-04-09 10:27:00.000,2026-04-09 10:38:13.036,2026-04-09 10:38:13.036
eb431604262140d7a0b67a1f438fc9bc,FWWMNW04001Q00104,178.972200,2026-04-09 10:42:00.000,2026-04-09 10:53:29.400,2026-04-09 10:53:29.400
"389f8e775dc6478a8ca548883d30f1d5",FWWMNW04001Q00104,179.034600,2026-04-09 10:54:00.000,2026-04-09 11:03:11.540,2026-04-09 11:03:11.540
"0644063a0e5a4e3ebd8e79ad7bd061ff",FWWMNW04001Q00104,178.845000,2026-04-09 11:12:00.000,2026-04-09 11:23:12.440,2026-04-09 11:23:12.440
b66a2d8d43c14540b658e2552464993f,FWWMNW04001Q00104,178.764300,2026-04-09 11:30:00.000,2026-04-09 11:38:12.162,2026-04-09 11:38:12.162
d14101b0c0af4d13a5bcb2ab0c1feca3,FWWMNW03001Q00103,0.074000,2026-04-09 07:59:00.000,2026-04-09 08:08:29.430,2026-04-09 08:08:29.430
"26b4554026da411d94e62bf18fe6b05f",FWBDKN05002Q00103,0.056000,2026-04-09 07:58:00.000,2026-04-09 08:08:29.430,2026-04-09 08:08:29.430
"1d5154e1a606490bb4bf310cd118ba30",FWWMNW03001Q00104,129.075400,2026-04-09 08:01:00.000,2026-04-09 08:08:29.430,2026-04-09 08:08:29.430
"6ca5a2e5135746669db083e5c4ae4c70",FWWMNW04001Q00105,25.000000,2026-04-09 08:01:00.000,2026-04-09 08:08:29.430,2026-04-09 08:08:29.430
"5c654f1adcbb43ac8f639f0ae3bf7664",FWBDKN05002Q00105,22.816000,2026-04-09 08:10:00.000,2026-04-09 08:18:10.807,2026-04-09 08:18:10.807
"0c9609764c614121877e17feb27c77b5",FWWMNW04001Q00102,8.033000,2026-04-09 08:07:00.000,2026-04-09 08:18:10.807,2026-04-09 08:18:10.807
"5e1306a1ec1348c0a0a88b63475e922b",FWWMNW04001Q00103,0.200000,2026-04-09 08:07:00.000,2026-04-09 08:18:10.807,2026-04-09 08:18:10.807
fc913c5fd3ee4a7d80fe79393d94afc6,FWBDKN05002Q00103,0.059000,2026-04-09 08:10:00.000,2026-04-09 08:18:10.807,2026-04-09 08:18:10.807
ad7dbd5aca5049acb2ebf0a001a86418,FWWMNW03001Q00104,129.041500,2026-04-09 08:07:00.000,2026-04-09 08:18:10.807,2026-04-09 08:18:10.807
"6155e85f29ff4d2e995c98ce7b13213a",FWWMNW04001Q00102,8.024000,2026-04-09 08:38:00.000,2026-04-09 08:48:11.927,2026-04-09 08:48:11.927
"5a841b0054cc475a850188c8962727fd",FWWMNW04001Q00103,0.204000,2026-04-09 08:38:00.000,2026-04-09 08:48:11.927,2026-04-09 08:48:11.927
"242540c071f6429c95d9b793d2e5bdb1",FWWMNW03001Q00103,0.057000,2026-04-09 08:36:00.000,2026-04-09 08:48:11.927,2026-04-09 08:48:11.927
af1518f1ebd54c16bbd428d4da949309,FWWMNW03001Q00104,129.350900,2026-04-09 08:38:00.000,2026-04-09 08:48:11.927,2026-04-09 08:48:11.927
"975a69609a1e4d2cae1c03c6d991aef1",FWWMNW04001Q00105,25.000000,2026-04-09 08:40:00.000,2026-04-09 08:48:11.927,2026-04-09 08:48:11.927
b9837f0e445742a8b7b77dbc27b2c940,FWWMNW04001Q00102,8.015000,2026-04-09 09:00:00.000,2026-04-09 09:08:29.445,2026-04-09 09:08:29.445
"93deda3130e24da594166694d73c6787",FWWMNW04001Q00103,0.203000,2026-04-09 09:00:00.000,2026-04-09 09:08:29.445,2026-04-09 09:08:29.445
"56aabe0bb1024ec79d95a7f8c0048004",FWWMNW03001Q00103,0.065000,2026-04-09 08:55:00.000,2026-04-09 09:08:29.445,2026-04-09 09:08:29.445
d6bf6cbc70c24255b7221be9e8d87c38,FWWMNW03001Q00104,129.565400,2026-04-09 09:00:00.000,2026-04-09 09:08:29.445,2026-04-09 09:08:29.445
"72ac3cc323cd4d6aa82e31dc7444a3d2",FWWMNW04001Q00105,25.100000,2026-04-09 08:58:00.000,2026-04-09 09:08:29.445,2026-04-09 09:08:29.445
bab5a40f36ff42bbabc271e20b748ce6,FWWMNW03001Q00103,0.054000,2026-04-09 09:10:00.000,2026-04-09 09:23:28.643,2026-04-09 09:23:28.643
"492973a6482547c9a53d24e2d8e7e7db",FWWMNW03001Q00104,129.446500,2026-04-09 09:14:00.000,2026-04-09 09:23:28.643,2026-04-09 09:23:28.643
"43273f90ab244ca29b33961fc4cb15f9",FWWMNW04001Q00105,25.100000,2026-04-09 09:13:00.000,2026-04-09 09:23:28.643,2026-04-09 09:23:28.643
"6bd00009b052496ab4279c3cfca3cebd",FWBDKN05002Q00105,22.897000,2026-04-09 09:26:00.000,2026-04-09 09:33:29.890,2026-04-09 09:33:29.890
f96f10654796422fa34ce61c0a98002d,FWBDKN05002Q00102,0.426000,2026-04-09 09:25:00.000,2026-04-09 09:33:29.890,2026-04-09 09:33:29.890
"245f5b98e12347bd81d93ba9323ae0b2",FWBDKN05002Q00103,0.055000,2026-04-09 09:26:00.000,2026-04-09 09:33:29.890,2026-04-09 09:33:29.890
d51fe528855e47fa9f3f5430a7bb9180,FWWMNW04001Q00102,7.999000,2026-04-09 09:33:00.000,2026-04-09 09:43:12.021,2026-04-09 09:43:12.021
"5e6ddb4fe33348488ea068917c27bde5",FWWMNW04001Q00103,0.182000,2026-04-09 09:33:00.000,2026-04-09 09:43:12.021,2026-04-09 09:43:12.021
ca87edcad1024383b403c1ec9999043d,FWWMNW03001Q00103,0.061000,2026-04-09 09:30:00.000,2026-04-09 09:43:12.021,2026-04-09 09:43:12.021
"200a76f45248419a946282c2f77b6cad",FWWMNW03001Q00104,129.300600,2026-04-09 09:33:00.000,2026-04-09 09:43:12.021,2026-04-09 09:43:12.021
c6adbf66fc484bc9aae76024ab094a5c,FWWMNW04001Q00105,25.100000,2026-04-09 09:34:00.000,2026-04-09 09:43:12.021,2026-04-09 09:43:12.021
ab71e993e7f24c47b9cb80178a333093,FWBDKN05002Q00105,22.897000,2026-04-09 09:44:00.000,2026-04-09 09:53:12.379,2026-04-09 09:53:12.379
"187a33fe4d4c4a7ca1f99cadf5de377c",FWBDKN05002Q00103,0.057000,2026-04-09 09:44:00.000,2026-04-09 09:53:12.379,2026-04-09 09:53:12.379
a83b2462898447a9969f6b31058c23cb,FWWMNW04001Q00102,7.978000,2026-04-09 09:52:00.000,2026-04-09 10:03:12.294,2026-04-09 10:03:12.294
"17a5bd077f444f998ef75f563af0c66e",FWWMNW04001Q00103,0.190000,2026-04-09 09:52:00.000,2026-04-09 10:03:12.294,2026-04-09 10:03:12.294
"4acb3555d9424e049186c80d630fb8b3",FWWMNW03001Q00104,129.184700,2026-04-09 09:52:00.000,2026-04-09 10:03:12.294,2026-04-09 10:03:12.294
"19607c6a98834fdb88d16ed169e2c7a2",FWWMNW04001Q00102,7.972000,2026-04-09 10:08:00.000,2026-04-09 10:18:11.610,2026-04-09 10:18:11.610
"1cef61b83aa4417797a92ed923d63dad",FWWMNW04001Q00103,0.188000,2026-04-09 10:08:00.000,2026-04-09 10:18:11.610,2026-04-09 10:18:11.610
"6cf518e6de844399888d2c61d7b19c26",FWWMNW03001Q00103,0.063000,2026-04-09 10:05:00.000,2026-04-09 10:18:11.610,2026-04-09 10:18:11.610
"320d7bec05b9469ab56b62b3340aab4b",FWWMNW03001Q00104,129.087400,2026-04-09 10:08:00.000,2026-04-09 10:18:11.610,2026-04-09 10:18:11.610
"6f300bd3d474469fb6360145dda13746",FWWMNW04001Q00105,25.100000,2026-04-09 10:09:00.000,2026-04-09 10:18:11.610,2026-04-09 10:18:11.610
"5577e25f15044587b87ac9c189f84fbe",FWBDKN05002Q00105,22.903000,2026-04-09 10:19:00.000,2026-04-09 10:28:12.568,2026-04-09 10:28:12.568
b744fc1a153444a3ad7c3fbc729d1b71,FWBDKN05002Q00102,0.431000,2026-04-09 10:17:00.000,2026-04-09 10:28:12.568,2026-04-09 10:28:12.568
"0f6fe142189d49dcbd65d237b25e84b9",FWBDKN05002Q00103,0.053000,2026-04-09 10:19:00.000,2026-04-09 10:28:12.568,2026-04-09 10:28:12.568
"20d6f9eed0364ba5901ff9f731a216d4",FWWMNW03001Q00103,0.061000,2026-04-09 10:22:00.000,2026-04-09 10:33:29.040,2026-04-09 10:33:29.040
"713262affb724d11983a14272e405be4",FWWMNW04001Q00105,25.100000,2026-04-09 10:25:00.000,2026-04-09 10:33:29.040,2026-04-09 10:33:29.040
"73fcaf33b8bd460395d20abe236e0306",FWBDKN05002Q00105,22.930000,2026-04-09 10:36:00.000,2026-04-09 10:43:12.775,2026-04-09 10:43:12.775
e5053394f9d14b14854eee428d45129e,FWBDKN05002Q00102,0.431000,2026-04-09 10:35:00.000,2026-04-09 10:43:12.775,2026-04-09 10:43:12.775
"3f45e829a66442399d559dcd2f6e620f",FWBDKN05002Q00103,0.055000,2026-04-09 10:36:00.000,2026-04-09 10:43:12.775,2026-04-09 10:43:12.775
"81efcb0b91b8424c812f34a02539ec1f",FWWMNW04001Q00102,7.951000,2026-04-09 10:42:00.000,2026-04-09 10:53:29.400,2026-04-09 10:53:29.400
"4246259e64094d90814e7b6458761b98",FWWMNW04001Q00103,0.173000,2026-04-09 10:42:00.000,2026-04-09 10:53:29.400,2026-04-09 10:53:29.400
dff98ed665844fbfb2048239abfa6cf6,FWWMNW03001Q00104,128.739200,2026-04-09 10:42:00.000,2026-04-09 10:53:29.400,2026-04-09 10:53:29.400
"8787fcd2dba84ebb97ec8bbab744d309",FWWMNW04001Q00105,25.175000,2026-04-09 10:44:00.000,2026-04-09 10:53:29.400,2026-04-09 10:53:29.400
"5d841cc14b7f434dab739fc9332a71e4",FWWMNW04001Q00102,7.946000,2026-04-09 10:54:00.000,2026-04-09 11:03:11.540,2026-04-09 11:03:11.540
"354ee4c0362f4a97b7b28bf6841ae07f",FWBDKN05002Q00102,0.431000,2026-04-09 09:41:00.000,2026-04-09 09:48:28.410,2026-04-09 09:48:28.410
"60961db0d73f4c75937252bcc74620bd",FWWMNW03001Q00103,0.060000,2026-04-09 09:47:00.000,2026-04-09 09:58:11.996,2026-04-09 09:58:11.996
"49fd8f1844d44f9ca8172a7fff63c2e6",FWWMNW04001Q00105,25.100000,2026-04-09 09:50:00.000,2026-04-09 09:58:11.996,2026-04-09 09:58:11.996
cfbb68263cb643aa90a1fa749b4143a5,FWBDKN05002Q00105,22.899000,2026-04-09 10:01:00.000,2026-04-09 10:08:28.332,2026-04-09 10:08:28.332
aec1cd94a9934f35a86c592a029f2670,FWBDKN05002Q00102,0.426000,2026-04-09 10:00:00.000,2026-04-09 10:08:28.332,2026-04-09 10:08:28.332
"9ba29bd3303e48889a8d9a5b69efa339",FWBDKN05002Q00103,0.054000,2026-04-09 10:01:00.000,2026-04-09 10:08:28.332,2026-04-09 10:08:28.332
"799d7816367a4872b29493d3bfa3ee74",FWWMNW04001Q00102,7.954000,2026-04-09 10:27:00.000,2026-04-09 10:38:13.036,2026-04-09 10:38:13.036
"4899d33457a74686842a95bce3e2aed3",FWWMNW04001Q00103,0.173000,2026-04-09 10:27:00.000,2026-04-09 10:38:13.036,2026-04-09 10:38:13.036
b322ae8e7785453c86e04c329f65d351,FWWMNW03001Q00104,128.833100,2026-04-09 10:27:00.000,2026-04-09 10:38:13.036,2026-04-09 10:38:13.036
"3af2973ecccc4d0eac6866fa5371b33d",FWWMNW03001Q00103,0.057000,2026-04-09 10:40:00.000,2026-04-09 10:48:11.837,2026-04-09 10:48:11.837
"66c62b35b2694e13b036585b58505742",FWWMNW04001Q00103,0.170000,2026-04-09 10:54:00.000,2026-04-09 11:03:11.540,2026-04-09 11:03:11.540
"83334f8a21724518b26d9d53c6510685",FWWMNW03001Q00103,0.060000,2026-04-09 10:51:00.000,2026-04-09 11:03:11.540,2026-04-09 11:03:11.540
"3495efda3eea4ca8aa8bacb054c09cc5",FWWMNW03001Q00104,128.401800,2026-04-09 10:54:00.000,2026-04-09 11:03:11.540,2026-04-09 11:03:11.540
"17f31dc40f494a51a81c169cefaa3bdd",FWBDKN05002Q00102,0.428000,2026-04-09 10:59:00.000,2026-04-09 11:08:12.608,2026-04-09 11:08:12.608
"4ab999b0b2b8403cbb58f6e88d8e8862",FWWMNW04001Q00105,25.150000,2026-04-09 10:56:00.000,2026-04-09 11:08:12.608,2026-04-09 11:08:12.608
c0ec6cc7b4a9414195d1dd8d40ab8e1e,FWWMNW03001Q00103,0.064000,2026-04-09 11:08:00.000,2026-04-09 11:18:11.699,2026-04-09 11:18:11.699
"421eb2530e274ceb8160da6a5cbaa7bc",FWBDKN05002Q00105,23.020000,2026-04-09 11:19:00.000,2026-04-09 11:28:12.461,2026-04-09 11:28:12.461
"52f47417e41b4896ae07c1ce777a1586",FWBDKN05002Q00103,0.054000,2026-04-09 11:19:00.000,2026-04-09 11:28:12.461,2026-04-09 11:28:12.461
b311787d2ead4fd783479fb14402cc0a,FWBDKN05002Q00105,23.031000,2026-04-09 11:36:00.000,2026-04-09 11:48:29.759,2026-04-09 11:48:29.759
c4289865031b4c64bdb267ddb7b42a05,FWBDKN05002Q00103,0.052000,2026-04-09 11:36:00.000,2026-04-09 11:48:29.759,2026-04-09 11:48:29.759
