"statistical_year","region_abbr","inter_item_code","item_value","dm_update_time","dm_load_time"
"2001",HKI,US_TP_000001,16207.00000,2026-08-14 14:43:26.118,2026-08-14 14:43:26.118
"2009",HKI,US_TP_000001,159797.00000,2026-08-14 14:43:26.118,2026-08-14 14:43:26.118
"2015",HKI,US_TP_000001,379744.00000,2026-08-14 14:43:26.118,2026-08-14 14:43:26.118
"2020",HKI,US_TP_000001,544779.00000,2026-08-14 14:43:26.118,2026-08-14 14:43:26.118
"2001",HKI,US_TP_000002,1359.00000,2026-08-14 14:43:26.118,2026-08-14 14:43:26.118
"2009",HKI,US_TP_000002,8136.00000,2026-08-14 14:43:26.118,2026-08-14 14:43:26.118
"2015",HKI,US_TP_000002,20159.00000,2026-08-14 14:43:26.118,2026-08-14 14:43:26.118
"2020",HKI,US_TP_000002,26559.00000,2026-08-14 14:43:26.118,2026-08-14 14:43:26.118
"2001",HKI,US_TP_000003,234.00000,2026-08-14 14:43:26.118,2026-08-14 14:43:26.118
"2009",HKI,US_TP_000003,1644.00000,2026-08-14 14:43:26.118,2026-08-14 14:43:26.118
"2015",HKI,US_TP_000003,3541.00000,2026-08-14 14:43:26.118,2026-08-14 14:43:26.118
"2020",HKI,US_TP_000003,4465.00000,2026-08-14 14:43:26.118,2026-08-14 14:43:26.118
"2001",HKI,US_TP_000004,1178.00000,2026-08-14 14:43:26.118,2026-08-14 14:43:26.118
"2009",HKI,US_TP_000004,4062.00000,2026-08-14 14:43:26.118,2026-08-14 14:43:26.118
"2015",HKI,US_TP_000004,10298.00000,2026-08-14 14:43:26.118,2026-08-14 14:43:26.118
"2020",HKI,US_TP_000004,15642.00000,2026-08-14 14:43:26.118,2026-08-14 14:43:26.118
"2001",HKI,US_TP_000005,216.00000,2026-08-14 14:43:26.118,2026-08-14 14:43:26.118
"2009",HKI,US_TP_000005,1503.00000,2026-08-14 14:43:26.118,2026-08-14 14:43:26.118
"2015",HKI,US_TP_000005,5390.00000,2026-08-14 14:43:26.118,2026-08-14 14:43:26.118
"2020",HKI,US_TP_000005,9171.00000,2026-08-14 14:43:26.118,2026-08-14 14:43:26.118
"2001",HKI,US_TP_000006,251.00000,2026-08-14 14:43:26.118,2026-08-14 14:43:26.118
"2009",HKI,US_TP_000006,930.00000,2026-08-14 14:43:26.118,2026-08-14 14:43:26.118
"2015",HKI,US_TP_000006,2811.00000,2026-08-14 14:43:26.118,2026-08-14 14:43:26.118
"2020",HKI,US_TP_000006,4364.00000,2026-08-14 14:43:26.118,2026-08-14 14:43:26.118
"2001",HKI,US_TP_000008,66.00000,2026-08-14 14:43:26.118,2026-08-14 14:43:26.118
"2009",HKI,US_TP_000008,216.00000,2026-08-14 14:43:26.118,2026-08-14 14:43:26.118
"2015",HKI,US_TP_000008,422.00000,2026-08-14 14:43:26.118,2026-08-14 14:43:26.118
"2020",HKI,US_TP_000008,469.00000,2026-08-14 14:43:26.118,2026-08-14 14:43:26.118
"2001",HKI,US_TP_000009,5.00000,2026-08-14 14:43:26.118,2026-08-14 14:43:26.118
"2009",HKI,US_TP_000009,31.00000,2026-08-14 14:43:26.118,2026-08-14 14:43:26.118
"2015",HKI,US_TP_000009,111.00000,2026-08-14 14:43:26.118,2026-08-14 14:43:26.118
"2020",HKI,US_TP_000009,166.00000,2026-08-14 14:43:26.118,2026-08-14 14:43:26.118
"2007",NTE,US_TP_000001,86366.00000,2026-08-14 14:43:26.118,2026-08-14 14:43:26.118
"2007",NTE,US_TP_000002,1824.00000,2026-08-14 14:43:26.118,2026-08-14 14:43:26.118
"2007",NTE,US_TP_000003,837.00000,2026-08-14 14:43:26.118,2026-08-14 14:43:26.118
"2007",NTE,US_TP_000004,1388.00000,2026-08-14 14:43:26.118,2026-08-14 14:43:26.118
"2007",NTE,US_TP_000005,706.00000,2026-08-14 14:43:26.118,2026-08-14 14:43:26.118
"2007",NTE,US_TP_000006,788.00000,2026-08-14 14:43:26.118,2026-08-14 14:43:26.118
"2007",NTE,US_TP_000008,23.00000,2026-08-14 14:43:26.118,2026-08-14 14:43:26.118
"2007",NTE,US_TP_000009,8.00000,2026-08-14 14:43:26.118,2026-08-14 14:43:26.118
"2001",HKSAR,US_TP_000005,766.00000,2026-08-14 14:43:26.118,2026-08-14 14:43:26.118
"2020",HKSAR,US_TP_000006,17850.00000,2026-08-14 14:43:26.118,2026-08-14 14:43:26.118
"2001",HKSAR,US_TP_000001,77489.00000,2026-08-14 14:43:26.118,2026-08-14 14:43:26.118
"2007",HKSAR,US_TP_000004,5659.00000,2026-08-14 14:43:26.118,2026-08-14 14:43:26.118
"2001",HKSAR,US_TP_000008,106.00000,2026-08-14 14:43:26.118,2026-08-14 14:43:26.118
"2007",HKSAR,US_TP_000006,2275.00000,2026-08-14 14:43:26.118,2026-08-14 14:43:26.118
"2020",HKSAR,US_TP_000002,109509.00000,2026-08-14 14:43:26.118,2026-08-14 14:43:26.118
"2015",HKSAR,US_TP_000004,35629.00000,2026-08-14 14:43:26.118,2026-08-14 14:43:26.118
"2007",HKSAR,US_TP_000001,308431.00000,2026-08-14 14:43:26.118,2026-08-14 14:43:26.118
"2007",HKSAR,US_TP_000005,2360.00000,2026-08-14 14:43:26.118,2026-08-14 14:43:26.118
"2015",HKSAR,US_TP_000003,29653.00000,2026-08-14 14:43:26.118,2026-08-14 14:43:26.118
"2001",HKSAR,US_TP_000006,1084.00000,2026-08-14 14:43:26.118,2026-08-14 14:43:26.118
"2020",HKSAR,US_TP_000001,2870851.00000,2026-08-14 14:43:26.118,2026-08-14 14:43:26.118
"2001",HKSAR,US_TP_000004,2050.00000,2026-08-14 14:43:26.118,2026-08-14 14:43:26.118
"2001",HKSAR,US_TP_000003,1574.00000,2026-08-14 14:43:26.118,2026-08-14 14:43:26.118
"2007",HKSAR,US_TP_000008,206.00000,2026-08-14 14:43:26.118,2026-08-14 14:43:26.118
"2007",HKSAR,US_TP_000009,54.00000,2026-08-14 14:43:26.118,2026-08-14 14:43:26.118
"2009",HKSAR,US_TP_000002,28263.00000,2026-08-14 14:43:26.118,2026-08-14 14:43:26.118
"2020",HKSAR,US_TP_000003,41124.00000,2026-08-14 14:43:26.118,2026-08-14 14:43:26.118
"2009",HKSAR,US_TP_000008,391.00000,2026-08-14 14:43:26.118,2026-08-14 14:43:26.118
"2015",HKSAR,US_TP_000001,1976859.00000,2026-08-14 14:43:26.118,2026-08-14 14:43:26.118
"2020",HKSAR,US_TP_000004,55875.00000,2026-08-14 14:43:26.118,2026-08-14 14:43:26.118
"2020",HKSAR,US_TP_000008,892.00000,2026-08-14 14:43:26.118,2026-08-14 14:43:26.118
"2015",HKSAR,US_TP_000006,11061.00000,2026-08-14 14:43:26.118,2026-08-14 14:43:26.118
"2009",HKSAR,US_TP_000003,11493.00000,2026-08-14 14:43:26.118,2026-08-14 14:43:26.118
"2015",HKSAR,US_TP_000005,17857.00000,2026-08-14 14:43:26.118,2026-08-14 14:43:26.118
"2015",HKSAR,US_TP_000008,744.00000,2026-08-14 14:43:26.118,2026-08-14 14:43:26.118
"2020",HKSAR,US_TP_000009,312.00000,2026-08-14 14:43:26.118,2026-08-14 14:43:26.118
"2015",HKSAR,US_TP_000002,74950.00000,2026-08-14 14:43:26.118,2026-08-14 14:43:26.118
"2009",HKSAR,US_TP_000006,3960.00000,2026-08-14 14:43:26.118,2026-08-14 14:43:26.118
"2009",HKSAR,US_TP_000009,85.00000,2026-08-14 14:43:26.118,2026-08-14 14:43:26.118
"2009",HKSAR,US_TP_000004,12091.00000,2026-08-14 14:43:26.118,2026-08-14 14:43:26.118
"2007",HKI,US_TP_000001,87155.00000,2026-08-14 14:43:26.118,2026-08-14 14:43:26.118
"2007",HKI,US_TP_000002,2978.00000,2026-08-14 14:43:26.118,2026-08-14 14:43:26.118
"2007",HKI,US_TP_000003,529.00000,2026-08-14 14:43:26.118,2026-08-14 14:43:26.118
"2007",HKI,US_TP_000004,2636.00000,2026-08-14 14:43:26.118,2026-08-14 14:43:26.118
"2007",HKI,US_TP_000005,674.00000,2026-08-14 14:43:26.118,2026-08-14 14:43:26.118
"2007",HKI,US_TP_000006,525.00000,2026-08-14 14:43:26.118,2026-08-14 14:43:26.118
"2007",HKI,US_TP_000008,125.00000,2026-08-14 14:43:26.118,2026-08-14 14:43:26.118
"2007",HKI,US_TP_000009,14.00000,2026-08-14 14:43:26.118,2026-08-14 14:43:26.118
"2015",NTE,US_TP_000001,515564.00000,2026-08-14 14:43:26.118,2026-08-14 14:43:26.118
"2015",NTE,US_TP_000002,10318.00000,2026-08-14 14:43:26.118,2026-08-14 14:43:26.118
"2015",NTE,US_TP_000003,5747.00000,2026-08-14 14:43:26.118,2026-08-14 14:43:26.118
"2015",NTE,US_TP_000004,9949.00000,2026-08-14 14:43:26.118,2026-08-14 14:43:26.118
"2015",NTE,US_TP_000005,4680.00000,2026-08-14 14:43:26.118,2026-08-14 14:43:26.118
"2015",NTE,US_TP_000006,3234.00000,2026-08-14 14:43:26.118,2026-08-14 14:43:26.118
"2015",NTE,US_TP_000008,75.00000,2026-08-14 14:43:26.118,2026-08-14 14:43:26.118
"2015",NTE,US_TP_000009,23.00000,2026-08-14 14:43:26.118,2026-08-14 14:43:26.118
"2001",K,US_TP_000001,20381.00000,2026-08-14 14:43:26.118,2026-08-14 14:43:26.118
"2009",K,US_TP_000001,170714.00000,2026-08-14 14:43:26.118,2026-08-14 14:43:26.118
"2015",K,US_TP_000001,565865.00000,2026-08-14 14:43:26.118,2026-08-14 14:43:26.118
"2020",K,US_TP_000001,874091.00000,2026-08-14 14:43:26.118,2026-08-14 14:43:26.118
"2001",K,US_TP_000002,2245.00000,2026-08-14 14:43:26.118,2026-08-14 14:43:26.118
"2009",K,US_TP_000002,9662.00000,2026-08-14 14:43:26.118,2026-08-14 14:43:26.118
"2015",K,US_TP_000002,27974.00000,2026-08-14 14:43:26.118,2026-08-14 14:43:26.118
"2020",K,US_TP_000002,44889.00000,2026-08-14 14:43:26.118,2026-08-14 14:43:26.118
"2001",K,US_TP_000003,532.00000,2026-08-14 14:43:26.118,2026-08-14 14:43:26.118
"2009",K,US_TP_000003,2100.00000,2026-08-14 14:43:26.118,2026-08-14 14:43:26.118
"2015",K,US_TP_000003,6274.00000,2026-08-14 14:43:26.118,2026-08-14 14:43:26.118
"2020",K,US_TP_000003,9994.00000,2026-08-14 14:43:26.118,2026-08-14 14:43:26.118
"2001",K,US_TP_000004,86.00000,2026-08-14 14:43:26.118,2026-08-14 14:43:26.118
"2009",K,US_TP_000004,433.00000,2026-08-14 14:43:26.118,2026-08-14 14:43:26.118
"2015",K,US_TP_000004,1147.00000,2026-08-14 14:43:26.118,2026-08-14 14:43:26.118
"2020",K,US_TP_000004,1679.00000,2026-08-14 14:43:26.118,2026-08-14 14:43:26.118
"2001",K,US_TP_000005,182.00000,2026-08-14 14:43:26.118,2026-08-14 14:43:26.118
"2009",K,US_TP_000005,1174.00000,2026-08-14 14:43:26.118,2026-08-14 14:43:26.118
"2015",K,US_TP_000005,4191.00000,2026-08-14 14:43:26.118,2026-08-14 14:43:26.118
"2020",K,US_TP_000005,8277.00000,2026-08-14 14:43:26.118,2026-08-14 14:43:26.118
"2001",K,US_TP_000006,181.00000,2026-08-14 14:43:26.118,2026-08-14 14:43:26.118
"2009",K,US_TP_000006,738.00000,2026-08-14 14:43:26.118,2026-08-14 14:43:26.118
"2015",K,US_TP_000006,2235.00000,2026-08-14 14:43:26.118,2026-08-14 14:43:26.118
"2020",K,US_TP_000006,4007.00000,2026-08-14 14:43:26.118,2026-08-14 14:43:26.118
"2001",K,US_TP_000008,2.00000,2026-08-14 14:43:26.118,2026-08-14 14:43:26.118
"2009",K,US_TP_000008,40.00000,2026-08-14 14:43:26.118,2026-08-14 14:43:26.118
"2015",K,US_TP_000008,47.00000,2026-08-14 14:43:26.118,2026-08-14 14:43:26.118
"2020",K,US_TP_000008,55.00000,2026-08-14 14:43:26.118,2026-08-14 14:43:26.118
"2001",K,US_TP_000009,7.00000,2026-08-14 14:43:26.118,2026-08-14 14:43:26.118
"2009",K,US_TP_000009,16.00000,2026-08-14 14:43:26.118,2026-08-14 14:43:26.118
"2015",K,US_TP_000009,33.00000,2026-08-14 14:43:26.118,2026-08-14 14:43:26.118
"2020",K,US_TP_000009,43.00000,2026-08-14 14:43:26.118,2026-08-14 14:43:26.118
"2001",NTW,US_TP_000001,16280.00000,2026-08-14 14:43:26.118,2026-08-14 14:43:26.118
"2009",NTW,US_TP_000001,178300.00000,2026-08-14 14:43:26.118,2026-08-14 14:43:26.118
"2015",NTW,US_TP_000001,515686.00000,2026-08-14 14:43:26.118,2026-08-14 14:43:26.118
"2020",NTW,US_TP_000001,727591.00000,2026-08-14 14:43:26.118,2026-08-14 14:43:26.118
"2001",NTW,US_TP_000002,734.00000,2026-08-14 14:43:26.118,2026-08-14 14:43:26.118
"2009",NTW,US_TP_000002,7069.00000,2026-08-14 14:43:26.118,2026-08-14 14:43:26.118
"2015",NTW,US_TP_000002,16499.00000,2026-08-14 14:43:26.118,2026-08-14 14:43:26.118
"2020",NTW,US_TP_000002,23355.00000,2026-08-14 14:43:26.118,2026-08-14 14:43:26.118
"2001",NTW,US_TP_000003,531.00000,2026-08-14 14:43:26.118,2026-08-14 14:43:26.118
"2009",NTW,US_TP_000003,5983.00000,2026-08-14 14:43:26.118,2026-08-14 14:43:26.118
"2015",NTW,US_TP_000003,14091.00000,2026-08-14 14:43:26.118,2026-08-14 14:43:26.118
"2020",NTW,US_TP_000003,19489.00000,2026-08-14 14:43:26.118,2026-08-14 14:43:26.118
"2001",NTW,US_TP_000004,445.00000,2026-08-14 14:43:26.118,2026-08-14 14:43:26.118
"2009",NTW,US_TP_000004,4479.00000,2026-08-14 14:43:26.118,2026-08-14 14:43:26.118
"2015",NTW,US_TP_000004,14235.00000,2026-08-14 14:43:26.118,2026-08-14 14:43:26.118
"2020",NTW,US_TP_000004,22196.00000,2026-08-14 14:43:26.118,2026-08-14 14:43:26.118
"2001",NTW,US_TP_000005,144.00000,2026-08-14 14:43:26.118,2026-08-14 14:43:26.118
"2009",NTW,US_TP_000005,1088.00000,2026-08-14 14:43:26.118,2026-08-14 14:43:26.118
"2015",NTW,US_TP_000005,3596.00000,2026-08-14 14:43:26.118,2026-08-14 14:43:26.118
"2020",NTW,US_TP_000005,6547.00000,2026-08-14 14:43:26.118,2026-08-14 14:43:26.118
"2001",NTW,US_TP_000006,242.00000,2026-08-14 14:43:26.118,2026-08-14 14:43:26.118
"2009",NTW,US_TP_000006,1085.00000,2026-08-14 14:43:26.118,2026-08-14 14:43:26.118
"2015",NTW,US_TP_000006,2781.00000,2026-08-14 14:43:26.118,2026-08-14 14:43:26.118
"2020",NTW,US_TP_000006,4487.00000,2026-08-14 14:43:26.118,2026-08-14 14:43:26.118
"2001",NTW,US_TP_000008,31.00000,2026-08-14 14:43:26.118,2026-08-14 14:43:26.118
"2009",NTW,US_TP_000008,102.00000,2026-08-14 14:43:26.118,2026-08-14 14:43:26.118
"2015",NTW,US_TP_000008,200.00000,2026-08-14 14:43:26.118,2026-08-14 14:43:26.118
"2020",NTW,US_TP_000008,263.00000,2026-08-14 14:43:26.118,2026-08-14 14:43:26.118
"2001",NTW,US_TP_000009,11.00000,2026-08-14 14:43:26.118,2026-08-14 14:43:26.118
"2009",NTW,US_TP_000009,25.00000,2026-08-14 14:43:26.118,2026-08-14 14:43:26.118
"2015",NTW,US_TP_000009,49.00000,2026-08-14 14:43:26.118,2026-08-14 14:43:26.118
"2020",NTW,US_TP_000009,72.00000,2026-08-14 14:43:26.118,2026-08-14 14:43:26.118
"2007",HKSAR,US_TP_000003,4261.00000,2026-08-14 14:43:26.118,2026-08-14 14:43:26.118
"2009",HKSAR,US_TP_000005,5271.00000,2026-08-14 14:43:26.118,2026-08-14 14:43:26.118
"2009",HKSAR,US_TP_000001,699471.00000,2026-08-14 14:43:26.118,2026-08-14 14:43:26.118
"2007",HKSAR,US_TP_000002,12472.00000,2026-08-14 14:43:26.118,2026-08-14 14:43:26.118
"2015",HKSAR,US_TP_000009,216.00000,2026-08-14 14:43:26.118,2026-08-14 14:43:26.118
"2020",HKSAR,US_TP_000005,32254.00000,2026-08-14 14:43:26.118,2026-08-14 14:43:26.118
"2001",HKSAR,US_TP_000009,28.00000,2026-08-14 14:43:26.118,2026-08-14 14:43:26.118
"2001",HKSAR,US_TP_000002,5052.00000,2026-08-14 14:43:26.118,2026-08-14 14:43:26.118
"2007",K,US_TP_000001,67518.00000,2026-08-14 14:43:26.118,2026-08-14 14:43:26.118
"2007",K,US_TP_000002,5374.00000,2026-08-14 14:43:26.118,2026-08-14 14:43:26.118
"2007",K,US_TP_000003,1201.00000,2026-08-14 14:43:26.118,2026-08-14 14:43:26.118
"2007",K,US_TP_000004,201.00000,2026-08-14 14:43:26.118,2026-08-14 14:43:26.118
"2007",K,US_TP_000005,501.00000,2026-08-14 14:43:26.118,2026-08-14 14:43:26.118
"2007",K,US_TP_000006,351.00000,2026-08-14 14:43:26.118,2026-08-14 14:43:26.118
"2007",K,US_TP_000008,2.00000,2026-08-14 14:43:26.118,2026-08-14 14:43:26.118
"2007",K,US_TP_000009,12.00000,2026-08-14 14:43:26.118,2026-08-14 14:43:26.118
"2001",NTE,US_TP_000001,24621.00000,2026-08-14 14:43:26.118,2026-08-14 14:43:26.118
"2009",NTE,US_TP_000001,190660.00000,2026-08-14 14:43:26.118,2026-08-14 14:43:26.118
"2020",NTE,US_TP_000001,724390.00000,2026-08-14 14:43:26.118,2026-08-14 14:43:26.118
"2001",NTE,US_TP_000002,714.00000,2026-08-14 14:43:26.118,2026-08-14 14:43:26.118
"2009",NTE,US_TP_000002,3396.00000,2026-08-14 14:43:26.118,2026-08-14 14:43:26.118
"2020",NTE,US_TP_000002,14706.00000,2026-08-14 14:43:26.118,2026-08-14 14:43:26.118
"2001",NTE,US_TP_000003,277.00000,2026-08-14 14:43:26.118,2026-08-14 14:43:26.118
"2009",NTE,US_TP_000003,1766.00000,2026-08-14 14:43:26.118,2026-08-14 14:43:26.118
"2020",NTE,US_TP_000003,7176.00000,2026-08-14 14:43:26.118,2026-08-14 14:43:26.118
"2001",NTE,US_TP_000004,341.00000,2026-08-14 14:43:26.118,2026-08-14 14:43:26.118
"2009",NTE,US_TP_000004,3117.00000,2026-08-14 14:43:26.118,2026-08-14 14:43:26.118
"2020",NTE,US_TP_000004,16358.00000,2026-08-14 14:43:26.118,2026-08-14 14:43:26.118
"2001",NTE,US_TP_000005,224.00000,2026-08-14 14:43:26.118,2026-08-14 14:43:26.118
"2009",NTE,US_TP_000005,1506.00000,2026-08-14 14:43:26.118,2026-08-14 14:43:26.118
"2020",NTE,US_TP_000005,8259.00000,2026-08-14 14:43:26.118,2026-08-14 14:43:26.118
"2001",NTE,US_TP_000006,410.00000,2026-08-14 14:43:26.118,2026-08-14 14:43:26.118
"2009",NTE,US_TP_000006,1207.00000,2026-08-14 14:43:26.118,2026-08-14 14:43:26.118
"2020",NTE,US_TP_000006,4992.00000,2026-08-14 14:43:26.118,2026-08-14 14:43:26.118
"2001",NTE,US_TP_000008,7.00000,2026-08-14 14:43:26.118,2026-08-14 14:43:26.118
"2009",NTE,US_TP_000008,33.00000,2026-08-14 14:43:26.118,2026-08-14 14:43:26.118
"2020",NTE,US_TP_000008,105.00000,2026-08-14 14:43:26.118,2026-08-14 14:43:26.118
"2001",NTE,US_TP_000009,5.00000,2026-08-14 14:43:26.118,2026-08-14 14:43:26.118
"2009",NTE,US_TP_000009,13.00000,2026-08-14 14:43:26.118,2026-08-14 14:43:26.118
"2020",NTE,US_TP_000009,31.00000,2026-08-14 14:43:26.118,2026-08-14 14:43:26.118
"2007",NTW,US_TP_000001,67392.00000,2026-08-14 14:43:26.118,2026-08-14 14:43:26.118
"2007",NTW,US_TP_000002,2296.00000,2026-08-14 14:43:26.118,2026-08-14 14:43:26.118
"2007",NTW,US_TP_000003,1694.00000,2026-08-14 14:43:26.118,2026-08-14 14:43:26.118
"2007",NTW,US_TP_000004,1434.00000,2026-08-14 14:43:26.118,2026-08-14 14:43:26.118
"2007",NTW,US_TP_000005,479.00000,2026-08-14 14:43:26.118,2026-08-14 14:43:26.118
"2007",NTW,US_TP_000006,611.00000,2026-08-14 14:43:26.118,2026-08-14 14:43:26.118
"2007",NTW,US_TP_000008,56.00000,2026-08-14 14:43:26.118,2026-08-14 14:43:26.118
"2007",NTW,US_TP_000009,20.00000,2026-08-14 14:43:26.118,2026-08-14 14:43:26.118
"2003",K,US_TP_000001,29326.00000,2026-08-14 14:43:26.118,2026-08-14 14:43:26.118
"2004",K,US_TP_000001,32409.00000,2026-08-14 14:43:26.118,2026-08-14 14:43:26.118
"2006",K,US_TP_000001,42086.00000,2026-08-14 14:43:26.118,2026-08-14 14:43:26.118
"2017",K,US_TP_000001,726688.00000,2026-08-14 14:43:26.118,2026-08-14 14:43:26.118
"2018",K,US_TP_000001,777402.00000,2026-08-14 14:43:26.118,2026-08-14 14:43:26.118
"2022",K,US_TP_000001,928286.00000,2026-08-14 14:43:26.118,2026-08-14 14:43:26.118
"2003",K,US_TP_000002,2861.00000,2026-08-14 14:43:26.118,2026-08-14 14:43:26.118
"2004",K,US_TP_000002,3202.00000,2026-08-14 14:43:26.118,2026-08-14 14:43:26.118
"2006",K,US_TP_000002,4013.00000,2026-08-14 14:43:26.118,2026-08-14 14:43:26.118
"2017",K,US_TP_000002,36691.00000,2026-08-14 14:43:26.118,2026-08-14 14:43:26.118
"2018",K,US_TP_000002,41166.00000,2026-08-14 14:43:26.118,2026-08-14 14:43:26.118
"2022",K,US_TP_000002,48316.00000,2026-08-14 14:43:26.118,2026-08-14 14:43:26.118
"2003",K,US_TP_000003,655.00000,2026-08-14 14:43:26.118,2026-08-14 14:43:26.118
"2004",K,US_TP_000003,728.00000,2026-08-14 14:43:26.118,2026-08-14 14:43:26.118
"2006",K,US_TP_000003,962.00000,2026-08-14 14:43:26.118,2026-08-14 14:43:26.118
"2017",K,US_TP_000003,8497.00000,2026-08-14 14:43:26.118,2026-08-14 14:43:26.118
"2018",K,US_TP_000003,9361.00000,2026-08-14 14:43:26.118,2026-08-14 14:43:26.118
"2022",K,US_TP_000003,10696.00000,2026-08-14 14:43:26.118,2026-08-14 14:43:26.118
"2003",K,US_TP_000004,107.00000,2026-08-14 14:43:26.118,2026-08-14 14:43:26.118
"2004",K,US_TP_000004,119.00000,2026-08-14 14:43:26.118,2026-08-14 14:43:26.118
"2006",K,US_TP_000004,150.00000,2026-08-14 14:43:26.118,2026-08-14 14:43:26.118
"2017",K,US_TP_000004,1369.00000,2026-08-14 14:43:26.118,2026-08-14 14:43:26.118
"2018",K,US_TP_000004,1531.00000,2026-08-14 14:43:26.118,2026-08-14 14:43:26.118
"2022",K,US_TP_000004,1901.00000,2026-08-14 14:43:26.118,2026-08-14 14:43:26.118
"2003",K,US_TP_000005,229.00000,2026-08-14 14:43:26.118,2026-08-14 14:43:26.118
"2004",K,US_TP_000005,267.00000,2026-08-14 14:43:26.118,2026-08-14 14:43:26.118
"2006",K,US_TP_000005,366.00000,2026-08-14 14:43:26.118,2026-08-14 14:43:26.118
"2017",K,US_TP_000005,5699.00000,2026-08-14 14:43:26.118,2026-08-14 14:43:26.118
"2018",K,US_TP_000005,6744.00000,2026-08-14 14:43:26.118,2026-08-14 14:43:26.118
"2022",K,US_TP_000005,9584.00000,2026-08-14 14:43:26.118,2026-08-14 14:43:26.118
"2003",K,US_TP_000006,205.00000,2026-08-14 14:43:26.118,2026-08-14 14:43:26.118
"2004",K,US_TP_000006,225.00000,2026-08-14 14:43:26.118,2026-08-14 14:43:26.118
"2006",K,US_TP_000006,267.00000,2026-08-14 14:43:26.118,2026-08-14 14:43:26.118
"2017",K,US_TP_000006,2908.00000,2026-08-14 14:43:26.118,2026-08-14 14:43:26.118
"2018",K,US_TP_000006,3372.00000,2026-08-14 14:43:26.118,2026-08-14 14:43:26.118
"2022",K,US_TP_000006,4797.00000,2026-08-14 14:43:26.118,2026-08-14 14:43:26.118
"2003",K,US_TP_000008,2.00000,2026-08-14 14:43:26.118,2026-08-14 14:43:26.118
"2004",K,US_TP_000008,2.00000,2026-08-14 14:43:26.118,2026-08-14 14:43:26.118
"2006",K,US_TP_000008,2.00000,2026-08-14 14:43:26.118,2026-08-14 14:43:26.118
"2017",K,US_TP_000008,52.00000,2026-08-14 14:43:26.118,2026-08-14 14:43:26.118
"2018",K,US_TP_000008,53.00000,2026-08-14 14:43:26.118,2026-08-14 14:43:26.118
"2022",K,US_TP_000008,60.00000,2026-08-14 14:43:26.118,2026-08-14 14:43:26.118
"2003",K,US_TP_000009,8.00000,2026-08-14 14:43:26.118,2026-08-14 14:43:26.118
"2004",K,US_TP_000009,8.00000,2026-08-14 14:43:26.118,2026-08-14 14:43:26.118
"2006",K,US_TP_000009,11.00000,2026-08-14 14:43:26.118,2026-08-14 14:43:26.118
"2017",K,US_TP_000009,41.00000,2026-08-14 14:43:26.118,2026-08-14 14:43:26.118
"2018",K,US_TP_000009,42.00000,2026-08-14 14:43:26.118,2026-08-14 14:43:26.118
"2022",K,US_TP_000009,48.00000,2026-08-14 14:43:26.118,2026-08-14 14:43:26.118
"2003",NTW,US_TP_000001,20299.00000,2026-08-14 14:43:26.118,2026-08-14 14:43:26.118
"2004",NTW,US_TP_000001,22254.00000,2026-08-14 14:43:26.118,2026-08-14 14:43:26.118
"2006",NTW,US_TP_000001,40451.00000,2026-08-14 14:43:26.118,2026-08-14 14:43:26.118
"2017",NTW,US_TP_000001,624213.00000,2026-08-14 14:43:26.118,2026-08-14 14:43:26.118
"2018",NTW,US_TP_000001,655439.00000,2026-08-14 14:43:26.118,2026-08-14 14:43:26.118
"2022",NTW,US_TP_000001,787981.00000,2026-08-14 14:43:26.118,2026-08-14 14:43:26.118
"2003",NTW,US_TP_000002,1032.00000,2026-08-14 14:43:26.118,2026-08-14 14:43:26.118
"2004",NTW,US_TP_000002,1209.00000,2026-08-14 14:43:26.118,2026-08-14 14:43:26.118
"2006",NTW,US_TP_000002,1709.00000,2026-08-14 14:43:26.118,2026-08-14 14:43:26.118
"2017",NTW,US_TP_000002,20428.00000,2026-08-14 14:43:26.118,2026-08-14 14:43:26.118
"2018",NTW,US_TP_000002,21680.00000,2026-08-14 14:43:26.118,2026-08-14 14:43:26.118
"2022",NTW,US_TP_000002,24868.00000,2026-08-14 14:43:26.118,2026-08-14 14:43:26.118
"2003",NTW,US_TP_000003,746.00000,2026-08-14 14:43:26.118,2026-08-14 14:43:26.118
"2004",NTW,US_TP_000003,903.00000,2026-08-14 14:43:26.118,2026-08-14 14:43:26.118
"2006",NTW,US_TP_000003,1334.00000,2026-08-14 14:43:26.118,2026-08-14 14:43:26.118
"2017",NTW,US_TP_000003,17527.00000,2026-08-14 14:43:26.118,2026-08-14 14:43:26.118
"2018",NTW,US_TP_000003,18475.00000,2026-08-14 14:43:26.118,2026-08-14 14:43:26.118
"2022",NTW,US_TP_000003,20734.00000,2026-08-14 14:43:26.118,2026-08-14 14:43:26.118
"2003",NTW,US_TP_000004,626.00000,2026-08-14 14:43:26.118,2026-08-14 14:43:26.118
"2004",NTW,US_TP_000004,777.00000,2026-08-14 14:43:26.118,2026-08-14 14:43:26.118
"2006",NTW,US_TP_000004,1153.00000,2026-08-14 14:43:26.118,2026-08-14 14:43:26.118
"2017",NTW,US_TP_000004,18798.00000,2026-08-14 14:43:26.118,2026-08-14 14:43:26.118
"2018",NTW,US_TP_000004,20412.00000,2026-08-14 14:43:26.118,2026-08-14 14:43:26.118
"2022",NTW,US_TP_000004,23902.00000,2026-08-14 14:43:26.118,2026-08-14 14:43:26.118
"2003",NTW,US_TP_000005,217.00000,2026-08-14 14:43:26.118,2026-08-14 14:43:26.118
"2004",NTW,US_TP_000005,275.00000,2026-08-14 14:43:26.118,2026-08-14 14:43:26.118
"2019",HKI,US_TP_000001,521697.00000,2026-08-14 14:43:26.118,2026-08-14 14:43:26.118
"2019",HKI,US_TP_000002,25539.00000,2026-08-14 14:43:26.118,2026-08-14 14:43:26.118
"2019",HKI,US_TP_000003,4311.00000,2026-08-14 14:43:26.118,2026-08-14 14:43:26.118
"2019",HKI,US_TP_000004,14840.00000,2026-08-14 14:43:26.118,2026-08-14 14:43:26.118
"2019",HKI,US_TP_000005,8546.00000,2026-08-14 14:43:26.118,2026-08-14 14:43:26.118
"2019",HKI,US_TP_000006,4100.00000,2026-08-14 14:43:26.118,2026-08-14 14:43:26.118
"2019",HKI,US_TP_000008,461.00000,2026-08-14 14:43:26.118,2026-08-14 14:43:26.118
"2019",HKI,US_TP_000009,157.00000,2026-08-14 14:43:26.118,2026-08-14 14:43:26.118
"2021",K,US_TP_000001,896309.00000,2026-08-14 14:43:26.118,2026-08-14 14:43:26.118
"2025",K,US_TP_000001,979230.00000,2026-08-14 14:43:26.118,2026-08-14 14:43:26.118
"2021",K,US_TP_000002,46292.00000,2026-08-14 14:43:26.118,2026-08-14 14:43:26.118
"2025",K,US_TP_000002,50197.00000,2026-08-14 14:43:26.118,2026-08-14 14:43:26.118
"2021",K,US_TP_000003,10270.00000,2026-08-14 14:43:26.118,2026-08-14 14:43:26.118
"2025",K,US_TP_000003,11148.00000,2026-08-14 14:43:26.118,2026-08-14 14:43:26.118
"2021",K,US_TP_000004,1806.00000,2026-08-14 14:43:26.118,2026-08-14 14:43:26.118
"2025",K,US_TP_000004,1960.00000,2026-08-14 14:43:26.118,2026-08-14 14:43:26.118
"2021",K,US_TP_000005,8859.00000,2026-08-14 14:43:26.118,2026-08-14 14:43:26.118
"2025",K,US_TP_000005,10261.00000,2026-08-14 14:43:26.118,2026-08-14 14:43:26.118
"2021",K,US_TP_000006,4392.00000,2026-08-14 14:43:26.118,2026-08-14 14:43:26.118
"2025",K,US_TP_000006,5064.00000,2026-08-14 14:43:26.118,2026-08-14 14:43:26.118
"2021",K,US_TP_000008,58.00000,2026-08-14 14:43:26.118,2026-08-14 14:43:26.118
"2025",K,US_TP_000008,65.00000,2026-08-14 14:43:26.118,2026-08-14 14:43:26.118
"2021",K,US_TP_000009,45.00000,2026-08-14 14:43:26.118,2026-08-14 14:43:26.118
"2025",K,US_TP_000009,48.00000,2026-08-14 14:43:26.118,2026-08-14 14:43:26.118
"2006",NTE,US_TP_000001,41928.00000,2026-08-14 14:43:26.118,2026-08-14 14:43:26.118
"2018",NTE,US_TP_000001,645123.00000,2026-08-14 14:43:26.118,2026-08-14 14:43:26.118
"2022",NTE,US_TP_000001,780923.00000,2026-08-14 14:43:26.118,2026-08-14 14:43:26.118
"2006",NTE,US_TP_000002,1195.00000,2026-08-14 14:43:26.118,2026-08-14 14:43:26.118
"2018",NTE,US_TP_000002,13772.00000,2026-08-14 14:43:26.118,2026-08-14 14:43:26.118
"2022",NTE,US_TP_000002,15544.00000,2026-08-14 14:43:26.118,2026-08-14 14:43:26.118
"2006",NTE,US_TP_000003,497.00000,2026-08-14 14:43:26.118,2026-08-14 14:43:26.118
"2018",NTE,US_TP_000003,6754.00000,2026-08-14 14:43:26.118,2026-08-14 14:43:26.118
"2022",NTE,US_TP_000003,7642.00000,2026-08-14 14:43:26.118,2026-08-14 14:43:26.118
"2006",NTE,US_TP_000004,909.00000,2026-08-14 14:43:26.118,2026-08-14 14:43:26.118
"2018",NTE,US_TP_000004,14910.00000,2026-08-14 14:43:26.118,2026-08-14 14:43:26.118
"2022",NTE,US_TP_000004,17673.00000,2026-08-14 14:43:26.118,2026-08-14 14:43:26.118
"2006",NTE,US_TP_000005,499.00000,2026-08-14 14:43:26.118,2026-08-14 14:43:26.118
"2018",NTE,US_TP_000005,7048.00000,2026-08-14 14:43:26.118,2026-08-14 14:43:26.118
"2022",NTE,US_TP_000005,9310.00000,2026-08-14 14:43:26.118,2026-08-14 14:43:26.118
"2006",NTE,US_TP_000006,654.00000,2026-08-14 14:43:26.118,2026-08-14 14:43:26.118
"2018",NTE,US_TP_000006,4526.00000,2026-08-14 14:43:26.118,2026-08-14 14:43:26.118
"2022",NTE,US_TP_000006,5492.00000,2026-08-14 14:43:26.118,2026-08-14 14:43:26.118
"2006",NTE,US_TP_000008,20.00000,2026-08-14 14:43:26.118,2026-08-14 14:43:26.118
"2018",NTE,US_TP_000008,100.00000,2026-08-14 14:43:26.118,2026-08-14 14:43:26.118
"2022",NTE,US_TP_000008,111.00000,2026-08-14 14:43:26.118,2026-08-14 14:43:26.118
"2006",NTE,US_TP_000009,7.00000,2026-08-14 14:43:26.118,2026-08-14 14:43:26.118
"2018",NTE,US_TP_000009,27.00000,2026-08-14 14:43:26.118,2026-08-14 14:43:26.118
"2022",NTE,US_TP_000009,33.00000,2026-08-14 14:43:26.118,2026-08-14 14:43:26.118
"2021",NTW,US_TP_000001,752813.00000,2026-08-14 14:43:26.118,2026-08-14 14:43:26.118
"2025",NTW,US_TP_000001,875976.00000,2026-08-14 14:43:26.118,2026-08-14 14:43:26.118
"2000",HKI,US_TP_000009,4.00000,2026-08-14 14:43:26.118,2026-08-14 14:43:26.118
"2002",HKI,US_TP_000009,5.00000,2026-08-14 14:43:26.118,2026-08-14 14:43:26.118
"2005",HKI,US_TP_000009,10.00000,2026-08-14 14:43:26.118,2026-08-14 14:43:26.118
"2011",HKI,US_TP_000009,56.00000,2026-08-14 14:43:26.118,2026-08-14 14:43:26.118
"2023",HKI,US_TP_000009,195.00000,2026-08-14 14:43:26.118,2026-08-14 14:43:26.118
"2008",NTE,US_TP_000001,140920.00000,2026-08-14 14:43:26.118,2026-08-14 14:43:26.118
"2010",NTE,US_TP_000001,251578.00000,2026-08-14 14:43:26.118,2026-08-14 14:43:26.118
"2013",NTE,US_TP_000001,399273.00000,2026-08-14 14:43:26.118,2026-08-14 14:43:26.118
"2014",NTE,US_TP_000001,481292.00000,2026-08-14 14:43:26.118,2026-08-14 14:43:26.118
"2008",NTE,US_TP_000002,2654.00000,2026-08-14 14:43:26.118,2026-08-14 14:43:26.118
"2010",NTE,US_TP_000002,6137.00000,2026-08-14 14:43:26.118,2026-08-14 14:43:26.118
"2013",NTE,US_TP_000002,8286.00000,2026-08-14 14:43:26.118,2026-08-14 14:43:26.118
"2014",NTE,US_TP_000002,9926.00000,2026-08-14 14:43:26.118,2026-08-14 14:43:26.118
"2008",NTE,US_TP_000003,1215.00000,2026-08-14 14:43:26.118,2026-08-14 14:43:26.118
"2010",NTE,US_TP_000003,3529.00000,2026-08-14 14:43:26.118,2026-08-14 14:43:26.118
"2013",NTE,US_TP_000003,4504.00000,2026-08-14 14:43:26.118,2026-08-14 14:43:26.118
"2014",NTE,US_TP_000003,5508.00000,2026-08-14 14:43:26.118,2026-08-14 14:43:26.118
"2008",NTE,US_TP_000004,2170.00000,2026-08-14 14:43:26.118,2026-08-14 14:43:26.118
"2010",NTE,US_TP_000004,4258.00000,2026-08-14 14:43:26.118,2026-08-14 14:43:26.118
"2013",NTE,US_TP_000004,7314.00000,2026-08-14 14:43:26.118,2026-08-14 14:43:26.118
"2014",NTE,US_TP_000004,9430.00000,2026-08-14 14:43:26.118,2026-08-14 14:43:26.118
"2008",NTE,US_TP_000005,1081.00000,2026-08-14 14:43:26.118,2026-08-14 14:43:26.118
"2010",NTE,US_TP_000005,2121.00000,2026-08-14 14:43:26.118,2026-08-14 14:43:26.118
"2013",NTE,US_TP_000005,3415.00000,2026-08-14 14:43:26.118,2026-08-14 14:43:26.118
"2014",NTE,US_TP_000005,4305.00000,2026-08-14 14:43:26.118,2026-08-14 14:43:26.118
"2008",NTE,US_TP_000006,946.00000,2026-08-14 14:43:26.118,2026-08-14 14:43:26.118
"2010",NTE,US_TP_000006,1601.00000,2026-08-14 14:43:26.118,2026-08-14 14:43:26.118
"2013",NTE,US_TP_000006,2504.00000,2026-08-14 14:43:26.118,2026-08-14 14:43:26.118
"2014",NTE,US_TP_000006,3019.00000,2026-08-14 14:43:26.118,2026-08-14 14:43:26.118
"2008",NTE,US_TP_000008,27.00000,2026-08-14 14:43:26.118,2026-08-14 14:43:26.118
"2010",NTE,US_TP_000008,38.00000,2026-08-14 14:43:26.118,2026-08-14 14:43:26.118
"2013",NTE,US_TP_000008,55.00000,2026-08-14 14:43:26.118,2026-08-14 14:43:26.118
"2008",HKI,US_TP_000001,120016.00000,2026-08-14 14:43:26.118,2026-08-14 14:43:26.118
"2014",HKI,US_TP_000001,357112.00000,2026-08-14 14:43:26.118,2026-08-14 14:43:26.118
"2008",HKI,US_TP_000002,5154.00000,2026-08-14 14:43:26.118,2026-08-14 14:43:26.118
"2014",HKI,US_TP_000002,19217.00000,2026-08-14 14:43:26.118,2026-08-14 14:43:26.118
"2008",HKI,US_TP_000003,1232.00000,2026-08-14 14:43:26.118,2026-08-14 14:43:26.118
"2014",HKI,US_TP_000003,3416.00000,2026-08-14 14:43:26.118,2026-08-14 14:43:26.118
"2008",HKI,US_TP_000004,3252.00000,2026-08-14 14:43:26.118,2026-08-14 14:43:26.118
"2014",HKI,US_TP_000004,9549.00000,2026-08-14 14:43:26.118,2026-08-14 14:43:26.118
"2008",HKI,US_TP_000005,1007.00000,2026-08-14 14:43:26.118,2026-08-14 14:43:26.118
"2014",HKI,US_TP_000005,4846.00000,2026-08-14 14:43:26.118,2026-08-14 14:43:26.118
"2008",HKI,US_TP_000006,687.00000,2026-08-14 14:43:26.118,2026-08-14 14:43:26.118
"2014",HKI,US_TP_000006,2565.00000,2026-08-14 14:43:26.118,2026-08-14 14:43:26.118
"2008",HKI,US_TP_000008,205.00000,2026-08-14 14:43:26.118,2026-08-14 14:43:26.118
"2014",HKI,US_TP_000008,416.00000,2026-08-14 14:43:26.118,2026-08-14 14:43:26.118
"2008",HKI,US_TP_000009,23.00000,2026-08-14 14:43:26.118,2026-08-14 14:43:26.118
"2014",HKI,US_TP_000009,101.00000,2026-08-14 14:43:26.118,2026-08-14 14:43:26.118
"2010",K,US_TP_000001,235961.00000,2026-08-14 14:43:26.118,2026-08-14 14:43:26.118
"2013",K,US_TP_000001,407255.00000,2026-08-14 14:43:26.118,2026-08-14 14:43:26.118
"2026",HKI,US_TP_000002,30054.00000,2026-08-14 14:43:26.118,2026-08-14 13:46:14.063
"2026",HKI,US_TP_000004,18996.00000,2026-08-14 14:43:26.118,2026-08-14 13:46:14.063
"2026",HKI,US_TP_000005,11313.00000,2026-08-14 14:43:26.118,2026-08-14 13:46:14.063
"2026",K,US_TP_000002,50198.00000,2026-08-14 14:43:26.118,2026-08-14 13:46:14.063
"2026",K,US_TP_000004,1960.00000,2026-08-14 14:43:26.118,2026-08-14 13:46:14.063
"2026",K,US_TP_000005,10261.00000,2026-08-14 14:43:26.118,2026-08-14 13:46:14.063
"2026",NTE,US_TP_000006,5727.00000,2026-08-14 14:43:26.118,2026-08-14 13:46:14.063
"2026",NTE,US_TP_000009,33.00000,2026-08-14 14:43:26.118,2026-08-14 13:46:14.063
"2026",NTW,US_TP_000002,27024.00000,2026-08-14 14:43:26.118,2026-08-14 13:46:14.063
"2026",NTW,US_TP_000004,25584.00000,2026-08-14 14:43:26.118,2026-08-14 13:46:14.063
"2026",NTW,US_TP_000005,8053.00000,2026-08-14 14:43:26.118,2026-08-14 13:46:14.063
"2026",HKI,US_TP_000001,632141.00000,2026-08-14 14:43:26.118,2026-08-14 13:46:14.063
"2026",HKI,US_TP_000006,5448.00000,2026-08-14 14:43:26.118,2026-08-14 13:46:14.063
"2026",HKI,US_TP_000008,518.00000,2026-08-14 14:43:26.118,2026-08-14 13:46:14.063
"2026",K,US_TP_000003,11148.00000,2026-08-14 14:43:26.118,2026-08-14 13:46:14.063
"2026",K,US_TP_000009,48.00000,2026-08-14 14:43:26.118,2026-08-14 13:46:14.063
"2026",NTW,US_TP_000003,22610.00000,2026-08-14 14:43:26.118,2026-08-14 13:46:14.063
"2026",NTW,US_TP_000009,83.00000,2026-08-14 14:43:26.118,2026-08-14 13:46:14.063
"2026",HKSAR,US_TP_000003,46957.00000,2026-08-14 14:43:26.118,2026-08-14 13:46:14.063
"2026",HKSAR,US_TP_000009,359.00000,2026-08-14 14:43:26.118,2026-08-14 13:46:14.063
"2026",NTE,US_TP_000001,818077.00000,2026-08-14 14:43:26.118,2026-08-14 13:46:14.063
"2026",NTE,US_TP_000003,7986.00000,2026-08-14 14:43:26.118,2026-08-14 13:46:14.063
"2026",NTE,US_TP_000008,114.00000,2026-08-14 14:43:26.118,2026-08-14 13:46:14.063
"2026",HKSAR,US_TP_000004,65007.00000,2026-08-14 14:43:26.118,2026-08-14 13:46:14.063
"2026",HKSAR,US_TP_000002,123479.00000,2026-08-14 14:43:26.118,2026-08-14 13:46:14.063
"2026",HKSAR,US_TP_000005,39409.00000,2026-08-14 14:43:26.118,2026-08-14 13:46:14.063
"2026",HKI,US_TP_000003,5213.00000,2026-08-14 14:43:26.118,2026-08-14 13:46:14.063
"2026",HKI,US_TP_000009,195.00000,2026-08-14 14:43:26.118,2026-08-14 13:46:14.063
"2026",K,US_TP_000001,979247.00000,2026-08-14 14:43:26.118,2026-08-14 13:46:14.063
"2026",K,US_TP_000006,5064.00000,2026-08-14 14:43:26.118,2026-08-14 13:46:14.063
"2026",K,US_TP_000008,65.00000,2026-08-14 14:43:26.118,2026-08-14 13:46:14.063
"2026",NTE,US_TP_000002,16203.00000,2026-08-14 14:43:26.118,2026-08-14 13:46:14.063
"2026",NTE,US_TP_000004,18467.00000,2026-08-14 14:43:26.118,2026-08-14 13:46:14.063
"2026",NTE,US_TP_000005,9782.00000,2026-08-14 14:43:26.118,2026-08-14 13:46:14.063
"2026",NTW,US_TP_000001,875986.00000,2026-08-14 14:43:26.118,2026-08-14 13:46:14.063
"2026",NTW,US_TP_000006,5283.00000,2026-08-14 14:43:26.118,2026-08-14 13:46:14.063
"2026",NTW,US_TP_000008,275.00000,2026-08-14 14:43:26.118,2026-08-14 13:46:14.063
"2026",HKSAR,US_TP_000008,972.00000,2026-08-14 14:43:26.118,2026-08-14 13:46:14.063
"2026",HKSAR,US_TP_000001,3305451.00000,2026-08-14 14:43:26.118,2026-08-14 13:46:14.063
"2026",HKSAR,US_TP_000006,21522.00000,2026-08-14 14:43:26.118,2026-08-14 13:46:14.063
"2000",HKI,US_TP_000001,13789.00000,2026-08-14 14:43:26.118,2026-08-14 14:43:26.118
"2002",HKI,US_TP_000001,19435.00000,2026-08-14 14:43:26.118,2026-08-14 14:43:26.118
"2005",HKI,US_TP_000001,27740.00000,2026-08-14 14:43:26.118,2026-08-14 14:43:26.118
"2011",HKI,US_TP_000001,223006.00000,2026-08-14 14:43:26.118,2026-08-14 14:43:26.118
"2023",HKI,US_TP_000001,627965.00000,2026-08-14 14:43:26.118,2026-08-14 14:43:26.118
"2000",HKI,US_TP_000002,1211.00000,2026-08-14 14:43:26.118,2026-08-14 14:43:26.118
"2002",HKI,US_TP_000002,1611.00000,2026-08-14 14:43:26.118,2026-08-14 14:43:26.118
"2005",HKI,US_TP_000002,2155.00000,2026-08-14 14:43:26.118,2026-08-14 14:43:26.118
"2011",HKI,US_TP_000002,12833.00000,2026-08-14 14:43:26.118,2026-08-14 14:43:26.118
"2023",HKI,US_TP_000002,30006.00000,2026-08-14 14:43:26.118,2026-08-14 14:43:26.118
"2000",HKI,US_TP_000003,206.00000,2026-08-14 14:43:26.118,2026-08-14 14:43:26.118
"2002",HKI,US_TP_000003,339.00000,2026-08-14 14:43:26.118,2026-08-14 14:43:26.118
"2005",HKI,US_TP_000003,426.00000,2026-08-14 14:43:26.118,2026-08-14 14:43:26.118
"2011",HKI,US_TP_000003,2455.00000,2026-08-14 14:43:26.118,2026-08-14 14:43:26.118
"2023",HKI,US_TP_000003,5205.00000,2026-08-14 14:43:26.118,2026-08-14 14:43:26.118
"2000",HKI,US_TP_000004,1005.00000,2026-08-14 14:43:26.118,2026-08-14 14:43:26.118
"2002",HKI,US_TP_000004,1441.00000,2026-08-14 14:43:26.118,2026-08-14 14:43:26.118
"2005",HKI,US_TP_000004,1816.00000,2026-08-14 14:43:26.118,2026-08-14 14:43:26.118
"2011",HKI,US_TP_000004,5945.00000,2026-08-14 14:43:26.118,2026-08-14 14:43:26.118
"2023",HKI,US_TP_000004,18835.00000,2026-08-14 14:43:26.118,2026-08-14 14:43:26.118
"2000",HKI,US_TP_000005,193.00000,2026-08-14 14:43:26.118,2026-08-14 14:43:26.118
"2002",HKI,US_TP_000005,251.00000,2026-08-14 14:43:26.118,2026-08-14 14:43:26.118
"2005",HKI,US_TP_000005,409.00000,2026-08-14 14:43:26.118,2026-08-14 14:43:26.118
"2011",HKI,US_TP_000005,2563.00000,2026-08-14 14:43:26.118,2026-08-14 14:43:26.118
"2023",HKI,US_TP_000005,11262.00000,2026-08-14 14:43:26.118,2026-08-14 14:43:26.118
"2000",HKI,US_TP_000006,227.00000,2026-08-14 14:43:26.118,2026-08-14 14:43:26.118
"2002",HKI,US_TP_000006,294.00000,2026-08-14 14:43:26.118,2026-08-14 14:43:26.118
"2005",HKI,US_TP_000006,388.00000,2026-08-14 14:43:26.118,2026-08-14 14:43:26.118
"2011",HKI,US_TP_000006,1468.00000,2026-08-14 14:43:26.118,2026-08-14 14:43:26.118
"2023",HKI,US_TP_000006,5403.00000,2026-08-14 14:43:26.118,2026-08-14 14:43:26.118
"2000",HKI,US_TP_000008,65.00000,2026-08-14 14:43:26.118,2026-08-14 14:43:26.118
"2002",HKI,US_TP_000008,67.00000,2026-08-14 14:43:26.118,2026-08-14 14:43:26.118
"2005",HKI,US_TP_000008,70.00000,2026-08-14 14:43:26.118,2026-08-14 14:43:26.118
"2024",HKSAR,US_TP_000009,359.00000,2026-08-14 14:43:26.118,2026-08-14 14:43:26.118
"2012",HKSAR,US_TP_000009,144.00000,2026-08-14 14:43:26.118,2026-08-14 14:43:26.118
"2016",HKSAR,US_TP_000002,83671.00000,2026-08-14 14:43:26.118,2026-08-14 14:43:26.118
"2012",HKSAR,US_TP_000005,10634.00000,2026-08-14 14:43:26.118,2026-08-14 14:43:26.118
"2024",HKSAR,US_TP_000008,971.00000,2026-08-14 14:43:26.118,2026-08-14 14:43:26.118
"2024",HKSAR,US_TP_000002,123455.00000,2026-08-14 14:43:26.118,2026-08-14 14:43:26.118
"2024",HKSAR,US_TP_000003,46952.00000,2026-08-14 14:43:26.118,2026-08-14 14:43:26.118
"2016",HKSAR,US_TP_000003,33115.00000,2026-08-14 14:43:26.118,2026-08-14 14:43:26.118
"2016",HKSAR,US_TP_000008,785.00000,2026-08-14 14:43:26.118,2026-08-14 14:43:26.118
"2024",HKSAR,US_TP_000005,39406.00000,2026-08-14 14:43:26.118,2026-08-14 14:43:26.118
"2016",HKSAR,US_TP_000004,41949.00000,2026-08-14 14:43:26.118,2026-08-14 14:43:26.118
"2016",HKSAR,US_TP_000006,12733.00000,2026-08-14 14:43:26.118,2026-08-14 14:43:26.118
"2024",HKSAR,US_TP_000004,64933.00000,2026-08-14 14:43:26.118,2026-08-14 14:43:26.118
"2012",HKSAR,US_TP_000002,56032.00000,2026-08-14 14:43:26.118,2026-08-14 14:43:26.118
"2016",HKSAR,US_TP_000009,247.00000,2026-08-14 14:43:26.118,2026-08-14 14:43:26.118
"2016",HKSAR,US_TP_000001,2264848.00000,2026-08-14 14:43:26.118,2026-08-14 14:43:26.118
"2024",HKSAR,US_TP_000001,3303232.00000,2026-08-14 14:43:26.118,2026-08-14 14:43:26.118
"2012",HKSAR,US_TP_000006,7092.00000,2026-08-14 14:43:26.118,2026-08-14 14:43:26.118
"2012",HKSAR,US_TP_000001,1264339.00000,2026-08-14 14:43:26.118,2026-08-14 14:43:26.118
"2016",HKSAR,US_TP_000005,21116.00000,2026-08-14 14:43:26.118,2026-08-14 14:43:26.118
"2012",HKSAR,US_TP_000004,22970.00000,2026-08-14 14:43:26.118,2026-08-14 14:43:26.118
"2012",HKSAR,US_TP_000003,22292.00000,2026-08-14 14:43:26.118,2026-08-14 14:43:26.118
"2012",HKSAR,US_TP_000008,593.00000,2026-08-14 14:43:26.118,2026-08-14 14:43:26.118
"2024",HKSAR,US_TP_000006,21477.00000,2026-08-14 14:43:26.118,2026-08-14 14:43:26.118
"2012",HKI,US_TP_000001,256977.00000,2026-08-14 14:43:26.118,2026-08-14 14:43:26.118
"2016",HKI,US_TP_000001,428061.00000,2026-08-14 14:43:26.118,2026-08-14 14:43:26.118
"2012",HKI,US_TP_000002,14605.00000,2026-08-14 14:43:26.118,2026-08-14 14:43:26.118
"2016",HKI,US_TP_000002,21852.00000,2026-08-14 14:43:26.118,2026-08-14 14:43:26.118
"2012",HKI,US_TP_000003,2719.00000,2026-08-14 14:43:26.118,2026-08-14 14:43:26.118
"2016",HKI,US_TP_000003,3768.00000,2026-08-14 14:43:26.118,2026-08-14 14:43:26.118
"2012",HKI,US_TP_000004,7056.00000,2026-08-14 14:43:26.118,2026-08-14 14:43:26.118
"2016",HKI,US_TP_000004,11633.00000,2026-08-14 14:43:26.118,2026-08-14 14:43:26.118
"2012",HKI,US_TP_000005,3186.00000,2026-08-14 14:43:26.118,2026-08-14 14:43:26.118
"2016",HKI,US_TP_000005,6281.00000,2026-08-14 14:43:26.118,2026-08-14 14:43:26.118
"2012",HKI,US_TP_000006,1740.00000,2026-08-14 14:43:26.118,2026-08-14 14:43:26.118
"2016",HKI,US_TP_000006,3166.00000,2026-08-14 14:43:26.118,2026-08-14 14:43:26.118
"2012",HKI,US_TP_000008,368.00000,2026-08-14 14:43:26.118,2026-08-14 14:43:26.118
"2016",HKI,US_TP_000008,432.00000,2026-08-14 14:43:26.118,2026-08-14 14:43:26.118
"2012",HKI,US_TP_000009,72.00000,2026-08-14 14:43:26.118,2026-08-14 14:43:26.118
"2016",HKI,US_TP_000009,129.00000,2026-08-14 14:43:26.118,2026-08-14 14:43:26.118
"2024",K,US_TP_000001,979230.00000,2026-08-14 14:43:26.118,2026-08-14 14:43:26.118
"2024",K,US_TP_000002,50197.00000,2026-08-14 14:43:26.118,2026-08-14 14:43:26.118
"2024",K,US_TP_000003,11148.00000,2026-08-14 14:43:26.118,2026-08-14 14:43:26.118
"2024",K,US_TP_000004,1959.00000,2026-08-14 14:43:26.118,2026-08-14 14:43:26.118
"2024",K,US_TP_000005,10260.00000,2026-08-14 14:43:26.118,2026-08-14 14:43:26.118
"2024",K,US_TP_000006,5043.00000,2026-08-14 14:43:26.118,2026-08-14 14:43:26.118
"2024",K,US_TP_000008,65.00000,2026-08-14 14:43:26.118,2026-08-14 14:43:26.118
"2024",K,US_TP_000009,48.00000,2026-08-14 14:43:26.118,2026-08-14 14:43:26.118
"2024",NTW,US_TP_000001,875976.00000,2026-08-14 14:43:26.118,2026-08-14 14:43:26.118
"2024",NTW,US_TP_000002,27023.00000,2026-08-14 14:43:26.118,2026-08-14 14:43:26.118
"2024",NTW,US_TP_000003,22610.00000,2026-08-14 14:43:26.118,2026-08-14 14:43:26.118
"2024",NTW,US_TP_000004,25584.00000,2026-08-14 14:43:26.118,2026-08-14 14:43:26.118
"2024",NTW,US_TP_000005,8053.00000,2026-08-14 14:43:26.118,2026-08-14 14:43:26.118
"2024",NTW,US_TP_000006,5282.00000,2026-08-14 14:43:26.118,2026-08-14 14:43:26.118
"2024",NTW,US_TP_000008,275.00000,2026-08-14 14:43:26.118,2026-08-14 14:43:26.118
"2024",NTW,US_TP_000009,83.00000,2026-08-14 14:43:26.118,2026-08-14 14:43:26.118
"2024",HKI,US_TP_000001,629953.00000,2026-08-14 14:43:26.118,2026-08-14 14:43:26.118
"2024",HKI,US_TP_000002,30032.00000,2026-08-14 14:43:26.118,2026-08-14 14:43:26.118
"2024",HKI,US_TP_000003,5209.00000,2026-08-14 14:43:26.118,2026-08-14 14:43:26.118
"2024",HKI,US_TP_000004,18924.00000,2026-08-14 14:43:26.118,2026-08-14 14:43:26.118
"2024",HKI,US_TP_000005,11312.00000,2026-08-14 14:43:26.118,2026-08-14 14:43:26.118
"2024",HKI,US_TP_000006,5431.00000,2026-08-14 14:43:26.118,2026-08-14 14:43:26.118
"2024",HKI,US_TP_000008,517.00000,2026-08-14 14:43:26.118,2026-08-14 14:43:26.118
"2024",HKI,US_TP_000009,195.00000,2026-08-14 14:43:26.118,2026-08-14 14:43:26.118
"2012",K,US_TP_000001,332542.00000,2026-08-14 14:43:26.118,2026-08-14 14:43:26.118
"2016",K,US_TP_000001,666191.00000,2026-08-14 14:43:26.118,2026-08-14 14:43:26.118
"2012",K,US_TP_000002,21503.00000,2026-08-14 14:43:26.118,2026-08-14 14:43:26.118
"2016",K,US_TP_000002,31758.00000,2026-08-14 14:43:26.118,2026-08-14 14:43:26.118
"2012",K,US_TP_000003,4997.00000,2026-08-14 14:43:26.118,2026-08-14 14:43:26.118
"2016",K,US_TP_000003,7152.00000,2026-08-14 14:43:26.118,2026-08-14 14:43:26.118
"2012",K,US_TP_000004,698.00000,2026-08-14 14:43:26.118,2026-08-14 14:43:26.118
"2016",K,US_TP_000004,1241.00000,2026-08-14 14:43:26.118,2026-08-14 14:43:26.118
"2012",K,US_TP_000005,2452.00000,2026-08-14 14:43:26.118,2026-08-14 14:43:26.118
"2016",K,US_TP_000005,4879.00000,2026-08-14 14:43:26.118,2026-08-14 14:43:26.118
"2012",K,US_TP_000006,1313.00000,2026-08-14 14:43:26.118,2026-08-14 14:43:26.118
"2016",K,US_TP_000006,2565.00000,2026-08-14 14:43:26.118,2026-08-14 14:43:26.118
"2012",K,US_TP_000008,45.00000,2026-08-14 14:43:26.118,2026-08-14 14:43:26.118
"2016",K,US_TP_000008,49.00000,2026-08-14 14:43:26.118,2026-08-14 14:43:26.118
"2012",K,US_TP_000009,21.00000,2026-08-14 14:43:26.118,2026-08-14 14:43:26.118
"2016",K,US_TP_000009,39.00000,2026-08-14 14:43:26.118,2026-08-14 14:43:26.118
"2012",NTW,US_TP_000001,339382.00000,2026-08-14 14:43:26.118,2026-08-14 14:43:26.118
"2016",NTW,US_TP_000001,585787.00000,2026-08-14 14:43:26.118,2026-08-14 14:43:26.118
"2012",NTW,US_TP_000002,12351.00000,2026-08-14 14:43:26.118,2026-08-14 14:43:26.118
"2016",NTW,US_TP_000002,18318.00000,2026-08-14 14:43:26.118,2026-08-14 14:43:26.118
"2012",NTW,US_TP_000003,10350.00000,2026-08-14 14:43:26.118,2026-08-14 14:43:26.118
"2016",NTW,US_TP_000003,15961.00000,2026-08-14 14:43:26.118,2026-08-14 14:43:26.118
"2012",NTW,US_TP_000004,9085.00000,2026-08-14 14:43:26.118,2026-08-14 14:43:26.118
"2016",NTW,US_TP_000004,16396.00000,2026-08-14 14:43:26.118,2026-08-14 14:43:26.118
"2012",NTW,US_TP_000005,2133.00000,2026-08-14 14:43:26.118,2026-08-14 14:43:26.118
"2016",NTW,US_TP_000005,4137.00000,2026-08-14 14:43:26.118,2026-08-14 14:43:26.118
"2012",NTW,US_TP_000006,1858.00000,2026-08-14 14:43:26.118,2026-08-14 14:43:26.118
"2016",NTW,US_TP_000006,3111.00000,2026-08-14 14:43:26.118,2026-08-14 14:43:26.118
"2012",NTW,US_TP_000008,136.00000,2026-08-14 14:43:26.118,2026-08-14 14:43:26.118
"2016",NTW,US_TP_000008,213.00000,2026-08-14 14:43:26.118,2026-08-14 14:43:26.118
"2012",NTW,US_TP_000009,35.00000,2026-08-14 14:43:26.118,2026-08-14 14:43:26.118
"2016",NTW,US_TP_000009,55.00000,2026-08-14 14:43:26.118,2026-08-14 14:43:26.118
"2012",NTE,US_TP_000001,335438.00000,2026-08-14 14:43:26.118,2026-08-14 14:43:26.118
"2016",NTE,US_TP_000001,584809.00000,2026-08-14 14:43:26.118,2026-08-14 14:43:26.118
"2024",NTE,US_TP_000001,818073.00000,2026-08-14 14:43:26.118,2026-08-14 14:43:26.118
"2012",NTE,US_TP_000002,7573.00000,2026-08-14 14:43:26.118,2026-08-14 14:43:26.118
"2016",NTE,US_TP_000002,11743.00000,2026-08-14 14:43:26.118,2026-08-14 14:43:26.118
"2024",NTE,US_TP_000002,16203.00000,2026-08-14 14:43:26.118,2026-08-14 14:43:26.118
"2012",NTE,US_TP_000003,4226.00000,2026-08-14 14:43:26.118,2026-08-14 14:43:26.118
"2016",NTE,US_TP_000003,6234.00000,2026-08-14 14:43:26.118,2026-08-14 14:43:26.118
"2024",NTE,US_TP_000003,7985.00000,2026-08-14 14:43:26.118,2026-08-14 14:43:26.118
"2012",NTE,US_TP_000004,6131.00000,2026-08-14 14:43:26.118,2026-08-14 14:43:26.118
"2016",NTE,US_TP_000004,12679.00000,2026-08-14 14:43:26.118,2026-08-14 14:43:26.118
"2024",NTE,US_TP_000004,18466.00000,2026-08-14 14:43:26.118,2026-08-14 14:43:26.118
"2012",NTE,US_TP_000005,2863.00000,2026-08-14 14:43:26.118,2026-08-14 14:43:26.118
"2016",NTE,US_TP_000005,5819.00000,2026-08-14 14:43:26.118,2026-08-14 14:43:26.118
"2024",NTE,US_TP_000005,9781.00000,2026-08-14 14:43:26.118,2026-08-14 14:43:26.118
"2012",NTE,US_TP_000006,2181.00000,2026-08-14 14:43:26.118,2026-08-14 14:43:26.118
"2016",NTE,US_TP_000006,3891.00000,2026-08-14 14:43:26.118,2026-08-14 14:43:26.118
"2024",NTE,US_TP_000006,5721.00000,2026-08-14 14:43:26.118,2026-08-14 14:43:26.118
"2012",NTE,US_TP_000008,44.00000,2026-08-14 14:43:26.118,2026-08-14 14:43:26.118
"2016",NTE,US_TP_000008,91.00000,2026-08-14 14:43:26.118,2026-08-14 14:43:26.118
"2024",NTE,US_TP_000008,114.00000,2026-08-14 14:43:26.118,2026-08-14 14:43:26.118
"2012",NTE,US_TP_000009,16.00000,2026-08-14 14:43:26.118,2026-08-14 14:43:26.118
"2016",NTE,US_TP_000009,24.00000,2026-08-14 14:43:26.118,2026-08-14 14:43:26.118
"2024",NTE,US_TP_000009,33.00000,2026-08-14 14:43:26.118,2026-08-14 14:43:26.118
"2021",NTW,US_TP_000002,23765.00000,2026-08-14 14:43:26.118,2026-08-14 14:43:26.118
"2025",NTW,US_TP_000002,27023.00000,2026-08-14 14:43:26.118,2026-08-14 14:43:26.118
"2021",NTW,US_TP_000003,19885.00000,2026-08-14 14:43:26.118,2026-08-14 14:43:26.118
"2025",NTW,US_TP_000003,22610.00000,2026-08-14 14:43:26.118,2026-08-14 14:43:26.118
"2021",NTW,US_TP_000004,22718.00000,2026-08-14 14:43:26.118,2026-08-14 14:43:26.118
"2025",NTW,US_TP_000004,25584.00000,2026-08-14 14:43:26.118,2026-08-14 14:43:26.118
"2021",NTW,US_TP_000005,6944.00000,2026-08-14 14:43:26.118,2026-08-14 14:43:26.118
"2025",NTW,US_TP_000005,8053.00000,2026-08-14 14:43:26.118,2026-08-14 14:43:26.118
"2021",NTW,US_TP_000006,4664.00000,2026-08-14 14:43:26.118,2026-08-14 14:43:26.118
"2025",NTW,US_TP_000006,5283.00000,2026-08-14 14:43:26.118,2026-08-14 14:43:26.118
"2021",NTW,US_TP_000008,268.00000,2026-08-14 14:43:26.118,2026-08-14 14:43:26.118
"2025",NTW,US_TP_000008,275.00000,2026-08-14 14:43:26.118,2026-08-14 14:43:26.118
"2021",NTW,US_TP_000009,75.00000,2026-08-14 14:43:26.118,2026-08-14 14:43:26.118
"2025",NTW,US_TP_000009,83.00000,2026-08-14 14:43:26.118,2026-08-14 14:43:26.118
"2021",HKSAR,US_TP_000002,112738.00000,2026-08-14 14:43:26.118,2026-08-14 14:43:26.118
"2025",HKSAR,US_TP_000006,21522.00000,2026-08-14 14:43:26.118,2026-08-14 14:43:26.118
"2025",HKSAR,US_TP_000001,3305417.00000,2026-08-14 14:43:26.118,2026-08-14 14:43:26.118
"2021",HKSAR,US_TP_000006,18916.00000,2026-08-14 14:43:26.118,2026-08-14 14:43:26.118
"2017",HKSAR,US_TP_000002,93348.00000,2026-08-14 14:43:26.118,2026-08-14 14:43:26.118
"2022",HKSAR,US_TP_000008,943.00000,2026-08-14 14:43:26.118,2026-08-14 14:43:26.118
"2019",HKSAR,US_TP_000008,875.00000,2026-08-14 14:43:26.118,2026-08-14 14:43:26.118
"2006",HKSAR,US_TP_000001,167110.00000,2026-08-14 14:43:26.118,2026-08-14 14:43:26.118
"2006",HKSAR,US_TP_000006,1874.00000,2026-08-14 14:43:26.118,2026-08-14 14:43:26.118
"2003",HKI,US_TP_000001,23065.00000,2026-08-14 14:43:26.118,2026-08-14 14:43:26.118
"2004",HKI,US_TP_000001,26249.00000,2026-08-14 14:43:26.118,2026-08-14 14:43:26.118
"2006",HKI,US_TP_000001,42645.00000,2026-08-14 14:43:26.118,2026-08-14 14:43:26.118
"2017",HKI,US_TP_000001,460035.00000,2026-08-14 14:43:26.118,2026-08-14 14:43:26.118
"2018",HKI,US_TP_000001,489079.00000,2026-08-14 14:43:26.118,2026-08-14 14:43:26.118
"2022",HKI,US_TP_000001,596788.00000,2026-08-14 14:43:26.118,2026-08-14 14:43:26.118
"2003",HKI,US_TP_000002,1772.00000,2026-08-14 14:43:26.118,2026-08-14 14:43:26.118
"2004",HKI,US_TP_000002,2029.00000,2026-08-14 14:43:26.118,2026-08-14 14:43:26.118
"2006",HKI,US_TP_000002,2459.00000,2026-08-14 14:43:26.118,2026-08-14 14:43:26.118
"2017",HKI,US_TP_000002,23476.00000,2026-08-14 14:43:26.118,2026-08-14 14:43:26.118
"2018",HKI,US_TP_000002,24613.00000,2026-08-14 14:43:26.118,2026-08-14 14:43:26.118
"2022",HKI,US_TP_000002,28950.00000,2026-08-14 14:43:26.118,2026-08-14 14:43:26.118
"2003",HKI,US_TP_000003,363.00000,2026-08-14 14:43:26.118,2026-08-14 14:43:26.118
"2004",HKI,US_TP_000003,412.00000,2026-08-14 14:43:26.118,2026-08-14 14:43:26.118
"2006",HKI,US_TP_000003,460.00000,2026-08-14 14:43:26.118,2026-08-14 14:43:26.118
"2017",HKI,US_TP_000003,4052.00000,2026-08-14 14:43:26.118,2026-08-14 14:43:26.118
"2018",HKI,US_TP_000003,4221.00000,2026-08-14 14:43:26.118,2026-08-14 14:43:26.118
"2022",HKI,US_TP_000003,4917.00000,2026-08-14 14:43:26.118,2026-08-14 14:43:26.118
"2003",HKI,US_TP_000004,1607.00000,2026-08-14 14:43:26.118,2026-08-14 14:43:26.118
"2004",HKI,US_TP_000004,1773.00000,2026-08-14 14:43:26.118,2026-08-14 14:43:26.118
"2006",HKI,US_TP_000004,2094.00000,2026-08-14 14:43:26.118,2026-08-14 14:43:26.118
"2017",HKI,US_TP_000004,13048.00000,2026-08-14 14:43:26.118,2026-08-14 14:43:26.118
"2018",HKI,US_TP_000004,14209.00000,2026-08-14 14:43:26.118,2026-08-14 14:43:26.118
"2022",HKI,US_TP_000004,17992.00000,2026-08-14 14:43:26.118,2026-08-14 14:43:26.118
"2003",HKI,US_TP_000005,302.00000,2026-08-14 14:43:26.118,2026-08-14 14:43:26.118
"2004",HKI,US_TP_000005,376.00000,2026-08-14 14:43:26.118,2026-08-14 14:43:26.118
"2006",HKI,US_TP_000005,525.00000,2026-08-14 14:43:26.118,2026-08-14 14:43:26.118
"2017",HKI,US_TP_000005,7305.00000,2026-08-14 14:43:26.118,2026-08-14 14:43:26.118
"2018",HKI,US_TP_000005,8086.00000,2026-08-14 14:43:26.118,2026-08-14 14:43:26.118
"2022",HKI,US_TP_000005,10542.00000,2026-08-14 14:43:26.118,2026-08-14 14:43:26.118
"2003",HKI,US_TP_000006,325.00000,2026-08-14 14:43:26.118,2026-08-14 14:43:26.118
"2004",HKI,US_TP_000006,371.00000,2026-08-14 14:43:26.118,2026-08-14 14:43:26.118
"2006",HKI,US_TP_000006,448.00000,2026-08-14 14:43:26.118,2026-08-14 14:43:26.118
"2017",HKI,US_TP_000006,3629.00000,2026-08-14 14:43:26.118,2026-08-14 14:43:26.118
"2018",HKI,US_TP_000006,3900.00000,2026-08-14 14:43:26.118,2026-08-14 14:43:26.118
"2022",HKI,US_TP_000006,5110.00000,2026-08-14 14:43:26.118,2026-08-14 14:43:26.118
"2003",HKI,US_TP_000008,69.00000,2026-08-14 14:43:26.118,2026-08-14 14:43:26.118
"2004",HKI,US_TP_000008,70.00000,2026-08-14 14:43:26.118,2026-08-14 14:43:26.118
"2006",HKI,US_TP_000008,71.00000,2026-08-14 14:43:26.118,2026-08-14 14:43:26.118
"2017",HKI,US_TP_000008,438.00000,2026-08-14 14:43:26.118,2026-08-14 14:43:26.118
"2018",HKI,US_TP_000008,450.00000,2026-08-14 14:43:26.118,2026-08-14 14:43:26.118
"2022",HKI,US_TP_000008,500.00000,2026-08-14 14:43:26.118,2026-08-14 14:43:26.118
"2003",HKI,US_TP_000009,7.00000,2026-08-14 14:43:26.118,2026-08-14 14:43:26.118
"2004",HKI,US_TP_000009,8.00000,2026-08-14 14:43:26.118,2026-08-14 14:43:26.118
"2006",HKI,US_TP_000009,13.00000,2026-08-14 14:43:26.118,2026-08-14 14:43:26.118
"2017",HKI,US_TP_000009,138.00000,2026-08-14 14:43:26.118,2026-08-14 14:43:26.118
"2018",HKI,US_TP_000009,151.00000,2026-08-14 14:43:26.118,2026-08-14 14:43:26.118
"2022",HKI,US_TP_000009,184.00000,2026-08-14 14:43:26.118,2026-08-14 14:43:26.118
"2019",NTE,US_TP_000001,691446.00000,2026-08-14 14:43:26.118,2026-08-14 14:43:26.118
"2021",NTE,US_TP_000001,749475.00000,2026-08-14 14:43:26.118,2026-08-14 14:43:26.118
"2025",NTE,US_TP_000001,818074.00000,2026-08-14 14:43:26.118,2026-08-14 14:43:26.118
"2019",NTE,US_TP_000002,14160.00000,2026-08-14 14:43:26.118,2026-08-14 14:43:26.118
"2021",NTE,US_TP_000002,15118.00000,2026-08-14 14:43:26.118,2026-08-14 14:43:26.118
"2025",NTE,US_TP_000002,16203.00000,2026-08-14 14:43:26.118,2026-08-14 14:43:26.118
"2019",NTE,US_TP_000003,6944.00000,2026-08-14 14:43:26.118,2026-08-14 14:43:26.118
"2021",NTE,US_TP_000003,7411.00000,2026-08-14 14:43:26.118,2026-08-14 14:43:26.118
"2025",NTE,US_TP_000003,7985.00000,2026-08-14 14:43:26.118,2026-08-14 14:43:26.118
"2019",NTE,US_TP_000004,15647.00000,2026-08-14 14:43:26.118,2026-08-14 14:43:26.118
"2021",NTE,US_TP_000004,17027.00000,2026-08-14 14:43:26.118,2026-08-14 14:43:26.118
"2025",NTE,US_TP_000004,18467.00000,2026-08-14 14:43:26.118,2026-08-14 14:43:26.118
"2019",NTE,US_TP_000005,7537.00000,2026-08-14 14:43:26.118,2026-08-14 14:43:26.118
"2021",NTE,US_TP_000005,8859.00000,2026-08-14 14:43:26.118,2026-08-14 14:43:26.118
"2025",NTE,US_TP_000005,9782.00000,2026-08-14 14:43:26.118,2026-08-14 14:43:26.118
"2019",NTE,US_TP_000006,4705.00000,2026-08-14 14:43:26.118,2026-08-14 14:43:26.118
"2021",NTE,US_TP_000006,5202.00000,2026-08-14 14:43:26.118,2026-08-14 14:43:26.118
"2025",NTE,US_TP_000006,5727.00000,2026-08-14 14:43:26.118,2026-08-14 14:43:26.118
"2019",NTE,US_TP_000008,105.00000,2026-08-14 14:43:26.118,2026-08-14 14:43:26.118
"2021",NTE,US_TP_000008,107.00000,2026-08-14 14:43:26.118,2026-08-14 14:43:26.118
"2025",NTE,US_TP_000008,114.00000,2026-08-14 14:43:26.118,2026-08-14 14:43:26.118
"2019",NTE,US_TP_000009,29.00000,2026-08-14 14:43:26.118,2026-08-14 14:43:26.118
"2021",NTE,US_TP_000009,32.00000,2026-08-14 14:43:26.118,2026-08-14 14:43:26.118
"2025",NTE,US_TP_000009,33.00000,2026-08-14 14:43:26.118,2026-08-14 14:43:26.118
"2017",HKSAR,US_TP_000006,14489.00000,2026-08-14 14:43:26.118,2026-08-14 14:43:26.118
"2019",HKSAR,US_TP_000009,297.00000,2026-08-14 14:43:26.118,2026-08-14 14:43:26.118
"2006",HKSAR,US_TP_000009,49.00000,2026-08-14 14:43:26.118,2026-08-14 14:43:26.118
"2004",HKSAR,US_TP_000001,111727.00000,2026-08-14 14:43:26.118,2026-08-14 14:43:26.118
"2004",HKSAR,US_TP_000008,133.00000,2026-08-14 14:43:26.118,2026-08-14 14:43:26.118
"2019",HKSAR,US_TP_000006,16716.00000,2026-08-14 14:43:26.118,2026-08-14 14:43:26.118
"2006",HKSAR,US_TP_000004,4306.00000,2026-08-14 14:43:26.118,2026-08-14 14:43:26.118
"2025",HKSAR,US_TP_000008,972.00000,2026-08-14 14:43:26.118,2026-08-14 14:43:26.118
"2025",HKSAR,US_TP_000009,359.00000,2026-08-14 14:43:26.118,2026-08-14 14:43:26.118
"2018",HKSAR,US_TP_000008,856.00000,2026-08-14 14:43:26.118,2026-08-14 14:43:26.118
"2019",HKSAR,US_TP_000005,29524.00000,2026-08-14 14:43:26.118,2026-08-14 14:43:26.118
"2022",HKSAR,US_TP_000009,348.00000,2026-08-14 14:43:26.118,2026-08-14 14:43:26.118
"2003",HKSAR,US_TP_000006,1367.00000,2026-08-14 14:43:26.118,2026-08-14 14:43:26.118
"2006",HKSAR,US_TP_000005,1773.00000,2026-08-14 14:43:26.118,2026-08-14 14:43:26.118
"2019",HKSAR,US_TP_000004,53605.00000,2026-08-14 14:43:26.118,2026-08-14 14:43:26.118
"2004",HKSAR,US_TP_000006,1537.00000,2026-08-14 14:43:26.118,2026-08-14 14:43:26.118
"2021",HKSAR,US_TP_000001,2960394.00000,2026-08-14 14:43:26.118,2026-08-14 14:43:26.118
"2017",HKSAR,US_TP_000001,2424957.00000,2026-08-14 14:43:26.118,2026-08-14 14:43:26.118
"2006",HKSAR,US_TP_000003,3253.00000,2026-08-14 14:43:26.118,2026-08-14 14:43:26.118
"2003",HKSAR,US_TP_000002,6568.00000,2026-08-14 14:43:26.118,2026-08-14 14:43:26.118
"2004",HKSAR,US_TP_000003,2410.00000,2026-08-14 14:43:26.118,2026-08-14 14:43:26.118
"2025",HKSAR,US_TP_000005,39408.00000,2026-08-14 14:43:26.118,2026-08-14 14:43:26.118
"2025",HKSAR,US_TP_000002,123477.00000,2026-08-14 14:43:26.118,2026-08-14 14:43:26.118
"2025",HKSAR,US_TP_000003,46956.00000,2026-08-14 14:43:26.118,2026-08-14 14:43:26.118
"2022",HKSAR,US_TP_000001,3093978.00000,2026-08-14 14:43:26.118,2026-08-14 14:43:26.118
"2018",HKSAR,US_TP_000004,51062.00000,2026-08-14 14:43:26.118,2026-08-14 14:43:26.118
"2017",HKSAR,US_TP_000005,24259.00000,2026-08-14 14:43:26.118,2026-08-14 14:43:26.118
"2025",HKSAR,US_TP_000004,65005.00000,2026-08-14 14:43:26.118,2026-08-14 14:43:26.118
"2004",HKSAR,US_TP_000005,1250.00000,2026-08-14 14:43:26.118,2026-08-14 14:43:26.118
"2017",HKSAR,US_TP_000009,266.00000,2026-08-14 14:43:26.118,2026-08-14 14:43:26.118
"2018",HKSAR,US_TP_000002,101231.00000,2026-08-14 14:43:26.118,2026-08-14 14:43:26.118
"2003",HKSAR,US_TP_000001,102008.00000,2026-08-14 14:43:26.118,2026-08-14 14:43:26.118
"2004",HKSAR,US_TP_000009,32.00000,2026-08-14 14:43:26.118,2026-08-14 14:43:26.118
"2018",HKSAR,US_TP_000009,284.00000,2026-08-14 14:43:26.118,2026-08-14 14:43:26.118
"2022",HKSAR,US_TP_000002,117678.00000,2026-08-14 14:43:26.118,2026-08-14 14:43:26.118
"2018",HKSAR,US_TP_000001,2567043.00000,2026-08-14 14:43:26.118,2026-08-14 14:43:26.118
"2003",HKSAR,US_TP_000005,1039.00000,2026-08-14 14:43:26.118,2026-08-14 14:43:26.118
"2018",HKSAR,US_TP_000003,38811.00000,2026-08-14 14:43:26.118,2026-08-14 14:43:26.118
"2022",HKSAR,US_TP_000005,36854.00000,2026-08-14 14:43:26.118,2026-08-14 14:43:26.118
"2003",HKSAR,US_TP_000008,131.00000,2026-08-14 14:43:26.118,2026-08-14 14:43:26.118
"2003",HKSAR,US_TP_000009,31.00000,2026-08-14 14:43:26.118,2026-08-14 14:43:26.118
"2006",HKSAR,US_TP_000008,141.00000,2026-08-14 14:43:26.118,2026-08-14 14:43:26.118
"2022",HKSAR,US_TP_000003,43989.00000,2026-08-14 14:43:26.118,2026-08-14 14:43:26.118
"2004",HKSAR,US_TP_000002,7393.00000,2026-08-14 14:43:26.118,2026-08-14 14:43:26.118
"2019",HKSAR,US_TP_000001,2744641.00000,2026-08-14 14:43:26.118,2026-08-14 14:43:26.118
"2019",HKSAR,US_TP_000003,39991.00000,2026-08-14 14:43:26.118,2026-08-14 14:43:26.118
"2021",HKSAR,US_TP_000008,907.00000,2026-08-14 14:43:26.118,2026-08-14 14:43:26.118
"2021",HKSAR,US_TP_000009,322.00000,2026-08-14 14:43:26.118,2026-08-14 14:43:26.118
"2021",HKSAR,US_TP_000004,58016.00000,2026-08-14 14:43:26.118,2026-08-14 14:43:26.118
"2003",HKSAR,US_TP_000003,2098.00000,2026-08-14 14:43:26.118,2026-08-14 14:43:26.118
"2018",HKSAR,US_TP_000005,27539.00000,2026-08-14 14:43:26.118,2026-08-14 14:43:26.118
"2019",HKSAR,US_TP_000002,105829.00000,2026-08-14 14:43:26.118,2026-08-14 14:43:26.118
"2018",HKSAR,US_TP_000006,15846.00000,2026-08-14 14:43:26.118,2026-08-14 14:43:26.118
"2022",HKSAR,US_TP_000004,61468.00000,2026-08-14 14:43:26.118,2026-08-14 14:43:26.118
"2017",HKSAR,US_TP_000008,833.00000,2026-08-14 14:43:26.118,2026-08-14 14:43:26.118
"2003",HKSAR,US_TP_000004,2880.00000,2026-08-14 14:43:26.118,2026-08-14 14:43:26.118
"2017",HKSAR,US_TP_000004,47009.00000,2026-08-14 14:43:26.118,2026-08-14 14:43:26.118
"2021",HKSAR,US_TP_000003,42222.00000,2026-08-14 14:43:26.118,2026-08-14 14:43:26.118
"2022",HKSAR,US_TP_000006,20343.00000,2026-08-14 14:43:26.118,2026-08-14 14:43:26.118
"2017",HKSAR,US_TP_000003,36597.00000,2026-08-14 14:43:26.118,2026-08-14 14:43:26.118
"2004",HKSAR,US_TP_000004,3291.00000,2026-08-14 14:43:26.118,2026-08-14 14:43:26.118
"2021",HKSAR,US_TP_000005,34289.00000,2026-08-14 14:43:26.118,2026-08-14 14:43:26.118
"2006",HKSAR,US_TP_000002,9376.00000,2026-08-14 14:43:26.118,2026-08-14 14:43:26.118
"2021",HKI,US_TP_000001,561797.00000,2026-08-14 14:43:26.118,2026-08-14 14:43:26.118
"2025",HKI,US_TP_000001,632137.00000,2026-08-14 14:43:26.118,2026-08-14 14:43:26.118
"2021",HKI,US_TP_000002,27563.00000,2026-08-14 14:43:26.118,2026-08-14 14:43:26.118
"2025",HKI,US_TP_000002,30054.00000,2026-08-14 14:43:26.118,2026-08-14 14:43:26.118
"2021",HKI,US_TP_000003,4656.00000,2026-08-14 14:43:26.118,2026-08-14 14:43:26.118
"2025",HKI,US_TP_000003,5213.00000,2026-08-14 14:43:26.118,2026-08-14 14:43:26.118
"2021",HKI,US_TP_000004,16465.00000,2026-08-14 14:43:26.118,2026-08-14 14:43:26.118
"2025",HKI,US_TP_000004,18994.00000,2026-08-14 14:43:26.118,2026-08-14 14:43:26.118
"2021",HKI,US_TP_000005,9627.00000,2026-08-14 14:43:26.118,2026-08-14 14:43:26.118
"2025",HKI,US_TP_000005,11312.00000,2026-08-14 14:43:26.118,2026-08-14 14:43:26.118
"2021",HKI,US_TP_000006,4658.00000,2026-08-14 14:43:26.118,2026-08-14 14:43:26.118
"2025",HKI,US_TP_000006,5448.00000,2026-08-14 14:43:26.118,2026-08-14 14:43:26.118
"2021",HKI,US_TP_000008,474.00000,2026-08-14 14:43:26.118,2026-08-14 14:43:26.118
"2025",HKI,US_TP_000008,518.00000,2026-08-14 14:43:26.118,2026-08-14 14:43:26.118
"2021",HKI,US_TP_000009,170.00000,2026-08-14 14:43:26.118,2026-08-14 14:43:26.118
"2025",HKI,US_TP_000009,195.00000,2026-08-14 14:43:26.118,2026-08-14 14:43:26.118
"2019",K,US_TP_000001,838831.00000,2026-08-14 14:43:26.118,2026-08-14 14:43:26.118
"2019",K,US_TP_000002,43200.00000,2026-08-14 14:43:26.118,2026-08-14 14:43:26.118
"2019",K,US_TP_000003,9716.00000,2026-08-14 14:43:26.118,2026-08-14 14:43:26.118
"2019",K,US_TP_000004,1581.00000,2026-08-14 14:43:26.118,2026-08-14 14:43:26.118
"2019",K,US_TP_000005,7473.00000,2026-08-14 14:43:26.118,2026-08-14 14:43:26.118
"2019",K,US_TP_000006,3667.00000,2026-08-14 14:43:26.118,2026-08-14 14:43:26.118
"2019",K,US_TP_000008,53.00000,2026-08-14 14:43:26.118,2026-08-14 14:43:26.118
"2019",K,US_TP_000009,42.00000,2026-08-14 14:43:26.118,2026-08-14 14:43:26.118
"2003",NTE,US_TP_000001,29318.00000,2026-08-14 14:43:26.118,2026-08-14 14:43:26.118
"2004",NTE,US_TP_000001,30815.00000,2026-08-14 14:43:26.118,2026-08-14 14:43:26.118
"2017",NTE,US_TP_000001,614021.00000,2026-08-14 14:43:26.118,2026-08-14 14:43:26.118
"2003",NTE,US_TP_000002,903.00000,2026-08-14 14:43:26.118,2026-08-14 14:43:26.118
"2004",NTE,US_TP_000002,953.00000,2026-08-14 14:43:26.118,2026-08-14 14:43:26.118
"2017",NTE,US_TP_000002,12753.00000,2026-08-14 14:43:26.118,2026-08-14 14:43:26.118
"2003",NTE,US_TP_000003,334.00000,2026-08-14 14:43:26.118,2026-08-14 14:43:26.118
"2004",NTE,US_TP_000003,367.00000,2026-08-14 14:43:26.118,2026-08-14 14:43:26.118
"2017",NTE,US_TP_000003,6521.00000,2026-08-14 14:43:26.118,2026-08-14 14:43:26.118
"2003",NTE,US_TP_000004,540.00000,2026-08-14 14:43:26.118,2026-08-14 14:43:26.118
"2004",NTE,US_TP_000004,622.00000,2026-08-14 14:43:26.118,2026-08-14 14:43:26.118
"2017",NTE,US_TP_000004,13794.00000,2026-08-14 14:43:26.118,2026-08-14 14:43:26.118
"2003",NTE,US_TP_000005,291.00000,2026-08-14 14:43:26.118,2026-08-14 14:43:26.118
"2004",NTE,US_TP_000005,332.00000,2026-08-14 14:43:26.118,2026-08-14 14:43:26.118
"2017",NTE,US_TP_000005,6449.00000,2026-08-14 14:43:26.118,2026-08-14 14:43:26.118
"2003",NTE,US_TP_000006,505.00000,2026-08-14 14:43:26.118,2026-08-14 14:43:26.118
"2004",NTE,US_TP_000006,553.00000,2026-08-14 14:43:26.118,2026-08-14 14:43:26.118
"2017",NTE,US_TP_000006,4251.00000,2026-08-14 14:43:26.118,2026-08-14 14:43:26.118
"2003",NTE,US_TP_000008,18.00000,2026-08-14 14:43:26.118,2026-08-14 14:43:26.118
"2004",NTE,US_TP_000008,19.00000,2026-08-14 14:43:26.118,2026-08-14 14:43:26.118
"2017",NTE,US_TP_000008,96.00000,2026-08-14 14:43:26.118,2026-08-14 14:43:26.118
"2003",NTE,US_TP_000009,5.00000,2026-08-14 14:43:26.118,2026-08-14 14:43:26.118
"2004",NTE,US_TP_000009,5.00000,2026-08-14 14:43:26.118,2026-08-14 14:43:26.118
"2017",NTE,US_TP_000009,25.00000,2026-08-14 14:43:26.118,2026-08-14 14:43:26.118
"2019",NTW,US_TP_000001,692667.00000,2026-08-14 14:43:26.118,2026-08-14 14:43:26.118
"2019",NTW,US_TP_000002,22930.00000,2026-08-14 14:43:26.118,2026-08-14 14:43:26.118
"2019",NTW,US_TP_000003,19020.00000,2026-08-14 14:43:26.118,2026-08-14 14:43:26.118
"2019",NTW,US_TP_000004,21537.00000,2026-08-14 14:43:26.118,2026-08-14 14:43:26.118
"2019",NTW,US_TP_000005,5968.00000,2026-08-14 14:43:26.118,2026-08-14 14:43:26.118
"2019",NTW,US_TP_000006,4244.00000,2026-08-14 14:43:26.118,2026-08-14 14:43:26.118
"2019",NTW,US_TP_000008,256.00000,2026-08-14 14:43:26.118,2026-08-14 14:43:26.118
"2019",NTW,US_TP_000009,69.00000,2026-08-14 14:43:26.118,2026-08-14 14:43:26.118
"2006",NTW,US_TP_000005,383.00000,2026-08-14 14:43:26.118,2026-08-14 14:43:26.118
"2017",NTW,US_TP_000005,4806.00000,2026-08-14 14:43:26.118,2026-08-14 14:43:26.118
"2018",NTW,US_TP_000005,5661.00000,2026-08-14 14:43:26.118,2026-08-14 14:43:26.118
"2022",NTW,US_TP_000005,7418.00000,2026-08-14 14:43:26.118,2026-08-14 14:43:26.118
"2003",NTW,US_TP_000006,332.00000,2026-08-14 14:43:26.118,2026-08-14 14:43:26.118
"2004",NTW,US_TP_000006,388.00000,2026-08-14 14:43:26.118,2026-08-14 14:43:26.118
"2006",NTW,US_TP_000006,505.00000,2026-08-14 14:43:26.118,2026-08-14 14:43:26.118
"2017",NTW,US_TP_000006,3701.00000,2026-08-14 14:43:26.118,2026-08-14 14:43:26.118
"2018",NTW,US_TP_000006,4048.00000,2026-08-14 14:43:26.118,2026-08-14 14:43:26.118
"2022",NTW,US_TP_000006,4944.00000,2026-08-14 14:43:26.118,2026-08-14 14:43:26.118
"2003",NTW,US_TP_000008,42.00000,2026-08-14 14:43:26.118,2026-08-14 14:43:26.118
"2004",NTW,US_TP_000008,42.00000,2026-08-14 14:43:26.118,2026-08-14 14:43:26.118
"2006",NTW,US_TP_000008,48.00000,2026-08-14 14:43:26.118,2026-08-14 14:43:26.118
"2017",NTW,US_TP_000008,247.00000,2026-08-14 14:43:26.118,2026-08-14 14:43:26.118
"2018",NTW,US_TP_000008,253.00000,2026-08-14 14:43:26.118,2026-08-14 14:43:26.118
"2022",NTW,US_TP_000008,272.00000,2026-08-14 14:43:26.118,2026-08-14 14:43:26.118
"2003",NTW,US_TP_000009,11.00000,2026-08-14 14:43:26.118,2026-08-14 14:43:26.118
"2011",HKI,US_TP_000008,355.00000,2026-08-14 14:43:26.118,2026-08-14 14:43:26.118
"2023",HKI,US_TP_000008,517.00000,2026-08-14 14:43:26.118,2026-08-14 14:43:26.118
"2010",K,US_TP_000002,17052.00000,2026-08-14 14:43:26.118,2026-08-14 14:43:26.118
"2013",K,US_TP_000002,23983.00000,2026-08-14 14:43:26.118,2026-08-14 14:43:26.118
"2010",K,US_TP_000003,3507.00000,2026-08-14 14:43:26.118,2026-08-14 14:43:26.118
"2013",K,US_TP_000003,5497.00000,2026-08-14 14:43:26.118,2026-08-14 14:43:26.118
"2010",K,US_TP_000004,526.00000,2026-08-14 14:43:26.118,2026-08-14 14:43:26.118
"2013",K,US_TP_000004,833.00000,2026-08-14 14:43:26.118,2026-08-14 14:43:26.118
"2010",K,US_TP_000005,1719.00000,2026-08-14 14:43:26.118,2026-08-14 14:43:26.118
"2013",K,US_TP_000005,3006.00000,2026-08-14 14:43:26.118,2026-08-14 14:43:26.118
"2010",K,US_TP_000006,966.00000,2026-08-14 14:43:26.118,2026-08-14 14:43:26.118
"2013",K,US_TP_000006,1570.00000,2026-08-14 14:43:26.118,2026-08-14 14:43:26.118
"2010",K,US_TP_000008,44.00000,2026-08-14 14:43:26.118,2026-08-14 14:43:26.118
"2013",K,US_TP_000008,45.00000,2026-08-14 14:43:26.118,2026-08-14 14:43:26.118
"2010",K,US_TP_000009,18.00000,2026-08-14 14:43:26.118,2026-08-14 14:43:26.118
"2013",K,US_TP_000009,21.00000,2026-08-14 14:43:26.118,2026-08-14 14:43:26.118
"2011",NTE,US_TP_000001,280489.00000,2026-08-14 14:43:26.118,2026-08-14 14:43:26.118
"2023",NTE,US_TP_000001,813755.00000,2026-08-14 14:43:26.118,2026-08-14 14:43:26.118
"2011",NTE,US_TP_000002,6657.00000,2026-08-14 14:43:26.118,2026-08-14 14:43:26.118
"2023",NTE,US_TP_000002,16116.00000,2026-08-14 14:43:26.118,2026-08-14 14:43:26.118
"2011",NTE,US_TP_000003,3699.00000,2026-08-14 14:43:26.118,2026-08-14 14:43:26.118
"2023",NTE,US_TP_000003,7949.00000,2026-08-14 14:43:26.118,2026-08-14 14:43:26.118
"2011",NTE,US_TP_000004,5046.00000,2026-08-14 14:43:26.118,2026-08-14 14:43:26.118
"2023",NTE,US_TP_000004,18415.00000,2026-08-14 14:43:26.118,2026-08-14 14:43:26.118
"2011",NTE,US_TP_000005,2393.00000,2026-08-14 14:43:26.118,2026-08-14 14:43:26.118
"2023",NTE,US_TP_000005,9723.00000,2026-08-14 14:43:26.118,2026-08-14 14:43:26.118
"2011",NTE,US_TP_000006,1813.00000,2026-08-14 14:43:26.118,2026-08-14 14:43:26.118
"2023",NTE,US_TP_000006,5704.00000,2026-08-14 14:43:26.118,2026-08-14 14:43:26.118
"2011",NTE,US_TP_000008,39.00000,2026-08-14 14:43:26.118,2026-08-14 14:43:26.118
"2023",NTE,US_TP_000008,113.00000,2026-08-14 14:43:26.118,2026-08-14 14:43:26.118
"2011",NTE,US_TP_000009,16.00000,2026-08-14 14:43:26.118,2026-08-14 14:43:26.118
"2023",NTE,US_TP_000009,33.00000,2026-08-14 14:43:26.118,2026-08-14 14:43:26.118
"2010",NTW,US_TP_000001,238788.00000,2026-08-14 14:43:26.118,2026-08-14 14:43:26.118
"2013",NTW,US_TP_000001,396075.00000,2026-08-14 14:43:26.118,2026-08-14 14:43:26.118
"2010",NTW,US_TP_000002,10244.00000,2026-08-14 14:43:26.118,2026-08-14 14:43:26.118
"2013",NTW,US_TP_000002,13974.00000,2026-08-14 14:43:26.118,2026-08-14 14:43:26.118
"2010",NTW,US_TP_000003,8541.00000,2026-08-14 14:43:26.118,2026-08-14 14:43:26.118
"2013",NTW,US_TP_000003,11981.00000,2026-08-14 14:43:26.118,2026-08-14 14:43:26.118
"2010",NTW,US_TP_000004,7154.00000,2026-08-14 14:43:26.118,2026-08-14 14:43:26.118
"2013",NTW,US_TP_000004,10774.00000,2026-08-14 14:43:26.118,2026-08-14 14:43:26.118
"2010",NTW,US_TP_000005,1566.00000,2026-08-14 14:43:26.118,2026-08-14 14:43:26.118
"2013",NTW,US_TP_000005,2571.00000,2026-08-14 14:43:26.118,2026-08-14 14:43:26.118
"2010",NTW,US_TP_000006,1442.00000,2026-08-14 14:43:26.118,2026-08-14 14:43:26.118
"2013",NTW,US_TP_000006,2190.00000,2026-08-14 14:43:26.118,2026-08-14 14:43:26.118
"2010",NTW,US_TP_000008,112.00000,2026-08-14 14:43:26.118,2026-08-14 14:43:26.118
"2013",NTW,US_TP_000008,170.00000,2026-08-14 14:43:26.118,2026-08-14 14:43:26.118
"2010",NTW,US_TP_000009,26.00000,2026-08-14 14:43:26.118,2026-08-14 14:43:26.118
"2013",NTW,US_TP_000009,39.00000,2026-08-14 14:43:26.118,2026-08-14 14:43:26.118
"2011",HKSAR,US_TP_000009,123.00000,2026-08-14 14:43:26.118,2026-08-14 14:43:26.118
"2000",K,US_TP_000001,17301.00000,2026-08-14 14:43:26.118,2026-08-14 14:43:26.118
"2002",K,US_TP_000001,24226.00000,2026-08-14 14:43:26.118,2026-08-14 14:43:26.118
"2005",K,US_TP_000001,34350.00000,2026-08-14 14:43:26.118,2026-08-14 14:43:26.118
"2011",K,US_TP_000001,276320.00000,2026-08-14 14:43:26.118,2026-08-14 14:43:26.118
"2023",K,US_TP_000001,971267.00000,2026-08-14 14:43:26.118,2026-08-14 14:43:26.118
"2000",K,US_TP_000002,1997.00000,2026-08-14 14:43:26.118,2026-08-14 14:43:26.118
"2002",K,US_TP_000002,2449.00000,2026-08-14 14:43:26.118,2026-08-14 14:43:26.118
"2005",K,US_TP_000002,3404.00000,2026-08-14 14:43:26.118,2026-08-14 14:43:26.118
"2011",K,US_TP_000002,19349.00000,2026-08-14 14:43:26.118,2026-08-14 14:43:26.118
"2023",K,US_TP_000002,49591.00000,2026-08-14 14:43:26.118,2026-08-14 14:43:26.118
"2000",K,US_TP_000003,471.00000,2026-08-14 14:43:26.118,2026-08-14 14:43:26.118
"2002",K,US_TP_000003,558.00000,2026-08-14 14:43:26.118,2026-08-14 14:43:26.118
"2005",K,US_TP_000003,775.00000,2026-08-14 14:43:26.118,2026-08-14 14:43:26.118
"2011",K,US_TP_000003,4429.00000,2026-08-14 14:43:26.118,2026-08-14 14:43:26.118
"2023",K,US_TP_000003,11004.00000,2026-08-14 14:43:26.118,2026-08-14 14:43:26.118
"2000",K,US_TP_000004,76.00000,2026-08-14 14:43:26.118,2026-08-14 14:43:26.118
"2002",K,US_TP_000004,94.00000,2026-08-14 14:43:26.118,2026-08-14 14:43:26.118
"2005",K,US_TP_000004,127.00000,2026-08-14 14:43:26.118,2026-08-14 14:43:26.118
"2011",K,US_TP_000004,576.00000,2026-08-14 14:43:26.118,2026-08-14 14:43:26.118
"2023",K,US_TP_000004,1942.00000,2026-08-14 14:43:26.118,2026-08-14 14:43:26.118
"2000",K,US_TP_000005,140.00000,2026-08-14 14:43:26.118,2026-08-14 14:43:26.118
"2002",K,US_TP_000005,198.00000,2026-08-14 14:43:26.118,2026-08-14 14:43:26.118
"2005",K,US_TP_000005,290.00000,2026-08-14 14:43:26.118,2026-08-14 14:43:26.118
"2011",K,US_TP_000005,2009.00000,2026-08-14 14:43:26.118,2026-08-14 14:43:26.118
"2023",K,US_TP_000005,10069.00000,2026-08-14 14:43:26.118,2026-08-14 14:43:26.118
"2000",K,US_TP_000006,154.00000,2026-08-14 14:43:26.118,2026-08-14 14:43:26.118
"2002",K,US_TP_000006,193.00000,2026-08-14 14:43:26.118,2026-08-14 14:43:26.118
"2005",K,US_TP_000006,236.00000,2026-08-14 14:43:26.118,2026-08-14 14:43:26.118
"2011",K,US_TP_000006,1111.00000,2026-08-14 14:43:26.118,2026-08-14 14:43:26.118
"2023",K,US_TP_000006,4950.00000,2026-08-14 14:43:26.118,2026-08-14 14:43:26.118
"2000",K,US_TP_000008,2.00000,2026-08-14 14:43:26.118,2026-08-14 14:43:26.118
"2002",K,US_TP_000008,2.00000,2026-08-14 14:43:26.118,2026-08-14 14:43:26.118
"2005",K,US_TP_000008,2.00000,2026-08-14 14:43:26.118,2026-08-14 14:43:26.118
"2011",K,US_TP_000008,45.00000,2026-08-14 14:43:26.118,2026-08-14 14:43:26.118
"2023",K,US_TP_000008,62.00000,2026-08-14 14:43:26.118,2026-08-14 14:43:26.118
"2000",K,US_TP_000009,7.00000,2026-08-14 14:43:26.118,2026-08-14 14:43:26.118
"2002",K,US_TP_000009,7.00000,2026-08-14 14:43:26.118,2026-08-14 14:43:26.118
"2005",K,US_TP_000009,10.00000,2026-08-14 14:43:26.118,2026-08-14 14:43:26.118
"2011",K,US_TP_000009,20.00000,2026-08-14 14:43:26.118,2026-08-14 14:43:26.118
"2023",K,US_TP_000009,48.00000,2026-08-14 14:43:26.118,2026-08-14 14:43:26.118
"2000",NTW,US_TP_000001,15151.00000,2026-08-14 14:43:26.118,2026-08-14 14:43:26.118
"2002",NTW,US_TP_000001,18426.00000,2026-08-14 14:43:26.118,2026-08-14 14:43:26.118
"2005",NTW,US_TP_000001,24722.00000,2026-08-14 14:43:26.118,2026-08-14 14:43:26.118
"2011",NTW,US_TP_000001,276831.00000,2026-08-14 14:43:26.118,2026-08-14 14:43:26.118
"2023",NTW,US_TP_000001,845672.00000,2026-08-14 14:43:26.118,2026-08-14 14:43:26.118
"2000",NTW,US_TP_000002,676.00000,2026-08-14 14:43:26.118,2026-08-14 14:43:26.118
"2002",NTW,US_TP_000002,877.00000,2026-08-14 14:43:26.118,2026-08-14 14:43:26.118
"2005",NTW,US_TP_000002,1304.00000,2026-08-14 14:43:26.118,2026-08-14 14:43:26.118
"2011",NTW,US_TP_000002,11339.00000,2026-08-14 14:43:26.118,2026-08-14 14:43:26.118
"2023",NTW,US_TP_000002,26326.00000,2026-08-14 14:43:26.118,2026-08-14 14:43:26.118
"2000",NTW,US_TP_000003,503.00000,2026-08-14 14:43:26.118,2026-08-14 14:43:26.118
"2002",NTW,US_TP_000003,613.00000,2026-08-14 14:43:26.118,2026-08-14 14:43:26.118
"2005",NTW,US_TP_000003,1001.00000,2026-08-14 14:43:26.118,2026-08-14 14:43:26.118
"2011",NTW,US_TP_000003,9498.00000,2026-08-14 14:43:26.118,2026-08-14 14:43:26.118
"2023",NTW,US_TP_000003,21955.00000,2026-08-14 14:43:26.118,2026-08-14 14:43:26.118
"2000",NTW,US_TP_000004,421.00000,2026-08-14 14:43:26.118,2026-08-14 14:43:26.118
"2002",NTW,US_TP_000004,551.00000,2026-08-14 14:43:26.118,2026-08-14 14:43:26.118
"2005",NTW,US_TP_000004,829.00000,2026-08-14 14:43:26.118,2026-08-14 14:43:26.118
"2011",NTW,US_TP_000004,8010.00000,2026-08-14 14:43:26.118,2026-08-14 14:43:26.118
"2023",NTW,US_TP_000004,24999.00000,2026-08-14 14:43:26.118,2026-08-14 14:43:26.118
"2000",NTW,US_TP_000005,125.00000,2026-08-14 14:43:26.118,2026-08-14 14:43:26.118
"2002",NTW,US_TP_000005,168.00000,2026-08-14 14:43:26.118,2026-08-14 14:43:26.118
"2005",NTW,US_TP_000005,296.00000,2026-08-14 14:43:26.118,2026-08-14 14:43:26.118
"2011",NTW,US_TP_000005,1747.00000,2026-08-14 14:43:26.118,2026-08-14 14:43:26.118
"2023",NTW,US_TP_000005,7789.00000,2026-08-14 14:43:26.118,2026-08-14 14:43:26.118
"2000",NTW,US_TP_000006,221.00000,2026-08-14 14:43:26.118,2026-08-14 14:43:26.118
"2002",NTW,US_TP_000006,270.00000,2026-08-14 14:43:26.118,2026-08-14 14:43:26.118
"2005",NTW,US_TP_000006,407.00000,2026-08-14 14:43:26.118,2026-08-14 14:43:26.118
"2011",NTW,US_TP_000006,1624.00000,2026-08-14 14:43:26.118,2026-08-14 14:43:26.118
"2023",NTW,US_TP_000006,5156.00000,2026-08-14 14:43:26.118,2026-08-14 14:43:26.118
"2000",NTW,US_TP_000008,24.00000,2026-08-14 14:43:26.118,2026-08-14 14:43:26.118
"2002",NTW,US_TP_000008,40.00000,2026-08-14 14:43:26.118,2026-08-14 14:43:26.118
"2005",NTW,US_TP_000008,42.00000,2026-08-14 14:43:26.118,2026-08-14 14:43:26.118
"2011",NTW,US_TP_000008,125.00000,2026-08-14 14:43:26.118,2026-08-14 14:43:26.118
"2010",HKI,US_TP_000001,212002.00000,2026-08-14 14:43:26.118,2026-08-14 14:43:26.118
"2013",HKI,US_TP_000001,302981.00000,2026-08-14 14:43:26.118,2026-08-14 14:43:26.118
"2010",HKI,US_TP_000002,12177.00000,2026-08-14 14:43:26.118,2026-08-14 14:43:26.118
"2013",HKI,US_TP_000002,16467.00000,2026-08-14 14:43:26.118,2026-08-14 14:43:26.118
"2010",HKI,US_TP_000003,2340.00000,2026-08-14 14:43:26.118,2026-08-14 14:43:26.118
"2013",HKI,US_TP_000003,3064.00000,2026-08-14 14:43:26.118,2026-08-14 14:43:26.118
"2010",HKI,US_TP_000004,5514.00000,2026-08-14 14:43:26.118,2026-08-14 14:43:26.118
"2013",HKI,US_TP_000004,8160.00000,2026-08-14 14:43:26.118,2026-08-14 14:43:26.118
"2010",HKI,US_TP_000005,2271.00000,2026-08-14 14:43:26.118,2026-08-14 14:43:26.118
"2013",HKI,US_TP_000005,3913.00000,2026-08-14 14:43:26.118,2026-08-14 14:43:26.118
"2010",HKI,US_TP_000006,1349.00000,2026-08-14 14:43:26.118,2026-08-14 14:43:26.118
"2013",HKI,US_TP_000006,2100.00000,2026-08-14 14:43:26.118,2026-08-14 14:43:26.118
"2010",HKI,US_TP_000008,333.00000,2026-08-14 14:43:26.118,2026-08-14 14:43:26.118
"2013",HKI,US_TP_000008,400.00000,2026-08-14 14:43:26.118,2026-08-14 14:43:26.118
"2010",HKI,US_TP_000009,48.00000,2026-08-14 14:43:26.118,2026-08-14 14:43:26.118
"2013",HKI,US_TP_000009,83.00000,2026-08-14 14:43:26.118,2026-08-14 14:43:26.118
"2008",K,US_TP_000001,123061.00000,2026-08-14 14:43:26.118,2026-08-14 14:43:26.118
"2014",K,US_TP_000001,512326.00000,2026-08-14 14:43:26.118,2026-08-14 14:43:26.118
"2008",K,US_TP_000002,7785.00000,2026-08-14 14:43:26.118,2026-08-14 14:43:26.118
"2014",K,US_TP_000002,26792.00000,2026-08-14 14:43:26.118,2026-08-14 14:43:26.118
"2008",K,US_TP_000003,1716.00000,2026-08-14 14:43:26.118,2026-08-14 14:43:26.118
"2014",K,US_TP_000003,6073.00000,2026-08-14 14:43:26.118,2026-08-14 14:43:26.118
"2008",K,US_TP_000004,303.00000,2026-08-14 14:43:26.118,2026-08-14 14:43:26.118
"2014",K,US_TP_000004,1012.00000,2026-08-14 14:43:26.118,2026-08-14 14:43:26.118
"2008",K,US_TP_000005,853.00000,2026-08-14 14:43:26.118,2026-08-14 14:43:26.118
"2014",K,US_TP_000005,3720.00000,2026-08-14 14:43:26.118,2026-08-14 14:43:26.118
"2008",K,US_TP_000006,573.00000,2026-08-14 14:43:26.118,2026-08-14 14:43:26.118
"2014",K,US_TP_000006,1982.00000,2026-08-14 14:43:26.118,2026-08-14 14:43:26.118
"2008",K,US_TP_000008,2.00000,2026-08-14 14:43:26.118,2026-08-14 14:43:26.118
"2014",K,US_TP_000008,45.00000,2026-08-14 14:43:26.118,2026-08-14 14:43:26.118
"2008",K,US_TP_000009,15.00000,2026-08-14 14:43:26.118,2026-08-14 14:43:26.118
"2014",K,US_TP_000009,25.00000,2026-08-14 14:43:26.118,2026-08-14 14:43:26.118
"2000",NTE,US_TP_000001,21593.00000,2026-08-14 14:43:26.118,2026-08-14 14:43:26.118
"2002",NTE,US_TP_000001,26866.00000,2026-08-14 14:43:26.118,2026-08-14 14:43:26.118
"2005",NTE,US_TP_000001,32623.00000,2026-08-14 14:43:26.118,2026-08-14 14:43:26.118
"2000",NTE,US_TP_000002,581.00000,2026-08-14 14:43:26.118,2026-08-14 14:43:26.118
"2002",NTE,US_TP_000002,786.00000,2026-08-14 14:43:26.118,2026-08-14 14:43:26.118
"2005",NTE,US_TP_000002,1024.00000,2026-08-14 14:43:26.118,2026-08-14 14:43:26.118
"2000",NTE,US_TP_000003,242.00000,2026-08-14 14:43:26.118,2026-08-14 14:43:26.118
"2002",NTE,US_TP_000003,310.00000,2026-08-14 14:43:26.118,2026-08-14 14:43:26.118
"2005",NTE,US_TP_000003,422.00000,2026-08-14 14:43:26.118,2026-08-14 14:43:26.118
"2000",NTE,US_TP_000004,307.00000,2026-08-14 14:43:26.118,2026-08-14 14:43:26.118
"2002",NTE,US_TP_000004,445.00000,2026-08-14 14:43:26.118,2026-08-14 14:43:26.118
"2005",NTE,US_TP_000004,707.00000,2026-08-14 14:43:26.118,2026-08-14 14:43:26.118
"2000",NTE,US_TP_000005,187.00000,2026-08-14 14:43:26.118,2026-08-14 14:43:26.118
"2002",NTE,US_TP_000005,247.00000,2026-08-14 14:43:26.118,2026-08-14 14:43:26.118
"2005",NTE,US_TP_000005,359.00000,2026-08-14 14:43:26.118,2026-08-14 14:43:26.118
"2000",NTE,US_TP_000006,347.00000,2026-08-14 14:43:26.118,2026-08-14 14:43:26.118
"2002",NTE,US_TP_000006,454.00000,2026-08-14 14:43:26.118,2026-08-14 14:43:26.118
"2005",NTE,US_TP_000006,582.00000,2026-08-14 14:43:26.118,2026-08-14 14:43:26.118
"2000",NTE,US_TP_000008,5.00000,2026-08-14 14:43:26.118,2026-08-14 14:43:26.118
"2002",NTE,US_TP_000008,16.00000,2026-08-14 14:43:26.118,2026-08-14 14:43:26.118
"2005",NTE,US_TP_000008,19.00000,2026-08-14 14:43:26.118,2026-08-14 14:43:26.118
"2000",NTE,US_TP_000009,5.00000,2026-08-14 14:43:26.118,2026-08-14 14:43:26.118
"2002",NTE,US_TP_000009,5.00000,2026-08-14 14:43:26.118,2026-08-14 14:43:26.118
"2005",NTE,US_TP_000009,7.00000,2026-08-14 14:43:26.118,2026-08-14 14:43:26.118
"2008",NTW,US_TP_000001,134875.00000,2026-08-14 14:43:26.118,2026-08-14 14:43:26.118
"2014",NTW,US_TP_000001,481122.00000,2026-08-14 14:43:26.118,2026-08-14 14:43:26.118
"2008",NTW,US_TP_000002,4216.00000,2026-08-14 14:43:26.118,2026-08-14 14:43:26.118
"2014",NTW,US_TP_000002,15818.00000,2026-08-14 14:43:26.118,2026-08-14 14:43:26.118
"2008",NTW,US_TP_000003,3267.00000,2026-08-14 14:43:26.118,2026-08-14 14:43:26.118
"2014",NTW,US_TP_000003,13477.00000,2026-08-14 14:43:26.118,2026-08-14 14:43:26.118
"2002",HKSAR,US_TP_000002,5723.00000,2026-08-14 14:43:26.118,2026-08-14 14:43:26.118
"2005",HKSAR,US_TP_000008,133.00000,2026-08-14 14:43:26.118,2026-08-14 14:43:26.118
"2000",HKSAR,US_TP_000002,4465.00000,2026-08-14 14:43:26.118,2026-08-14 14:43:26.118
"2023",HKSAR,US_TP_000005,38843.00000,2026-08-14 14:43:26.118,2026-08-14 14:43:26.118
"2011",HKSAR,US_TP_000006,6016.00000,2026-08-14 14:43:26.118,2026-08-14 14:43:26.118
"2000",HKSAR,US_TP_000005,645.00000,2026-08-14 14:43:26.118,2026-08-14 14:43:26.118
"2013",HKSAR,US_TP_000004,27081.00000,2026-08-14 14:43:26.118,2026-08-14 14:43:26.118
"2005",HKSAR,US_TP_000004,3479.00000,2026-08-14 14:43:26.118,2026-08-14 14:43:26.118
"2008",HKSAR,US_TP_000009,74.00000,2026-08-14 14:43:26.118,2026-08-14 14:43:26.118
"2014",HKSAR,US_TP_000008,729.00000,2026-08-14 14:43:26.118,2026-08-14 14:43:26.118
"2011",HKSAR,US_TP_000002,50178.00000,2026-08-14 14:43:26.118,2026-08-14 14:43:26.118
"2010",HKSAR,US_TP_000006,5358.00000,2026-08-14 14:43:26.118,2026-08-14 14:43:26.118
"2011",HKSAR,US_TP_000003,20081.00000,2026-08-14 14:43:26.118,2026-08-14 14:43:26.118
"2014",HKSAR,US_TP_000004,33258.00000,2026-08-14 14:43:26.118,2026-08-14 14:43:26.118
"2023",HKSAR,US_TP_000003,46113.00000,2026-08-14 14:43:26.118,2026-08-14 14:43:26.118
"2010",HKSAR,US_TP_000005,7677.00000,2026-08-14 14:43:26.118,2026-08-14 14:43:26.118
"2010",HKSAR,US_TP_000004,17452.00000,2026-08-14 14:43:26.118,2026-08-14 14:43:26.118
"2000",HKSAR,US_TP_000003,1422.00000,2026-08-14 14:43:26.118,2026-08-14 14:43:26.118
"2002",HKSAR,US_TP_000006,1211.00000,2026-08-14 14:43:26.118,2026-08-14 14:43:26.118
"2023",HKSAR,US_TP_000001,3258659.00000,2026-08-14 14:43:26.118,2026-08-14 14:43:26.118
"2000",HKSAR,US_TP_000004,1809.00000,2026-08-14 14:43:26.118,2026-08-14 14:43:26.118
"2002",HKSAR,US_TP_000009,28.00000,2026-08-14 14:43:26.118,2026-08-14 14:43:26.118
"2014",HKSAR,US_TP_000009,194.00000,2026-08-14 14:43:26.118,2026-08-14 14:43:26.118
"2013",HKSAR,US_TP_000001,1505584.00000,2026-08-14 14:43:26.118,2026-08-14 14:43:26.118
"2010",HKSAR,US_TP_000008,527.00000,2026-08-14 14:43:26.118,2026-08-14 14:43:26.118
"2011",HKSAR,US_TP_000004,19577.00000,2026-08-14 14:43:26.118,2026-08-14 14:43:26.118
"2023",HKSAR,US_TP_000008,967.00000,2026-08-14 14:43:26.118,2026-08-14 14:43:26.118
"2008",HKSAR,US_TP_000004,8200.00000,2026-08-14 14:43:26.118,2026-08-14 14:43:26.118
"2023",HKSAR,US_TP_000002,122039.00000,2026-08-14 14:43:26.118,2026-08-14 14:43:26.118
"2014",HKSAR,US_TP_000003,28474.00000,2026-08-14 14:43:26.118,2026-08-14 14:43:26.118
"2002",HKSAR,US_TP_000008,125.00000,2026-08-14 14:43:26.118,2026-08-14 14:43:26.118
"2011",HKSAR,US_TP_000005,8712.00000,2026-08-14 14:43:26.118,2026-08-14 14:43:26.118
"2013",HKSAR,US_TP_000009,164.00000,2026-08-14 14:43:26.118,2026-08-14 14:43:26.118
"2013",HKSAR,US_TP_000008,670.00000,2026-08-14 14:43:26.118,2026-08-14 14:43:26.118
"2013",HKSAR,US_TP_000005,12905.00000,2026-08-14 14:43:26.118,2026-08-14 14:43:26.118
"2014",HKSAR,US_TP_000001,1831852.00000,2026-08-14 14:43:26.118,2026-08-14 14:43:26.118
"2008",HKSAR,US_TP_000005,3697.00000,2026-08-14 14:43:26.118,2026-08-14 14:43:26.118
"2005",HKSAR,US_TP_000003,2624.00000,2026-08-14 14:43:26.118,2026-08-14 14:43:26.118
"2005",HKSAR,US_TP_000005,1354.00000,2026-08-14 14:43:26.118,2026-08-14 14:43:26.118
"2011",HKSAR,US_TP_000001,1056646.00000,2026-08-14 14:43:26.118,2026-08-14 14:43:26.118
"2002",HKSAR,US_TP_000003,1820.00000,2026-08-14 14:43:26.118,2026-08-14 14:43:26.118
"2014",HKSAR,US_TP_000005,16111.00000,2026-08-14 14:43:26.118,2026-08-14 14:43:26.118
"2010",HKSAR,US_TP_000001,938329.00000,2026-08-14 14:43:26.118,2026-08-14 14:43:26.118
"2010",HKSAR,US_TP_000002,45610.00000,2026-08-14 14:43:26.118,2026-08-14 14:43:26.118
"2023",HKSAR,US_TP_000006,21213.00000,2026-08-14 14:43:26.118,2026-08-14 14:43:26.118
"2002",HKSAR,US_TP_000004,2531.00000,2026-08-14 14:43:26.118,2026-08-14 14:43:26.118
"2010",HKSAR,US_TP_000003,17917.00000,2026-08-14 14:43:26.118,2026-08-14 14:43:26.118
"2013",HKSAR,US_TP_000002,62710.00000,2026-08-14 14:43:26.118,2026-08-14 14:43:26.118
"2000",HKSAR,US_TP_000006,949.00000,2026-08-14 14:43:26.118,2026-08-14 14:43:26.118
"2008",HKSAR,US_TP_000003,7430.00000,2026-08-14 14:43:26.118,2026-08-14 14:43:26.118
"2000",HKSAR,US_TP_000009,23.00000,2026-08-14 14:43:26.118,2026-08-14 14:43:26.118
"2008",HKSAR,US_TP_000001,518872.00000,2026-08-14 14:43:26.118,2026-08-14 14:43:26.118
"2014",HKSAR,US_TP_000002,71753.00000,2026-08-14 14:43:26.118,2026-08-14 14:43:26.118
"2013",HKSAR,US_TP_000003,25046.00000,2026-08-14 14:43:26.118,2026-08-14 14:43:26.118
"2023",HKSAR,US_TP_000009,359.00000,2026-08-14 14:43:26.118,2026-08-14 14:43:26.118
"2014",HKSAR,US_TP_000006,10153.00000,2026-08-14 14:43:26.118,2026-08-14 14:43:26.118
"2002",HKSAR,US_TP_000005,864.00000,2026-08-14 14:43:26.118,2026-08-14 14:43:26.118
"2000",HKSAR,US_TP_000001,67834.00000,2026-08-14 14:43:26.118,2026-08-14 14:43:26.118
"2000",HKSAR,US_TP_000008,96.00000,2026-08-14 14:43:26.118,2026-08-14 14:43:26.118
"2008",HKSAR,US_TP_000006,3043.00000,2026-08-14 14:43:26.118,2026-08-14 14:43:26.118
"2005",HKSAR,US_TP_000001,119435.00000,2026-08-14 14:43:26.118,2026-08-14 14:43:26.118
"2005",HKSAR,US_TP_000002,7887.00000,2026-08-14 14:43:26.118,2026-08-14 14:43:26.118
"2008",HKSAR,US_TP_000002,19809.00000,2026-08-14 14:43:26.118,2026-08-14 14:43:26.118
"2002",HKSAR,US_TP_000001,88953.00000,2026-08-14 14:43:26.118,2026-08-14 14:43:26.118
"2005",HKSAR,US_TP_000006,1613.00000,2026-08-14 14:43:26.118,2026-08-14 14:43:26.118
"2008",NTW,US_TP_000004,2475.00000,2026-08-14 14:43:26.118,2026-08-14 14:43:26.118
"2014",NTW,US_TP_000004,13267.00000,2026-08-14 14:43:26.118,2026-08-14 14:43:26.118
"2008",NTW,US_TP_000005,756.00000,2026-08-14 14:43:26.118,2026-08-14 14:43:26.118
"2014",NTW,US_TP_000005,3240.00000,2026-08-14 14:43:26.118,2026-08-14 14:43:26.118
"2008",NTW,US_TP_000006,837.00000,2026-08-14 14:43:26.118,2026-08-14 14:43:26.118
"2014",NTW,US_TP_000006,2587.00000,2026-08-14 14:43:26.118,2026-08-14 14:43:26.118
"2008",NTW,US_TP_000008,64.00000,2026-08-14 14:43:26.118,2026-08-14 14:43:26.118
"2014",NTW,US_TP_000008,195.00000,2026-08-14 14:43:26.118,2026-08-14 14:43:26.118
"2008",NTW,US_TP_000009,25.00000,2026-08-14 14:43:26.118,2026-08-14 14:43:26.118
"2004",NTW,US_TP_000009,11.00000,2026-08-14 14:43:26.118,2026-08-14 14:43:26.118
"2006",NTW,US_TP_000009,18.00000,2026-08-14 14:43:26.118,2026-08-14 14:43:26.118
"2017",NTW,US_TP_000009,62.00000,2026-08-14 14:43:26.118,2026-08-14 14:43:26.118
"2018",NTW,US_TP_000009,64.00000,2026-08-14 14:43:26.118,2026-08-14 14:43:26.118
"2022",NTW,US_TP_000009,83.00000,2026-08-14 14:43:26.118,2026-08-14 14:43:26.118
"2014",NTW,US_TP_000009,46.00000,2026-08-14 14:43:26.118,2026-08-14 14:43:26.118
"2010",HKSAR,US_TP_000009,107.00000,2026-08-14 14:43:26.118,2026-08-14 14:43:26.118
"2013",HKSAR,US_TP_000006,8364.00000,2026-08-14 14:43:26.118,2026-08-14 14:43:26.118
"2008",HKSAR,US_TP_000008,298.00000,2026-08-14 14:43:26.118,2026-08-14 14:43:26.118
"2023",HKSAR,US_TP_000004,64191.00000,2026-08-14 14:43:26.118,2026-08-14 14:43:26.118
"2011",HKSAR,US_TP_000008,564.00000,2026-08-14 14:43:26.118,2026-08-14 14:43:26.118
"2005",HKSAR,US_TP_000009,42.00000,2026-08-14 14:43:26.118,2026-08-14 14:43:26.118
"2023",NTW,US_TP_000008,275.00000,2026-08-14 14:43:26.118,2026-08-14 14:43:26.118
"2000",NTW,US_TP_000009,7.00000,2026-08-14 14:43:26.118,2026-08-14 14:43:26.118
"2002",NTW,US_TP_000009,11.00000,2026-08-14 14:43:26.118,2026-08-14 14:43:26.118
"2005",NTW,US_TP_000009,15.00000,2026-08-14 14:43:26.118,2026-08-14 14:43:26.118
"2011",NTW,US_TP_000009,31.00000,2026-08-14 14:43:26.118,2026-08-14 14:43:26.118
"2023",NTW,US_TP_000009,83.00000,2026-08-14 14:43:26.118,2026-08-14 14:43:26.118
"2014",NTE,US_TP_000008,73.00000,2026-08-14 14:43:26.118,2026-08-14 14:43:26.118
"2008",NTE,US_TP_000009,11.00000,2026-08-14 14:43:26.118,2026-08-14 14:43:26.118
"2010",NTE,US_TP_000009,15.00000,2026-08-14 14:43:26.118,2026-08-14 14:43:26.118
"2013",NTE,US_TP_000009,21.00000,2026-08-14 14:43:26.118,2026-08-14 14:43:26.118
"2014",NTE,US_TP_000009,22.00000,2026-08-14 14:43:26.118,2026-08-14 14:43:26.118
