"statistical_month","region_abbr","inter_item_code","type_code","item_value","dm_update_time","dm_load_time"
"202201",HKI,US_AS_000001,US_AR_000001,95.000000,2022-01-23 16:41:20.000,2022-01-23 16:41:20.000
"202201",HKI,US_AS_000001,US_AR_000002,96.000000,2022-01-23 16:41:20.000,2022-01-23 16:41:20.000
"202201",HKI,US_AS_000001,US_AR_000003,95.000000,2022-01-23 16:41:20.000,2022-01-23 16:41:20.000
"202201",HKSAR,US_AS_000001,US_AR_000001,97.000000,2022-01-23 16:41:20.000,2022-01-23 16:41:20.000
"202201",HKSAR,US_AS_000001,US_AR_000002,97.000000,2022-01-23 16:41:20.000,2022-01-23 16:41:20.000
"202201",HKSAR,US_AS_000001,US_AR_000003,97.000000,2022-01-23 16:41:20.000,2022-01-23 16:41:20.000
"202201",K,US_AS_000001,US_AR_000001,97.000000,2022-01-23 16:41:20.000,2022-01-23 16:41:20.000
"202201",K,US_AS_000001,US_AR_000002,95.000000,2022-01-23 16:41:20.000,2022-01-23 16:41:20.000
"202201",K,US_AS_000001,US_AR_000003,99.000000,2022-01-23 16:41:20.000,2022-01-23 16:41:20.000
"202201",NTE,US_AS_000001,US_AR_000001,99.000000,2022-01-23 16:41:20.000,2022-01-23 16:41:20.000
"202201",NTE,US_AS_000001,US_AR_000002,98.000000,2022-01-23 16:41:20.000,2022-01-23 16:41:20.000
"202201",NTE,US_AS_000001,US_AR_000003,96.000000,2022-01-23 16:41:20.000,2022-01-23 16:41:20.000
"202201",NTW,US_AS_000001,US_AR_000001,98.000000,2022-01-23 16:41:20.000,2022-01-23 16:41:20.000
"202201",NTW,US_AS_000001,US_AR_000002,98.000000,2022-01-23 16:41:20.000,2022-01-23 16:41:20.000
"202201",NTW,US_AS_000001,US_AR_000003,99.000000,2022-01-23 16:41:20.000,2022-01-23 16:41:20.000
"202202",HKI,US_AS_000001,US_AR_000001,95.000000,2022-02-23 16:41:20.000,2022-02-23 16:41:20.000
"202202",HKI,US_AS_000001,US_AR_000002,96.000000,2022-02-23 16:41:20.000,2022-02-23 16:41:20.000
"202202",HKI,US_AS_000001,US_AR_000003,99.000000,2022-02-23 16:41:20.000,2022-02-23 16:41:20.000
"202202",HKSAR,US_AS_000001,US_AR_000001,99.000000,2022-02-23 16:41:20.000,2022-02-23 16:41:20.000
"202202",HKSAR,US_AS_000001,US_AR_000002,95.000000,2022-02-23 16:41:20.000,2022-02-23 16:41:20.000
"202202",HKSAR,US_AS_000001,US_AR_000003,99.000000,2022-02-23 16:41:20.000,2022-02-23 16:41:20.000
"202202",K,US_AS_000001,US_AR_000001,98.000000,2022-02-23 16:41:20.000,2022-02-23 16:41:20.000
"202202",K,US_AS_000001,US_AR_000002,97.000000,2022-02-23 16:41:20.000,2022-02-23 16:41:20.000
"202202",K,US_AS_000001,US_AR_000003,95.000000,2022-02-23 16:41:20.000,2022-02-23 16:41:20.000
"202202",NTE,US_AS_000001,US_AR_000001,99.000000,2022-02-23 16:41:20.000,2022-02-23 16:41:20.000
"202202",NTE,US_AS_000001,US_AR_000002,98.000000,2022-02-23 16:41:20.000,2022-02-23 16:41:20.000
"202202",NTE,US_AS_000001,US_AR_000003,98.000000,2022-02-23 16:41:20.000,2022-02-23 16:41:20.000
"202202",NTW,US_AS_000001,US_AR_000001,96.000000,2022-02-23 16:41:20.000,2022-02-23 16:41:20.000
"202202",NTW,US_AS_000001,US_AR_000002,99.000000,2022-02-23 16:41:20.000,2022-02-23 16:41:20.000
"202202",NTW,US_AS_000001,US_AR_000003,98.000000,2022-02-23 16:41:20.000,2022-02-23 16:41:20.000
"202203",HKI,US_AS_000001,US_AR_000001,97.000000,2022-03-23 16:41:20.000,2022-03-23 16:41:20.000
"202203",HKI,US_AS_000001,US_AR_000002,98.000000,2022-03-23 16:41:20.000,2022-03-23 16:41:20.000
"202203",HKI,US_AS_000001,US_AR_000003,96.000000,2022-03-23 16:41:20.000,2022-03-23 16:41:20.000
"202203",HKSAR,US_AS_000001,US_AR_000001,96.000000,2022-03-23 16:41:20.000,2022-03-23 16:41:20.000
"202203",HKSAR,US_AS_000001,US_AR_000002,99.000000,2022-03-23 16:41:20.000,2022-03-23 16:41:20.000
"202203",HKSAR,US_AS_000001,US_AR_000003,95.000000,2022-03-23 16:41:20.000,2022-03-23 16:41:20.000
"202203",K,US_AS_000001,US_AR_000001,99.000000,2022-03-23 16:41:20.000,2022-03-23 16:41:20.000
"202203",K,US_AS_000001,US_AR_000002,99.000000,2022-03-23 16:41:20.000,2022-03-23 16:41:20.000
"202203",K,US_AS_000001,US_AR_000003,99.000000,2022-03-23 16:41:20.000,2022-03-23 16:41:20.000
"202203",NTE,US_AS_000001,US_AR_000001,96.000000,2022-03-23 16:41:20.000,2022-03-23 16:41:20.000
"202203",NTE,US_AS_000001,US_AR_000002,95.000000,2022-03-23 16:41:20.000,2022-03-23 16:41:20.000
"202203",NTE,US_AS_000001,US_AR_000003,99.000000,2022-03-23 16:41:20.000,2022-03-23 16:41:20.000
"202203",NTW,US_AS_000001,US_AR_000001,95.000000,2022-03-23 16:41:20.000,2022-03-23 16:41:20.000
"202203",NTW,US_AS_000001,US_AR_000002,96.000000,2022-03-23 16:41:20.000,2022-03-23 16:41:20.000
"202203",NTW,US_AS_000001,US_AR_000003,99.000000,2022-03-23 16:41:20.000,2022-03-23 16:41:20.000
"202204",HKI,US_AS_000001,US_AR_000001,98.000000,2022-04-23 16:41:20.000,2022-04-23 16:41:20.000
"202204",HKI,US_AS_000001,US_AR_000002,96.000000,2022-04-23 16:41:20.000,2022-04-23 16:41:20.000
"202204",HKI,US_AS_000001,US_AR_000003,98.000000,2022-04-23 16:41:20.000,2022-04-23 16:41:20.000
"202204",HKSAR,US_AS_000001,US_AR_000001,98.000000,2022-04-23 16:41:20.000,2022-04-23 16:41:20.000
"202204",HKSAR,US_AS_000001,US_AR_000002,97.000000,2022-04-23 16:41:20.000,2022-04-23 16:41:20.000
"202204",HKSAR,US_AS_000001,US_AR_000003,95.000000,2022-04-23 16:41:20.000,2022-04-23 16:41:20.000
"202204",K,US_AS_000001,US_AR_000001,96.000000,2022-04-23 16:41:20.000,2022-04-23 16:41:20.000
"202204",K,US_AS_000001,US_AR_000002,96.000000,2022-04-23 16:41:20.000,2022-04-23 16:41:20.000
"202204",K,US_AS_000001,US_AR_000003,97.000000,2022-04-23 16:41:20.000,2022-04-23 16:41:20.000
"202204",NTE,US_AS_000001,US_AR_000001,96.000000,2022-04-23 16:41:20.000,2022-04-23 16:41:20.000
"202204",NTE,US_AS_000001,US_AR_000002,99.000000,2022-04-23 16:41:20.000,2022-04-23 16:41:20.000
"202204",NTE,US_AS_000001,US_AR_000003,99.000000,2022-04-23 16:41:20.000,2022-04-23 16:41:20.000
"202204",NTW,US_AS_000001,US_AR_000001,97.000000,2022-04-23 16:41:20.000,2022-04-23 16:41:20.000
"202204",NTW,US_AS_000001,US_AR_000002,95.000000,2022-04-23 16:41:20.000,2022-04-23 16:41:20.000
"202204",NTW,US_AS_000001,US_AR_000003,98.000000,2022-04-23 16:41:20.000,2022-04-23 16:41:20.000
"202205",HKI,US_AS_000001,US_AR_000001,98.000000,2022-05-23 16:41:20.000,2022-05-23 16:41:20.000
"202205",HKI,US_AS_000001,US_AR_000002,97.000000,2022-05-23 16:41:20.000,2022-05-23 16:41:20.000
"202205",HKI,US_AS_000001,US_AR_000003,98.000000,2022-05-23 16:41:20.000,2022-05-23 16:41:20.000
"202205",HKSAR,US_AS_000001,US_AR_000001,97.000000,2022-05-23 16:41:20.000,2022-05-23 16:41:20.000
"202205",HKSAR,US_AS_000001,US_AR_000002,95.000000,2022-05-23 16:41:20.000,2022-05-23 16:41:20.000
"202205",HKSAR,US_AS_000001,US_AR_000003,98.000000,2022-05-23 16:41:20.000,2022-05-23 16:41:20.000
"202205",K,US_AS_000001,US_AR_000001,96.000000,2022-05-23 16:41:20.000,2022-05-23 16:41:20.000
"202205",K,US_AS_000001,US_AR_000002,99.000000,2022-05-23 16:41:20.000,2022-05-23 16:41:20.000
"202205",K,US_AS_000001,US_AR_000003,99.000000,2022-05-23 16:41:20.000,2022-05-23 16:41:20.000
"202205",NTE,US_AS_000001,US_AR_000001,96.000000,2022-05-23 16:41:20.000,2022-05-23 16:41:20.000
"202205",NTE,US_AS_000001,US_AR_000002,96.000000,2022-05-23 16:41:20.000,2022-05-23 16:41:20.000
"202205",NTE,US_AS_000001,US_AR_000003,98.000000,2022-05-23 16:41:20.000,2022-05-23 16:41:20.000
"202205",NTW,US_AS_000001,US_AR_000001,99.000000,2022-05-23 16:41:20.000,2022-05-23 16:41:20.000
"202205",NTW,US_AS_000001,US_AR_000002,95.000000,2022-05-23 16:41:20.000,2022-05-23 16:41:20.000
"202205",NTW,US_AS_000001,US_AR_000003,96.000000,2022-05-23 16:41:20.000,2022-05-23 16:41:20.000
"202206",HKI,US_AS_000001,US_AR_000001,98.000000,2022-06-23 16:41:20.000,2022-06-23 16:41:20.000
"202206",HKI,US_AS_000001,US_AR_000002,98.000000,2022-06-23 16:41:20.000,2022-06-23 16:41:20.000
"202206",HKI,US_AS_000001,US_AR_000003,96.000000,2022-06-23 16:41:20.000,2022-06-23 16:41:20.000
"202206",HKSAR,US_AS_000001,US_AR_000001,98.000000,2022-06-23 16:41:20.000,2022-06-23 16:41:20.000
"202206",HKSAR,US_AS_000001,US_AR_000002,95.000000,2022-06-23 16:41:20.000,2022-06-23 16:41:20.000
"202206",HKSAR,US_AS_000001,US_AR_000003,97.000000,2022-06-23 16:41:20.000,2022-06-23 16:41:20.000
"202206",K,US_AS_000001,US_AR_000001,99.000000,2022-06-23 16:41:20.000,2022-06-23 16:41:20.000
"202206",K,US_AS_000001,US_AR_000002,97.000000,2022-06-23 16:41:20.000,2022-06-23 16:41:20.000
"202206",K,US_AS_000001,US_AR_000003,99.000000,2022-06-23 16:41:20.000,2022-06-23 16:41:20.000
"202206",NTE,US_AS_000001,US_AR_000001,96.000000,2022-06-23 16:41:20.000,2022-06-23 16:41:20.000
"202206",NTE,US_AS_000001,US_AR_000002,95.000000,2022-06-23 16:41:20.000,2022-06-23 16:41:20.000
"202206",NTE,US_AS_000001,US_AR_000003,98.000000,2022-06-23 16:41:20.000,2022-06-23 16:41:20.000
"202206",NTW,US_AS_000001,US_AR_000001,95.000000,2022-06-23 16:41:20.000,2022-06-23 16:41:20.000
"202206",NTW,US_AS_000001,US_AR_000002,95.000000,2022-06-23 16:41:20.000,2022-06-23 16:41:20.000
"202206",NTW,US_AS_000001,US_AR_000003,98.000000,2022-06-23 16:41:20.000,2022-06-23 16:41:20.000
"202207",HKI,US_AS_000001,US_AR_000001,98.000000,2022-07-23 16:41:20.000,2022-07-23 16:41:20.000
"202207",HKI,US_AS_000001,US_AR_000002,98.000000,2022-07-23 16:41:20.000,2022-07-23 16:41:20.000
"202207",HKI,US_AS_000001,US_AR_000003,96.000000,2022-07-23 16:41:20.000,2022-07-23 16:41:20.000
"202207",HKSAR,US_AS_000001,US_AR_000001,96.000000,2022-07-23 16:41:20.000,2022-07-23 16:41:20.000
"202207",HKSAR,US_AS_000001,US_AR_000002,99.000000,2022-07-23 16:41:20.000,2022-07-23 16:41:20.000
"202207",HKSAR,US_AS_000001,US_AR_000003,97.000000,2022-07-23 16:41:20.000,2022-07-23 16:41:20.000
"202207",K,US_AS_000001,US_AR_000001,98.000000,2022-07-23 16:41:20.000,2022-07-23 16:41:20.000
"202207",K,US_AS_000001,US_AR_000002,95.000000,2022-07-23 16:41:20.000,2022-07-23 16:41:20.000
"202207",K,US_AS_000001,US_AR_000003,96.000000,2022-07-23 16:41:20.000,2022-07-23 16:41:20.000
"202207",NTE,US_AS_000001,US_AR_000001,95.000000,2022-07-23 16:41:20.000,2022-07-23 16:41:20.000
"202207",NTE,US_AS_000001,US_AR_000002,95.000000,2022-07-23 16:41:20.000,2022-07-23 16:41:20.000
"202207",NTE,US_AS_000001,US_AR_000003,98.000000,2022-07-23 16:41:20.000,2022-07-23 16:41:20.000
"202207",NTW,US_AS_000001,US_AR_000001,97.000000,2022-07-23 16:41:20.000,2022-07-23 16:41:20.000
"202207",NTW,US_AS_000001,US_AR_000002,99.000000,2022-07-23 16:41:20.000,2022-07-23 16:41:20.000
"202207",NTW,US_AS_000001,US_AR_000003,97.000000,2022-07-23 16:41:20.000,2022-07-23 16:41:20.000
"202208",HKI,US_AS_000001,US_AR_000001,99.000000,2022-08-23 16:41:20.000,2022-08-23 16:41:20.000
"202208",HKI,US_AS_000001,US_AR_000002,95.000000,2022-08-23 16:41:20.000,2022-08-23 16:41:20.000
"202208",HKI,US_AS_000001,US_AR_000003,95.000000,2022-08-23 16:41:20.000,2022-08-23 16:41:20.000
"202208",HKSAR,US_AS_000001,US_AR_000001,96.000000,2022-08-23 16:41:20.000,2022-08-23 16:41:20.000
"202208",HKSAR,US_AS_000001,US_AR_000002,95.000000,2022-08-23 16:41:20.000,2022-08-23 16:41:20.000
"202208",HKSAR,US_AS_000001,US_AR_000003,96.000000,2022-08-23 16:41:20.000,2022-08-23 16:41:20.000
"202208",K,US_AS_000001,US_AR_000001,98.000000,2022-08-23 16:41:20.000,2022-08-23 16:41:20.000
"202208",K,US_AS_000001,US_AR_000002,95.000000,2022-08-23 16:41:20.000,2022-08-23 16:41:20.000
"202208",K,US_AS_000001,US_AR_000003,99.000000,2022-08-23 16:41:20.000,2022-08-23 16:41:20.000
"202208",NTE,US_AS_000001,US_AR_000001,99.000000,2022-08-23 16:41:20.000,2022-08-23 16:41:20.000
"202208",NTE,US_AS_000001,US_AR_000002,99.000000,2022-08-23 16:41:20.000,2022-08-23 16:41:20.000
"202208",NTE,US_AS_000001,US_AR_000003,97.000000,2022-08-23 16:41:20.000,2022-08-23 16:41:20.000
"202208",NTW,US_AS_000001,US_AR_000001,99.000000,2022-08-23 16:41:20.000,2022-08-23 16:41:20.000
"202208",NTW,US_AS_000001,US_AR_000002,98.000000,2022-08-23 16:41:20.000,2022-08-23 16:41:20.000
"202208",NTW,US_AS_000001,US_AR_000003,99.000000,2022-08-23 16:41:20.000,2022-08-23 16:41:20.000
"202209",HKI,US_AS_000001,US_AR_000001,97.000000,2022-09-23 16:41:20.000,2022-09-23 16:41:20.000
"202209",HKI,US_AS_000001,US_AR_000002,99.000000,2022-09-23 16:41:20.000,2022-09-23 16:41:20.000
"202209",HKI,US_AS_000001,US_AR_000003,95.000000,2022-09-23 16:41:20.000,2022-09-23 16:41:20.000
"202209",HKSAR,US_AS_000001,US_AR_000001,98.000000,2022-09-23 16:41:20.000,2022-09-23 16:41:20.000
"202209",HKSAR,US_AS_000001,US_AR_000002,95.000000,2022-09-23 16:41:20.000,2022-09-23 16:41:20.000
"202209",HKSAR,US_AS_000001,US_AR_000003,95.000000,2022-09-23 16:41:20.000,2022-09-23 16:41:20.000
"202209",K,US_AS_000001,US_AR_000001,96.000000,2022-09-23 16:41:20.000,2022-09-23 16:41:20.000
"202209",K,US_AS_000001,US_AR_000002,99.000000,2022-09-23 16:41:20.000,2022-09-23 16:41:20.000
"202209",K,US_AS_000001,US_AR_000003,97.000000,2022-09-23 16:41:20.000,2022-09-23 16:41:20.000
"202209",NTE,US_AS_000001,US_AR_000001,99.000000,2022-09-23 16:41:20.000,2022-09-23 16:41:20.000
"202209",NTE,US_AS_000001,US_AR_000002,95.000000,2022-09-23 16:41:20.000,2022-09-23 16:41:20.000
"202209",NTE,US_AS_000001,US_AR_000003,96.000000,2022-09-23 16:41:20.000,2022-09-23 16:41:20.000
"202209",NTW,US_AS_000001,US_AR_000001,99.000000,2022-09-23 16:41:20.000,2022-09-23 16:41:20.000
"202209",NTW,US_AS_000001,US_AR_000002,96.000000,2022-09-23 16:41:20.000,2022-09-23 16:41:20.000
"202209",NTW,US_AS_000001,US_AR_000003,98.000000,2022-09-23 16:41:20.000,2022-09-23 16:41:20.000
"202210",HKI,US_AS_000001,US_AR_000001,98.000000,2022-10-23 16:41:20.000,2022-10-23 16:41:20.000
"202210",HKI,US_AS_000001,US_AR_000002,95.000000,2022-10-23 16:41:20.000,2022-10-23 16:41:20.000
"202210",HKI,US_AS_000001,US_AR_000003,99.000000,2022-10-23 16:41:20.000,2022-10-23 16:41:20.000
"202210",HKSAR,US_AS_000001,US_AR_000001,96.000000,2022-10-23 16:41:20.000,2022-10-23 16:41:20.000
"202210",HKSAR,US_AS_000001,US_AR_000002,95.000000,2022-10-23 16:41:20.000,2022-10-23 16:41:20.000
"202210",HKSAR,US_AS_000001,US_AR_000003,98.000000,2022-10-23 16:41:20.000,2022-10-23 16:41:20.000
"202210",K,US_AS_000001,US_AR_000001,98.000000,2022-10-23 16:41:20.000,2022-10-23 16:41:20.000
"202210",K,US_AS_000001,US_AR_000002,99.000000,2022-10-23 16:41:20.000,2022-10-23 16:41:20.000
"202210",K,US_AS_000001,US_AR_000003,95.000000,2022-10-23 16:41:20.000,2022-10-23 16:41:20.000
"202210",NTE,US_AS_000001,US_AR_000001,96.000000,2022-10-23 16:41:20.000,2022-10-23 16:41:20.000
"202210",NTE,US_AS_000001,US_AR_000002,99.000000,2022-10-23 16:41:20.000,2022-10-23 16:41:20.000
"202210",NTE,US_AS_000001,US_AR_000003,97.000000,2022-10-23 16:41:20.000,2022-10-23 16:41:20.000
"202210",NTW,US_AS_000001,US_AR_000001,97.000000,2022-10-23 16:41:20.000,2022-10-23 16:41:20.000
"202210",NTW,US_AS_000001,US_AR_000002,95.000000,2022-10-23 16:41:20.000,2022-10-23 16:41:20.000
"202210",NTW,US_AS_000001,US_AR_000003,98.000000,2022-10-23 16:41:20.000,2022-10-23 16:41:20.000
"202211",HKI,US_AS_000001,US_AR_000001,95.000000,2022-11-23 16:41:20.000,2022-11-23 16:41:20.000
"202211",HKI,US_AS_000001,US_AR_000002,97.000000,2022-11-23 16:41:20.000,2022-11-23 16:41:20.000
"202211",HKI,US_AS_000001,US_AR_000003,97.000000,2022-11-23 16:41:20.000,2022-11-23 16:41:20.000
"202211",HKSAR,US_AS_000001,US_AR_000001,98.000000,2022-11-23 16:41:20.000,2022-11-23 16:41:20.000
"202211",HKSAR,US_AS_000001,US_AR_000002,99.000000,2022-11-23 16:41:20.000,2022-11-23 16:41:20.000
"202211",HKSAR,US_AS_000001,US_AR_000003,95.000000,2022-11-23 16:41:20.000,2022-11-23 16:41:20.000
"202211",K,US_AS_000001,US_AR_000001,97.000000,2022-11-23 16:41:20.000,2022-11-23 16:41:20.000
"202211",K,US_AS_000001,US_AR_000002,99.000000,2022-11-23 16:41:20.000,2022-11-23 16:41:20.000
"202211",K,US_AS_000001,US_AR_000003,97.000000,2022-11-23 16:41:20.000,2022-11-23 16:41:20.000
"202211",NTE,US_AS_000001,US_AR_000001,98.000000,2022-11-23 16:41:20.000,2022-11-23 16:41:20.000
"202211",NTE,US_AS_000001,US_AR_000002,98.000000,2022-11-23 16:41:20.000,2022-11-23 16:41:20.000
"202211",NTE,US_AS_000001,US_AR_000003,97.000000,2022-11-23 16:41:20.000,2022-11-23 16:41:20.000
"202211",NTW,US_AS_000001,US_AR_000001,99.000000,2022-11-23 16:41:20.000,2022-11-23 16:41:20.000
"202211",NTW,US_AS_000001,US_AR_000002,96.000000,2022-11-23 16:41:20.000,2022-11-23 16:41:20.000
"202211",NTW,US_AS_000001,US_AR_000003,96.000000,2022-11-23 16:41:20.000,2022-11-23 16:41:20.000
"202212",HKI,US_AS_000001,US_AR_000001,99.000000,2022-12-23 16:41:20.000,2022-12-23 16:41:20.000
"202212",HKI,US_AS_000001,US_AR_000002,99.000000,2022-12-23 16:41:20.000,2022-12-23 16:41:20.000
"202212",HKI,US_AS_000001,US_AR_000003,95.000000,2022-12-23 16:41:20.000,2022-12-23 16:41:20.000
"202212",HKSAR,US_AS_000001,US_AR_000001,96.000000,2022-12-23 16:41:20.000,2022-12-23 16:41:20.000
"202212",HKSAR,US_AS_000001,US_AR_000002,98.000000,2022-12-23 16:41:20.000,2022-12-23 16:41:20.000
"202212",HKSAR,US_AS_000001,US_AR_000003,95.000000,2022-12-23 16:41:20.000,2022-12-23 16:41:20.000
"202212",K,US_AS_000001,US_AR_000001,96.000000,2022-12-23 16:41:20.000,2022-12-23 16:41:20.000
"202212",K,US_AS_000001,US_AR_000002,96.000000,2022-12-23 16:41:20.000,2022-12-23 16:41:20.000
"202212",K,US_AS_000001,US_AR_000003,95.000000,2022-12-23 16:41:20.000,2022-12-23 16:41:20.000
"202212",NTE,US_AS_000001,US_AR_000001,99.000000,2022-12-23 16:41:20.000,2022-12-23 16:41:20.000
"202212",NTE,US_AS_000001,US_AR_000002,99.000000,2022-12-23 16:41:20.000,2022-12-23 16:41:20.000
"202212",NTE,US_AS_000001,US_AR_000003,96.000000,2022-12-23 16:41:20.000,2022-12-23 16:41:20.000
"202212",NTW,US_AS_000001,US_AR_000001,99.000000,2022-12-23 16:41:20.000,2022-12-23 16:41:20.000
"202212",NTW,US_AS_000001,US_AR_000002,97.000000,2022-12-23 16:41:20.000,2022-12-23 16:41:20.000
"202212",NTW,US_AS_000001,US_AR_000003,97.000000,2022-12-23 16:41:20.000,2022-12-23 16:41:20.000
"202301",HKI,US_AS_000001,US_AR_000001,95.000000,2023-01-23 16:41:20.000,2023-01-23 16:41:20.000
"202301",HKI,US_AS_000001,US_AR_000002,95.000000,2023-01-23 16:41:20.000,2023-01-23 16:41:20.000
"202301",HKI,US_AS_000001,US_AR_000003,98.000000,2023-01-23 16:41:20.000,2023-01-23 16:41:20.000
"202301",HKSAR,US_AS_000001,US_AR_000001,97.000000,2023-01-23 16:41:20.000,2023-01-23 16:41:20.000
"202301",HKSAR,US_AS_000001,US_AR_000002,95.000000,2023-01-23 16:41:20.000,2023-01-23 16:41:20.000
"202301",HKSAR,US_AS_000001,US_AR_000003,96.000000,2023-01-23 16:41:20.000,2023-01-23 16:41:20.000
"202301",K,US_AS_000001,US_AR_000001,96.000000,2023-01-23 16:41:20.000,2023-01-23 16:41:20.000
"202301",K,US_AS_000001,US_AR_000002,95.000000,2023-01-23 16:41:20.000,2023-01-23 16:41:20.000
"202301",K,US_AS_000001,US_AR_000003,95.000000,2023-01-23 16:41:20.000,2023-01-23 16:41:20.000
"202301",NTE,US_AS_000001,US_AR_000001,98.000000,2023-01-23 16:41:20.000,2023-01-23 16:41:20.000
"202301",NTE,US_AS_000001,US_AR_000002,95.000000,2023-01-23 16:41:20.000,2023-01-23 16:41:20.000
"202301",NTE,US_AS_000001,US_AR_000003,99.000000,2023-01-23 16:41:20.000,2023-01-23 16:41:20.000
"202301",NTW,US_AS_000001,US_AR_000001,98.000000,2023-01-23 16:41:20.000,2023-01-23 16:41:20.000
"202301",NTW,US_AS_000001,US_AR_000002,99.000000,2023-01-23 16:41:20.000,2023-01-23 16:41:20.000
"202301",NTW,US_AS_000001,US_AR_000003,98.000000,2023-01-23 16:41:20.000,2023-01-23 16:41:20.000
"202302",HKI,US_AS_000001,US_AR_000001,97.000000,2023-02-23 16:41:20.000,2023-02-23 16:41:20.000
"202302",HKI,US_AS_000001,US_AR_000002,95.000000,2023-02-23 16:41:20.000,2023-02-23 16:41:20.000
"202302",HKI,US_AS_000001,US_AR_000003,96.000000,2023-02-23 16:41:20.000,2023-02-23 16:41:20.000
"202302",HKSAR,US_AS_000001,US_AR_000001,99.000000,2023-02-23 16:41:20.000,2023-02-23 16:41:20.000
"202302",HKSAR,US_AS_000001,US_AR_000002,96.000000,2023-02-23 16:41:20.000,2023-02-23 16:41:20.000
"202302",HKSAR,US_AS_000001,US_AR_000003,99.000000,2023-02-23 16:41:20.000,2023-02-23 16:41:20.000
"202302",K,US_AS_000001,US_AR_000001,99.000000,2023-02-23 16:41:20.000,2023-02-23 16:41:20.000
"202302",K,US_AS_000001,US_AR_000002,99.000000,2023-02-23 16:41:20.000,2023-02-23 16:41:20.000
"202302",K,US_AS_000001,US_AR_000003,96.000000,2023-02-23 16:41:20.000,2023-02-23 16:41:20.000
"202302",NTE,US_AS_000001,US_AR_000001,99.000000,2023-02-23 16:41:20.000,2023-02-23 16:41:20.000
"202302",NTE,US_AS_000001,US_AR_000002,95.000000,2023-02-23 16:41:20.000,2023-02-23 16:41:20.000
"202302",NTE,US_AS_000001,US_AR_000003,95.000000,2023-02-23 16:41:20.000,2023-02-23 16:41:20.000
"202302",NTW,US_AS_000001,US_AR_000001,95.000000,2023-02-23 16:41:20.000,2023-02-23 16:41:20.000
"202302",NTW,US_AS_000001,US_AR_000002,98.000000,2023-02-23 16:41:20.000,2023-02-23 16:41:20.000
"202302",NTW,US_AS_000001,US_AR_000003,95.000000,2023-02-23 16:41:20.000,2023-02-23 16:41:20.000
"202303",HKI,US_AS_000001,US_AR_000001,96.000000,2023-03-23 16:41:20.000,2023-03-23 16:41:20.000
"202303",HKI,US_AS_000001,US_AR_000002,98.000000,2023-03-23 16:41:20.000,2023-03-23 16:41:20.000
"202303",HKI,US_AS_000001,US_AR_000003,98.000000,2023-03-23 16:41:20.000,2023-03-23 16:41:20.000
"202303",HKSAR,US_AS_000001,US_AR_000001,97.000000,2023-03-23 16:41:20.000,2023-03-23 16:41:20.000
"202303",HKSAR,US_AS_000001,US_AR_000002,95.000000,2023-03-23 16:41:20.000,2023-03-23 16:41:20.000
"202303",HKSAR,US_AS_000001,US_AR_000003,96.000000,2023-03-23 16:41:20.000,2023-03-23 16:41:20.000
"202303",K,US_AS_000001,US_AR_000001,95.000000,2023-03-23 16:41:20.000,2023-03-23 16:41:20.000
"202303",K,US_AS_000001,US_AR_000002,98.000000,2023-03-23 16:41:20.000,2023-03-23 16:41:20.000
"202303",K,US_AS_000001,US_AR_000003,98.000000,2023-03-23 16:41:20.000,2023-03-23 16:41:20.000
"202303",NTE,US_AS_000001,US_AR_000001,99.000000,2023-03-23 16:41:20.000,2023-03-23 16:41:20.000
"202303",NTE,US_AS_000001,US_AR_000002,95.000000,2023-03-23 16:41:20.000,2023-03-23 16:41:20.000
"202303",NTE,US_AS_000001,US_AR_000003,98.000000,2023-03-23 16:41:20.000,2023-03-23 16:41:20.000
"202303",NTW,US_AS_000001,US_AR_000001,95.000000,2023-03-23 16:41:20.000,2023-03-23 16:41:20.000
"202303",NTW,US_AS_000001,US_AR_000002,98.000000,2023-03-23 16:41:20.000,2023-03-23 16:41:20.000
"202303",NTW,US_AS_000001,US_AR_000003,95.000000,2023-03-23 16:41:20.000,2023-03-23 16:41:20.000
"202304",HKI,US_AS_000001,US_AR_000001,99.000000,2023-04-23 16:41:20.000,2023-04-23 16:41:20.000
"202304",HKI,US_AS_000001,US_AR_000002,97.000000,2023-04-23 16:41:20.000,2023-04-23 16:41:20.000
"202304",HKI,US_AS_000001,US_AR_000003,96.000000,2023-04-23 16:41:20.000,2023-04-23 16:41:20.000
"202304",HKSAR,US_AS_000001,US_AR_000001,99.000000,2023-04-23 16:41:20.000,2023-04-23 16:41:20.000
"202304",HKSAR,US_AS_000001,US_AR_000002,96.000000,2023-04-23 16:41:20.000,2023-04-23 16:41:20.000
"202304",HKSAR,US_AS_000001,US_AR_000003,96.000000,2023-04-23 16:41:20.000,2023-04-23 16:41:20.000
"202304",K,US_AS_000001,US_AR_000001,98.000000,2023-04-23 16:41:20.000,2023-04-23 16:41:20.000
"202304",K,US_AS_000001,US_AR_000002,97.000000,2023-04-23 16:41:20.000,2023-04-23 16:41:20.000
"202304",K,US_AS_000001,US_AR_000003,97.000000,2023-04-23 16:41:20.000,2023-04-23 16:41:20.000
"202304",NTE,US_AS_000001,US_AR_000001,98.000000,2023-04-23 16:41:20.000,2023-04-23 16:41:20.000
"202304",NTE,US_AS_000001,US_AR_000002,96.000000,2023-04-23 16:41:20.000,2023-04-23 16:41:20.000
"202304",NTE,US_AS_000001,US_AR_000003,97.000000,2023-04-23 16:41:20.000,2023-04-23 16:41:20.000
"202304",NTW,US_AS_000001,US_AR_000001,95.000000,2023-04-23 16:41:20.000,2023-04-23 16:41:20.000
"202304",NTW,US_AS_000001,US_AR_000002,97.000000,2023-04-23 16:41:20.000,2023-04-23 16:41:20.000
"202304",NTW,US_AS_000001,US_AR_000003,98.000000,2023-04-23 16:41:20.000,2023-04-23 16:41:20.000
"202305",HKI,US_AS_000001,US_AR_000001,99.000000,2023-05-23 16:41:20.000,2023-05-23 16:41:20.000
"202305",HKI,US_AS_000001,US_AR_000002,97.000000,2023-05-23 16:41:20.000,2023-05-23 16:41:20.000
"202305",HKI,US_AS_000001,US_AR_000003,98.000000,2023-05-23 16:41:20.000,2023-05-23 16:41:20.000
"202305",HKSAR,US_AS_000001,US_AR_000001,98.000000,2023-05-23 16:41:20.000,2023-05-23 16:41:20.000
"202305",HKSAR,US_AS_000001,US_AR_000002,95.000000,2023-05-23 16:41:20.000,2023-05-23 16:41:20.000
"202305",HKSAR,US_AS_000001,US_AR_000003,99.000000,2023-05-23 16:41:20.000,2023-05-23 16:41:20.000
"202305",K,US_AS_000001,US_AR_000001,99.000000,2023-05-23 16:41:20.000,2023-05-23 16:41:20.000
"202305",K,US_AS_000001,US_AR_000002,95.000000,2023-05-23 16:41:20.000,2023-05-23 16:41:20.000
"202305",K,US_AS_000001,US_AR_000003,96.000000,2023-05-23 16:41:20.000,2023-05-23 16:41:20.000
"202305",NTE,US_AS_000001,US_AR_000001,96.000000,2023-05-23 16:41:20.000,2023-05-23 16:41:20.000
"202305",NTE,US_AS_000001,US_AR_000002,99.000000,2023-05-23 16:41:20.000,2023-05-23 16:41:20.000
"202305",NTE,US_AS_000001,US_AR_000003,98.000000,2023-05-23 16:41:20.000,2023-05-23 16:41:20.000
"202305",NTW,US_AS_000001,US_AR_000001,95.000000,2023-05-23 16:41:20.000,2023-05-23 16:41:20.000
"202305",NTW,US_AS_000001,US_AR_000002,96.000000,2023-05-23 16:41:20.000,2023-05-23 16:41:20.000
"202305",NTW,US_AS_000001,US_AR_000003,95.000000,2023-05-23 16:41:20.000,2023-05-23 16:41:20.000
"202306",HKI,US_AS_000001,US_AR_000001,98.000000,2023-06-23 16:41:20.000,2023-06-23 16:41:20.000
"202306",HKI,US_AS_000001,US_AR_000002,97.000000,2023-06-23 16:41:20.000,2023-06-23 16:41:20.000
"202306",HKI,US_AS_000001,US_AR_000003,97.000000,2023-06-23 16:41:20.000,2023-06-23 16:41:20.000
"202306",HKSAR,US_AS_000001,US_AR_000001,96.000000,2023-06-23 16:41:20.000,2023-06-23 16:41:20.000
"202306",HKSAR,US_AS_000001,US_AR_000002,96.000000,2023-06-23 16:41:20.000,2023-06-23 16:41:20.000
"202306",HKSAR,US_AS_000001,US_AR_000003,98.000000,2023-06-23 16:41:20.000,2023-06-23 16:41:20.000
"202306",K,US_AS_000001,US_AR_000001,97.000000,2023-06-23 16:41:20.000,2023-06-23 16:41:20.000
"202306",K,US_AS_000001,US_AR_000002,99.000000,2023-06-23 16:41:20.000,2023-06-23 16:41:20.000
"202306",K,US_AS_000001,US_AR_000003,97.000000,2023-06-23 16:41:20.000,2023-06-23 16:41:20.000
"202306",NTE,US_AS_000001,US_AR_000001,98.000000,2023-06-23 16:41:20.000,2023-06-23 16:41:20.000
"202306",NTE,US_AS_000001,US_AR_000002,95.000000,2023-06-23 16:41:20.000,2023-06-23 16:41:20.000
"202306",NTE,US_AS_000001,US_AR_000003,99.000000,2023-06-23 16:41:20.000,2023-06-23 16:41:20.000
"202306",NTW,US_AS_000001,US_AR_000001,99.000000,2023-06-23 16:41:20.000,2023-06-23 16:41:20.000
"202306",NTW,US_AS_000001,US_AR_000002,95.000000,2023-06-23 16:41:20.000,2023-06-23 16:41:20.000
"202306",NTW,US_AS_000001,US_AR_000003,96.000000,2023-06-23 16:41:20.000,2023-06-23 16:41:20.000
"202307",HKI,US_AS_000001,US_AR_000001,99.000000,2023-07-23 16:41:20.000,2023-07-23 16:41:20.000
"202307",HKI,US_AS_000001,US_AR_000002,99.000000,2023-07-23 16:41:20.000,2023-07-23 16:41:20.000
"202307",HKI,US_AS_000001,US_AR_000003,99.000000,2023-07-23 16:41:20.000,2023-07-23 16:41:20.000
"202307",HKSAR,US_AS_000001,US_AR_000001,95.000000,2023-07-23 16:41:20.000,2023-07-23 16:41:20.000
"202307",HKSAR,US_AS_000001,US_AR_000002,97.000000,2023-07-23 16:41:20.000,2023-07-23 16:41:20.000
"202307",HKSAR,US_AS_000001,US_AR_000003,95.000000,2023-07-23 16:41:20.000,2023-07-23 16:41:20.000
"202307",K,US_AS_000001,US_AR_000001,98.000000,2023-07-23 16:41:20.000,2023-07-23 16:41:20.000
"202307",K,US_AS_000001,US_AR_000002,99.000000,2023-07-23 16:41:20.000,2023-07-23 16:41:20.000
"202307",K,US_AS_000001,US_AR_000003,99.000000,2023-07-23 16:41:20.000,2023-07-23 16:41:20.000
"202307",NTE,US_AS_000001,US_AR_000001,95.000000,2023-07-23 16:41:20.000,2023-07-23 16:41:20.000
"202307",NTE,US_AS_000001,US_AR_000002,99.000000,2023-07-23 16:41:20.000,2023-07-23 16:41:20.000
"202307",NTE,US_AS_000001,US_AR_000003,95.000000,2023-07-23 16:41:20.000,2023-07-23 16:41:20.000
"202307",NTW,US_AS_000001,US_AR_000001,98.000000,2023-07-23 16:41:20.000,2023-07-23 16:41:20.000
"202307",NTW,US_AS_000001,US_AR_000002,99.000000,2023-07-23 16:41:20.000,2023-07-23 16:41:20.000
"202307",NTW,US_AS_000001,US_AR_000003,97.000000,2023-07-23 16:41:20.000,2023-07-23 16:41:20.000
"202308",HKI,US_AS_000001,US_AR_000001,95.000000,2023-08-23 16:41:20.000,2023-08-23 16:41:20.000
"202308",HKI,US_AS_000001,US_AR_000002,96.000000,2023-08-23 16:41:20.000,2023-08-23 16:41:20.000
"202308",HKI,US_AS_000001,US_AR_000003,98.000000,2023-08-23 16:41:20.000,2023-08-23 16:41:20.000
"202308",HKSAR,US_AS_000001,US_AR_000001,95.000000,2023-08-23 16:41:20.000,2023-08-23 16:41:20.000
"202308",HKSAR,US_AS_000001,US_AR_000002,95.000000,2023-08-23 16:41:20.000,2023-08-23 16:41:20.000
"202308",HKSAR,US_AS_000001,US_AR_000003,95.000000,2023-08-23 16:41:20.000,2023-08-23 16:41:20.000
"202308",K,US_AS_000001,US_AR_000001,97.000000,2023-08-23 16:41:20.000,2023-08-23 16:41:20.000
"202308",K,US_AS_000001,US_AR_000002,97.000000,2023-08-23 16:41:20.000,2023-08-23 16:41:20.000
"202308",K,US_AS_000001,US_AR_000003,95.000000,2023-08-23 16:41:20.000,2023-08-23 16:41:20.000
"202308",NTE,US_AS_000001,US_AR_000001,98.000000,2023-08-23 16:41:20.000,2023-08-23 16:41:20.000
"202308",NTE,US_AS_000001,US_AR_000002,99.000000,2023-08-23 16:41:20.000,2023-08-23 16:41:20.000
"202308",NTE,US_AS_000001,US_AR_000003,99.000000,2023-08-23 16:41:20.000,2023-08-23 16:41:20.000
"202308",NTW,US_AS_000001,US_AR_000001,97.000000,2023-08-23 16:41:20.000,2023-08-23 16:41:20.000
"202308",NTW,US_AS_000001,US_AR_000002,96.000000,2023-08-23 16:41:20.000,2023-08-23 16:41:20.000
"202308",NTW,US_AS_000001,US_AR_000003,99.000000,2023-08-23 16:41:20.000,2023-08-23 16:41:20.000
"202309",HKI,US_AS_000001,US_AR_000001,96.000000,2023-09-23 16:41:20.000,2023-09-23 16:41:20.000
"202309",HKI,US_AS_000001,US_AR_000002,98.000000,2023-09-23 16:41:20.000,2023-09-23 16:41:20.000
"202309",HKI,US_AS_000001,US_AR_000003,98.000000,2023-09-23 16:41:20.000,2023-09-23 16:41:20.000
"202309",HKSAR,US_AS_000001,US_AR_000001,97.000000,2023-09-23 16:41:20.000,2023-09-23 16:41:20.000
"202309",HKSAR,US_AS_000001,US_AR_000002,95.000000,2023-09-23 16:41:20.000,2023-09-23 16:41:20.000
"202309",HKSAR,US_AS_000001,US_AR_000003,99.000000,2023-09-23 16:41:20.000,2023-09-23 16:41:20.000
"202309",K,US_AS_000001,US_AR_000001,95.000000,2023-09-23 16:41:20.000,2023-09-23 16:41:20.000
"202309",K,US_AS_000001,US_AR_000002,95.000000,2023-09-23 16:41:20.000,2023-09-23 16:41:20.000
"202309",K,US_AS_000001,US_AR_000003,96.000000,2023-09-23 16:41:20.000,2023-09-23 16:41:20.000
"202309",NTE,US_AS_000001,US_AR_000001,97.000000,2023-09-23 16:41:20.000,2023-09-23 16:41:20.000
"202309",NTE,US_AS_000001,US_AR_000002,98.000000,2023-09-23 16:41:20.000,2023-09-23 16:41:20.000
"202309",NTE,US_AS_000001,US_AR_000003,98.000000,2023-09-23 16:41:20.000,2023-09-23 16:41:20.000
"202309",NTW,US_AS_000001,US_AR_000001,99.000000,2023-09-23 16:41:20.000,2023-09-23 16:41:20.000
"202309",NTW,US_AS_000001,US_AR_000002,95.000000,2023-09-23 16:41:20.000,2023-09-23 16:41:20.000
"202309",NTW,US_AS_000001,US_AR_000003,97.000000,2023-09-23 16:41:20.000,2023-09-23 16:41:20.000
"202310",HKI,US_AS_000001,US_AR_000001,99.000000,2023-10-23 16:41:20.000,2023-10-23 16:41:20.000
"202310",HKI,US_AS_000001,US_AR_000002,97.000000,2023-10-23 16:41:20.000,2023-10-23 16:41:20.000
"202310",HKI,US_AS_000001,US_AR_000003,98.000000,2023-10-23 16:41:20.000,2023-10-23 16:41:20.000
"202310",HKSAR,US_AS_000001,US_AR_000001,96.000000,2023-10-23 16:41:20.000,2023-10-23 16:41:20.000
"202310",HKSAR,US_AS_000001,US_AR_000002,99.000000,2023-10-23 16:41:20.000,2023-10-23 16:41:20.000
"202310",HKSAR,US_AS_000001,US_AR_000003,98.000000,2023-10-23 16:41:20.000,2023-10-23 16:41:20.000
"202310",K,US_AS_000001,US_AR_000001,97.000000,2023-10-23 16:41:20.000,2023-10-23 16:41:20.000
"202310",K,US_AS_000001,US_AR_000002,98.000000,2023-10-23 16:41:20.000,2023-10-23 16:41:20.000
"202310",K,US_AS_000001,US_AR_000003,98.000000,2023-10-23 16:41:20.000,2023-10-23 16:41:20.000
"202310",NTE,US_AS_000001,US_AR_000001,97.000000,2023-10-23 16:41:20.000,2023-10-23 16:41:20.000
"202310",NTE,US_AS_000001,US_AR_000002,97.000000,2023-10-23 16:41:20.000,2023-10-23 16:41:20.000
"202310",NTE,US_AS_000001,US_AR_000003,99.000000,2023-10-23 16:41:20.000,2023-10-23 16:41:20.000
"202310",NTW,US_AS_000001,US_AR_000001,97.000000,2023-10-23 16:41:20.000,2023-10-23 16:41:20.000
"202310",NTW,US_AS_000001,US_AR_000002,97.000000,2023-10-23 16:41:20.000,2023-10-23 16:41:20.000
"202310",NTW,US_AS_000001,US_AR_000003,99.000000,2023-10-23 16:41:20.000,2023-10-23 16:41:20.000
"202311",HKI,US_AS_000001,US_AR_000001,96.000000,2023-11-23 16:41:20.000,2023-11-23 16:41:20.000
"202311",HKI,US_AS_000001,US_AR_000002,97.000000,2023-11-23 16:41:20.000,2023-11-23 16:41:20.000
"202311",HKI,US_AS_000001,US_AR_000003,95.000000,2023-11-23 16:41:20.000,2023-11-23 16:41:20.000
"202311",HKSAR,US_AS_000001,US_AR_000001,97.000000,2023-11-23 16:41:20.000,2023-11-23 16:41:20.000
"202311",HKSAR,US_AS_000001,US_AR_000002,99.000000,2023-11-23 16:41:20.000,2023-11-23 16:41:20.000
"202311",HKSAR,US_AS_000001,US_AR_000003,95.000000,2023-11-23 16:41:20.000,2023-11-23 16:41:20.000
"202311",K,US_AS_000001,US_AR_000001,98.000000,2023-11-23 16:41:20.000,2023-11-23 16:41:20.000
"202311",K,US_AS_000001,US_AR_000002,99.000000,2023-11-23 16:41:20.000,2023-11-23 16:41:20.000
"202311",K,US_AS_000001,US_AR_000003,98.000000,2023-11-23 16:41:20.000,2023-11-23 16:41:20.000
"202311",NTE,US_AS_000001,US_AR_000001,99.000000,2023-11-23 16:41:20.000,2023-11-23 16:41:20.000
"202311",NTE,US_AS_000001,US_AR_000002,99.000000,2023-11-23 16:41:20.000,2023-11-23 16:41:20.000
"202311",NTE,US_AS_000001,US_AR_000003,98.000000,2023-11-23 16:41:20.000,2023-11-23 16:41:20.000
"202311",NTW,US_AS_000001,US_AR_000001,99.000000,2023-11-23 16:41:20.000,2023-11-23 16:41:20.000
"202311",NTW,US_AS_000001,US_AR_000002,96.000000,2023-11-23 16:41:20.000,2023-11-23 16:41:20.000
"202311",NTW,US_AS_000001,US_AR_000003,99.000000,2023-11-23 16:41:20.000,2023-11-23 16:41:20.000
"202312",HKI,US_AS_000001,US_AR_000001,98.000000,2023-12-23 16:41:20.000,2023-12-23 16:41:20.000
"202312",HKI,US_AS_000001,US_AR_000002,96.000000,2023-12-23 16:41:20.000,2023-12-23 16:41:20.000
"202312",HKI,US_AS_000001,US_AR_000003,99.000000,2023-12-23 16:41:20.000,2023-12-23 16:41:20.000
"202312",HKSAR,US_AS_000001,US_AR_000001,96.000000,2023-12-23 16:41:20.000,2023-12-23 16:41:20.000
"202312",HKSAR,US_AS_000001,US_AR_000002,98.000000,2023-12-23 16:41:20.000,2023-12-23 16:41:20.000
"202312",HKSAR,US_AS_000001,US_AR_000003,97.000000,2023-12-23 16:41:20.000,2023-12-23 16:41:20.000
"202312",K,US_AS_000001,US_AR_000001,95.000000,2023-12-23 16:41:20.000,2023-12-23 16:41:20.000
"202312",K,US_AS_000001,US_AR_000002,95.000000,2023-12-23 16:41:20.000,2023-12-23 16:41:20.000
"202312",K,US_AS_000001,US_AR_000003,98.000000,2023-12-23 16:41:20.000,2023-12-23 16:41:20.000
"202312",NTE,US_AS_000001,US_AR_000001,96.000000,2023-12-23 16:41:20.000,2023-12-23 16:41:20.000
"202312",NTE,US_AS_000001,US_AR_000002,99.000000,2023-12-23 16:41:20.000,2023-12-23 16:41:20.000
"202312",NTE,US_AS_000001,US_AR_000003,96.000000,2023-12-23 16:41:20.000,2023-12-23 16:41:20.000
"202312",NTW,US_AS_000001,US_AR_000001,99.000000,2023-12-23 16:41:20.000,2023-12-23 16:41:20.000
"202312",NTW,US_AS_000001,US_AR_000002,98.000000,2023-12-23 16:41:20.000,2023-12-23 16:41:20.000
"202312",NTW,US_AS_000001,US_AR_000003,99.000000,2023-12-23 16:41:20.000,2023-12-23 16:41:20.000
"202401",HKI,US_AS_000001,US_AR_000001,96.000000,2024-01-23 16:41:20.000,2024-01-23 16:41:20.000
"202401",HKI,US_AS_000001,US_AR_000002,99.000000,2024-01-23 16:41:20.000,2024-01-23 16:41:20.000
"202401",HKI,US_AS_000001,US_AR_000003,97.000000,2024-01-23 16:41:20.000,2024-01-23 16:41:20.000
"202401",HKSAR,US_AS_000001,US_AR_000001,96.000000,2024-01-23 16:41:20.000,2024-01-23 16:41:20.000
"202401",HKSAR,US_AS_000001,US_AR_000002,96.000000,2024-01-23 16:41:20.000,2024-01-23 16:41:20.000
"202401",HKSAR,US_AS_000001,US_AR_000003,97.000000,2024-01-23 16:41:20.000,2024-01-23 16:41:20.000
"202401",K,US_AS_000001,US_AR_000001,96.000000,2024-01-23 16:41:20.000,2024-01-23 16:41:20.000
"202401",K,US_AS_000001,US_AR_000002,98.000000,2024-01-23 16:41:20.000,2024-01-23 16:41:20.000
"202401",K,US_AS_000001,US_AR_000003,99.000000,2024-01-23 16:41:20.000,2024-01-23 16:41:20.000
"202401",NTE,US_AS_000001,US_AR_000001,98.000000,2024-01-23 16:41:20.000,2024-01-23 16:41:20.000
"202401",NTE,US_AS_000001,US_AR_000002,99.000000,2024-01-23 16:41:20.000,2024-01-23 16:41:20.000
"202401",NTE,US_AS_000001,US_AR_000003,98.000000,2024-01-23 16:41:20.000,2024-01-23 16:41:20.000
"202401",NTW,US_AS_000001,US_AR_000001,96.000000,2024-01-23 16:41:20.000,2024-01-23 16:41:20.000
"202401",NTW,US_AS_000001,US_AR_000002,97.000000,2024-01-23 16:41:20.000,2024-01-23 16:41:20.000
"202401",NTW,US_AS_000001,US_AR_000003,99.000000,2024-01-23 16:41:20.000,2024-01-23 16:41:20.000
"202402",HKI,US_AS_000001,US_AR_000001,97.000000,2024-02-23 16:41:20.000,2024-02-23 16:41:20.000
"202402",HKI,US_AS_000001,US_AR_000002,96.000000,2024-02-23 16:41:20.000,2024-02-23 16:41:20.000
"202402",HKI,US_AS_000001,US_AR_000003,98.000000,2024-02-23 16:41:20.000,2024-02-23 16:41:20.000
"202402",HKSAR,US_AS_000001,US_AR_000001,99.000000,2024-02-23 16:41:20.000,2024-02-23 16:41:20.000
"202402",HKSAR,US_AS_000001,US_AR_000002,97.000000,2024-02-23 16:41:20.000,2024-02-23 16:41:20.000
"202402",HKSAR,US_AS_000001,US_AR_000003,95.000000,2024-02-23 16:41:20.000,2024-02-23 16:41:20.000
"202402",K,US_AS_000001,US_AR_000001,96.000000,2024-02-23 16:41:20.000,2024-02-23 16:41:20.000
"202402",K,US_AS_000001,US_AR_000002,95.000000,2024-02-23 16:41:20.000,2024-02-23 16:41:20.000
"202402",K,US_AS_000001,US_AR_000003,97.000000,2024-02-23 16:41:20.000,2024-02-23 16:41:20.000
"202402",NTE,US_AS_000001,US_AR_000001,96.000000,2024-02-23 16:41:20.000,2024-02-23 16:41:20.000
"202402",NTE,US_AS_000001,US_AR_000002,99.000000,2024-02-23 16:41:20.000,2024-02-23 16:41:20.000
"202402",NTE,US_AS_000001,US_AR_000003,98.000000,2024-02-23 16:41:20.000,2024-02-23 16:41:20.000
"202402",NTW,US_AS_000001,US_AR_000001,97.000000,2024-02-23 16:41:20.000,2024-02-23 16:41:20.000
"202402",NTW,US_AS_000001,US_AR_000002,99.000000,2024-02-23 16:41:20.000,2024-02-23 16:41:20.000
"202402",NTW,US_AS_000001,US_AR_000003,95.000000,2024-02-23 16:41:20.000,2024-02-23 16:41:20.000
"202403",HKI,US_AS_000001,US_AR_000001,99.000000,2024-03-23 16:41:20.000,2024-03-23 16:41:20.000
"202403",HKI,US_AS_000001,US_AR_000002,99.000000,2024-03-23 16:41:20.000,2024-03-23 16:41:20.000
"202403",HKI,US_AS_000001,US_AR_000003,95.000000,2024-03-23 16:41:20.000,2024-03-23 16:41:20.000
"202403",HKSAR,US_AS_000001,US_AR_000001,96.000000,2024-03-23 16:41:20.000,2024-03-23 16:41:20.000
"202403",HKSAR,US_AS_000001,US_AR_000002,96.000000,2024-03-23 16:41:20.000,2024-03-23 16:41:20.000
"202403",HKSAR,US_AS_000001,US_AR_000003,99.000000,2024-03-23 16:41:20.000,2024-03-23 16:41:20.000
"202403",K,US_AS_000001,US_AR_000001,99.000000,2024-03-23 16:41:20.000,2024-03-23 16:41:20.000
"202403",K,US_AS_000001,US_AR_000002,97.000000,2024-03-23 16:41:20.000,2024-03-23 16:41:20.000
"202403",K,US_AS_000001,US_AR_000003,97.000000,2024-03-23 16:41:20.000,2024-03-23 16:41:20.000
"202403",NTE,US_AS_000001,US_AR_000001,96.000000,2024-03-23 16:41:20.000,2024-03-23 16:41:20.000
"202403",NTE,US_AS_000001,US_AR_000002,99.000000,2024-03-23 16:41:20.000,2024-03-23 16:41:20.000
"202403",NTE,US_AS_000001,US_AR_000003,98.000000,2024-03-23 16:41:20.000,2024-03-23 16:41:20.000
"202403",NTW,US_AS_000001,US_AR_000001,99.000000,2024-03-23 16:41:20.000,2024-03-23 16:41:20.000
"202403",NTW,US_AS_000001,US_AR_000002,99.000000,2024-03-23 16:41:20.000,2024-03-23 16:41:20.000
"202403",NTW,US_AS_000001,US_AR_000003,97.000000,2024-03-23 16:41:20.000,2024-03-23 16:41:20.000
"202404",HKI,US_AS_000001,US_AR_000001,98.000000,2024-04-23 16:41:20.000,2024-04-23 16:41:20.000
"202404",HKI,US_AS_000001,US_AR_000002,96.000000,2024-04-23 16:41:20.000,2024-04-23 16:41:20.000
"202404",HKI,US_AS_000001,US_AR_000003,97.000000,2024-04-23 16:41:20.000,2024-04-23 16:41:20.000
"202404",HKSAR,US_AS_000001,US_AR_000001,96.000000,2024-04-23 16:41:20.000,2024-04-23 16:41:20.000
"202404",HKSAR,US_AS_000001,US_AR_000002,97.000000,2024-04-23 16:41:20.000,2024-04-23 16:41:20.000
"202404",HKSAR,US_AS_000001,US_AR_000003,98.000000,2024-04-23 16:41:20.000,2024-04-23 16:41:20.000
"202404",K,US_AS_000001,US_AR_000001,97.000000,2024-04-23 16:41:20.000,2024-04-23 16:41:20.000
"202404",K,US_AS_000001,US_AR_000002,95.000000,2024-04-23 16:41:20.000,2024-04-23 16:41:20.000
"202404",K,US_AS_000001,US_AR_000003,98.000000,2024-04-23 16:41:20.000,2024-04-23 16:41:20.000
"202404",NTE,US_AS_000001,US_AR_000001,99.000000,2024-04-23 16:41:20.000,2024-04-23 16:41:20.000
"202404",NTE,US_AS_000001,US_AR_000002,96.000000,2024-04-23 16:41:20.000,2024-04-23 16:41:20.000
"202404",NTE,US_AS_000001,US_AR_000003,95.000000,2024-04-23 16:41:20.000,2024-04-23 16:41:20.000
"202404",NTW,US_AS_000001,US_AR_000001,96.000000,2024-04-23 16:41:20.000,2024-04-23 16:41:20.000
"202404",NTW,US_AS_000001,US_AR_000002,99.000000,2024-04-23 16:41:20.000,2024-04-23 16:41:20.000
"202404",NTW,US_AS_000001,US_AR_000003,96.000000,2024-04-23 16:41:20.000,2024-04-23 16:41:20.000
"202405",HKI,US_AS_000001,US_AR_000001,98.000000,2024-05-23 16:41:20.000,2024-05-23 16:41:20.000
"202405",HKI,US_AS_000001,US_AR_000002,95.000000,2024-05-23 16:41:20.000,2024-05-23 16:41:20.000
"202405",HKI,US_AS_000001,US_AR_000003,99.000000,2024-05-23 16:41:20.000,2024-05-23 16:41:20.000
"202405",HKSAR,US_AS_000001,US_AR_000001,95.000000,2024-05-23 16:41:20.000,2024-05-23 16:41:20.000
"202405",HKSAR,US_AS_000001,US_AR_000002,96.000000,2024-05-23 16:41:20.000,2024-05-23 16:41:20.000
"202405",HKSAR,US_AS_000001,US_AR_000003,99.000000,2024-05-23 16:41:20.000,2024-05-23 16:41:20.000
"202405",K,US_AS_000001,US_AR_000001,98.000000,2024-05-23 16:41:20.000,2024-05-23 16:41:20.000
"202405",K,US_AS_000001,US_AR_000002,99.000000,2024-05-23 16:41:20.000,2024-05-23 16:41:20.000
"202405",K,US_AS_000001,US_AR_000003,95.000000,2024-05-23 16:41:20.000,2024-05-23 16:41:20.000
"202405",NTE,US_AS_000001,US_AR_000001,98.000000,2024-05-23 16:41:20.000,2024-05-23 16:41:20.000
"202405",NTE,US_AS_000001,US_AR_000002,96.000000,2024-05-23 16:41:20.000,2024-05-23 16:41:20.000
"202405",NTE,US_AS_000001,US_AR_000003,97.000000,2024-05-23 16:41:20.000,2024-05-23 16:41:20.000
"202405",NTW,US_AS_000001,US_AR_000001,99.000000,2024-05-23 16:41:20.000,2024-05-23 16:41:20.000
"202405",NTW,US_AS_000001,US_AR_000002,96.000000,2024-05-23 16:41:20.000,2024-05-23 16:41:20.000
"202405",NTW,US_AS_000001,US_AR_000003,95.000000,2024-05-23 16:41:20.000,2024-05-23 16:41:20.000
"202406",HKI,US_AS_000001,US_AR_000001,98.000000,2024-06-23 16:41:20.000,2024-06-23 16:41:20.000
"202406",HKI,US_AS_000001,US_AR_000002,97.000000,2024-06-23 16:41:20.000,2024-06-23 16:41:20.000
"202406",HKI,US_AS_000001,US_AR_000003,96.000000,2024-06-23 16:41:20.000,2024-06-23 16:41:20.000
"202406",HKSAR,US_AS_000001,US_AR_000001,98.000000,2024-06-23 16:41:20.000,2024-06-23 16:41:20.000
"202406",HKSAR,US_AS_000001,US_AR_000002,97.000000,2024-06-23 16:41:20.000,2024-06-23 16:41:20.000
"202406",HKSAR,US_AS_000001,US_AR_000003,97.000000,2024-06-23 16:41:20.000,2024-06-23 16:41:20.000
"202406",K,US_AS_000001,US_AR_000001,99.000000,2024-06-23 16:41:20.000,2024-06-23 16:41:20.000
"202406",K,US_AS_000001,US_AR_000002,99.000000,2024-06-23 16:41:20.000,2024-06-23 16:41:20.000
"202406",K,US_AS_000001,US_AR_000003,96.000000,2024-06-23 16:41:20.000,2024-06-23 16:41:20.000
"202406",NTE,US_AS_000001,US_AR_000001,97.000000,2024-06-23 16:41:20.000,2024-06-23 16:41:20.000
"202406",NTE,US_AS_000001,US_AR_000002,95.000000,2024-06-23 16:41:20.000,2024-06-23 16:41:20.000
"202406",NTE,US_AS_000001,US_AR_000003,98.000000,2024-06-23 16:41:20.000,2024-06-23 16:41:20.000
"202406",NTW,US_AS_000001,US_AR_000001,95.000000,2024-06-23 16:41:20.000,2024-06-23 16:41:20.000
"202406",NTW,US_AS_000001,US_AR_000002,97.000000,2024-06-23 16:41:20.000,2024-06-23 16:41:20.000
"202406",NTW,US_AS_000001,US_AR_000003,98.000000,2024-06-23 16:41:20.000,2024-06-23 16:41:20.000
"202407",HKI,US_AS_000001,US_AR_000001,96.000000,2024-07-23 16:41:20.000,2024-07-23 16:41:20.000
"202407",HKI,US_AS_000001,US_AR_000002,96.000000,2024-07-23 16:41:20.000,2024-07-23 16:41:20.000
"202407",HKI,US_AS_000001,US_AR_000003,95.000000,2024-07-23 16:41:20.000,2024-07-23 16:41:20.000
"202407",HKSAR,US_AS_000001,US_AR_000001,96.000000,2024-07-23 16:41:20.000,2024-07-23 16:41:20.000
"202407",HKSAR,US_AS_000001,US_AR_000002,99.000000,2024-07-23 16:41:20.000,2024-07-23 16:41:20.000
"202407",HKSAR,US_AS_000001,US_AR_000003,99.000000,2024-07-23 16:41:20.000,2024-07-23 16:41:20.000
"202407",K,US_AS_000001,US_AR_000001,96.000000,2024-07-23 16:41:20.000,2024-07-23 16:41:20.000
"202407",K,US_AS_000001,US_AR_000002,99.000000,2024-07-23 16:41:20.000,2024-07-23 16:41:20.000
"202407",K,US_AS_000001,US_AR_000003,97.000000,2024-07-23 16:41:20.000,2024-07-23 16:41:20.000
"202407",NTE,US_AS_000001,US_AR_000001,97.000000,2024-07-23 16:41:20.000,2024-07-23 16:41:20.000
"202407",NTE,US_AS_000001,US_AR_000002,95.000000,2024-07-23 16:41:20.000,2024-07-23 16:41:20.000
"202407",NTE,US_AS_000001,US_AR_000003,99.000000,2024-07-23 16:41:20.000,2024-07-23 16:41:20.000
"202407",NTW,US_AS_000001,US_AR_000001,95.000000,2024-07-23 16:41:20.000,2024-07-23 16:41:20.000
"202407",NTW,US_AS_000001,US_AR_000002,95.000000,2024-07-23 16:41:20.000,2024-07-23 16:41:20.000
"202407",NTW,US_AS_000001,US_AR_000003,96.000000,2024-07-23 16:41:20.000,2024-07-23 16:41:20.000
"202408",HKI,US_AS_000001,US_AR_000001,97.000000,2024-08-23 16:41:20.000,2024-08-23 16:41:20.000
"202408",HKI,US_AS_000001,US_AR_000002,95.000000,2024-08-23 16:41:20.000,2024-08-23 16:41:20.000
"202408",HKI,US_AS_000001,US_AR_000003,95.000000,2024-08-23 16:41:20.000,2024-08-23 16:41:20.000
"202408",HKSAR,US_AS_000001,US_AR_000001,98.000000,2024-08-23 16:41:20.000,2024-08-23 16:41:20.000
"202408",HKSAR,US_AS_000001,US_AR_000002,97.000000,2024-08-23 16:41:20.000,2024-08-23 16:41:20.000
"202408",HKSAR,US_AS_000001,US_AR_000003,97.000000,2024-08-23 16:41:20.000,2024-08-23 16:41:20.000
"202408",K,US_AS_000001,US_AR_000001,99.000000,2024-08-23 16:41:20.000,2024-08-23 16:41:20.000
"202408",K,US_AS_000001,US_AR_000002,98.000000,2024-08-23 16:41:20.000,2024-08-23 16:41:20.000
"202408",K,US_AS_000001,US_AR_000003,96.000000,2024-08-23 16:41:20.000,2024-08-23 16:41:20.000
"202408",NTE,US_AS_000001,US_AR_000001,98.000000,2024-08-23 16:41:20.000,2024-08-23 16:41:20.000
"202408",NTE,US_AS_000001,US_AR_000002,97.000000,2024-08-23 16:41:20.000,2024-08-23 16:41:20.000
"202408",NTE,US_AS_000001,US_AR_000003,96.000000,2024-08-23 16:41:20.000,2024-08-23 16:41:20.000
"202408",NTW,US_AS_000001,US_AR_000001,98.000000,2024-08-23 16:41:20.000,2024-08-23 16:41:20.000
"202408",NTW,US_AS_000001,US_AR_000002,99.000000,2024-08-23 16:41:20.000,2024-08-23 16:41:20.000
"202408",NTW,US_AS_000001,US_AR_000003,96.000000,2024-08-23 16:41:20.000,2024-08-23 16:41:20.000
"202409",HKI,US_AS_000001,US_AR_000001,96.000000,2024-09-23 16:41:20.000,2024-09-23 16:41:20.000
"202409",HKI,US_AS_000001,US_AR_000002,96.000000,2024-09-23 16:41:20.000,2024-09-23 16:41:20.000
"202409",HKI,US_AS_000001,US_AR_000003,99.000000,2024-09-23 16:41:20.000,2024-09-23 16:41:20.000
"202409",HKSAR,US_AS_000001,US_AR_000001,95.000000,2024-09-23 16:41:20.000,2024-09-23 16:41:20.000
"202409",HKSAR,US_AS_000001,US_AR_000002,95.000000,2024-09-23 16:41:20.000,2024-09-23 16:41:20.000
"202409",HKSAR,US_AS_000001,US_AR_000003,97.000000,2024-09-23 16:41:20.000,2024-09-23 16:41:20.000
"202409",K,US_AS_000001,US_AR_000001,96.000000,2024-09-23 16:41:20.000,2024-09-23 16:41:20.000
"202409",K,US_AS_000001,US_AR_000002,99.000000,2024-09-23 16:41:20.000,2024-09-23 16:41:20.000
"202409",K,US_AS_000001,US_AR_000003,97.000000,2024-09-23 16:41:20.000,2024-09-23 16:41:20.000
"202409",NTE,US_AS_000001,US_AR_000001,96.000000,2024-09-23 16:41:20.000,2024-09-23 16:41:20.000
"202409",NTE,US_AS_000001,US_AR_000002,97.000000,2024-09-23 16:41:20.000,2024-09-23 16:41:20.000
"202409",NTE,US_AS_000001,US_AR_000003,96.000000,2024-09-23 16:41:20.000,2024-09-23 16:41:20.000
"202409",NTW,US_AS_000001,US_AR_000001,98.000000,2024-09-23 16:41:20.000,2024-09-23 16:41:20.000
"202409",NTW,US_AS_000001,US_AR_000002,95.000000,2024-09-23 16:41:20.000,2024-09-23 16:41:20.000
"202409",NTW,US_AS_000001,US_AR_000003,96.000000,2024-09-23 16:41:20.000,2024-09-23 16:41:20.000
"202410",HKI,US_AS_000001,US_AR_000001,95.000000,2024-10-23 16:41:20.000,2024-10-23 16:41:20.000
"202410",HKI,US_AS_000001,US_AR_000002,96.000000,2024-10-23 16:41:20.000,2024-10-23 16:41:20.000
"202410",HKI,US_AS_000001,US_AR_000003,98.000000,2024-10-23 16:41:20.000,2024-10-23 16:41:20.000
"202410",HKSAR,US_AS_000001,US_AR_000001,95.000000,2024-10-23 16:41:20.000,2024-10-23 16:41:20.000
"202410",HKSAR,US_AS_000001,US_AR_000002,97.000000,2024-10-23 16:41:20.000,2024-10-23 16:41:20.000
"202410",HKSAR,US_AS_000001,US_AR_000003,95.000000,2024-10-23 16:41:20.000,2024-10-23 16:41:20.000
"202410",K,US_AS_000001,US_AR_000001,99.000000,2024-10-23 16:41:20.000,2024-10-23 16:41:20.000
"202410",K,US_AS_000001,US_AR_000002,98.000000,2024-10-23 16:41:20.000,2024-10-23 16:41:20.000
"202410",K,US_AS_000001,US_AR_000003,96.000000,2024-10-23 16:41:20.000,2024-10-23 16:41:20.000
"202410",NTE,US_AS_000001,US_AR_000001,95.000000,2024-10-23 16:41:20.000,2024-10-23 16:41:20.000
"202410",NTE,US_AS_000001,US_AR_000002,95.000000,2024-10-23 16:41:20.000,2024-10-23 16:41:20.000
"202410",NTE,US_AS_000001,US_AR_000003,98.000000,2024-10-23 16:41:20.000,2024-10-23 16:41:20.000
"202410",NTW,US_AS_000001,US_AR_000001,99.000000,2024-10-23 16:41:20.000,2024-10-23 16:41:20.000
"202410",NTW,US_AS_000001,US_AR_000002,95.000000,2024-10-23 16:41:20.000,2024-10-23 16:41:20.000
"202410",NTW,US_AS_000001,US_AR_000003,99.000000,2024-10-23 16:41:20.000,2024-10-23 16:41:20.000
"202411",HKI,US_AS_000001,US_AR_000001,99.000000,2024-11-23 16:41:20.000,2024-11-23 16:41:20.000
"202411",HKI,US_AS_000001,US_AR_000002,98.000000,2024-11-23 16:41:20.000,2024-11-23 16:41:20.000
"202411",HKI,US_AS_000001,US_AR_000003,99.000000,2024-11-23 16:41:20.000,2024-11-23 16:41:20.000
"202411",HKSAR,US_AS_000001,US_AR_000001,95.000000,2024-11-23 16:41:20.000,2024-11-23 16:41:20.000
"202411",HKSAR,US_AS_000001,US_AR_000002,96.000000,2024-11-23 16:41:20.000,2024-11-23 16:41:20.000
"202411",HKSAR,US_AS_000001,US_AR_000003,98.000000,2024-11-23 16:41:20.000,2024-11-23 16:41:20.000
"202411",K,US_AS_000001,US_AR_000001,98.000000,2024-11-23 16:41:20.000,2024-11-23 16:41:20.000
"202411",K,US_AS_000001,US_AR_000002,97.000000,2024-11-23 16:41:20.000,2024-11-23 16:41:20.000
"202411",K,US_AS_000001,US_AR_000003,97.000000,2024-11-23 16:41:20.000,2024-11-23 16:41:20.000
"202411",NTE,US_AS_000001,US_AR_000001,95.000000,2024-11-23 16:41:20.000,2024-11-23 16:41:20.000
"202411",NTE,US_AS_000001,US_AR_000002,95.000000,2024-11-23 16:41:20.000,2024-11-23 16:41:20.000
"202411",NTE,US_AS_000001,US_AR_000003,96.000000,2024-11-23 16:41:20.000,2024-11-23 16:41:20.000
"202411",NTW,US_AS_000001,US_AR_000001,98.000000,2024-11-23 16:41:20.000,2024-11-23 16:41:20.000
"202411",NTW,US_AS_000001,US_AR_000002,99.000000,2024-11-23 16:41:20.000,2024-11-23 16:41:20.000
"202411",NTW,US_AS_000001,US_AR_000003,95.000000,2024-11-23 16:41:20.000,2024-11-23 16:41:20.000
"202412",HKI,US_AS_000001,US_AR_000001,98.000000,2024-12-23 16:41:20.000,2024-12-23 16:41:20.000
"202412",HKI,US_AS_000001,US_AR_000002,96.000000,2024-12-23 16:41:20.000,2024-12-23 16:41:20.000
"202412",HKI,US_AS_000001,US_AR_000003,99.000000,2024-12-23 16:41:20.000,2024-12-23 16:41:20.000
"202412",HKSAR,US_AS_000001,US_AR_000001,96.000000,2024-12-23 16:41:20.000,2024-12-23 16:41:20.000
"202412",HKSAR,US_AS_000001,US_AR_000002,97.000000,2024-12-23 16:41:20.000,2024-12-23 16:41:20.000
"202412",HKSAR,US_AS_000001,US_AR_000003,98.000000,2024-12-23 16:41:20.000,2024-12-23 16:41:20.000
"202412",K,US_AS_000001,US_AR_000001,96.000000,2024-12-23 16:41:20.000,2024-12-23 16:41:20.000
"202412",K,US_AS_000001,US_AR_000002,97.000000,2024-12-23 16:41:20.000,2024-12-23 16:41:20.000
"202412",K,US_AS_000001,US_AR_000003,99.000000,2024-12-23 16:41:20.000,2024-12-23 16:41:20.000
"202412",NTE,US_AS_000001,US_AR_000001,96.000000,2024-12-23 16:41:20.000,2024-12-23 16:41:20.000
"202412",NTE,US_AS_000001,US_AR_000002,97.000000,2024-12-23 16:41:20.000,2024-12-23 16:41:20.000
"202412",NTE,US_AS_000001,US_AR_000003,97.000000,2024-12-23 16:41:20.000,2024-12-23 16:41:20.000
"202412",NTW,US_AS_000001,US_AR_000001,97.000000,2024-12-23 16:41:20.000,2024-12-23 16:41:20.000
"202412",NTW,US_AS_000001,US_AR_000002,95.000000,2024-12-23 16:41:20.000,2024-12-23 16:41:20.000
"202412",NTW,US_AS_000001,US_AR_000003,96.000000,2024-12-23 16:41:20.000,2024-12-23 16:41:20.000
"202501",HKI,US_AS_000001,US_AR_000001,96.000000,2025-01-23 16:41:20.000,2025-01-23 16:41:20.000
"202501",HKI,US_AS_000001,US_AR_000002,98.000000,2025-01-23 16:41:20.000,2025-01-23 16:41:20.000
"202501",HKI,US_AS_000001,US_AR_000003,97.000000,2025-01-23 16:41:20.000,2025-01-23 16:41:20.000
"202501",HKSAR,US_AS_000001,US_AR_000001,96.000000,2025-01-23 16:41:20.000,2025-01-23 16:41:20.000
"202501",HKSAR,US_AS_000001,US_AR_000002,96.000000,2025-01-23 16:41:20.000,2025-01-23 16:41:20.000
"202501",HKSAR,US_AS_000001,US_AR_000003,97.000000,2025-01-23 16:41:20.000,2025-01-23 16:41:20.000
"202501",K,US_AS_000001,US_AR_000001,97.000000,2025-01-23 16:41:20.000,2025-01-23 16:41:20.000
"202501",K,US_AS_000001,US_AR_000002,96.000000,2025-01-23 16:41:20.000,2025-01-23 16:41:20.000
"202501",K,US_AS_000001,US_AR_000003,96.000000,2025-01-23 16:41:20.000,2025-01-23 16:41:20.000
"202501",NTE,US_AS_000001,US_AR_000001,97.000000,2025-01-23 16:41:20.000,2025-01-23 16:41:20.000
"202501",NTE,US_AS_000001,US_AR_000002,98.000000,2025-01-23 16:41:20.000,2025-01-23 16:41:20.000
"202501",NTE,US_AS_000001,US_AR_000003,95.000000,2025-01-23 16:41:20.000,2025-01-23 16:41:20.000
"202501",NTW,US_AS_000001,US_AR_000001,97.000000,2025-01-23 16:41:20.000,2025-01-23 16:41:20.000
"202501",NTW,US_AS_000001,US_AR_000002,99.000000,2025-01-23 16:41:20.000,2025-01-23 16:41:20.000
"202501",NTW,US_AS_000001,US_AR_000003,97.000000,2025-01-23 16:41:20.000,2025-01-23 16:41:20.000
"202502",HKI,US_AS_000001,US_AR_000001,95.000000,2025-02-23 16:41:20.000,2025-02-23 16:41:20.000
"202502",HKI,US_AS_000001,US_AR_000002,97.000000,2025-02-23 16:41:20.000,2025-02-23 16:41:20.000
"202502",HKI,US_AS_000001,US_AR_000003,96.000000,2025-02-23 16:41:20.000,2025-02-23 16:41:20.000
"202502",HKSAR,US_AS_000001,US_AR_000001,96.000000,2025-02-23 16:41:20.000,2025-02-23 16:41:20.000
"202502",HKSAR,US_AS_000001,US_AR_000002,99.000000,2025-02-23 16:41:20.000,2025-02-23 16:41:20.000
"202502",HKSAR,US_AS_000001,US_AR_000003,96.000000,2025-02-23 16:41:20.000,2025-02-23 16:41:20.000
"202502",K,US_AS_000001,US_AR_000001,99.000000,2025-02-23 16:41:20.000,2025-02-23 16:41:20.000
"202502",K,US_AS_000001,US_AR_000002,95.000000,2025-02-23 16:41:20.000,2025-02-23 16:41:20.000
"202502",K,US_AS_000001,US_AR_000003,96.000000,2025-02-23 16:41:20.000,2025-02-23 16:41:20.000
"202502",NTE,US_AS_000001,US_AR_000001,98.000000,2025-02-23 16:41:20.000,2025-02-23 16:41:20.000
"202502",NTE,US_AS_000001,US_AR_000002,99.000000,2025-02-23 16:41:20.000,2025-02-23 16:41:20.000
"202502",NTE,US_AS_000001,US_AR_000003,96.000000,2025-02-23 16:41:20.000,2025-02-23 16:41:20.000
"202502",NTW,US_AS_000001,US_AR_000001,95.000000,2025-02-23 16:41:20.000,2025-02-23 16:41:20.000
"202502",NTW,US_AS_000001,US_AR_000002,96.000000,2025-02-23 16:41:20.000,2025-02-23 16:41:20.000
"202502",NTW,US_AS_000001,US_AR_000003,96.000000,2025-02-23 16:41:20.000,2025-02-23 16:41:20.000
"202503",HKI,US_AS_000001,US_AR_000001,96.000000,2025-03-23 16:41:20.000,2025-03-23 16:41:20.000
"202503",HKI,US_AS_000001,US_AR_000002,99.000000,2025-03-23 16:41:20.000,2025-03-23 16:41:20.000
"202503",HKI,US_AS_000001,US_AR_000003,98.000000,2025-03-23 16:41:20.000,2025-03-23 16:41:20.000
"202503",HKSAR,US_AS_000001,US_AR_000001,97.000000,2025-03-23 16:41:20.000,2025-03-23 16:41:20.000
"202503",HKSAR,US_AS_000001,US_AR_000002,99.000000,2025-03-23 16:41:20.000,2025-03-23 16:41:20.000
"202503",HKSAR,US_AS_000001,US_AR_000003,97.000000,2025-03-23 16:41:20.000,2025-03-23 16:41:20.000
"202503",K,US_AS_000001,US_AR_000001,99.000000,2025-03-23 16:41:20.000,2025-03-23 16:41:20.000
"202503",K,US_AS_000001,US_AR_000002,96.000000,2025-03-23 16:41:20.000,2025-03-23 16:41:20.000
"202503",K,US_AS_000001,US_AR_000003,97.000000,2025-03-23 16:41:20.000,2025-03-23 16:41:20.000
"202503",NTE,US_AS_000001,US_AR_000001,98.000000,2025-03-23 16:41:20.000,2025-03-23 16:41:20.000
"202503",NTE,US_AS_000001,US_AR_000002,98.000000,2025-03-23 16:41:20.000,2025-03-23 16:41:20.000
"202503",NTE,US_AS_000001,US_AR_000003,97.000000,2025-03-23 16:41:20.000,2025-03-23 16:41:20.000
"202503",NTW,US_AS_000001,US_AR_000001,99.000000,2025-03-23 16:41:20.000,2025-03-23 16:41:20.000
"202503",NTW,US_AS_000001,US_AR_000002,99.000000,2025-03-23 16:41:20.000,2025-03-23 16:41:20.000
"202503",NTW,US_AS_000001,US_AR_000003,99.000000,2025-03-23 16:41:20.000,2025-03-23 16:41:20.000
"202504",HKI,US_AS_000001,US_AR_000001,99.000000,2025-04-23 16:41:20.000,2025-04-23 16:41:20.000
"202504",HKI,US_AS_000001,US_AR_000002,97.000000,2025-04-23 16:41:20.000,2025-04-23 16:41:20.000
"202504",HKI,US_AS_000001,US_AR_000003,98.000000,2025-04-23 16:41:20.000,2025-04-23 16:41:20.000
"202504",HKSAR,US_AS_000001,US_AR_000001,97.000000,2025-04-23 16:41:20.000,2025-04-23 16:41:20.000
"202504",HKSAR,US_AS_000001,US_AR_000002,98.000000,2025-04-23 16:41:20.000,2025-04-23 16:41:20.000
"202504",HKSAR,US_AS_000001,US_AR_000003,97.000000,2025-04-23 16:41:20.000,2025-04-23 16:41:20.000
"202504",K,US_AS_000001,US_AR_000001,99.000000,2025-04-23 16:41:20.000,2025-04-23 16:41:20.000
"202504",K,US_AS_000001,US_AR_000002,99.000000,2025-04-23 16:41:20.000,2025-04-23 16:41:20.000
"202504",K,US_AS_000001,US_AR_000003,98.000000,2025-04-23 16:41:20.000,2025-04-23 16:41:20.000
"202504",NTE,US_AS_000001,US_AR_000001,98.000000,2025-04-23 16:41:20.000,2025-04-23 16:41:20.000
"202504",NTE,US_AS_000001,US_AR_000002,98.000000,2025-04-23 16:41:20.000,2025-04-23 16:41:20.000
"202504",NTE,US_AS_000001,US_AR_000003,98.000000,2025-04-23 16:41:20.000,2025-04-23 16:41:20.000
"202504",NTW,US_AS_000001,US_AR_000001,98.000000,2025-04-23 16:41:20.000,2025-04-23 16:41:20.000
"202504",NTW,US_AS_000001,US_AR_000002,97.000000,2025-04-23 16:41:20.000,2025-04-23 16:41:20.000
"202504",NTW,US_AS_000001,US_AR_000003,97.000000,2025-04-23 16:41:20.000,2025-04-23 16:41:20.000
"202505",HKI,US_AS_000001,US_AR_000001,98.000000,2025-05-23 16:41:20.000,2025-05-23 16:41:20.000
"202505",HKI,US_AS_000001,US_AR_000002,98.000000,2025-05-23 16:41:20.000,2025-05-23 16:41:20.000
"202505",HKI,US_AS_000001,US_AR_000003,95.000000,2025-05-23 16:41:20.000,2025-05-23 16:41:20.000
"202505",HKSAR,US_AS_000001,US_AR_000001,96.000000,2025-05-23 16:41:20.000,2025-05-23 16:41:20.000
"202505",HKSAR,US_AS_000001,US_AR_000002,99.000000,2025-05-23 16:41:20.000,2025-05-23 16:41:20.000
"202505",HKSAR,US_AS_000001,US_AR_000003,96.000000,2025-05-23 16:41:20.000,2025-05-23 16:41:20.000
"202505",K,US_AS_000001,US_AR_000001,96.000000,2025-05-23 16:41:20.000,2025-05-23 16:41:20.000
"202505",K,US_AS_000001,US_AR_000002,97.000000,2025-05-23 16:41:20.000,2025-05-23 16:41:20.000
"202505",K,US_AS_000001,US_AR_000003,98.000000,2025-05-23 16:41:20.000,2025-05-23 16:41:20.000
"202505",NTE,US_AS_000001,US_AR_000001,98.000000,2025-05-23 16:41:20.000,2025-05-23 16:41:20.000
"202505",NTE,US_AS_000001,US_AR_000002,99.000000,2025-05-23 16:41:20.000,2025-05-23 16:41:20.000
"202505",NTE,US_AS_000001,US_AR_000003,98.000000,2025-05-23 16:41:20.000,2025-05-23 16:41:20.000
"202505",NTW,US_AS_000001,US_AR_000001,98.000000,2025-05-23 16:41:20.000,2025-05-23 16:41:20.000
"202505",NTW,US_AS_000001,US_AR_000002,97.000000,2025-05-23 16:41:20.000,2025-05-23 16:41:20.000
"202505",NTW,US_AS_000001,US_AR_000003,95.000000,2025-05-23 16:41:20.000,2025-05-23 16:41:20.000
"202506",HKI,US_AS_000001,US_AR_000001,95.000000,2025-06-23 16:41:20.000,2025-06-23 16:41:20.000
"202506",HKI,US_AS_000001,US_AR_000002,96.000000,2025-06-23 16:41:20.000,2025-06-23 16:41:20.000
"202506",HKI,US_AS_000001,US_AR_000003,95.000000,2025-06-23 16:41:20.000,2025-06-23 16:41:20.000
"202506",HKSAR,US_AS_000001,US_AR_000001,97.000000,2025-06-23 16:41:20.000,2025-06-23 16:41:20.000
"202506",HKSAR,US_AS_000001,US_AR_000002,95.000000,2025-06-23 16:41:20.000,2025-06-23 16:41:20.000
"202506",HKSAR,US_AS_000001,US_AR_000003,95.000000,2025-06-23 16:41:20.000,2025-06-23 16:41:20.000
"202506",K,US_AS_000001,US_AR_000001,95.000000,2025-06-23 16:41:20.000,2025-06-23 16:41:20.000
"202506",K,US_AS_000001,US_AR_000002,97.000000,2025-06-23 16:41:20.000,2025-06-23 16:41:20.000
"202506",K,US_AS_000001,US_AR_000003,99.000000,2025-06-23 16:41:20.000,2025-06-23 16:41:20.000
"202506",NTE,US_AS_000001,US_AR_000001,96.000000,2025-06-23 16:41:20.000,2025-06-23 16:41:20.000
"202506",NTE,US_AS_000001,US_AR_000002,97.000000,2025-06-23 16:41:20.000,2025-06-23 16:41:20.000
"202506",NTE,US_AS_000001,US_AR_000003,98.000000,2025-06-23 16:41:20.000,2025-06-23 16:41:20.000
"202506",NTW,US_AS_000001,US_AR_000001,96.000000,2025-06-23 16:41:20.000,2025-06-23 16:41:20.000
"202506",NTW,US_AS_000001,US_AR_000002,97.000000,2025-06-23 16:41:20.000,2025-06-23 16:41:20.000
"202506",NTW,US_AS_000001,US_AR_000003,97.000000,2025-06-23 16:41:20.000,2025-06-23 16:41:20.000
"202507",HKI,US_AS_000001,US_AR_000001,95.000000,2025-07-23 16:41:20.000,2025-07-23 16:41:20.000
"202507",HKI,US_AS_000001,US_AR_000002,95.000000,2025-07-23 16:41:20.000,2025-07-23 16:41:20.000
"202507",HKI,US_AS_000001,US_AR_000003,97.000000,2025-07-23 16:41:20.000,2025-07-23 16:41:20.000
"202507",HKSAR,US_AS_000001,US_AR_000001,96.000000,2025-07-23 16:41:20.000,2025-07-23 16:41:20.000
"202507",HKSAR,US_AS_000001,US_AR_000002,99.000000,2025-07-23 16:41:20.000,2025-07-23 16:41:20.000
"202507",HKSAR,US_AS_000001,US_AR_000003,99.000000,2025-07-23 16:41:20.000,2025-07-23 16:41:20.000
"202507",K,US_AS_000001,US_AR_000001,97.000000,2025-07-23 16:41:20.000,2025-07-23 16:41:20.000
"202507",K,US_AS_000001,US_AR_000002,99.000000,2025-07-23 16:41:20.000,2025-07-23 16:41:20.000
"202507",K,US_AS_000001,US_AR_000003,95.000000,2025-07-23 16:41:20.000,2025-07-23 16:41:20.000
"202507",NTE,US_AS_000001,US_AR_000001,96.000000,2025-07-23 16:41:20.000,2025-07-23 16:41:20.000
"202507",NTE,US_AS_000001,US_AR_000002,99.000000,2025-07-23 16:41:20.000,2025-07-23 16:41:20.000
"202507",NTE,US_AS_000001,US_AR_000003,95.000000,2025-07-23 16:41:20.000,2025-07-23 16:41:20.000
"202507",NTW,US_AS_000001,US_AR_000001,98.000000,2025-07-23 16:41:20.000,2025-07-23 16:41:20.000
"202507",NTW,US_AS_000001,US_AR_000002,99.000000,2025-07-23 16:41:20.000,2025-07-23 16:41:20.000
"202507",NTW,US_AS_000001,US_AR_000003,98.000000,2025-07-23 16:41:20.000,2025-07-23 16:41:20.000
"202508",HKI,US_AS_000001,US_AR_000001,97.000000,2025-08-23 16:41:20.000,2025-08-23 16:41:20.000
"202508",HKI,US_AS_000001,US_AR_000002,95.000000,2025-08-23 16:41:20.000,2025-08-23 16:41:20.000
"202508",HKI,US_AS_000001,US_AR_000003,97.000000,2025-08-23 16:41:20.000,2025-08-23 16:41:20.000
"202508",HKSAR,US_AS_000001,US_AR_000001,96.000000,2025-08-23 16:41:20.000,2025-08-23 16:41:20.000
"202508",HKSAR,US_AS_000001,US_AR_000002,96.000000,2025-08-23 16:41:20.000,2025-08-23 16:41:20.000
"202508",HKSAR,US_AS_000001,US_AR_000003,99.000000,2025-08-23 16:41:20.000,2025-08-23 16:41:20.000
"202508",K,US_AS_000001,US_AR_000001,95.000000,2025-08-23 16:41:20.000,2025-08-23 16:41:20.000
"202508",K,US_AS_000001,US_AR_000002,99.000000,2025-08-23 16:41:20.000,2025-08-23 16:41:20.000
"202508",K,US_AS_000001,US_AR_000003,96.000000,2025-08-23 16:41:20.000,2025-08-23 16:41:20.000
"202508",NTE,US_AS_000001,US_AR_000001,98.000000,2025-08-23 16:41:20.000,2025-08-23 16:41:20.000
"202508",NTE,US_AS_000001,US_AR_000002,99.000000,2025-08-23 16:41:20.000,2025-08-23 16:41:20.000
"202508",NTE,US_AS_000001,US_AR_000003,98.000000,2025-08-23 16:41:20.000,2025-08-23 16:41:20.000
"202508",NTW,US_AS_000001,US_AR_000001,96.000000,2025-08-23 16:41:20.000,2025-08-23 16:41:20.000
"202508",NTW,US_AS_000001,US_AR_000002,95.000000,2025-08-23 16:41:20.000,2025-08-23 16:41:20.000
"202508",NTW,US_AS_000001,US_AR_000003,99.000000,2025-08-23 16:41:20.000,2025-08-23 16:41:20.000
"202509",HKI,US_AS_000001,US_AR_000001,95.000000,2025-09-23 16:41:20.000,2025-09-23 16:41:20.000
"202509",HKI,US_AS_000001,US_AR_000002,96.000000,2025-09-23 16:41:20.000,2025-09-23 16:41:20.000
"202509",HKI,US_AS_000001,US_AR_000003,96.000000,2025-09-23 16:41:20.000,2025-09-23 16:41:20.000
"202509",HKSAR,US_AS_000001,US_AR_000001,96.000000,2025-09-23 16:41:20.000,2025-09-23 16:41:20.000
"202509",HKSAR,US_AS_000001,US_AR_000002,98.000000,2025-09-23 16:41:20.000,2025-09-23 16:41:20.000
"202509",HKSAR,US_AS_000001,US_AR_000003,97.000000,2025-09-23 16:41:20.000,2025-09-23 16:41:20.000
"202509",K,US_AS_000001,US_AR_000001,99.000000,2025-09-23 16:41:20.000,2025-09-23 16:41:20.000
"202509",K,US_AS_000001,US_AR_000002,95.000000,2025-09-23 16:41:20.000,2025-09-23 16:41:20.000
"202509",K,US_AS_000001,US_AR_000003,99.000000,2025-09-23 16:41:20.000,2025-09-23 16:41:20.000
"202509",NTE,US_AS_000001,US_AR_000001,98.000000,2025-09-23 16:41:20.000,2025-09-23 16:41:20.000
"202509",NTE,US_AS_000001,US_AR_000002,97.000000,2025-09-23 16:41:20.000,2025-09-23 16:41:20.000
"202509",NTE,US_AS_000001,US_AR_000003,96.000000,2025-09-23 16:41:20.000,2025-09-23 16:41:20.000
"202509",NTW,US_AS_000001,US_AR_000001,98.000000,2025-09-23 16:41:20.000,2025-09-23 16:41:20.000
"202509",NTW,US_AS_000001,US_AR_000002,97.000000,2025-09-23 16:41:20.000,2025-09-23 16:41:20.000
"202509",NTW,US_AS_000001,US_AR_000003,97.000000,2025-09-23 16:41:20.000,2025-09-23 16:41:20.000
"202510",HKI,US_AS_000001,US_AR_000001,97.000000,2025-10-23 16:41:20.000,2025-10-23 16:41:20.000
"202510",HKI,US_AS_000001,US_AR_000002,97.000000,2025-10-23 16:41:20.000,2025-10-23 16:41:20.000
"202510",HKI,US_AS_000001,US_AR_000003,98.000000,2025-10-23 16:41:20.000,2025-10-23 16:41:20.000
"202510",HKSAR,US_AS_000001,US_AR_000001,95.000000,2025-10-23 16:41:20.000,2025-10-23 16:41:20.000
"202510",HKSAR,US_AS_000001,US_AR_000002,99.000000,2025-10-23 16:41:20.000,2025-10-23 16:41:20.000
"202510",HKSAR,US_AS_000001,US_AR_000003,95.000000,2025-10-23 16:41:20.000,2025-10-23 16:41:20.000
"202510",K,US_AS_000001,US_AR_000001,96.000000,2025-10-23 16:41:20.000,2025-10-23 16:41:20.000
"202510",K,US_AS_000001,US_AR_000002,97.000000,2025-10-23 16:41:20.000,2025-10-23 16:41:20.000
"202510",K,US_AS_000001,US_AR_000003,97.000000,2025-10-23 16:41:20.000,2025-10-23 16:41:20.000
"202510",NTE,US_AS_000001,US_AR_000001,97.000000,2025-10-23 16:41:20.000,2025-10-23 16:41:20.000
"202510",NTE,US_AS_000001,US_AR_000002,97.000000,2025-10-23 16:41:20.000,2025-10-23 16:41:20.000
"202510",NTE,US_AS_000001,US_AR_000003,98.000000,2025-10-23 16:41:20.000,2025-10-23 16:41:20.000
"202510",NTW,US_AS_000001,US_AR_000001,97.000000,2025-10-23 16:41:20.000,2025-10-23 16:41:20.000
"202510",NTW,US_AS_000001,US_AR_000002,97.000000,2025-10-23 16:41:20.000,2025-10-23 16:41:20.000
"202510",NTW,US_AS_000001,US_AR_000003,99.000000,2025-10-23 16:41:20.000,2025-10-23 16:41:20.000
"202511",HKI,US_AS_000001,US_AR_000001,97.000000,2025-11-23 16:41:20.000,2025-11-23 16:41:20.000
"202511",HKI,US_AS_000001,US_AR_000002,97.000000,2025-11-23 16:41:20.000,2025-11-23 16:41:20.000
"202511",HKI,US_AS_000001,US_AR_000003,96.000000,2025-11-23 16:41:20.000,2025-11-23 16:41:20.000
"202511",HKSAR,US_AS_000001,US_AR_000001,98.000000,2025-11-23 16:41:20.000,2025-11-23 16:41:20.000
"202511",HKSAR,US_AS_000001,US_AR_000002,99.000000,2025-11-23 16:41:20.000,2025-11-23 16:41:20.000
"202511",HKSAR,US_AS_000001,US_AR_000003,95.000000,2025-11-23 16:41:20.000,2025-11-23 16:41:20.000
"202511",K,US_AS_000001,US_AR_000001,99.000000,2025-11-23 16:41:20.000,2025-11-23 16:41:20.000
"202511",K,US_AS_000001,US_AR_000002,99.000000,2025-11-23 16:41:20.000,2025-11-23 16:41:20.000
"202511",K,US_AS_000001,US_AR_000003,98.000000,2025-11-23 16:41:20.000,2025-11-23 16:41:20.000
"202511",NTE,US_AS_000001,US_AR_000001,96.000000,2025-11-23 16:41:20.000,2025-11-23 16:41:20.000
"202511",NTE,US_AS_000001,US_AR_000002,99.000000,2025-11-23 16:41:20.000,2025-11-23 16:41:20.000
"202511",NTE,US_AS_000001,US_AR_000003,97.000000,2025-11-23 16:41:20.000,2025-11-23 16:41:20.000
"202511",NTW,US_AS_000001,US_AR_000001,95.000000,2025-11-23 16:41:20.000,2025-11-23 16:41:20.000
"202511",NTW,US_AS_000001,US_AR_000002,96.000000,2025-11-23 16:41:20.000,2025-11-23 16:41:20.000
"202511",NTW,US_AS_000001,US_AR_000003,97.000000,2025-11-23 16:41:20.000,2025-11-23 16:41:20.000
"202512",HKI,US_AS_000001,US_AR_000001,99.000000,2025-12-23 16:41:20.000,2025-12-23 16:41:20.000
"202512",HKI,US_AS_000001,US_AR_000002,95.000000,2025-12-23 16:41:20.000,2025-12-23 16:41:20.000
"202512",HKI,US_AS_000001,US_AR_000003,95.000000,2025-12-23 16:41:20.000,2025-12-23 16:41:20.000
"202512",HKSAR,US_AS_000001,US_AR_000001,97.000000,2025-12-23 16:41:20.000,2025-12-23 16:41:20.000
"202512",HKSAR,US_AS_000001,US_AR_000002,95.000000,2025-12-23 16:41:20.000,2025-12-23 16:41:20.000
"202512",HKSAR,US_AS_000001,US_AR_000003,96.000000,2025-12-23 16:41:20.000,2025-12-23 16:41:20.000
"202512",K,US_AS_000001,US_AR_000001,99.000000,2025-12-23 16:41:20.000,2025-12-23 16:41:20.000
"202512",K,US_AS_000001,US_AR_000002,96.000000,2025-12-23 16:41:20.000,2025-12-23 16:41:20.000
"202512",K,US_AS_000001,US_AR_000003,97.000000,2025-12-23 16:41:20.000,2025-12-23 16:41:20.000
"202512",NTE,US_AS_000001,US_AR_000001,97.000000,2025-12-23 16:41:20.000,2025-12-23 16:41:20.000
"202512",NTE,US_AS_000001,US_AR_000002,98.000000,2025-12-23 16:41:20.000,2025-12-23 16:41:20.000
"202512",NTE,US_AS_000001,US_AR_000003,97.000000,2025-12-23 16:41:20.000,2025-12-23 16:41:20.000
"202512",NTW,US_AS_000001,US_AR_000001,95.000000,2025-12-23 16:41:20.000,2025-12-23 16:41:20.000
"202512",NTW,US_AS_000001,US_AR_000002,96.000000,2025-12-23 16:41:20.000,2025-12-23 16:41:20.000
"202512",NTW,US_AS_000001,US_AR_000003,97.000000,2025-12-23 16:41:20.000,2025-12-23 16:41:20.000
"202601",HKI,US_AS_000001,US_AR_000001,97.000000,2026-01-23 16:41:20.000,2026-01-23 16:41:20.000
"202601",HKI,US_AS_000001,US_AR_000002,99.000000,2026-01-23 16:41:20.000,2026-01-23 16:41:20.000
"202601",HKI,US_AS_000001,US_AR_000003,96.000000,2026-01-23 16:41:20.000,2026-01-23 16:41:20.000
"202601",HKSAR,US_AS_000001,US_AR_000001,95.000000,2026-01-23 16:41:20.000,2026-01-23 16:41:20.000
"202601",HKSAR,US_AS_000001,US_AR_000002,99.000000,2026-01-23 16:41:20.000,2026-01-23 16:41:20.000
"202601",HKSAR,US_AS_000001,US_AR_000003,97.000000,2026-01-23 16:41:20.000,2026-01-23 16:41:20.000
"202601",K,US_AS_000001,US_AR_000001,97.000000,2026-01-23 16:41:20.000,2026-01-23 16:41:20.000
"202601",K,US_AS_000001,US_AR_000002,97.000000,2026-01-23 16:41:20.000,2026-01-23 16:41:20.000
"202601",K,US_AS_000001,US_AR_000003,98.000000,2026-01-23 16:41:20.000,2026-01-23 16:41:20.000
"202601",NTE,US_AS_000001,US_AR_000001,96.000000,2026-01-23 16:41:20.000,2026-01-23 16:41:20.000
"202601",NTE,US_AS_000001,US_AR_000002,99.000000,2026-01-23 16:41:20.000,2026-01-23 16:41:20.000
"202601",NTE,US_AS_000001,US_AR_000003,98.000000,2026-01-23 16:41:20.000,2026-01-23 16:41:20.000
"202601",NTW,US_AS_000001,US_AR_000001,97.000000,2026-01-23 16:41:20.000,2026-01-23 16:41:20.000
"202601",NTW,US_AS_000001,US_AR_000002,98.000000,2026-01-23 16:41:20.000,2026-01-23 16:41:20.000
"202601",NTW,US_AS_000001,US_AR_000003,97.000000,2026-01-23 16:41:20.000,2026-01-23 16:41:20.000
"202602",HKI,US_AS_000001,US_AR_000001,99.000000,2026-02-23 16:41:20.000,2026-02-23 16:41:20.000
"202602",HKI,US_AS_000001,US_AR_000002,99.000000,2026-02-23 16:41:20.000,2026-02-23 16:41:20.000
"202602",HKI,US_AS_000001,US_AR_000003,99.000000,2026-02-23 16:41:20.000,2026-02-23 16:41:20.000
"202602",HKSAR,US_AS_000001,US_AR_000001,99.000000,2026-02-23 16:41:20.000,2026-02-23 16:41:20.000
"202602",HKSAR,US_AS_000001,US_AR_000002,95.000000,2026-02-23 16:41:20.000,2026-02-23 16:41:20.000
"202602",HKSAR,US_AS_000001,US_AR_000003,98.000000,2026-02-23 16:41:20.000,2026-02-23 16:41:20.000
"202602",K,US_AS_000001,US_AR_000001,95.000000,2026-02-23 16:41:20.000,2026-02-23 16:41:20.000
"202602",K,US_AS_000001,US_AR_000002,99.000000,2026-02-23 16:41:20.000,2026-02-23 16:41:20.000
"202602",K,US_AS_000001,US_AR_000003,97.000000,2026-02-23 16:41:20.000,2026-02-23 16:41:20.000
"202602",NTE,US_AS_000001,US_AR_000001,98.000000,2026-02-23 16:41:20.000,2026-02-23 16:41:20.000
"202602",NTE,US_AS_000001,US_AR_000002,97.000000,2026-02-23 16:41:20.000,2026-02-23 16:41:20.000
"202602",NTE,US_AS_000001,US_AR_000003,96.000000,2026-02-23 16:41:20.000,2026-02-23 16:41:20.000
"202602",NTW,US_AS_000001,US_AR_000001,96.000000,2026-02-23 16:41:20.000,2026-02-23 16:41:20.000
"202602",NTW,US_AS_000001,US_AR_000002,98.000000,2026-02-23 16:41:20.000,2026-02-23 16:41:20.000
"202602",NTW,US_AS_000001,US_AR_000003,99.000000,2026-02-23 16:41:20.000,2026-02-23 16:41:20.000
"202603",HKI,US_AS_000001,US_AR_000001,99.000000,2026-03-23 16:41:20.000,2026-03-23 16:41:20.000
"202603",HKI,US_AS_000001,US_AR_000002,98.000000,2026-03-23 16:41:20.000,2026-03-23 16:41:20.000
"202603",HKI,US_AS_000001,US_AR_000003,99.000000,2026-03-23 16:41:20.000,2026-03-23 16:41:20.000
"202603",HKSAR,US_AS_000001,US_AR_000001,97.000000,2026-03-23 16:41:20.000,2026-03-23 16:41:20.000
"202603",HKSAR,US_AS_000001,US_AR_000002,99.000000,2026-03-23 16:41:20.000,2026-03-23 16:41:20.000
"202603",HKSAR,US_AS_000001,US_AR_000003,97.000000,2026-03-23 16:41:20.000,2026-03-23 16:41:20.000
"202603",K,US_AS_000001,US_AR_000001,96.000000,2026-03-23 16:41:20.000,2026-03-23 16:41:20.000
"202603",K,US_AS_000001,US_AR_000002,95.000000,2026-03-23 16:41:20.000,2026-03-23 16:41:20.000
"202603",K,US_AS_000001,US_AR_000003,96.000000,2026-03-23 16:41:20.000,2026-03-23 16:41:20.000
"202603",NTE,US_AS_000001,US_AR_000001,95.000000,2026-03-23 16:41:20.000,2026-03-23 16:41:20.000
"202603",NTE,US_AS_000001,US_AR_000002,99.000000,2026-03-23 16:41:20.000,2026-03-23 16:41:20.000
"202603",NTE,US_AS_000001,US_AR_000003,96.000000,2026-03-23 16:41:20.000,2026-03-23 16:41:20.000
"202603",NTW,US_AS_000001,US_AR_000001,97.000000,2026-03-23 16:41:20.000,2026-03-23 16:41:20.000
"202603",NTW,US_AS_000001,US_AR_000002,97.000000,2026-03-23 16:41:20.000,2026-03-23 16:41:20.000
"202603",NTW,US_AS_000001,US_AR_000003,95.000000,2026-03-23 16:41:20.000,2026-03-23 16:41:20.000
"202604",HKI,US_AS_000001,US_AR_000001,97.000000,2026-04-23 16:41:20.000,2026-04-23 16:41:20.000
"202604",HKI,US_AS_000001,US_AR_000002,95.000000,2026-04-23 16:41:20.000,2026-04-23 16:41:20.000
"202604",HKI,US_AS_000001,US_AR_000003,98.000000,2026-04-23 16:41:20.000,2026-04-23 16:41:20.000
"202604",HKSAR,US_AS_000001,US_AR_000001,99.000000,2026-04-23 16:41:20.000,2026-04-23 16:41:20.000
"202604",HKSAR,US_AS_000001,US_AR_000002,97.000000,2026-04-23 16:41:20.000,2026-04-23 16:41:20.000
"202604",HKSAR,US_AS_000001,US_AR_000003,98.000000,2026-04-23 16:41:20.000,2026-04-23 16:41:20.000
"202604",K,US_AS_000001,US_AR_000001,96.000000,2026-04-23 16:41:20.000,2026-04-23 16:41:20.000
"202604",K,US_AS_000001,US_AR_000002,99.000000,2026-04-23 16:41:20.000,2026-04-23 16:41:20.000
"202604",K,US_AS_000001,US_AR_000003,96.000000,2026-04-23 16:41:20.000,2026-04-23 16:41:20.000
"202604",NTE,US_AS_000001,US_AR_000001,98.000000,2026-04-23 16:41:20.000,2026-04-23 16:41:20.000
"202604",NTE,US_AS_000001,US_AR_000002,96.000000,2026-04-23 16:41:20.000,2026-04-23 16:41:20.000
"202604",NTE,US_AS_000001,US_AR_000003,95.000000,2026-04-23 16:41:20.000,2026-04-23 16:41:20.000
"202604",NTW,US_AS_000001,US_AR_000001,99.000000,2026-04-23 16:41:20.000,2026-04-23 16:41:20.000
"202604",NTW,US_AS_000001,US_AR_000002,98.000000,2026-04-23 16:41:20.000,2026-04-23 16:41:20.000
"202604",NTW,US_AS_000001,US_AR_000003,95.000000,2026-04-23 16:41:20.000,2026-04-23 16:41:20.000
"202605",HKI,US_AS_000001,US_AR_000001,97.000000,2026-05-23 16:41:20.000,2026-05-23 16:41:20.000
"202605",HKI,US_AS_000001,US_AR_000002,96.000000,2026-05-23 16:41:20.000,2026-05-23 16:41:20.000
"202605",HKI,US_AS_000001,US_AR_000003,95.000000,2026-05-23 16:41:20.000,2026-05-23 16:41:20.000
"202605",HKSAR,US_AS_000001,US_AR_000001,97.000000,2026-05-23 16:41:20.000,2026-05-23 16:41:20.000
"202605",HKSAR,US_AS_000001,US_AR_000002,95.000000,2026-05-23 16:41:20.000,2026-05-23 16:41:20.000
"202605",HKSAR,US_AS_000001,US_AR_000003,96.000000,2026-05-23 16:41:20.000,2026-05-23 16:41:20.000
"202605",K,US_AS_000001,US_AR_000001,99.000000,2026-05-23 16:41:20.000,2026-05-23 16:41:20.000
"202605",K,US_AS_000001,US_AR_000002,97.000000,2026-05-23 16:41:20.000,2026-05-23 16:41:20.000
"202605",K,US_AS_000001,US_AR_000003,96.000000,2026-05-23 16:41:20.000,2026-05-23 16:41:20.000
"202605",NTE,US_AS_000001,US_AR_000001,97.000000,2026-05-23 16:41:20.000,2026-05-23 16:41:20.000
"202605",NTE,US_AS_000001,US_AR_000002,95.000000,2026-05-23 16:41:20.000,2026-05-23 16:41:20.000
"202605",NTE,US_AS_000001,US_AR_000003,95.000000,2026-05-23 16:41:20.000,2026-05-23 16:41:20.000
"202605",NTW,US_AS_000001,US_AR_000001,98.000000,2026-05-23 16:41:20.000,2026-05-23 16:41:20.000
"202605",NTW,US_AS_000001,US_AR_000002,98.000000,2026-05-23 16:41:20.000,2026-05-23 16:41:20.000
"202605",NTW,US_AS_000001,US_AR_000003,96.000000,2026-05-23 16:41:20.000,2026-05-23 16:41:20.000
"202606",HKI,US_AS_000001,US_AR_000001,99.000000,2026-06-23 16:41:20.000,2026-06-23 16:41:20.000
"202606",HKI,US_AS_000001,US_AR_000002,95.000000,2026-06-23 16:41:20.000,2026-06-23 16:41:20.000
"202606",HKI,US_AS_000001,US_AR_000003,97.000000,2026-06-23 16:41:20.000,2026-06-23 16:41:20.000
"202606",HKSAR,US_AS_000001,US_AR_000001,96.000000,2026-06-23 16:41:20.000,2026-06-23 16:41:20.000
"202606",HKSAR,US_AS_000001,US_AR_000002,95.000000,2026-06-23 16:41:20.000,2026-06-23 16:41:20.000
"202606",HKSAR,US_AS_000001,US_AR_000003,99.000000,2026-06-23 16:41:20.000,2026-06-23 16:41:20.000
"202606",K,US_AS_000001,US_AR_000001,99.000000,2026-06-23 16:41:20.000,2026-06-23 16:41:20.000
"202606",K,US_AS_000001,US_AR_000002,96.000000,2026-06-23 16:41:20.000,2026-06-23 16:41:20.000
"202606",K,US_AS_000001,US_AR_000003,98.000000,2026-06-23 16:41:20.000,2026-06-23 16:41:20.000
"202606",NTE,US_AS_000001,US_AR_000001,96.000000,2026-06-23 16:41:20.000,2026-06-23 16:41:20.000
"202606",NTE,US_AS_000001,US_AR_000002,98.000000,2026-06-23 16:41:20.000,2026-06-23 16:41:20.000
"202606",NTE,US_AS_000001,US_AR_000003,98.000000,2026-06-23 16:41:20.000,2026-06-23 16:41:20.000
"202606",NTW,US_AS_000001,US_AR_000001,95.000000,2026-06-23 16:41:20.000,2026-06-23 16:41:20.000
"202606",NTW,US_AS_000001,US_AR_000002,96.000000,2026-06-23 16:41:20.000,2026-06-23 16:41:20.000
"202606",NTW,US_AS_000001,US_AR_000003,99.000000,2026-06-23 16:41:20.000,2026-06-23 16:41:20.000
