"id","tag_name","tag_value","tag_value_avg","tag_value_min","tag_value_max","quality","tag_time","ms_sql_time"
6,SL_TKO_GAC_INTAKE_T1GAC02_CF102XG01_MEAS,"0.033355",0,0,0,0,2026-07-20 15:13:37.190,2026-07-20 15:15:01.370
10,SL_TKO_GAC_INTAKE_T1GAC02_CQ103XG06_MEAS,"553.5864",0,0,0,0,2026-07-20 15:13:37.190,2026-07-20 15:15:01.370
17,SL_TKO_GAC_INTAKE_T1GAC02_CT101XG05_MEAS,"26.009777",0,0,0,0,2026-07-20 15:13:37.190,2026-07-20 15:15:01.370
18,SL_TKO_GCB_ACTIDAFF_T1GCB02_1_CQ101XG06_MEAS,"508.85535",0,0,0,0,2026-07-20 15:13:37.190,2026-07-20 15:15:01.370
19,SL_TKO_GCB_ACTIDAFF_T1GCB02_1_CQ102XG06_MEAS,"8.076874",0,0,0,0,2026-07-20 15:13:37.190,2026-07-20 15:15:01.370
28,SL_TKO_GCB_ACTIDAFF_T1GCB13_CQ101XG06_MEAS,"0.073076",0,0,0,0,2026-07-20 15:13:37.190,2026-07-20 15:15:01.370
36,SL_TKO_GCB_ACTIDAFF_T1GCB16_AT001_FILT_ACTIVE,"1",0,0,0,0,2026-07-20 15:13:37.190,2026-07-20 15:15:01.370
39,SL_TKO_GCB_ACTIDAFF_T1GCB17_AT001_FILT_ACTIVE,"1",0,0,0,0,2026-07-20 15:13:37.190,2026-07-20 15:15:01.370
42,SL_TKO_GCB_ACTIDAFF_T1GCB18_AT001_FILT_ACTIVE,"1",0,0,0,0,2026-07-20 15:13:37.190,2026-07-20 15:15:01.370
47,SL_TKO_GCB_ACTIDAFF_T1GCB20_AA101XG13_MEAS,"26.300001",0,0,0,0,2026-07-20 15:13:37.190,2026-07-20 15:15:01.370
55,SL_TKO_GCB_ACTIDAFF_T1GCB22_CQ101XG06_MEAS,"0.159595",0,0,0,0,2026-07-20 15:13:37.190,2026-07-20 15:15:01.370
57,SL_TKO_GCB_ACTIDAFF_T1GCB23_AT001_FILT_ACTIVE,"1",0,0,0,0,2026-07-20 15:13:37.190,2026-07-20 15:15:01.370
60,SL_TKO_GCB_ACTIDAFF_T1GCB24_AT001_FILT_ACTIVE,"1",0,0,0,0,2026-07-20 15:13:37.190,2026-07-20 15:15:01.370
61,SL_TKO_GCB_ACTIDAFF_T1GCB24_CQ101XG06_MEAS,"0.125586",0,0,0,0,2026-07-20 15:13:37.190,2026-07-20 15:15:01.370
62,SL_TKO_GCB_ACTIDAFF_T1GCB25_AA101XG13_MEAS,"37.600002",0,0,0,0,2026-07-20 15:13:37.190,2026-07-20 15:15:01.370
63,SL_TKO_GCB_ACTIDAFF_T1GCB25_AT001_FILT_ACTIVE,"1",0,0,0,0,2026-07-20 15:13:37.190,2026-07-20 15:15:01.370
70,SL_TKO_GCM_CHLORINE_T1GCM01_M_AZ001XG02_ACHNGE,"0.0",0,0,0,0,2026-07-20 15:13:37.190,2026-07-20 15:15:01.370
77,SL_TKO_GCM_CHLORINE_T1GCM01_M_AZ001XG05_ACHNGE,"0",0,0,0,0,2026-07-20 15:13:37.190,2026-07-20 15:15:01.370
79,SL_TKO_GCM_CHLORINE_T1GCM01_M_AZ001XG05_MEAS,"0.0",0,0,0,0,2026-07-20 15:13:37.190,2026-07-20 15:15:01.370
81,DCS_ArchestrA_T1GCM01_M_AZ002XG01_MEAS,"0.0",0,0,0,0,2026-07-13 11:58:53.100,2026-07-13 12:00:01.379
88,SL_TKO_GCM_CHLORINE_T1GCM01_M_AZ002XG04_MEAS,"16.479502",0,0,0,0,2026-07-20 15:13:37.190,2026-07-20 15:15:01.370
96,DCS_ArchestrA_T1GCM06_M_CF101XG07_MEAS,"0.679688",0.679688,0.679688,0.679688,0,2026-07-13 11:58:53.100,2026-07-13 12:00:01.379
98,SL_TKO_GCM_CHLORINE_T1GCM39_AP001XS21_CIN,"0",0,0,0,0,2026-07-20 15:13:37.190,2026-07-20 15:15:01.370
107,SL_TKO_GCN_CHEMICALS_T1GCN37_AP007XQ12_MEAS,"0.666016",0,0,0,0,2026-07-20 15:13:37.190,2026-07-20 15:15:01.370
109,SL_TKO_GCN_CHEMICALS_T1GCN37_AP009XQ12_MEAS,"71.23828",0,0,0,0,2026-07-20 15:13:37.190,2026-07-20 15:15:01.370
114,SL_TKO_GCN_CHEMICALS_T1GCN45_AP002XQ12_MEAS,-0.128906,0,0,0,0,2026-07-20 15:13:37.190,2026-07-20 15:15:01.370
115,SL_TKO_GCN_CHEMICALS_T1GCN45_AP003XQ12_MEAS,"0.0",0,0,0,0,2026-07-20 15:13:37.190,2026-07-20 15:15:01.370
123,SL_TKO_GDF_INTERMEDIATE_T1GDF01_1_CQ110XQ06_MEAS,"2.0",0,0,0,0,2026-07-20 15:13:37.190,2026-07-20 15:15:01.370
130,SL_TKO_GDF_INTERMEDIATE_T1GDF04_CQ102XG06_MEAS,"48567.0",0,0,0,0,2026-07-20 15:13:37.190,2026-07-20 15:15:01.370
131,SL_TKO_GDF_INTERMEDIATE_T1GDF04_CQ103XG06_MEAS,"0.04",0,0,0,0,2026-07-20 15:13:37.190,2026-07-20 15:15:01.370
146,SL_TKO_GDF_INTERMEDIATE_T1GDF05_CQ107AXG06_MEAS,"230.0997",0,0,0,0,2026-07-20 15:13:37.190,2026-07-20 15:15:01.370
147,SL_TKO_GDF_INTERMEDIATE_T1GDF05_CQ107BXG06_MEAS,"254.48831",0,0,0,0,2026-07-20 15:13:37.190,2026-07-20 15:15:01.370
152,DCS_ArchestrA_T1GDJ02_CF101XG01_MEAS,"42339.18",42339.179688,42339.179688,42339.179688,0,2026-07-13 11:58:53.100,2026-07-13 12:00:01.379
161,SL_TKO_GDJ_RO_T1GDJ12_CQ101XG05_MEAS,"24.760065",0,0,0,0,2026-07-20 15:13:37.190,2026-07-20 15:15:01.370
162,SL_TKO_GDJ_RO_T1GDJ12_CQ101XG06_MEAS,"50957.84",0,0,0,0,2026-07-20 15:13:37.190,2026-07-20 15:15:01.370
163,SL_TKO_GDJ_RO_T1GDJ12_CQ103XG06_MEAS,"304.0513",0,0,0,0,2026-07-20 15:13:37.190,2026-07-20 15:15:01.370
172,SL_TKO_GDJ_RO_T1GDJ14_AT001_STSD_BO07,"0",0,0,0,0,2026-07-20 15:13:37.190,2026-07-20 15:15:01.370
174,SL_TKO_GDJ_RO_T1GDJ14_CQ101XG06_MEAS,"44703.887",0,0,0,0,2026-07-20 15:13:37.190,2026-07-20 15:15:01.370
185,SL_TKO_GDJ_RO_T1GDJ16_CQ101XG05_MEAS,"25.966257",0,0,0,0,2026-07-20 15:13:37.190,2026-07-20 15:15:01.370
187,SL_TKO_GDJ_RO_T1GDJ16_CQ103XG06_MEAS,"24392.682",0,0,0,0,2026-07-20 15:13:37.190,2026-07-20 15:15:01.370
188,SL_TKO_GDJ_RO_T1GDJ16_CQ104XG06_MEAS,"23855.434",0,0,0,0,2026-07-20 15:13:37.190,2026-07-20 15:15:01.370
195,SL_TKO_GDJ_RO_T1GDJ17_CQ105XG06_MEAS,"79575.77",0,0,0,0,2026-07-20 15:13:37.190,2026-07-20 15:15:01.370
198,SL_TKO_GDJ_RO_T1GDJ18_CQ101XG06_MEAS,"50458.312",0,0,0,0,2026-07-20 15:13:37.190,2026-07-20 15:15:01.370
202,DCS_ArchestrA_T1GDJ20_1_CQ101XG06_MEAS,"133.46",133.460007,133.460007,133.460007,0,2026-07-13 11:58:53.100,2026-07-13 12:00:01.379
215,SL_TKO_GDJ_RO_T1GDJ31_CQ101XG06_MEAS,"9.973015",0,0,0,0,2026-07-20 15:13:37.190,2026-07-20 15:15:01.370
217,SL_TKO_GDJ_RO_T1GDJ31_CQ103XG06_MEAS,"14253.805",0,0,0,0,2026-07-20 15:13:37.190,2026-07-20 15:15:01.370
219,SL_TKO_GDJ_RO_T1GDJ32_AT001_STSD_BO07,"1",0,0,0,0,2026-07-20 15:13:37.190,2026-07-20 15:15:01.370
222,SL_TKO_GDJ_RO_T1GDJ32_CQ103XG06_MEAS,"13272.754",0,0,0,0,2026-07-20 15:13:37.190,2026-07-20 15:15:01.370
226,SL_TKO_GDJ_RO_T1GDJ33_CQ102XG06_MEAS,"42.071476",0,0,0,0,2026-07-20 15:13:37.190,2026-07-20 15:15:01.370
235,SL_TKO_GDJ_RO_T1GDJ40_CQ103XG06_MEAS,"0.070525",0,0,0,0,2026-07-20 15:13:37.190,2026-07-20 15:15:01.370
236,SL_TKO_GDJ_RO_T1GDJ40_CQ104XG06_MEAS,"0.014772",0,0,0,0,2026-07-20 15:13:37.190,2026-07-20 15:15:01.370
237,SL_TKO_GDJ_RO_T1GDJ40_CQ105XG06_MEAS,"0.016269",0,0,0,0,2026-07-20 15:13:37.190,2026-07-20 15:15:01.370
243,SL_TKO_GDR_DISCHARGE_T1GDR01_CQ103XG06_MEAS,"71187.766",0,0,0,0,2026-07-20 15:13:37.190,2026-07-20 15:15:01.370
246,SL_TKO_GKB_PRODUCT_T1GKB01_1_CL102XG04_MEAS,"99.17814",0,0,0,0,2026-07-20 15:13:37.190,2026-07-20 15:15:01.370
4,SL_TKO_GAC_INTAKE_T1GAC01_CL101BXG04_MEAS,"1.505791",0,0,0,0,2026-07-20 15:13:37.190,2026-07-20 15:15:01.370
13,SL_TKO_GAC_INTAKE_T1GAC02_CQ106XG06_MEAS,"8.028893",0,0,0,0,2026-07-20 15:13:37.190,2026-07-20 15:15:01.370
14,SL_TKO_GAC_INTAKE_T1GAC02_CQ107XG06_MEAS,"9.11E-4",0,0,0,0,2026-07-20 15:13:37.190,2026-07-20 15:15:01.370
16,SL_TKO_GAC_INTAKE_T1GAC02_CQ109XG06_MEAS,"3.379045",0,0,0,0,2026-07-20 15:13:37.190,2026-07-20 15:15:01.370
21,SL_TKO_GCB_ACTIDAFF_T1GCB11_AT001_FILT_ACTIVE,"1",0,0,0,0,2026-07-20 15:13:37.190,2026-07-20 15:15:01.370
23,SL_TKO_GCB_ACTIDAFF_T1GCB12_AA101XG13_MEAS,"45.9",0,0,0,0,2026-07-20 15:13:37.190,2026-07-20 15:15:01.370
27,SL_TKO_GCB_ACTIDAFF_T1GCB13_AT001_FILT_ACTIVE,"1",0,0,0,0,2026-07-20 15:13:37.190,2026-07-20 15:15:01.370
29,SL_TKO_GCB_ACTIDAFF_T1GCB14_AA101XG13_MEAS,"38.8",0,0,0,0,2026-07-20 15:13:37.190,2026-07-20 15:15:01.370
31,SL_TKO_GCB_ACTIDAFF_T1GCB14_CQ101XG06_MEAS,"0.08591",0,0,0,0,2026-07-20 15:13:37.190,2026-07-20 15:15:01.370
32,SL_TKO_GCB_ACTIDAFF_T1GCB15_AA101XG13_MEAS,"22.4",0,0,0,0,2026-07-20 15:13:37.190,2026-07-20 15:15:01.370
35,SL_TKO_GCB_ACTIDAFF_T1GCB16_AA101XG13_MEAS,"25.5",0,0,0,0,2026-07-20 15:13:37.190,2026-07-20 15:15:01.370
40,SL_TKO_GCB_ACTIDAFF_T1GCB17_CQ101XG06_MEAS,"0.026061",0,0,0,0,2026-07-20 15:13:37.190,2026-07-20 15:15:01.370
46,SL_TKO_GCB_ACTIDAFF_T1GCB19_CQ101XG06_MEAS,"0.11637",0,0,0,0,2026-07-20 15:13:37.190,2026-07-20 15:15:01.370
51,SL_TKO_GCB_ACTIDAFF_T1GCB21_AT001_FILT_ACTIVE,"1",0,0,0,0,2026-07-20 15:13:37.190,2026-07-20 15:15:01.370
53,SL_TKO_GCB_ACTIDAFF_T1GCB22_AA101XG13_MEAS,"60.4",0,0,0,0,2026-07-20 15:13:37.190,2026-07-20 15:15:01.370
66,SL_TKO_GCB_ACTIDAFF_T1GCB26_AT001_FILT_ACTIVE,"1",0,0,0,0,2026-07-20 15:13:37.190,2026-07-20 15:15:01.370
67,SL_TKO_GCB_ACTIDAFF_T1GCB26_CQ101XG06_MEAS,"0.099763",0,0,0,0,2026-07-20 15:13:37.190,2026-07-20 15:15:01.370
68,SL_TKO_GCM_CHLORINE_T1GCM01_M_AZ001XG01_ACHNGE,"0.0",0,0,0,0,2026-07-20 15:13:37.190,2026-07-20 15:15:01.370
74,SL_TKO_GCM_CHLORINE_T1GCM01_M_AZ001XG04_ACHNGE,"0",0,0,0,0,2026-07-20 15:13:37.190,2026-07-20 15:15:01.370
78,DCS_ArchestrA_T1GCM01_M_AZ001XG05_MEAS,"1",0,0,0,0,2026-07-13 11:58:53.100,2026-07-13 12:00:01.379
82,SL_TKO_GCM_CHLORINE_T1GCM01_M_AZ002XG02_ACHNGE,"16.662725",0,0,0,0,2026-07-20 15:13:37.190,2026-07-20 15:15:01.370
84,SL_TKO_GCM_CHLORINE_T1GCM01_M_AZ002XG03_MEAS,"16.662725",0,0,0,0,2026-07-20 15:13:37.190,2026-07-20 15:15:01.370
85,DCS_ArchestrA_T1GCM01_M_AZ002XG03_MEAS,"1",0,0,0,0,2026-07-13 11:58:53.100,2026-07-13 12:00:01.379
87,DCS_ArchestrA_T1GCM01_M_AZ002XG04_MEAS,"0",0,0,0,0,2026-07-13 11:58:53.100,2026-07-13 12:00:01.379
100,SL_TKO_GCM_CHLORINE_T1GCM39_AP002XS21_CIN,"0",0,0,0,0,2026-07-20 15:13:37.190,2026-07-20 15:15:01.370
101,SL_TKO_GCN_CHEMICALS_T1GCN25_AP001XS21_CIN,"1",0,0,0,0,2026-07-20 15:13:37.190,2026-07-20 15:15:01.370
102,SL_TKO_GCN_CHEMICALS_T1GCN25_AP002XS21_CIN,"0",0,0,0,0,2026-07-20 15:13:37.190,2026-07-20 15:15:01.370
106,SL_TKO_GCN_CHEMICALS_T1GCN36_AP004XQ12_MEAS,"38.61914",0,0,0,0,2026-07-20 15:13:37.190,2026-07-20 15:15:01.370
110,SL_TKO_GCN_CHEMICALS_T1GCN37_AP009XS21_CIN,"1",0,0,0,0,2026-07-20 15:13:37.190,2026-07-20 15:15:01.370
112,SL_TKO_GCN_CHEMICALS_T1GCN37_AP010XS21_CIN,"1",0,0,0,0,2026-07-20 15:13:37.190,2026-07-20 15:15:01.370
122,SL_TKO_GDF_INTERMEDIATE_T1GDF01_1_CQ109XG06_MEAS,"0.285931",0,0,0,0,2026-07-20 15:13:37.190,2026-07-20 15:15:01.370
124,SL_TKO_GDF_INTERMEDIATE_T1GDF01_CQ101XQ06_MEAS,"2.51",0,0,0,0,2026-07-20 15:13:37.190,2026-07-20 15:15:01.370
127,SL_TKO_GDF_INTERMEDIATE_T1GDF01_CQ104XG06_MEAS,"0.351701",0,0,0,0,2026-07-20 15:13:37.190,2026-07-20 15:15:01.370
129,SL_TKO_GDF_INTERMEDIATE_T1GDF04_CQ101XG06_MEAS,"0.0",0,0,0,0,2026-07-20 15:13:37.190,2026-07-20 15:15:01.370
132,SL_TKO_GDF_INTERMEDIATE_T1GDF04_CQ104XG06_MEAS,"8.061749",0,0,0,0,2026-07-20 15:13:37.190,2026-07-20 15:15:01.370
134,SL_TKO_GDF_INTERMEDIATE_T1GDF04_CQ106XQ06_MEAS,"2.514063",0,0,0,0,2026-07-20 15:13:37.190,2026-07-20 15:15:01.370
140,SL_TKO_GDF_INTERMEDIATE_T1GDF05_CQ101XG06_MEAS,"0.0",0,0,0,0,2026-07-20 15:13:37.190,2026-07-20 15:15:01.370
141,SL_TKO_GDF_INTERMEDIATE_T1GDF05_CQ102XG06_MEAS,"48409.07",0,0,0,0,2026-07-20 15:13:37.190,2026-07-20 15:15:01.370
143,SL_TKO_GDF_INTERMEDIATE_T1GDF05_CQ104XG06_MEAS,"8.000711",0,0,0,0,2026-07-20 15:13:37.190,2026-07-20 15:15:01.370
149,SL_TKO_GDF_INTERMEDIATE_T1GDF05_CT101XG05_MEAS,"23.40873",0,0,0,0,2026-07-20 15:13:37.190,2026-07-20 15:15:01.370
151,DCS_ArchestrA_T1GDJ02_1_CF104XG01_MEAS,"27.92403",27.92403,27.92403,27.92403,0,2026-07-13 11:58:53.100,2026-07-13 12:00:01.379
159,SL_TKO_GDJ_RO_T1GDJ11_CQ105XG06_MEAS,"80128.29",0,0,0,0,2026-07-20 15:13:37.190,2026-07-20 15:15:01.370
173,SL_TKO_GDJ_RO_T1GDJ14_CQ101XG05_MEAS,"25.066143",0,0,0,0,2026-07-20 15:13:37.190,2026-07-20 15:15:01.370
178,SL_TKO_GDJ_RO_T1GDJ15_AT001_STSD_BO07,"0",0,0,0,0,2026-07-20 15:13:37.190,2026-07-20 15:15:01.370
179,SL_TKO_GDJ_RO_T1GDJ15_CQ101XG05_MEAS,"26.628029",0,0,0,0,2026-07-20 15:13:37.190,2026-07-20 15:15:01.370
180,SL_TKO_GDJ_RO_T1GDJ15_CQ101XG06_MEAS,"46967.562",0,0,0,0,2026-07-20 15:13:37.190,2026-07-20 15:15:01.370
181,SL_TKO_GDJ_RO_T1GDJ15_CQ103XG06_MEAS,"2323.839",0,0,0,0,2026-07-20 15:13:37.190,2026-07-20 15:15:01.370
186,SL_TKO_GDJ_RO_T1GDJ16_CQ101XG06_MEAS,"49209.434",0,0,0,0,2026-07-20 15:13:37.190,2026-07-20 15:15:01.370
196,SL_TKO_GDJ_RO_T1GDJ18_AT001_STSD_BO07,"1",0,0,0,0,2026-07-20 15:13:37.190,2026-07-20 15:15:01.370
220,SL_TKO_GDJ_RO_T1GDJ32_CQ101XG06_MEAS,"9.986718",0,0,0,0,2026-07-20 15:13:37.190,2026-07-20 15:15:01.370
221,SL_TKO_GDJ_RO_T1GDJ32_CQ102XG06_MEAS,"72.38376",0,0,0,0,2026-07-20 15:13:37.190,2026-07-20 15:15:01.370
224,SL_TKO_GDJ_RO_T1GDJ33_AT001_STSD_BO07,"1",0,0,0,0,2026-07-20 15:13:37.190,2026-07-20 15:15:01.370
230,SL_TKO_GDJ_RO_T1GDJ34_CQ101XG06_MEAS,"1579.0377",0,0,0,0,2026-07-20 15:13:37.190,2026-07-20 15:15:01.370
232,SL_TKO_GDJ_RO_T1GDJ34_CQ103XG06_MEAS,"12981.248",0,0,0,0,2026-07-20 15:13:37.190,2026-07-20 15:15:01.370
244,SL_TKO_GDR_DISCHARGE_T1GDR01_CQ104XG06_MEAS,"0.012696",0,0,0,0,2026-07-20 15:13:37.190,2026-07-20 15:15:01.370
263,SL_TKO_GKC_PRODUCT_T1GKC01_1_AP002_EMG_ACTIVE,"0",0,0,0,0,2026-07-20 15:13:37.190,2026-07-20 15:15:01.370
272,SL_TKO_GKC_PRODUCT_T1GKC01_AA052XG13_MEAS,"0.0",0,0,0,0,2026-07-20 15:13:37.190,2026-07-20 15:15:01.370
304,SL_TKO_GKL_CO2_T1GKL02_CQ105XG06_MEAS,"4.660191",0,0,0,0,2026-07-20 15:13:37.190,2026-07-20 15:15:01.370
306,DCS_ArchestrA_T1SBAG12ROHVXG02_PV,"0.0",0,0,0,9,2026-07-13 11:58:13.500,2026-07-13 12:00:02.752
311,DCS_ArchestrA_T1SBBG04ROHVXG02_PV,"0.0",0,0,0,9,2026-07-13 11:58:13.500,2026-07-13 12:00:02.752
312,DCS_ArchestrA_T1SBBG05ROHVXG02_PV,"0.0",0,0,0,9,2026-07-13 11:58:13.500,2026-07-13 12:00:02.752
314,SL_TKO_SBB_MEB_T1SBBG5_M_MEBHVXG02_MEAS,"3310.89",0,0,0,0,2026-07-20 15:13:37.190,2026-07-20 15:15:01.370
315,SL_TKO_SBB_MEB_T1SBBG6_M_MEBHVXG01_MEAS,"3.3023494E7",0,0,0,0,2026-07-20 15:13:37.190,2026-07-20 15:15:01.370
316,SL_TKO_SBB_MEB_T1SBBG6_M_MEBHVXG02_MEAS,"3663.59",0,0,0,0,2026-07-20 15:13:37.190,2026-07-20 15:15:01.370
233,SL_TKO_GDJ_RO_T1GDJ40_CQ101XG06_MEAS,"133.361",0,0,0,0,2026-07-20 15:13:37.190,2026-07-20 15:15:01.370
238,SL_TKO_GDJ_RO_T1GDJ44_CQ104XG06_MEAS,"4.646429",0,0,0,0,2026-07-20 15:13:37.190,2026-07-20 15:15:01.370
250,SL_TKO_GKB_PRODUCT_T1GKB01_1_CQ106XG06_MEAS,"1.0219",0,0,0,0,2026-07-20 15:13:37.190,2026-07-20 15:15:01.370
254,SL_TKO_GKB_PRODUCT_T1GKB01_1_CQ110XG06_MEAS,"1.005367",0,0,0,0,2026-07-20 15:13:37.190,2026-07-20 15:15:01.370
255,SL_TKO_GKB_PRODUCT_T1GKB01_1_CQ111XG06_MEAS,"0.950431",0,0,0,0,2026-07-20 15:13:37.190,2026-07-20 15:15:01.370
259,SL_TKO_GKB_PRODUCT_T1GKB01_CQ112XQ16_MEAS,"0.511816",0,0,0,0,2026-07-20 15:13:37.190,2026-07-20 15:15:01.370
275,SL_TKO_GKC_PRODUCT_T1GKC01_CF101XG01_MEAS,"2911.4753",0,0,0,0,2026-07-20 15:13:37.190,2026-07-20 15:15:01.370
286,SL_TKO_GKC_PRODUCT_T1GKC01_CQ104XG06_MEAS,"8.564672",0,0,0,0,2026-07-20 15:13:37.190,2026-07-20 15:15:01.370
290,SL_TKO_GKH_UF_T1GKH03_1_CQ101XG06_MEAS,"7.94281",0,0,0,0,2026-07-20 15:13:37.190,2026-07-20 15:15:01.370
247,SL_TKO_GKB_PRODUCT_T1GKB01_1_CQ102XG06_MEAS,"8.364933",0,0,0,0,2026-07-20 15:13:37.190,2026-07-20 15:15:01.370
251,SL_TKO_GKB_PRODUCT_T1GKB01_1_CQ107XG06_MEAS,"8.439518",0,0,0,0,2026-07-20 15:13:37.190,2026-07-20 15:15:01.370
258,DCS_ArchestrA_T1GKB01_CQ105XQ16_MEAS,"1434.9479",1434.947876,1434.947876,1434.947876,0,2026-07-13 11:58:53.100,2026-07-13 12:00:01.379
264,SL_TKO_GKC_PRODUCT_T1GKC01_1_AP002_STP_ACTIVE,"0",0,0,0,0,2026-07-20 15:13:37.190,2026-07-20 15:15:01.370
268,SL_TKO_GKC_PRODUCT_T1GKC01_1_AP003_STR_ACTIVE,"0",0,0,0,0,2026-07-20 15:13:37.190,2026-07-20 15:15:01.370
277,SL_TKO_GKC_PRODUCT_T1GKC01_CF102_MEAS_MEAS,"2893.2544",0,0,0,0,2026-07-20 15:13:37.190,2026-07-20 15:15:01.370
279,SL_TKO_GKC_PRODUCT_T1GKC01_CF102XG07_MEAS,"6207190.5",0,0,0,0,2026-07-20 15:13:37.190,2026-07-20 15:15:01.370
282,SL_TKO_GKC_PRODUCT_T1GKC01_CQ101XG06_MEAS,"0.926208",0,0,0,0,2026-07-20 15:13:37.190,2026-07-20 15:15:01.370
295,SL_TKO_GKH_UF_T1GKH17_AP001XS21_CIN,"1",0,0,0,0,2026-07-20 15:13:37.190,2026-07-20 15:15:01.370
297,SL_TKO_GKH_UF_T1GKH17_AP003XS21_CIN,"0",0,0,0,0,2026-07-20 15:13:37.190,2026-07-20 15:15:01.370
298,SL_TKO_GKL_CO2_T1GKL02_1_AP001XS21_CIN,"1",0,0,0,0,2026-07-20 15:13:37.190,2026-07-20 15:15:01.370
300,SL_TKO_GKL_CO2_T1GKL02_CQ101XG06_MEAS,"633.958",0,0,0,0,2026-07-20 15:13:37.190,2026-07-20 15:15:01.370
301,SL_TKO_GKL_CO2_T1GKL02_CQ102XG06_MEAS,"6.749811",0,0,0,0,2026-07-20 15:13:37.190,2026-07-20 15:15:01.370
302,SL_TKO_GKL_CO2_T1GKL02_CQ103XG06_MEAS,"0.043784",0,0,0,0,2026-07-20 15:13:37.190,2026-07-20 15:15:01.370
303,SL_TKO_GKL_CO2_T1GKL02_CQ104XG06_MEAS,"0.0",0,0,0,0,2026-07-20 15:13:37.190,2026-07-20 15:15:01.370
2,SL_TKO_MPC_MPC15B_RO03,"2844.5486",0,0,0,0,2026-07-20 15:13:37.190,2026-07-20 15:15:01.370
7,SL_TKO_GAC_INTAKE_T1GAC02_CL101AXG04_MEAS,"1.527522",0,0,0,0,2026-07-20 15:13:37.190,2026-07-20 15:15:01.370
9,SL_TKO_GAC_INTAKE_T1GAC02_CQ102XG06_MEAS,"0.0",0,0,0,0,2026-07-20 15:13:37.190,2026-07-20 15:15:01.370
12,SL_TKO_GAC_INTAKE_T1GAC02_CQ105XG06_MEAS,"2.558488",0,0,0,0,2026-07-20 15:13:37.190,2026-07-20 15:15:01.370
20,SL_TKO_GCB_ACTIDAFF_T1GCB11_AA101XG13_MEAS,"33.5",0,0,0,0,2026-07-20 15:13:37.190,2026-07-20 15:15:01.370
22,SL_TKO_GCB_ACTIDAFF_T1GCB11_CQ101XG06_MEAS,"0.08036",0,0,0,0,2026-07-20 15:13:37.190,2026-07-20 15:15:01.370
25,SL_TKO_GCB_ACTIDAFF_T1GCB12_CQ101XG06_MEAS,"0.15792",0,0,0,0,2026-07-20 15:13:37.190,2026-07-20 15:15:01.370
30,SL_TKO_GCB_ACTIDAFF_T1GCB14_AT001_FILT_ACTIVE,"1",0,0,0,0,2026-07-20 15:13:37.190,2026-07-20 15:15:01.370
38,SL_TKO_GCB_ACTIDAFF_T1GCB17_AA101XG13_MEAS,"31.9",0,0,0,0,2026-07-20 15:13:37.190,2026-07-20 15:15:01.370
43,SL_TKO_GCB_ACTIDAFF_T1GCB18_CQ101XG06_MEAS,"0.065339",0,0,0,0,2026-07-20 15:13:37.190,2026-07-20 15:15:01.370
48,SL_TKO_GCB_ACTIDAFF_T1GCB20_AT001_FILT_ACTIVE,"1",0,0,0,0,2026-07-20 15:13:37.190,2026-07-20 15:15:01.370
52,SL_TKO_GCB_ACTIDAFF_T1GCB21_CQ101XG06_MEAS,"0.107302",0,0,0,0,2026-07-20 15:13:37.190,2026-07-20 15:15:01.370
56,SL_TKO_GCB_ACTIDAFF_T1GCB23_AA101XG13_MEAS,"30.300001",0,0,0,0,2026-07-20 15:13:37.190,2026-07-20 15:15:01.370
64,SL_TKO_GCB_ACTIDAFF_T1GCB25_CQ101XG06_MEAS,"0.126214",0,0,0,0,2026-07-20 15:13:37.190,2026-07-20 15:15:01.370
76,SL_TKO_GCM_CHLORINE_T1GCM01_M_AZ001XG04_MEAS,"0.0",0,0,0,0,2026-07-20 15:13:37.190,2026-07-20 15:15:01.370
86,SL_TKO_GCM_CHLORINE_T1GCM01_M_AZ002XG04_ACHNGE,"1",0,0,0,0,2026-07-20 15:13:37.190,2026-07-20 15:15:01.370
89,SL_TKO_GCM_CHLORINE_T1GCM01_M_AZ002XG05_ACHNGE,"0",0,0,0,0,2026-07-20 15:13:37.190,2026-07-20 15:15:01.370
94,SL_TKO_GCM_CHLORINE_T1GCM05_AA058XJ41_CIN,"0",0,0,0,0,2026-07-20 15:13:37.190,2026-07-20 15:15:01.370
95,SL_TKO_GCM_CHLORINE_T1GCM05_AA059XJ41_CIN,"1",0,0,0,0,2026-07-20 15:13:37.190,2026-07-20 15:15:01.370
97,SL_TKO_GCM_CHLORINE_T1GCM39_AP001XQ11_MEAS,-0.277344,0,0,0,0,2026-07-20 15:13:37.190,2026-07-20 15:15:01.370
99,SL_TKO_GCM_CHLORINE_T1GCM39_AP002XQ11_MEAS,-0.171875,0,0,0,0,2026-07-20 15:13:37.190,2026-07-20 15:15:01.370
104,SL_TKO_GCN_CHEMICALS_T1GCN36_AP002XQ12_MEAS,"0.355469",0,0,0,0,2026-07-20 15:13:37.190,2026-07-20 15:15:01.370
111,SL_TKO_GCN_CHEMICALS_T1GCN37_AP010XQ12_MEAS,"70.94141",0,0,0,0,2026-07-20 15:13:37.190,2026-07-20 15:15:01.370
116,SL_TKO_GCN_CHEMICALS_T1GCN45_AP004XQ12_MEAS,"0.023438",0,0,0,0,2026-07-20 15:13:37.190,2026-07-20 15:15:01.370
117,SL_TKO_GCN_CHEMICALS_T1GCN45_AP007XQ12_MEAS,"32.95703",0,0,0,0,2026-07-20 15:13:37.190,2026-07-20 15:15:01.370
121,SL_TKO_GDF_INTERMEDIATE_T1GDF01_1_CQ108XG06_MEAS,"8.130311",0,0,0,0,2026-07-20 15:13:37.190,2026-07-20 15:15:01.370
126,SL_TKO_GDF_INTERMEDIATE_T1GDF01_CQ103XG06_MEAS,"8.11999",0,0,0,0,2026-07-20 15:13:37.190,2026-07-20 15:15:01.370
136,SL_TKO_GDF_INTERMEDIATE_T1GDF04_CQ107BXG06_MEAS,"259.7146",0,0,0,0,2026-07-20 15:13:37.190,2026-07-20 15:15:01.370
138,SL_TKO_GDF_INTERMEDIATE_T1GDF04_CT101XG05_MEAS,"23.462145",0,0,0,0,2026-07-20 15:13:37.190,2026-07-20 15:15:01.370
144,SL_TKO_GDF_INTERMEDIATE_T1GDF05_CQ105XG06_MEAS,"0.136855",0,0,0,0,2026-07-20 15:13:37.190,2026-07-20 15:15:01.370
145,SL_TKO_GDF_INTERMEDIATE_T1GDF05_CQ106XQ06_MEAS,"2.565625",0,0,0,0,2026-07-20 15:13:37.190,2026-07-20 15:15:01.370
156,SL_TKO_GDJ_RO_T1GDJ11_CQ101XG06_MEAS,"50230.58",0,0,0,0,2026-07-20 15:13:37.190,2026-07-20 15:15:01.370
164,SL_TKO_GDJ_RO_T1GDJ12_CQ104XG06_MEAS,"704.46704",0,0,0,0,2026-07-20 15:13:37.190,2026-07-20 15:15:01.370
189,SL_TKO_GDJ_RO_T1GDJ16_CQ105XG06_MEAS,"0.474849",0,0,0,0,2026-07-20 15:13:37.190,2026-07-20 15:15:01.370
190,SL_TKO_GDJ_RO_T1GDJ17_AT001_STSD_BO07,"1",0,0,0,0,2026-07-20 15:13:37.190,2026-07-20 15:15:01.370
203,DCS_ArchestrA_T1GDJ20_1_CQ102XG06_MEAS,"10265.519",10265.518555,10265.518555,10265.518555,0,2026-07-13 11:58:53.100,2026-07-13 12:00:01.379
218,SL_TKO_GDJ_RO_T1GDJ32_AT001_STSB_BO07,"0",0,0,0,0,2026-07-20 15:13:37.190,2026-07-20 15:15:01.370
223,SL_TKO_GDJ_RO_T1GDJ33_AT001_STSB_BO07,"0",0,0,0,0,2026-07-20 15:13:37.190,2026-07-20 15:15:01.370
265,SL_TKO_GKC_PRODUCT_T1GKC01_1_AP002_STR_ACTIVE,"0",0,0,0,0,2026-07-20 15:13:37.190,2026-07-20 15:15:01.370
266,SL_TKO_GKC_PRODUCT_T1GKC01_1_AP003_EMG_ACTIVE,"0",0,0,0,0,2026-07-20 15:13:37.190,2026-07-20 15:15:01.370
273,SL_TKO_GKC_PRODUCT_T1GKC01_AA053XG13_MEAS,"0.0",0,0,0,0,2026-07-20 15:13:37.190,2026-07-20 15:15:01.370
309,SL_TKO_SBA_MEB_T1SBAG5_M_MEBHVXG01_MEAS,"2.4154146E7",0,0,0,0,2026-07-20 15:13:37.190,2026-07-20 15:15:01.370
165,SL_TKO_GDJ_RO_T1GDJ12_CQ105XG06_MEAS,"82377.24",0,0,0,0,2026-07-20 15:13:37.190,2026-07-20 15:15:01.370
168,SL_TKO_GDJ_RO_T1GDJ13_CQ101XG06_MEAS,"42339.18",0,0,0,0,2026-07-20 15:13:37.190,2026-07-20 15:15:01.370
169,SL_TKO_GDJ_RO_T1GDJ13_CQ103XG06_MEAS,"27547.959",0,0,0,0,2026-07-20 15:13:37.190,2026-07-20 15:15:01.370
175,SL_TKO_GDJ_RO_T1GDJ14_CQ103XG06_MEAS,"31275.361",0,0,0,0,2026-07-20 15:13:37.190,2026-07-20 15:15:01.370
176,SL_TKO_GDJ_RO_T1GDJ14_CQ104XG06_MEAS,"32425.033",0,0,0,0,2026-07-20 15:13:37.190,2026-07-20 15:15:01.370
177,SL_TKO_GDJ_RO_T1GDJ14_CQ105XG06_MEAS,"47600.062",0,0,0,0,2026-07-20 15:13:37.190,2026-07-20 15:15:01.370
182,SL_TKO_GDJ_RO_T1GDJ15_CQ104XG06_MEAS,"5.299675",0,0,0,0,2026-07-20 15:13:37.190,2026-07-20 15:15:01.370
197,SL_TKO_GDJ_RO_T1GDJ18_CQ101XG05_MEAS,"25.5603",0,0,0,0,2026-07-20 15:13:37.190,2026-07-20 15:15:01.370
200,SL_TKO_GDJ_RO_T1GDJ18_CQ104XG06_MEAS,"955.6959",0,0,0,0,2026-07-20 15:13:37.190,2026-07-20 15:15:01.370
201,SL_TKO_GDJ_RO_T1GDJ18_CQ105XG06_MEAS,"79149.94",0,0,0,0,2026-07-20 15:13:37.190,2026-07-20 15:15:01.370
206,SL_TKO_GDJ_RO_T1GDJ20_CQ102XG05_MEAS,"25.555193",0,0,0,0,2026-07-20 15:13:37.190,2026-07-20 15:15:01.370
207,SL_TKO_GDJ_RO_T1GDJ20_CQ102XG06_MEAS,"975.0509",0,0,0,0,2026-07-20 15:13:37.190,2026-07-20 15:15:01.370
1,SL_TKO_MPC_MPC15B_RO02,"2909.9553",0,0,0,0,2026-07-20 15:13:37.190,2026-07-20 15:15:01.370
3,SL_TKO_GAC_INTAKE_T1GAC01_CL101AXG04_MEAS,"1.538194",0,0,0,0,2026-07-20 15:13:37.190,2026-07-20 15:15:01.370
5,SL_TKO_GAC_INTAKE_T1GAC02_CF101XG01_MEAS,"6977.133",0,0,0,0,2026-07-20 15:13:37.190,2026-07-20 15:15:01.370
8,SL_TKO_GAC_INTAKE_T1GAC02_CL101BXG04_MEAS,"1.490731",0,0,0,0,2026-07-20 15:13:37.190,2026-07-20 15:15:01.370
11,SL_TKO_GAC_INTAKE_T1GAC02_CQ104XG06_MEAS,"50594.51",0,0,0,0,2026-07-20 15:13:37.190,2026-07-20 15:15:01.370
15,SL_TKO_GAC_INTAKE_T1GAC02_CQ108XQ06_MEAS,"0.730469",0,0,0,0,2026-07-20 15:13:37.190,2026-07-20 15:15:01.370
24,SL_TKO_GCB_ACTIDAFF_T1GCB12_AT001_FILT_ACTIVE,"1",0,0,0,0,2026-07-20 15:13:37.190,2026-07-20 15:15:01.370
26,SL_TKO_GCB_ACTIDAFF_T1GCB13_AA101XG13_MEAS,"65.4",0,0,0,0,2026-07-20 15:13:37.190,2026-07-20 15:15:01.370
33,SL_TKO_GCB_ACTIDAFF_T1GCB15_AT001_FILT_ACTIVE,"1",0,0,0,0,2026-07-20 15:13:37.190,2026-07-20 15:15:01.370
34,SL_TKO_GCB_ACTIDAFF_T1GCB15_CQ101XG06_MEAS,"0.148074",0,0,0,0,2026-07-20 15:13:37.190,2026-07-20 15:15:01.370
37,SL_TKO_GCB_ACTIDAFF_T1GCB16_CQ101XG06_MEAS,"0.126736",0,0,0,0,2026-07-20 15:13:37.190,2026-07-20 15:15:01.370
41,SL_TKO_GCB_ACTIDAFF_T1GCB18_AA101XG13_MEAS,"36.5",0,0,0,0,2026-07-20 15:13:37.190,2026-07-20 15:15:01.370
44,SL_TKO_GCB_ACTIDAFF_T1GCB19_AA101XG13_MEAS,"26.300001",0,0,0,0,2026-07-20 15:13:37.190,2026-07-20 15:15:01.370
45,SL_TKO_GCB_ACTIDAFF_T1GCB19_AT001_FILT_ACTIVE,"1",0,0,0,0,2026-07-20 15:13:37.190,2026-07-20 15:15:01.370
49,SL_TKO_GCB_ACTIDAFF_T1GCB20_CQ101XG06_MEAS,"0.192689",0,0,0,0,2026-07-20 15:13:37.190,2026-07-20 15:15:01.370
50,SL_TKO_GCB_ACTIDAFF_T1GCB21_AA101XG13_MEAS,"18.4",0,0,0,0,2026-07-20 15:13:37.190,2026-07-20 15:15:01.370
54,SL_TKO_GCB_ACTIDAFF_T1GCB22_AT001_FILT_ACTIVE,"1",0,0,0,0,2026-07-20 15:13:37.190,2026-07-20 15:15:01.370
58,SL_TKO_GCB_ACTIDAFF_T1GCB23_CQ101XG06_MEAS,"0.048792",0,0,0,0,2026-07-20 15:13:37.190,2026-07-20 15:15:01.370
59,SL_TKO_GCB_ACTIDAFF_T1GCB24_AA101XG13_MEAS,"26.5",0,0,0,0,2026-07-20 15:13:37.190,2026-07-20 15:15:01.370
65,SL_TKO_GCB_ACTIDAFF_T1GCB26_AA101XG13_MEAS,"24.800001",0,0,0,0,2026-07-20 15:13:37.190,2026-07-20 15:15:01.370
69,DCS_ArchestrA_T1GCM01_M_AZ001XG01_MEAS,"0.0",0,0,0,0,2026-07-13 11:58:53.100,2026-07-13 12:00:01.379
71,DCS_ArchestrA_T1GCM01_M_AZ001XG02_MEAS,"0",0,0,0,0,2026-07-13 11:58:53.100,2026-07-13 12:00:01.379
72,DCS_ArchestrA_T1GCM01_M_AZ001XG03_MEAS,"0.0",0,0,0,0,2026-07-13 11:58:53.100,2026-07-13 12:00:01.379
73,SL_TKO_GCM_CHLORINE_T1GCM01_M_AZ001XG03_MEAS,"0.0",0,0,0,0,2026-07-20 15:13:37.190,2026-07-20 15:15:01.370
75,DCS_ArchestrA_T1GCM01_M_AZ001XG04_MEAS,"1.775",1.775,1.775,1.775,0,2026-07-13 11:58:53.100,2026-07-13 12:00:01.379
80,SL_TKO_GCM_CHLORINE_T1GCM01_M_AZ002XG01_ACHNGE,"3.563976",0,0,0,0,2026-07-20 15:13:37.190,2026-07-20 15:15:01.370
83,DCS_ArchestrA_T1GCM01_M_AZ002XG02_MEAS,"1",0,0,0,0,2026-07-13 11:58:53.100,2026-07-13 12:00:01.379
90,DCS_ArchestrA_T1GCM01_M_AZ002XG05_MEAS,"1",0,0,0,0,2026-07-13 11:58:53.100,2026-07-13 12:00:01.379
91,SL_TKO_GCM_CHLORINE_T1GCM01_M_AZ002XG05_MEAS,"0.10035",0,0,0,0,2026-07-20 15:13:37.190,2026-07-20 15:15:01.370
92,SL_TKO_GCM_CHLORINE_T1GCM05_AA053XJ41_CIN,"0",0,0,0,0,2026-07-20 15:13:37.190,2026-07-20 15:15:01.370
93,SL_TKO_GCM_CHLORINE_T1GCM05_AA054XJ41_CIN,"1",0,0,0,0,2026-07-20 15:13:37.190,2026-07-20 15:15:01.370
103,SL_TKO_GCN_CHEMICALS_T1GCN36_AP001XQ12_MEAS,"25.845703",0,0,0,0,2026-07-20 15:13:37.190,2026-07-20 15:15:01.370
105,SL_TKO_GCN_CHEMICALS_T1GCN36_AP003XQ12_MEAS,"0.484375",0,0,0,0,2026-07-20 15:13:37.190,2026-07-20 15:15:01.370
108,SL_TKO_GCN_CHEMICALS_T1GCN37_AP008XQ12_MEAS,"0.888672",0,0,0,0,2026-07-20 15:13:37.190,2026-07-20 15:15:01.370
113,SL_TKO_GCN_CHEMICALS_T1GCN45_AP001XQ12_MEAS,"0.041016",0,0,0,0,2026-07-20 15:13:37.190,2026-07-20 15:15:01.370
118,SL_TKO_GCN_CHEMICALS_T1GCN45_AP008XQ12_MEAS,"102.0",0,0,0,0,2026-07-20 15:13:37.190,2026-07-20 15:15:01.370
119,SL_TKO_GDF_INTERMEDIATE_T1GDF01_1_CQ106XQ06_MEAS,"2.58",0,0,0,0,2026-07-20 15:13:37.190,2026-07-20 15:15:01.370
120,SL_TKO_GDF_INTERMEDIATE_T1GDF01_1_CQ107XG06_MEAS,"234.19211",0,0,0,0,2026-07-20 15:13:37.190,2026-07-20 15:15:01.370
125,SL_TKO_GDF_INTERMEDIATE_T1GDF01_CQ102XG06_MEAS,"201.14787",0,0,0,0,2026-07-20 15:13:37.190,2026-07-20 15:15:01.370
128,SL_TKO_GDF_INTERMEDIATE_T1GDF01_CQ105XQ06_MEAS,"2.0",0,0,0,0,2026-07-20 15:13:37.190,2026-07-20 15:15:01.370
133,SL_TKO_GDF_INTERMEDIATE_T1GDF04_CQ105XG06_MEAS,"0.439435",0,0,0,0,2026-07-20 15:13:37.190,2026-07-20 15:15:01.370
135,SL_TKO_GDF_INTERMEDIATE_T1GDF04_CQ107AXG06_MEAS,"250.48865",0,0,0,0,2026-07-20 15:13:37.190,2026-07-20 15:15:01.370
137,SL_TKO_GDF_INTERMEDIATE_T1GDF04_CQ107CXG06_MEAS,"213.60464",0,0,0,0,2026-07-20 15:13:37.190,2026-07-20 15:15:01.370
139,DCS_ArchestrA_T1GDF04_CT101XG05_MEAS,"26.272478",26.272478,26.272478,26.272478,0,2026-07-13 11:58:53.100,2026-07-13 12:00:01.379
142,SL_TKO_GDF_INTERMEDIATE_T1GDF05_CQ103XG06_MEAS,"0.04",0,0,0,0,2026-07-20 15:13:37.190,2026-07-20 15:15:01.370
148,SL_TKO_GDF_INTERMEDIATE_T1GDF05_CQ107CXG06_MEAS,"198.50305",0,0,0,0,2026-07-20 15:13:37.190,2026-07-20 15:15:01.370
150,DCS_ArchestrA_T1GDJ02_1_CF103XG01_MEAS,"0",0,0,0,0,2026-07-13 11:58:53.100,2026-07-13 12:00:01.379
153,DCS_ArchestrA_T1GDJ02_CF102XG01_MEAS,"27547.959",27547.958984,27547.958984,27547.958984,0,2026-07-13 11:58:53.100,2026-07-13 12:00:01.379
154,SL_TKO_GDJ_RO_T1GDJ11_AT001_STSD_BO07,"1",0,0,0,0,2026-07-20 15:13:37.190,2026-07-20 15:15:01.370
166,SL_TKO_GDJ_RO_T1GDJ13_AT001_STSD_BO07,"0",0,0,0,0,2026-07-20 15:13:37.190,2026-07-20 15:15:01.370
184,SL_TKO_GDJ_RO_T1GDJ16_AT001_STSD_BO07,"0",0,0,0,0,2026-07-20 15:13:37.190,2026-07-20 15:15:01.370
204,DCS_ArchestrA_T1GDJ20_1_CQ103XG06_MEAS,"0",0,0,0,0,2026-07-13 11:58:53.100,2026-07-13 12:00:01.379
213,SL_TKO_GDJ_RO_T1GDJ31_AT001_STSB_BO07,"0",0,0,0,0,2026-07-20 15:13:37.190,2026-07-20 15:15:01.370
214,SL_TKO_GDJ_RO_T1GDJ31_AT001_STSD_BO07,"1",0,0,0,0,2026-07-20 15:13:37.190,2026-07-20 15:15:01.370
209,SL_TKO_GDJ_RO_T1GDJ20_CQ103XG06_MEAS,"909.76984",0,0,0,0,2026-07-20 15:13:37.190,2026-07-20 15:15:01.370
210,SL_TKO_GDJ_RO_T1GDJ20_CQ104XG06_MEAS,"9.313267",0,0,0,0,2026-07-20 15:13:37.190,2026-07-20 15:15:01.370
211,SL_TKO_GDJ_RO_T1GDJ20_CQ105XG06_MEAS,"0.005838",0,0,0,0,2026-07-20 15:13:37.190,2026-07-20 15:15:01.370
225,SL_TKO_GDJ_RO_T1GDJ33_CQ101XG06_MEAS,"9.686426",0,0,0,0,2026-07-20 15:13:37.190,2026-07-20 15:15:01.370
229,SL_TKO_GDJ_RO_T1GDJ34_AT001_STSD_BO07,"0",0,0,0,0,2026-07-20 15:13:37.190,2026-07-20 15:15:01.370
231,SL_TKO_GDJ_RO_T1GDJ34_CQ102XG06_MEAS,"168.73785",0,0,0,0,2026-07-20 15:13:37.190,2026-07-20 15:15:01.370
241,SL_TKO_GDR_DISCHARGE_T1GDR01_CQ101XG06_MEAS,"8.373363",0,0,0,0,2026-07-20 15:13:37.190,2026-07-20 15:15:01.370
249,SL_TKO_GKB_PRODUCT_T1GKB01_1_CQ104XG06_MEAS,"0.733064",0,0,0,0,2026-07-20 15:13:37.190,2026-07-20 15:15:01.370
252,SL_TKO_GKB_PRODUCT_T1GKB01_1_CQ108XG06_MEAS,"220.83922",0,0,0,0,2026-07-20 15:13:37.190,2026-07-20 15:15:01.370
253,SL_TKO_GKB_PRODUCT_T1GKB01_1_CQ109XG06_MEAS,"0.727172",0,0,0,0,2026-07-20 15:13:37.190,2026-07-20 15:15:01.370
256,SL_TKO_GKB_PRODUCT_T1GKB01_CQ101XQ16_MEAS,"50.33203",0,0,0,0,2026-07-20 15:13:37.190,2026-07-20 15:15:01.370
257,SL_TKO_GKB_PRODUCT_T1GKB01_CQ105XQ16_MEAS,"0.504102",0,0,0,0,2026-07-20 15:13:37.190,2026-07-20 15:15:01.370
262,SL_TKO_GKC_PRODUCT_T1GKC01_1_AP001_STR_ACTIVE,"1",0,0,0,0,2026-07-20 15:13:37.190,2026-07-20 15:15:01.370
269,SL_TKO_GKC_PRODUCT_T1GKC01_1_CQ105XQ06_MEAS,"0.497803",0,0,0,0,2026-07-20 15:13:37.190,2026-07-20 15:15:01.370
270,SL_TKO_GKC_PRODUCT_T1GKC01_1_CQ106XQ06_MEAS,"48.291016",0,0,0,0,2026-07-20 15:13:37.190,2026-07-20 15:15:01.370
271,SL_TKO_GKC_PRODUCT_T1GKC01_AA051XG13_MEAS,"100.0",0,0,0,0,2026-07-20 15:13:37.190,2026-07-20 15:15:01.370
274,SL_TKO_GKC_PRODUCT_T1GKC01_CF101_MEAS_MEAS,"2910.9656",0,0,0,0,2026-07-20 15:13:37.190,2026-07-20 15:15:01.370
278,SL_TKO_GKC_PRODUCT_T1GKC01_CF102XG01_MEAS,"2892.733",0,0,0,0,2026-07-20 15:13:37.190,2026-07-20 15:15:01.370
284,SL_TKO_GKC_PRODUCT_T1GKC01_CQ103XG05_MEAS,"24.169798",0,0,0,0,2026-07-20 15:13:37.190,2026-07-20 15:15:01.370
291,SL_TKO_GKH_UF_T1GKH03_1_CQ102XG06_MEAS,"87.338455",0,0,0,0,2026-07-20 15:13:37.190,2026-07-20 15:15:01.370
294,SL_TKO_GKH_UF_T1GKH17_1_CQ103XG06_MEAS,"12.524841",0,0,0,0,2026-07-20 15:13:37.190,2026-07-20 15:15:01.370
228,SL_TKO_GDJ_RO_T1GDJ34_AT001_STSB_BO07,"0",0,0,0,0,2026-07-20 15:13:37.190,2026-07-20 15:15:01.370
240,SL_TKO_GDJ_RO_T1GDJ45_CQ102XG06_MEAS,"8.72",0,0,0,0,2026-07-20 15:13:37.190,2026-07-20 15:15:01.370
242,SL_TKO_GDR_DISCHARGE_T1GDR01_CQ102XG06_MEAS,"305.09195",0,0,0,0,2026-07-20 15:13:37.190,2026-07-20 15:15:01.370
245,SL_TKO_GKB_PRODUCT_T1GKB01_1_CL101XG04_MEAS,"99.25719",0,0,0,0,2026-07-20 15:13:37.190,2026-07-20 15:15:01.370
248,SL_TKO_GKB_PRODUCT_T1GKB01_1_CQ103XG06_MEAS,"0.373306",0,0,0,0,2026-07-20 15:13:37.190,2026-07-20 15:15:01.370
260,SL_TKO_GKC_PRODUCT_T1GKC01_1_AP001_EMG_ACTIVE,"0",0,0,0,0,2026-07-20 15:13:37.190,2026-07-20 15:15:01.370
261,SL_TKO_GKC_PRODUCT_T1GKC01_1_AP001_STP_ACTIVE,"0",0,0,0,0,2026-07-20 15:13:37.190,2026-07-20 15:15:01.370
267,SL_TKO_GKC_PRODUCT_T1GKC01_1_AP003_STP_ACTIVE,"0",0,0,0,0,2026-07-20 15:13:37.190,2026-07-20 15:15:01.370
276,SL_TKO_GKC_PRODUCT_T1GKC01_CF101XG07_MEAS,"2.4980742E7",0,0,0,0,2026-07-20 15:13:37.190,2026-07-20 15:15:01.370
280,SL_TKO_GKC_PRODUCT_T1GKC01_CF801A_OUT,"2902.0269",0,0,0,0,2026-07-20 15:13:37.190,2026-07-20 15:15:01.370
281,SL_TKO_GKC_PRODUCT_T1GKC01_CP101XG02_MEAS,"12.357957",0,0,0,0,2026-07-20 15:13:37.190,2026-07-20 15:15:01.370
283,SL_TKO_GKC_PRODUCT_T1GKC01_CQ102XG06_MEAS,"1.979548",0,0,0,0,2026-07-20 15:13:37.190,2026-07-20 15:15:01.370
285,SL_TKO_GKC_PRODUCT_T1GKC01_CQ103XG06_MEAS,"244.07042",0,0,0,0,2026-07-20 15:13:37.190,2026-07-20 15:15:01.370
287,SL_TKO_GKC_PRODUCT_T1GKC01_CQ107XG06_MEAS,"1.097174",0,0,0,0,2026-07-20 15:13:37.190,2026-07-20 15:15:01.370
288,SL_TKO_GKH_UF_T1GKH01_1_CQ103XG06_MEAS,"8.839727",0,0,0,0,2026-07-20 15:13:37.190,2026-07-20 15:15:01.370
289,SL_TKO_GKH_UF_T1GKH01_1_CT101XG05_MEAS,"26.759346",0,0,0,0,2026-07-20 15:13:37.190,2026-07-20 15:15:01.370
292,SL_TKO_GKH_UF_T1GKH17_1_CQ101XG06_MEAS,"6281.324",0,0,0,0,2026-07-20 15:13:37.190,2026-07-20 15:15:01.370
293,SL_TKO_GKH_UF_T1GKH17_1_CQ102XG06_MEAS,"81.724335",0,0,0,0,2026-07-20 15:13:37.190,2026-07-20 15:15:01.370
296,SL_TKO_GKH_UF_T1GKH17_AP002XS21_CIN,"0",0,0,0,0,2026-07-20 15:13:37.190,2026-07-20 15:15:01.370
299,SL_TKO_GKL_CO2_T1GKL02_1_AP002XS21_CIN,"0",0,0,0,0,2026-07-20 15:13:37.190,2026-07-20 15:15:01.370
305,DCS_ArchestrA_T1SBAG11ROHVXG02_PV,"0.0",0,0,0,9,2026-07-13 11:58:13.500,2026-07-13 12:00:02.752
307,SL_TKO_SBA_MEB_T1SBAG4_M_MEBHVXG01_MEAS,"2.5173166E7",0,0,0,0,2026-07-20 15:13:37.190,2026-07-20 15:15:01.370
308,SL_TKO_SBA_MEB_T1SBAG4_M_MEBHVXG02_MEAS,"1311.22",0,0,0,0,2026-07-20 15:13:37.190,2026-07-20 15:15:01.370
310,SL_TKO_SBA_MEB_T1SBAG5_M_MEBHVXG02_MEAS,"1339.66",0,0,0,0,2026-07-20 15:13:37.190,2026-07-20 15:15:01.370
313,SL_TKO_SBB_MEB_T1SBBG5_M_MEBHVXG01_MEAS,"3.0072942E7",0,0,0,0,2026-07-20 15:13:37.190,2026-07-20 15:15:01.370
155,SL_TKO_GDJ_RO_T1GDJ11_CQ101XG05_MEAS,"25.637947",0,0,0,0,2026-07-20 15:13:37.190,2026-07-20 15:15:01.370
157,SL_TKO_GDJ_RO_T1GDJ11_CQ103XG06_MEAS,"364.4084",0,0,0,0,2026-07-20 15:13:37.190,2026-07-20 15:15:01.370
158,SL_TKO_GDJ_RO_T1GDJ11_CQ104XG06_MEAS,"880.23413",0,0,0,0,2026-07-20 15:13:37.190,2026-07-20 15:15:01.370
160,SL_TKO_GDJ_RO_T1GDJ12_AT001_STSD_BO07,"1",0,0,0,0,2026-07-20 15:13:37.190,2026-07-20 15:15:01.370
167,SL_TKO_GDJ_RO_T1GDJ13_CQ101XG05_MEAS,"26.420319",0,0,0,0,2026-07-20 15:13:37.190,2026-07-20 15:15:01.370
170,SL_TKO_GDJ_RO_T1GDJ13_CQ104XG06_MEAS,"22933.125",0,0,0,0,2026-07-20 15:13:37.190,2026-07-20 15:15:01.370
171,SL_TKO_GDJ_RO_T1GDJ13_CQ105XG06_MEAS,"49278.23",0,0,0,0,2026-07-20 15:13:37.190,2026-07-20 15:15:01.370
183,SL_TKO_GDJ_RO_T1GDJ15_CQ105XG06_MEAS,"46668.348",0,0,0,0,2026-07-20 15:13:37.190,2026-07-20 15:15:01.370
191,SL_TKO_GDJ_RO_T1GDJ17_CQ101XG05_MEAS,"25.749851",0,0,0,0,2026-07-20 15:13:37.190,2026-07-20 15:15:01.370
192,SL_TKO_GDJ_RO_T1GDJ17_CQ101XG06_MEAS,"45732.812",0,0,0,0,2026-07-20 15:13:37.190,2026-07-20 15:15:01.370
193,SL_TKO_GDJ_RO_T1GDJ17_CQ103XG06_MEAS,"419.12506",0,0,0,0,2026-07-20 15:13:37.190,2026-07-20 15:15:01.370
194,SL_TKO_GDJ_RO_T1GDJ17_CQ104XG06_MEAS,"627.23663",0,0,0,0,2026-07-20 15:13:37.190,2026-07-20 15:15:01.370
199,SL_TKO_GDJ_RO_T1GDJ18_CQ103XG06_MEAS,"423.0965",0,0,0,0,2026-07-20 15:13:37.190,2026-07-20 15:15:01.370
205,SL_TKO_GDJ_RO_T1GDJ20_CQ101XG06_MEAS,"9.058487",0,0,0,0,2026-07-20 15:13:37.190,2026-07-20 15:15:01.370
208,SL_TKO_GDJ_RO_T1GDJ20_CQ103XG05_MEAS,"25.66264",0,0,0,0,2026-07-20 15:13:37.190,2026-07-20 15:15:01.370
212,SL_TKO_GDJ_RO_T1GDJ20_CQ106XG06_MEAS,"0.024194",0,0,0,0,2026-07-20 15:13:37.190,2026-07-20 15:15:01.370
216,SL_TKO_GDJ_RO_T1GDJ31_CQ102XG06_MEAS,"116.792175",0,0,0,0,2026-07-20 15:13:37.190,2026-07-20 15:15:01.370
227,SL_TKO_GDJ_RO_T1GDJ33_CQ103XG06_MEAS,"5647.488",0,0,0,0,2026-07-20 15:13:37.190,2026-07-20 15:15:01.370
234,SL_TKO_GDJ_RO_T1GDJ40_CQ102XG06_MEAS,"8.548701",0,0,0,0,2026-07-20 15:13:37.190,2026-07-20 15:15:01.370
239,SL_TKO_GDJ_RO_T1GDJ45_CQ101XG06_MEAS,"1.864056",0,0,0,0,2026-07-20 15:13:37.190,2026-07-20 15:15:01.370
