Label,# Samples,Average,Median,90% Line,95% Line,99% Line,Min,Max,Error %,Throughput,Received KB/sec,Sent KB/sec
PC&APP:topLabel,209,24,26,34,39,41,11,49,0.000%,.35626,0.38,0.16
PC&APP:Inside service fault-result,228,24,25,36,39,47,11,49,0.000%,.38803,0.27,0.17
PC&APP:Complaint-detail,227,24,25,38,41,45,11,47,0.000%,.38620,0.43,0.18
PC&APP:userCategory,200,29,31,40,46,50,15,53,0.000%,.34096,0.30,0.15
PC&APP:workOrder,255,29,32,40,43,53,15,97,0.000%,.43510,0.76,0.19
PC&APP:waterQualitySample,936,28,29,41,44,50,12,60,0.000%,1.59618,1.40,0.73
PC&APP:Leakage-subregion,233,27,30,38,39,46,15,52,0.000%,.39729,1.17,0.18
PC&APP:woProcessingStatusmmonthly,229,30,31,41,46,59,15,62,0.000%,.39040,0.62,0.18
PC&APP:rwSupplySituation,452,32,32,45,48,56,16,60,0.000%,.77036,1.02,0.36
PC&APP:supplyAnalysis,239,30,31,41,48,53,15,71,0.000%,.40755,0.52,0.19
PC&APP:BurstPipe-search,256,31,32,43,47,51,16,54,0.000%,.43650,4.50,0.25
PC&APP:waterTreatmentWorkDatamonthly,234,30,31,42,44,55,14,58,0.000%,.39913,0.47,0.19
PC&APP:waterQualityMonitoring,441,28,29,38,44,55,11,85,0.000%,.75223,1.31,0.36
PC&APP:waterQualityPassRate,209,30,33,41,46,50,14,63,0.000%,.35644,0.45,0.16
PC&APP:waterMeterCondition,246,29,31,43,46,52,14,56,0.000%,.41901,0.31,0.19
PC&APP:engineeringManagementIndicators,232,30,32,42,45,50,14,51,0.000%,.39566,0.56,0.19
PC&APP:productSalesDiffTrend,413,37,38,49,52,61,19,74,0.000%,.70351,3.00,0.33
PC&APP:waterQualityPassRatemonthly,228,33,33,44,48,56,20,60,0.000%,.38884,0.80,0.18
PC&APP:Leakage-minNightFlow,221,57,56,69,76,91,33,249,0.000%,.37656,0.39,0.19
PC&APP:waterQualityParameterSituation,203,35,37,46,49,54,21,54,0.000%,.34617,0.44,0.17
PC&APP:engineering works-compensation search,205,63,61,92,97,112,31,134,0.000%,.34914,0.23,0.18
PC&APP:Application-result,212,23,21,35,38,43,10,82,0.000%,.36092,0.25,0.16
PC&APP:pipelinedata,207,28,30,38,40,47,16,71,0.000%,.35296,0.63,0.17
PC&APP:wsoMonitoring,663,30,30,43,47,53,11,61,0.000%,1.13055,9.96,0.50
PC&APP:flushingWatersupplyStatus,216,24,27,34,39,45,12,46,0.000%,.36804,0.48,0.17
PC&APP:pipelinestatistics,239,27,29,37,42,47,13,48,0.000%,.40730,0.34,0.19
PC&APP:engineering works-contract search,256,28,29,40,43,49,13,58,0.000%,.43614,0.31,0.20
PC&APP:Mainpage,237,65,63,95,104,132,28,139,0.000%,.40378,8.64,0.18
PC&APP:pipelineasset,225,31,33,43,49,52,16,68,0.000%,.38343,0.32,0.17
PC&APP:Inside service fault-detail,449,45,45,58,63,67,21,108,0.000%,.76569,4.23,0.34
PC&APP:Leakage-detail,241,29,31,42,46,60,13,86,0.000%,.41111,0.34,0.19
PC&APP:BurstPipe-result,211,31,32,44,47,52,15,53,0.000%,.35969,1.06,0.22
PC&APP:Case Investigation-search,220,36,37,49,54,60,21,87,0.000%,.37532,0.38,0.19
PC&APP:woProcessingStatus,208,31,32,45,48,54,15,62,0.000%,.35448,0.37,0.16
PC&APP:waterTreatmentWorkData,439,41,41,54,59,71,20,80,0.000%,.74795,0.75,0.34
PC&APP:realTimeMonitoringflow,240,41,41,53,57,63,25,93,0.000%,.40943,25.96,0.19
PC&APP:proxyGroup,238,24,25,34,38,49,12,91,0.000%,.40624,0.67,0.17
PC&APP:Complaint-search,227,36,36,47,51,67,20,93,0.000%,.38690,28.01,0.20
PC&APP:workOrderAndCall,215,30,32,40,43,56,16,57,0.000%,.36594,0.56,0.18
PC&APP:waterQualitySamplemonthly,239,29,30,41,44,49,14,53,0.000%,.40677,0.45,0.19
PC&APP:contractNetPayment,229,30,32,41,47,51,14,59,0.000%,.39057,0.34,0.18
PC&APP:Supply Network-search,206,18,20,28,33,36,6,42,0.000%,.35119,0.24,0.19
PC&APP:flushingWater,225,36,37,49,53,63,20,81,0.000%,.38364,0.36,0.18
PC&APP:supplyCusService,483,29,31,40,42,49,12,60,0.000%,.82334,1.14,0.36
PC&APP:pressureFlowMonitoring,230,29,30,40,44,46,14,49,0.000%,.39181,13.27,0.18
PC&APP:pipelineNetworkAssets,227,35,37,45,51,59,20,62,0.000%,.38693,0.67,0.18
PC&APP:waterType,230,25,26,36,38,47,12,59,0.000%,.39218,0.33,0.19
PC&APP:rawWaterReservoirmonthly,212,29,30,40,42,48,14,64,0.000%,.36152,0.60,0.17
PC&APP:woStatistics,211,38,39,50,53,60,22,62,0.000%,.35969,0.61,0.16
PC&APP:waterTreatmentWork,206,26,27,37,43,47,13,53,0.000%,.35153,0.51,0.15
PC&APP:dwSwPumpingStationmonthly,232,34,36,44,47,57,19,58,0.000%,.39551,1.06,0.18
PC&APP:waterPlantsEnergyConsumptionmonthly,228,29,30,40,45,50,15,64,0.000%,.38869,0.46,0.19
PC&APP:waterQualityParametersTrendmonthly,197,55,57,67,71,80,42,89,0.000%,.33570,0.95,0.17
PC&APP:energyConsumption,223,74,73,89,92,101,57,105,0.000%,.37997,0.45,0.18
PC&APP:delayStatistics,234,63,61,93,97,119,29,135,0.000%,.39886,0.61,0.18
PC&APP:waterConsumption,216,29,31,40,43,45,15,50,0.000%,.36815,0.40,0.17
PC&APP:realTimeMonitoringpressure,223,42,43,53,59,63,24,75,0.000%,.38036,26.74,0.18
PC&APP:hotlineStatistics,225,29,31,40,44,51,15,53,0.000%,.38391,1.09,0.20
PC&APP:deviceSituation,219,31,33,42,44,49,15,59,0.000%,.37326,0.47,0.17
PC&APP:productSalesDiffTrendmonthly,227,48,49,59,63,68,32,70,0.000%,.38665,1.20,0.18
PC&APP:userinfo,211,39,41,50,53,61,20,79,0.000%,.36645,0.39,0.16
PC&APP:woClassification,242,28,28,40,44,53,14,68,0.000%,.41273,0.48,0.19
PC&APP:pumpHousePumpMachine,221,36,38,50,52,62,20,69,0.000%,.37680,0.42,0.18
PC&APP:pondWaterLevelChangesTrend,443,59,54,100,105,122,14,170,0.000%,.75486,72.24,0.35
PC&APP:waterTypemonthly,214,31,32,43,46,50,15,55,0.000%,.36511,0.41,0.18
PC&APP:engineering works-warning search,236,34,35,46,49,56,18,72,0.000%,.40218,0.27,0.20
PC&APP:woProcessingStatusdaily,239,43,46,53,55,65,29,73,0.000%,.40770,1.25,0.19
PC&APP:nightMinFlow,242,49,50,60,64,78,30,84,0.000%,.41258,0.69,0.20
PC&APP:Leakage-logger,240,61,56,92,98,121,23,146,0.000%,.40910,0.31,0.19
PC&APP:waterQualityParametersTrend,223,33,33,44,49,57,19,59,0.000%,.38051,0.63,0.18
PC&APP:Supply Network-engineeringdetail,213,48,48,61,64,77,25,100,0.000%,.36312,1.66,0.17
PC&APP:complaintClassification,208,32,34,45,49,51,17,56,0.000%,.35453,0.30,0.17
PC&APP:pullDownList,213,35,34,52,55,63,11,65,0.000%,.36303,0.25,0.16
PC&APP:Application-detail,428,86,94,133,138,149,27,163,0.000%,.72990,3.75,0.33
PC&APP:wsoMonitoringdata,231,38,39,47,53,67,24,75,0.000%,.39339,8.72,0.17
PC&APP:engineeringManagementIndicatorsmonthly,221,30,31,41,45,53,16,55,0.000%,.37667,0.93,0.18
PC&APP:Inside service fault-search,225,28,29,40,44,46,14,54,0.000%,.38370,1.87,0.19
PC&APP:engineering works-finanicial search,249,33,34,45,50,54,16,59,0.000%,.42488,0.28,0.22
PC&APP:houseMeterCount,224,32,35,43,45,51,17,54,0.000%,.38189,0.56,0.17
PC&APP:Application-search,437,105,166,200,207,227,6,285,0.000%,.74501,10.63,0.47
PC&APP:contractNetPaymentdialog,241,30,32,42,46,52,15,66,0.000%,.41090,0.48,0.19
PC&APP:waterFactoryEnergyConsumption,220,33,33,45,49,54,15,59,0.000%,.37508,0.41,0.18
PC&APP:woStatisticsmonthly,217,30,32,40,44,54,17,73,0.000%,.37030,1.09,0.17
PC&APP:pipelinedialog,224,28,30,39,42,51,14,56,0.000%,.38166,0.51,0.18
PC&APP:BurstPipe-detail,264,38,39,50,53,56,18,57,0.000%,.45006,0.93,0.21
PC&APP:Supply Network-flowdetail,242,96,95,110,115,124,76,149,0.000%,.41199,1.69,0.19
PC&APP:dwSwReservoir,465,147,145,186,194,231,76,299,0.000%,.79225,0.69,0.35
PC&APP:dwSwPumpingStation,209,44,44,56,61,68,26,85,0.000%,.35659,0.69,0.16
PC&APP:rwSupplySituationmonthly,202,31,33,41,43,51,17,58,0.000%,.34430,0.60,0.16
PC&APP:engineering works-progress search,233,34,34,48,51,59,14,76,0.000%,.39723,0.26,0.20
PC&APP:supplyAnalysisdaily,233,40,42,51,55,64,26,87,0.000%,.39773,1.69,0.18
PC&APP:rawWaterReservoirdaily,252,50,50,60,63,69,37,75,0.000%,.42912,1.20,0.20
PC&APP:seat,222,53,50,80,88,99,25,101,0.000%,.37834,3.56,0.17
PC&APP:wsoOverview,243,28,30,41,46,51,13,56,0.000%,.41455,0.35,0.19
PC&APP:rwSupplySituationDaily,222,103,104,115,121,138,85,179,0.000%,.37795,1.01,0.17
PC&APP:rwStorage,227,177,178,204,212,217,137,221,0.000%,.38696,0.48,0.17
PC&APP:waterOutput,215,246,245,266,272,281,216,284,0.000%,.36634,0.44,0.18
PC&APP:waterPlantsEnergyConsumption,220,33,33,47,49,57,15,62,0.000%,.37491,0.43,0.18
PC&APP:Cockpit-mainAsset,240,240,239,257,264,273,211,275,0.000%,.40924,2.24,0.18
PC&APP:waterLevelChange,223,246,244,269,272,284,216,296,0.000%,.37987,0.46,0.19
PC&APP:Leakage-pipline,229,178,179,200,209,216,147,255,0.000%,.39022,0.50,0.19
PC&APP:woStatisticsdaily,198,45,46,55,58,65,32,66,0.000%,.33773,2.26,0.15
PC&APP:Leakage-condition,200,256,258,286,292,308,205,339,0.000%,.34091,0.78,0.17
PC&APP:waterFee,217,30,31,43,47,51,15,64,0.000%,.37698,0.41,0.17
PC&APP:Complaint-result,221,41,42,52,55,60,23,66,0.000%,.38441,2.02,0.18
TOTAL,27000,49,35,94,178,254,6,339,0.000%,45.93548,285.16,21.64
