Label,# Samples,Average,Min,Max,Std. Dev.,Error %,Throughput,Received KB/sec,Sent KB/sec,Avg. Bytes
PC&APP:topLabel,209,24,11,49,8.12,0.000%,.35626,0.38,0.16,1086.1
PC&APP:Inside service fault-result,228,24,11,49,8.83,0.000%,.38803,0.27,0.17,713.0
PC&APP:Complaint-detail,227,24,11,47,9.39,0.000%,.38620,0.43,0.18,1146.2
PC&APP:userCategory,200,29,15,53,8.55,0.000%,.34096,0.30,0.15,901.3
PC&APP:workOrder,255,29,15,97,9.55,0.000%,.43510,0.76,0.19,1784.8
PC&APP:waterQualitySample,936,28,12,60,9.47,0.000%,1.59618,1.40,0.73,900.6
PC&APP:Leakage-subregion,233,27,15,52,7.96,0.000%,.39729,1.17,0.18,3024.3
PC&APP:woProcessingStatusmmonthly,229,30,15,62,8.80,0.000%,.39040,0.62,0.18,1616.0
PC&APP:rwSupplySituation,452,32,16,60,9.45,0.000%,.77036,1.02,0.36,1360.9
PC&APP:supplyAnalysis,239,30,15,71,9.34,0.000%,.40755,0.52,0.19,1298.8
PC&APP:BurstPipe-search,256,31,16,54,9.03,0.000%,.43650,4.50,0.25,10549.0
PC&APP:waterTreatmentWorkDatamonthly,234,30,14,58,9.01,0.000%,.39913,0.47,0.19,1206.1
PC&APP:waterQualityMonitoring,441,28,11,85,9.81,0.000%,.75223,1.31,0.36,1783.6
PC&APP:waterQualityPassRate,209,30,14,63,8.88,0.000%,.35644,0.45,0.16,1281.7
PC&APP:waterMeterCondition,246,29,14,56,9.54,0.000%,.41901,0.31,0.19,762.1
PC&APP:engineeringManagementIndicators,232,30,14,51,8.63,0.000%,.39566,0.56,0.19,1450.7
PC&APP:productSalesDiffTrend,413,37,19,74,9.54,0.000%,.70351,3.00,0.33,4365.3
PC&APP:waterQualityPassRatemonthly,228,33,20,60,8.35,0.000%,.38884,0.80,0.18,2093.9
PC&APP:Leakage-minNightFlow,221,57,33,249,16.58,0.000%,.37656,0.39,0.19,1053.2
PC&APP:waterQualityParameterSituation,203,35,21,54,7.98,0.000%,.34617,0.44,0.17,1308.9
PC&APP:engineering works-compensation search,205,63,31,134,19.38,0.000%,.34914,0.23,0.18,683.0
PC&APP:Application-result,212,23,10,82,9.44,0.000%,.36092,0.25,0.16,713.0
PC&APP:pipelinedata,207,28,16,71,8.46,0.000%,.35296,0.63,0.17,1826.1
PC&APP:wsoMonitoring,663,30,11,61,9.83,0.000%,1.13055,9.96,0.50,9025.6
PC&APP:flushingWatersupplyStatus,216,24,12,46,8.32,0.000%,.36804,0.48,0.17,1338.8
PC&APP:pipelinestatistics,239,27,13,48,8.49,0.000%,.40730,0.34,0.19,849.3
PC&APP:engineering works-contract search,256,28,13,58,9.03,0.000%,.43614,0.31,0.20,737.1
PC&APP:Mainpage,237,65,28,139,21.65,0.000%,.40378,8.64,0.18,21916.5
PC&APP:pipelineasset,225,31,16,68,9.03,0.000%,.38343,0.32,0.17,854.1
PC&APP:Inside service fault-detail,449,45,21,108,10.91,0.000%,.76569,4.23,0.34,5659.9
PC&APP:Leakage-detail,241,29,13,86,10.13,0.000%,.41111,0.34,0.19,857.2
PC&APP:BurstPipe-result,211,31,15,53,8.97,0.000%,.35969,1.06,0.22,3013.9
PC&APP:Case Investigation-search,220,36,21,87,9.84,0.000%,.37532,0.38,0.19,1034.3
PC&APP:woProcessingStatus,208,31,15,62,9.63,0.000%,.35448,0.37,0.16,1078.1
PC&APP:waterTreatmentWorkData,439,41,20,80,10.72,0.000%,.74795,0.75,0.34,1026.2
PC&APP:realTimeMonitoringflow,240,41,25,93,9.35,0.000%,.40943,25.96,0.19,64934.6
PC&APP:proxyGroup,238,24,12,91,9.61,0.000%,.40624,0.67,0.17,1683.8
PC&APP:Complaint-search,227,36,20,93,10.48,0.000%,.38690,28.01,0.20,74128.7
PC&APP:workOrderAndCall,215,30,16,57,9.00,0.000%,.36594,0.56,0.18,1579.0
PC&APP:waterQualitySamplemonthly,239,29,14,53,8.97,0.000%,.40677,0.45,0.19,1138.3
PC&APP:contractNetPayment,229,30,14,59,8.60,0.000%,.39057,0.34,0.18,899.1
PC&APP:Supply Network-search,206,18,6,42,8.24,0.000%,.35119,0.24,0.19,713.0
PC&APP:flushingWater,225,36,20,81,9.36,0.000%,.38364,0.36,0.18,974.1
PC&APP:supplyCusService,483,29,12,60,8.55,0.000%,.82334,1.14,0.36,1416.8
PC&APP:pressureFlowMonitoring,230,29,14,49,8.34,0.000%,.39181,13.27,0.18,34672.0
PC&APP:pipelineNetworkAssets,227,35,20,62,8.63,0.000%,.38693,0.67,0.18,1779.7
PC&APP:waterType,230,25,12,59,8.68,0.000%,.39218,0.33,0.19,870.3
PC&APP:rawWaterReservoirmonthly,212,29,14,64,9.04,0.000%,.36152,0.60,0.17,1686.8
PC&APP:woStatistics,211,38,22,62,8.83,0.000%,.35969,0.61,0.16,1727.8
PC&APP:waterTreatmentWork,206,26,13,53,8.81,0.000%,.35153,0.51,0.15,1472.9
PC&APP:dwSwPumpingStationmonthly,232,34,19,58,8.50,0.000%,.39551,1.06,0.18,2733.3
PC&APP:waterPlantsEnergyConsumptionmonthly,228,29,15,64,8.90,0.000%,.38869,0.46,0.19,1207.1
PC&APP:waterQualityParametersTrendmonthly,197,55,42,89,9.47,0.000%,.33570,0.95,0.17,2906.0
PC&APP:energyConsumption,223,74,57,105,9.74,0.000%,.37997,0.45,0.18,1203.2
PC&APP:delayStatistics,234,63,29,135,20.26,0.000%,.39886,0.61,0.18,1563.9
PC&APP:waterConsumption,216,29,15,50,8.44,0.000%,.36815,0.40,0.17,1124.2
PC&APP:realTimeMonitoringpressure,223,42,24,75,9.30,0.000%,.38036,26.74,0.18,71976.9
PC&APP:hotlineStatistics,225,29,15,53,8.51,0.000%,.38391,1.09,0.20,2899.8
PC&APP:deviceSituation,219,31,15,59,8.50,0.000%,.37326,0.47,0.17,1292.9
PC&APP:productSalesDiffTrendmonthly,227,48,32,70,8.69,0.000%,.38665,1.20,0.18,3182.1
PC&APP:userinfo,211,39,20,79,9.25,0.000%,.36645,0.39,0.16,1102.2
PC&APP:woClassification,242,28,14,68,9.34,0.000%,.41273,0.48,0.19,1180.2
PC&APP:pumpHousePumpMachine,221,36,20,69,9.70,0.000%,.37680,0.42,0.18,1146.2
PC&APP:pondWaterLevelChangesTrend,443,59,14,170,33.68,0.000%,.75486,72.24,0.35,97991.8
PC&APP:waterTypemonthly,214,31,15,55,8.77,0.000%,.36511,0.41,0.18,1138.2
PC&APP:engineering works-warning search,236,34,18,72,9.06,0.000%,.40218,0.27,0.20,683.0
PC&APP:woProcessingStatusdaily,239,43,29,73,8.47,0.000%,.40770,1.25,0.19,3145.3
PC&APP:nightMinFlow,242,49,30,84,9.55,0.000%,.41258,0.69,0.20,1718.0
PC&APP:Leakage-logger,240,61,23,146,21.51,0.000%,.40910,0.31,0.19,785.1
PC&APP:waterQualityParametersTrend,223,33,19,59,8.45,0.000%,.38051,0.63,0.18,1683.1
PC&APP:Supply Network-engineeringdetail,213,48,25,100,10.42,0.000%,.36312,1.66,0.17,4687.4
PC&APP:complaintClassification,208,32,17,56,8.75,0.000%,.35453,0.30,0.17,859.1
PC&APP:pullDownList,213,35,11,65,12.41,0.000%,.36303,0.25,0.16,713.0
PC&APP:Application-detail,428,86,27,163,39.37,0.000%,.72990,3.75,0.33,5266.0
PC&APP:wsoMonitoringdata,231,38,24,75,8.77,0.000%,.39339,8.72,0.17,22692.8
PC&APP:engineeringManagementIndicatorsmonthly,221,30,16,55,8.57,0.000%,.37667,0.93,0.18,2518.1
PC&APP:Inside service fault-search,225,28,14,54,8.93,0.000%,.38370,1.87,0.19,4983.9
PC&APP:engineering works-finanicial search,249,33,16,59,9.12,0.000%,.42488,0.28,0.22,683.0
PC&APP:houseMeterCount,224,32,17,54,8.56,0.000%,.38189,0.56,0.17,1491.0
PC&APP:Application-search,437,105,6,285,86.00,0.000%,.74501,10.63,0.47,14613.8
PC&APP:contractNetPaymentdialog,241,30,15,66,9.10,0.000%,.41090,0.48,0.19,1191.1
PC&APP:waterFactoryEnergyConsumption,220,33,15,59,9.05,0.000%,.37508,0.41,0.18,1120.1
PC&APP:woStatisticsmonthly,217,30,17,73,9.08,0.000%,.37030,1.09,0.17,3015.1
PC&APP:pipelinedialog,224,28,14,56,8.59,0.000%,.38166,0.51,0.18,1357.7
PC&APP:BurstPipe-detail,264,38,18,57,9.04,0.000%,.45006,0.93,0.21,2124.0
PC&APP:Supply Network-flowdetail,242,96,76,149,10.61,0.000%,.41199,1.69,0.19,4207.8
PC&APP:dwSwReservoir,465,147,76,299,30.96,0.000%,.79225,0.69,0.35,887.1
PC&APP:dwSwPumpingStation,209,44,26,85,9.72,0.000%,.35659,0.69,0.16,1975.0
PC&APP:rwSupplySituationmonthly,202,31,17,58,8.38,0.000%,.34430,0.60,0.16,1773.9
PC&APP:engineering works-progress search,233,34,14,76,10.46,0.000%,.39723,0.26,0.20,683.0
PC&APP:supplyAnalysisdaily,233,40,26,87,9.25,0.000%,.39773,1.69,0.18,4358.3
PC&APP:rawWaterReservoirdaily,252,50,37,75,7.90,0.000%,.42912,1.20,0.20,2865.0
PC&APP:seat,222,53,25,101,17.37,0.000%,.37834,3.56,0.17,9645.4
PC&APP:wsoOverview,243,28,13,56,9.56,0.000%,.41455,0.35,0.19,872.1
PC&APP:rwSupplySituationDaily,222,103,85,179,11.20,0.000%,.37795,1.01,0.17,2746.9
PC&APP:rwStorage,227,177,137,221,19.30,0.000%,.38696,0.48,0.17,1265.2
PC&APP:waterOutput,215,246,216,284,14.22,0.000%,.36634,0.44,0.18,1236.8
PC&APP:waterPlantsEnergyConsumption,220,33,15,62,10.11,0.000%,.37491,0.43,0.18,1185.1
PC&APP:Cockpit-mainAsset,240,240,211,275,13.21,0.000%,.40924,2.24,0.18,5592.4
PC&APP:waterLevelChange,223,246,216,296,15.02,0.000%,.37987,0.46,0.19,1239.8
PC&APP:Leakage-pipline,229,178,147,255,17.70,0.000%,.39022,0.50,0.19,1304.8
PC&APP:woStatisticsdaily,198,45,32,66,8.12,0.000%,.33773,2.26,0.15,6863.2
PC&APP:Leakage-condition,200,256,205,339,24.21,0.000%,.34091,0.78,0.17,2336.2
PC&APP:waterFee,217,30,15,64,9.56,0.000%,.37698,0.41,0.17,1103.2
PC&APP:Complaint-result,221,41,23,66,9.11,0.000%,.38441,2.02,0.18,5372.8
TOTAL,27000,49,6,339,48.82,0.000%,45.93548,285.16,21.64,6356.9
