ID,MCATEGORY_CODE,SIC_BCODE,SIC_ECODE,CREATE_TIME,UPDATE_TIME,CREATE_ACCOUNT,UPDATE_ACCOUNT
9A6B8997258FCF64E05305010D0A5877,Services,953000,958999,46:42.0,,,
9A6B89972590CF64E05305010D0A5877,Services,959000,959199,46:42.0,,,
9A6B89972591CF64E05305010D0A5877,Services,959200,959399,46:43.0,,,
9A6B89972592CF64E05305010D0A5877,Services,959400,959499,46:43.0,,,
9A6B89972593CF64E05305010D0A5877,Services,959500,999899,46:43.0,,,
9A6B89972594CF64E05305010D0A5877,Services,999900,999999,46:43.0,,,
9A6B89972595CF64E05305010D0A5877,Gov-Faci (free supply),000000,000097,46:43.0,,,
9A6B89972596CF64E05305010D0A5877,Gov-Faci (free supply),000099,009999,46:43.0,,,
9A6B89972597CF64E05305010D0A5877,Gov-Faci (free supply),010000,010009,46:43.0,,,
9A6B89972598CF64E05305010D0A5877,Domestic,010010,010019,46:44.0,,,
9A6B89972599CF64E05305010D0A5877,Domestic,010020,010029,46:44.0,,,
9A6B8997259ACF64E05305010D0A5877,Domestic,010030,010039,46:44.0,,,
9A6B8997259BCF64E05305010D0A5877,Domestic,010040,010049,46:44.0,,,
9A6B8997259CCF64E05305010D0A5877,Domestic,010050,010059,46:44.0,,,
9A6B8997259DCF64E05305010D0A5877,Domestic,010060,010069,46:44.0,,,
9A6B8997259ECF64E05305010D0A5877,Domestic,010070,010079,46:44.0,,,
9A6B8997259FCF64E05305010D0A5877,Domestic,010080,010089,46:44.0,,,
9A6B899725A0CF64E05305010D0A5877,Domestic,010090,010099,46:44.0,,,
9A6B899725A1CF64E05305010D0A5877,Gov-Faci (free supply),010100,019999,46:44.0,,,
9A6B899725A2CF64E05305010D0A5877,Gov-Faci (free supply),020000,021009,46:44.0,,,
9A6B899725A3CF64E05305010D0A5877,Flushing supply (TMF),021010,021999,46:44.0,,,
9A6B899725A4CF64E05305010D0A5877,Gov-Faci (free supply),022000,022009,46:45.0,,,
9A6B899725A5CF64E05305010D0A5877,Flushing supply (TMF),022010,022999,46:45.0,,,
9A6B899725A6CF64E05305010D0A5877,Gov-Faci (free supply),023000,029999,46:45.0,,,
9A6B899725A7CF64E05305010D0A5877,Services,030000,030009,46:45.0,,,
9A6B899725A8CF64E05305010D0A5877,Concessions (services),030010,030019,46:45.0,,,
9A6B899725A9CF64E05305010D0A5877,Concessions (services),030020,030029,46:45.0,,,
9A6B899725AACF64E05305010D0A5877,Concessions (services),030030,030039,46:45.0,,,
9A6B899725ABCF64E05305010D0A5877,Concessions (services),030040,030049,46:45.0,,,
9A6B899725ACCF64E05305010D0A5877,Concessions (services),030050,030059,46:45.0,,,
9A6B899725ADCF64E05305010D0A5877,Concessions (services),030060,030069,46:45.0,,,
9A6B899725AECF64E05305010D0A5877,Domestic,030070,039999,46:45.0,,,
9A6B899725AFCF64E05305010D0A5877,Gov-Faci (free supply),040000,041009,46:45.0,,,
9A6B899725B0CF64E05305010D0A5877,Gov-Faci (free supply),041010,041019,46:45.0,,,
9A6B899725B1CF64E05305010D0A5877,Gov-Faci (free supply),041020,041029,46:45.0,,,
9A6B899725B2CF64E05305010D0A5877,Gov-Faci (free supply),041030,041039,46:46.0,,,
9A6B899725B3CF64E05305010D0A5877,Gov-Faci (free supply),041040,041049,46:46.0,,,
9A6B899725B4CF64E05305010D0A5877,Gov-Faci (free supply),041050,041059,46:46.0,,,
9A6B899725B5CF64E05305010D0A5877,Free supply,041060,041069,46:46.0,,,
9A6B899725B6CF64E05305010D0A5877,Free supply,041070,041079,46:46.0,,,
9A6B899725B7CF64E05305010D0A5877,Gov-Faci (free supply),041080,041089,46:46.0,,,
9A6B899725B8CF64E05305010D0A5877,Gov-Faci (free supply),041090,042009,46:46.0,,,
9A6B899725B9CF64E05305010D0A5877,Gov-Faci (free supply),042010,042019,46:46.0,,,
9A6B899725BACF64E05305010D0A5877,Gov-Faci (free supply),042020,042029,46:46.0,,,
9A6B899725BBCF64E05305010D0A5877,Gov-Faci (free supply),042030,042039,46:46.0,,,
9A6B899725BCCF64E05305010D0A5877,Gov-Faci (free supply),042040,042049,46:46.0,,,
9A6B899725BDCF64E05305010D0A5877,Gov-Faci (free supply),042050,042059,46:47.0,,,
9A6B899725BECF64E05305010D0A5877,Gov-Faci (free supply),042060,042069,46:47.0,,,
9A6B899725BFCF64E05305010D0A5877,Gov-Faci (free supply),042070,043009,46:47.0,,,
9A6B899725C0CF64E05305010D0A5877,FEHD&LCSD (free supply),043010,043019,46:47.0,,,
9A6B899725C1CF64E05305010D0A5877,FEHD&LCSD (free supply),043020,043029,46:47.0,,,
9A6B899725C2CF64E05305010D0A5877,FEHD&LCSD (free supply),043030,043039,46:47.0,,,
9A6B899725C3CF64E05305010D0A5877,FEHD&LCSD (free supply),043040,043049,46:47.0,,,
9A6B899725C4CF64E05305010D0A5877,FEHD&LCSD (free supply),043050,043059,46:47.0,,,
9A6B899725C5CF64E05305010D0A5877,FEHD&LCSD (free supply),043060,043069,46:47.0,,,
9A6B899725C6CF64E05305010D0A5877,Gov-Faci (free supply),043070,044009,46:47.0,,,
9A6B899725C7CF64E05305010D0A5877,FEHD&LCSD (free supply),044010,044019,46:47.0,,,
9A6B899725C8CF64E05305010D0A5877,FEHD&LCSD (free supply),044020,044029,46:47.0,,,
9A6B899725C9CF64E05305010D0A5877,FEHD&LCSD (free supply),044030,044039,46:47.0,,,
9A6B899725CACF64E05305010D0A5877,FEHD&LCSD (free supply),044040,044049,46:47.0,,,
9A6B899725CBCF64E05305010D0A5877,FEHD&LCSD (free supply),044050,044059,46:48.0,,,
9A6B899725CCCF64E05305010D0A5877,Gov-Faci (free supply),044060,044079,46:48.0,,,
9A6B899725CDCF64E05305010D0A5877,FEHD&LCSD (free supply),044080,044089,46:48.0,,,
9A6B899725CECF64E05305010D0A5877,Gov-Faci (free supply),044090,099999,46:48.0,,,
9A6B899725CFCF64E05305010D0A5877,Services,100000,130009,46:48.0,,,
9A6B899725D0CF64E05305010D0A5877,Concessions (services),130010,130019,46:48.0,,,
9A6B899725D1CF64E05305010D0A5877,Concessions (services),130020,130029,46:48.0,,,
9A6B899725D2CF64E05305010D0A5877,Concessions (services),130030,130039,46:48.0,,,
9A6B899725D3CF64E05305010D0A5877,Concessions (services),130040,130049,46:48.0,,,
9A6B899725D4CF64E05305010D0A5877,Concessions (services),130050,130059,46:48.0,,,
9A6B899725D5CF64E05305010D0A5877,Concessions (services),130060,130069,46:48.0,,,
9A6B899725D6CF64E05305010D0A5877,Services,130070,199999,46:48.0,,,
9A6B899725D7CF64E05305010D0A5877,Industries,200000,299999,46:49.0,,,
9A6B899725D8CF64E05305010D0A5877,Industries,300000,300999,46:49.0,,,
9A6B899725D9CF64E05305010D0A5877,Services,301000,310999,46:49.0,,,
9A6B899725DACF64E05305010D0A5877,Industries,311000,312904,46:49.0,,,
9A6B899725DBCF64E05305010D0A5877,Industries,312905,312905,46:49.0,,,
9A6B899725DCCF64E05305010D0A5877,Industries,312906,312999,46:49.0,,,
9A6B899725DDCF64E05305010D0A5877,Industries,313000,313999,46:49.0,,,
9A6B899725DECF64E05305010D0A5877,Industries,314000,314999,46:49.0,,,
9A6B899725DFCF64E05305010D0A5877,Services,315000,319999,46:49.0,,,
9A6B899725E0CF64E05305010D0A5877,Industries,320000,322999,46:49.0,,,
9A6B899725E1CF64E05305010D0A5877,Industries,323000,323999,46:49.0,,,
9A6B899725E2CF64E05305010D0A5877,Industries,324000,324999,46:50.0,,,
9A6B899725E3CF64E05305010D0A5877,Industries,325000,329999,46:50.0,,,
9A6B899725E4CF64E05305010D0A5877,Services,330000,330999,46:50.0,,,
9A6B899725E5CF64E05305010D0A5877,Industries,331000,332999,46:50.0,,,
9A6B899725E6CF64E05305010D0A5877,Services,333000,340999,46:50.0,,,
9A6B899725E7CF64E05305010D0A5877,Industries,341000,342999,46:50.0,,,
9A6B899725E8CF64E05305010D0A5877,Services,343000,350999,46:50.0,,,
9A6B899725E9CF64E05305010D0A5877,Industries,351000,354999,46:50.0,,,
9A6B899725EACF64E05305010D0A5877,Industries,355000,355999,46:50.0,,,
9A6B899725EBCF64E05305010D0A5877,Industries,356000,356999,46:50.0,,,
9A6B899725ECCF64E05305010D0A5877,Services,357000,358999,46:50.0,,,
9A6B899725EDCF64E05305010D0A5877,Industries,359000,359999,46:50.0,,,
9A6B899725EECF64E05305010D0A5877,Services,360000,360999,46:51.0,,,
9A6B899725EFCF64E05305010D0A5877,Industries,361000,362999,46:51.0,,,
9A6B899725F0CF64E05305010D0A5877,Services,363000,368999,46:51.0,,,
9A6B899725F1CF64E05305010D0A5877,Industries,369000,369999,46:51.0,,,
9A6B899725F2CF64E05305010D0A5877,Services,370000,370999,46:51.0,,,
9A6B899725F3CF64E05305010D0A5877,Industries,371000,380999,46:51.0,,,
9A6B899725F4CF64E05305010D0A5877,Industries,381000,387999,46:51.0,,,
9A6B899725F5CF64E05305010D0A5877,Industries,388000,388999,46:51.0,,,
9A6B899725F6CF64E05305010D0A5877,Industries,389000,390499,46:51.0,,,
9A6B899725F7CF64E05305010D0A5877,Industries,390500,390599,46:51.0,,,
9A6B899725F8CF64E05305010D0A5877,Industries,390600,390799,46:51.0,,,
9A6B899725F9CF64E05305010D0A5877,Industries,390800,391199,46:51.0,,,
9A6B899725FACF64E05305010D0A5877,Services,391200,391899,46:51.0,,,
9A6B899725FBCF64E05305010D0A5877,Industries,391900,399999,46:51.0,,,
9A6B899725FCCF64E05305010D0A5877,Services,400000,410999,46:52.0,,,
9A6B899725FDCF64E05305010D0A5877,Industries,411000,499999,46:52.0,,,
9A6B899725FECF64E05305010D0A5877,Services,500000,510999,46:52.0,,,
9A6B899725FFCF64E05305010D0A5877,Construction,511000,599999,46:52.0,,,
9A6B89972600CF64E05305010D0A5877,Services,600000,609999,46:52.0,,,
9A6B89972601CF64E05305010D0A5877,Services,610000,611999,46:52.0,,,
9A6B89972602CF64E05305010D0A5877,Services,612000,619999,46:52.0,,,
9A6B89972603CF64E05305010D0A5877,Services,620000,621999,46:52.0,,,
9A6B89972604CF64E05305010D0A5877,Services,622000,629999,46:52.0,,,
9A6B89972605CF64E05305010D0A5877,Services,630000,639999,46:52.0,,,
9A6B89972606CF64E05305010D0A5877,Services,640000,640999,46:52.0,,,
9A6B89972607CF64E05305010D0A5877,Services,641000,641999,46:52.0,,,
9A6B89972608CF64E05305010D0A5877,Services,642000,650999,46:52.0,,,
9A6B89972609CF64E05305010D0A5877,Services,651000,651999,46:53.0,,,
9A6B8997260ACF64E05305010D0A5877,Services,652000,711099,46:53.0,,,
9A6B8997260BCF64E05305010D0A5877,Industries,711100,711299,46:53.0,,,
9A6B8997260CCF64E05305010D0A5877,Services,711300,714999,46:53.0,,,
9A6B8997260DCF64E05305010D0A5877,Services,715000,715099,46:53.0,,,
9A6B8997260ECF64E05305010D0A5877,Industries,715100,715499,46:53.0,,,
9A6B8997260FCF64E05305010D0A5877,Services,715500,715999,46:53.0,,,
9A6B89972610CF64E05305010D0A5877,Industries,716000,716999,46:53.0,,,
9A6B89972611CF64E05305010D0A5877,Services,717000,718999,46:53.0,,,
9A6B89972612CF64E05305010D0A5877,Shipping,719000,719999,46:53.0,,,
9A6B89972613CF64E05305010D0A5877,Services,720000,720999,46:53.0,,,
9A6B89972614CF64E05305010D0A5877,Industries,721000,721999,46:54.0,,,
9A6B89972615CF64E05305010D0A5877,Services,722000,730999,46:54.0,,,
9A6B89972616CF64E05305010D0A5877,Industries,731000,731999,46:54.0,,,
9A6B89972617CF64E05305010D0A5877,Services,732000,799999,46:54.0,,,
9A6B89972618CF64E05305010D0A5877,Services,800000,819199,46:54.0,,,
9A6B89972619CF64E05305010D0A5877,Services,819200,819299,46:54.0,,,
9A6B8997261ACF64E05305010D0A5877,Services,819300,833999,46:54.0,,,
9A6B8997261BCF64E05305010D0A5877,Services,834000,899997,46:54.0,,,
9A6B8997261CCF64E05305010D0A5877,Services,899998,899999,46:54.0,,,
9A6B8997261DCF64E05305010D0A5877,Services,900000,900000,46:54.0,,,
9A6B8997261ECF64E05305010D0A5877,Services,900001,929999,46:55.0,,,
9A6B8997261FCF64E05305010D0A5877,Services,930000,938999,46:55.0,,,
9A6B89972620CF64E05305010D0A5877,Services,939000,939999,46:55.0,,,
9A6B89972621CF64E05305010D0A5877,Services,940000,951099,46:55.0,,,
9A6B89972622CF64E05305010D0A5877,Industries,951100,951199,46:55.0,,,
9A6B89972623CF64E05305010D0A5877,Industries,951200,951299,46:55.0,,,
9A6B89972624CF64E05305010D0A5877,Industries,951300,951399,46:55.0,,,
9A6B89972625CF64E05305010D0A5877,Industries,951400,951499,46:55.0,,,
9A6B89972626CF64E05305010D0A5877,Services,951500,951899,46:55.0,,,
9A6B89972627CF64E05305010D0A5877,Services,951900,951999,46:55.0,,,
9A6B89972628CF64E05305010D0A5877,Industries,952000,952999,46:55.0,,,
9A6B89972629CF64E05305010D0A5877,Check Meter,000098,000098,46:55.0,,,
