[{"processDefinition":{"id":20102,"code":19659219522560,"name":"ods_iot_extract_device_realtime_min","version":3,"releaseState":"ONLINE","projectCode":18586963727872,"description":"Extract IOT system water device realtime data","globalParams":"[]","globalParamList":[],"globalParamMap":{},"createTime":"2025-11-13 15:14:12","updateTime":"2025-11-14 13:58:46","flag":"YES","userId":2,"userName":null,"projectName":null,"locations":"[{\"taskCode\":19660325433856,\"x\":684,\"y\":121},{\"taskCode\":19659185184512,\"x\":330,\"y\":90}]","scheduleReleaseState":null,"timeout":0,"tenantId":-1,"tenantCode":null,"modifyBy":null,"warningGroupId":0,"executionType":"PARALLEL"},"processTaskRelationList":[{"id":20913,"name":"","processDefinitionVersion":3,"projectCode":18586963727872,"processDefinitionCode":19659219522560,"preTaskCode":0,"preTaskVersion":0,"postTaskCode":19659185184512,"postTaskVersion":2,"conditionType":"NONE","conditionParams":{},"createTime":"2025-11-14 13:58:46","updateTime":"2025-11-14 13:58:46","operator":2,"operateTime":"2025-11-14 13:58:46"},{"id":20914,"name":"","processDefinitionVersion":3,"projectCode":18586963727872,"processDefinitionCode":19659219522560,"preTaskCode":19659185184512,"preTaskVersion":2,"postTaskCode":19660325433856,"postTaskVersion":1,"conditionType":"NONE","conditionParams":{},"createTime":"2025-11-14 13:58:46","updateTime":"2025-11-14 13:58:46","operator":2,"operateTime":"2025-11-14 13:58:46"}],"taskDefinitionList":[{"id":20417,"code":19660325433856,"name":"ods_dwd","version":1,"description":"","projectCode":18586963727872,"userId":2,"taskType":"SUB_PROCESS","taskParams":{"localParams":[],"resourceList":[],"processDefinitionCode":19659568642816},"taskParamList":[],"taskParamMap":null,"flag":"YES","taskPriority":"MEDIUM","userName":null,"projectName":null,"workerGroup":"default","environmentCode":17270889904672,"failRetryTimes":0,"failRetryInterval":1,"timeoutFlag":"CLOSE","timeoutNotifyStrategy":null,"timeout":0,"delayTime":0,"resourceIds":"","createTime":"2025-11-13 17:38:44","updateTime":"2025-11-13 17:38:44","modifyBy":null,"taskGroupId":0,"taskGroupPriority":0,"cpuQuota":-1,"memoryMax":-1,"taskExecuteType":"BATCH","operator":2,"operateTime":"2025-11-13 17:38:44"},{"id":20426,"code":19659185184512,"name":"ods_iot_extract_device_realtime_min_shell_ods_iot_tmu_more_dev_realtime_minf_all","version":2,"description":"","projectCode":18586963727872,"userId":2,"taskType":"SHELL","taskParams":{"localParams":[],"rawScript":"\r\n# Log storage directory\r\nLOG_DIR=\"/opt/app/coss/iot/log/ods_iot_tmu_more_dev_realtime_minf\" \r\n\r\n# Create a log directory (if it doesn't exist)\r\nmkdir -p \"$LOG_DIR\"\r\n\r\n# Generate the current date in the format of YYYYMMDD\r\nCURRENT_DATE=$(date +%Y%m%d)\r\n\r\n# Log file name\r\nLOG_FILE=\"${LOG_DIR}/ods_iot_tmu_more_dev_realtime_minf_${CURRENT_DATE}.log\"\r\n\r\n# Run the Python program and redirect the output to the log file\r\npython3 /opt/app/coss/iot/script/ods_iot_tmu_more_dev_realtime_minf.py  >> \"$LOG_FILE\" 2>&1\r\n\r\n# Delete log files that exceed the specified number of days\r\nfind \"$LOG_DIR\" -name \"*.log\" -type f -mtime +90 -delete\r\n\r\n","resourceList":[]},"taskParamList":[],"taskParamMap":null,"flag":"YES","taskPriority":"MEDIUM","userName":null,"projectName":null,"workerGroup":"default","environmentCode":17270889904672,"failRetryTimes":0,"failRetryInterval":1,"timeoutFlag":"CLOSE","timeoutNotifyStrategy":null,"timeout":0,"delayTime":0,"resourceIds":"","createTime":"2025-11-13 15:14:12","updateTime":"2025-11-14 13:58:46","modifyBy":null,"taskGroupId":0,"taskGroupPriority":0,"cpuQuota":-1,"memoryMax":-1,"taskExecuteType":"BATCH","operator":2,"operateTime":"2025-11-14 13:58:46"}],"schedule":{"id":20018,"processDefinitionCode":19659219522560,"processDefinitionName":null,"projectName":null,"definitionDescription":null,"startTime":"2025-11-14 00:00:00","endTime":"2130-11-14 00:00:00","timezoneId":"Asia/Hong_Kong","crontab":"1 15 * * * ? *","failureStrategy":"CONTINUE","warningType":"NONE","createTime":"2025-11-14 15:04:21","updateTime":"2025-11-14 15:04:21","userId":2,"userName":null,"releaseState":"OFFLINE","warningGroupId":0,"processInstancePriority":"MEDIUM","workerGroup":"default","environmentCode":-1}}]