[{"processDefinition":{"id":20104,"code":19659568642816,"name":"dwd_tmu_etl_device_realtime_min","version":4,"releaseState":"ONLINE","projectCode":18586963727872,"description":"Clean and load device realtime data in the dwd layer","globalParams":"[]","globalParamList":[],"globalParamMap":{},"createTime":"2025-11-13 15:59:40","updateTime":"2025-11-24 13:59:33","flag":"YES","userId":2,"userName":null,"projectName":null,"locations":"[{\"taskCode\":19660330863360,\"x\":817,\"y\":130},{\"taskCode\":19659560700288,\"x\":513,\"y\":130}]","scheduleReleaseState":null,"timeout":0,"tenantId":-1,"tenantCode":null,"modifyBy":null,"warningGroupId":0,"executionType":"PARALLEL"},"processTaskRelationList":[{"id":20940,"name":"","processDefinitionVersion":4,"projectCode":18586963727872,"processDefinitionCode":19659568642816,"preTaskCode":0,"preTaskVersion":0,"postTaskCode":19659560700288,"postTaskVersion":3,"conditionType":"NONE","conditionParams":{},"createTime":"2025-11-24 13:59:33","updateTime":"2025-11-24 13:59:33","operator":2,"operateTime":"2025-11-24 13:59:33"},{"id":20941,"name":"","processDefinitionVersion":4,"projectCode":18586963727872,"processDefinitionCode":19659568642816,"preTaskCode":19659560700288,"preTaskVersion":3,"postTaskCode":19660330863360,"postTaskVersion":1,"conditionType":"NONE","conditionParams":{},"createTime":"2025-11-24 13:59:33","updateTime":"2025-11-24 13:59:33","operator":2,"operateTime":"2025-11-24 13:59:33"}],"taskDefinitionList":[{"id":20418,"code":19660330863360,"name":"dwd_to_dm","version":1,"description":"","projectCode":18586963727872,"userId":2,"taskType":"SUB_PROCESS","taskParams":{"localParams":[],"resourceList":[],"processDefinitionCode":19659578694528},"taskParamList":[],"taskParamMap":null,"flag":"YES","taskPriority":"MEDIUM","userName":null,"projectName":null,"workerGroup":"default","environmentCode":17270889904672,"failRetryTimes":0,"failRetryInterval":1,"timeoutFlag":"CLOSE","timeoutNotifyStrategy":null,"timeout":0,"delayTime":0,"resourceIds":"","createTime":"2025-11-13 17:39:33","updateTime":"2025-11-13 17:39:33","modifyBy":null,"taskGroupId":0,"taskGroupPriority":0,"cpuQuota":-1,"memoryMax":-1,"taskExecuteType":"BATCH","operator":2,"operateTime":"2025-11-13 17:39:33"},{"id":20448,"code":19659560700288,"name":"dwd_tmu_etl_device_realtime_min_etl_dwd_tmu_more_dev_realtime_minf_all","version":3,"description":"","projectCode":18586963727872,"userId":2,"taskType":"SQL","taskParams":{"localParams":[],"resourceList":[],"type":"POSTGRESQL","datasource":4,"sql":"-- ****************************************************************************************\r\n-- Subject     Areas: Terminal User\r\n-- Function Describe: Terminal User Monitoring For Meter\r\n-- Create         By: dongmaochen\r\n-- Create       Date: 2025-11-13\r\n-- Modify Date                Modify By                    Modify Content\r\n-- None                       None                         None\r\n-- Source Table:  coss_ods.ods_iot_tmu_more_dev_realtime_minf\r\n-- Target Table:  coss_dwd.dwd_tmu_more_dev_realtime_minf\r\n-- ****************************************************************************************\r\ninsert into coss_dwd.dwd_tmu_more_dev_realtime_minf (\r\n    device_code,\r\n    sensor_id,\r\n    sensor_value,\r\n    sensor_time,\r\n    dwd_update_time,\r\n    dwd_load_time\r\n)\r\nselect\r\n    device_code as device_code,\r\n    sensor_id as sensor_id,\r\n    value as sensor_value,\r\n    to_timestamp(\"time\" / 1000) as sensor_time,\r\n    localtimestamp as dwd_update_time,\r\n    localtimestamp as dwd_load_time\r\nfrom coss_ods.ods_iot_tmu_more_dev_realtime_minf\r\non duplicate key update\r\n    sensor_id = values(sensor_id),\r\n    sensor_value = values(sensor_value),\r\n    sensor_time = values(sensor_time),\r\n    dwd_update_time = values(dwd_update_time);","sqlType":"1","preStatements":[],"postStatements":[],"segmentSeparator":";","displayRows":10},"taskParamList":[],"taskParamMap":null,"flag":"YES","taskPriority":"MEDIUM","userName":null,"projectName":null,"workerGroup":"default","environmentCode":17270889904672,"failRetryTimes":0,"failRetryInterval":1,"timeoutFlag":"CLOSE","timeoutNotifyStrategy":null,"timeout":0,"delayTime":0,"resourceIds":"","createTime":"2025-11-13 15:59:40","updateTime":"2025-11-24 13:59:32","modifyBy":null,"taskGroupId":0,"taskGroupPriority":0,"cpuQuota":-1,"memoryMax":-1,"taskExecuteType":"BATCH","operator":2,"operateTime":"2025-11-24 13:59:32"}],"schedule":null}]