[{"processDefinition":{"id":20105,"code":19659578694528,"name":"dm_tmu_etl_device_realtime_min","version":6,"releaseState":"ONLINE","projectCode":18586963727872,"description":"Clean and load device realtime data in the dm layer","globalParams":"[]","globalParamList":[],"globalParamMap":{},"createTime":"2025-11-13 16:00:58","updateTime":"2025-11-24 14:00:16","flag":"YES","userId":2,"userName":null,"projectName":null,"locations":"[{\"taskCode\":19659569586304,\"x\":280,\"y\":212}]","scheduleReleaseState":null,"timeout":0,"tenantId":-1,"tenantCode":null,"modifyBy":null,"warningGroupId":0,"executionType":"PARALLEL"},"processTaskRelationList":[{"id":20942,"name":"","processDefinitionVersion":6,"projectCode":18586963727872,"processDefinitionCode":19659578694528,"preTaskCode":0,"preTaskVersion":0,"postTaskCode":19659569586304,"postTaskVersion":5,"conditionType":"NONE","conditionParams":{},"createTime":"2025-11-24 14:00:16","updateTime":"2025-11-24 14:00:16","operator":2,"operateTime":"2025-11-24 14:00:16"}],"taskDefinitionList":[{"id":20449,"code":19659569586304,"name":"dm_tmu_etl_device_realtime_min_etl_dm_tmu_more_dev_realtime_minf_all","version":5,"description":"","projectCode":18586963727872,"userId":2,"taskType":"SQL","taskParams":{"localParams":[],"resourceList":[],"type":"POSTGRESQL","datasource":4,"sql":"-- ****************************************************************************************\r\n-- Subject     Areas: Terminal User\r\n-- Function Describe: Terminal User Monitoring For Meter\r\n-- Create         By: dongmaochen\r\n-- Create       Date: 2025-11-13\r\n-- Modify Date                Modify By                    Modify Content\r\n-- None                       None                         None\r\n-- Source Table:  coss_dim.dim_tmu_iot_device_info, coss_dwd.dwd_tmu_more_dev_realtime_minf\r\n-- Target Table:  coss_dm.dm_tmu_more_dev_realtime_minf\r\n-- ****************************************************************************************\r\ninsert into coss_dm.dm_tmu_more_dev_realtime_minf (\r\n    device_code,\r\n    device_name,\r\n    meter_type_code,\r\n    meter_type_desc,\r\n    premise_id,\r\n    serial_no,\r\n    rcv_date,\r\n    region_abbr,\r\n    sensor_id,\r\n    sensor_name,\r\n    sensor_unit,\r\n    sensor_value,\r\n    sensor_time,\r\n    dm_update_time,\r\n    dm_load_time\r\n)\r\nselect\r\n    t1.device_code,\r\n    t1.device_name,\r\n    t1.meter_type_code,\r\n    t1.meter_type_desc,\r\n    t1.premise_id,\r\n    t1.serial_no,\r\n    t1.rcv_date,\r\n    t1.region_abbr,\r\n    t1.sensor_id,\r\n    t1.sensor_name,\r\n    t1.sensor_unit,\r\n    t.sensor_value,\r\n    t.sensor_time,\r\n    localtimestamp as dm_update_time,\r\n    localtimestamp as dm_load_time\r\nfrom coss_dwd.dwd_tmu_more_dev_realtime_minf t\r\ninner join coss_dim.dim_tmu_iot_device_info t1 \r\n    on t.device_code = t1.device_code \r\n    and t.sensor_id = t1.sensor_id\r\non duplicate key update\r\n    sensor_id = values(sensor_id),\r\n    sensor_name = values(sensor_name),\r\n    sensor_unit = values(sensor_unit),\r\n    sensor_value = values(sensor_value),\r\n    sensor_time = values(sensor_time),\r\n    dm_update_time = values(dm_update_time);","sqlType":"1","preStatements":[],"postStatements":[],"segmentSeparator":";","displayRows":10},"taskParamList":[],"taskParamMap":null,"flag":"YES","taskPriority":"MEDIUM","userName":null,"projectName":null,"workerGroup":"default","environmentCode":17270889904672,"failRetryTimes":0,"failRetryInterval":1,"timeoutFlag":"CLOSE","timeoutNotifyStrategy":null,"timeout":0,"delayTime":0,"resourceIds":"","createTime":"2025-11-13 16:00:58","updateTime":"2025-11-24 14:00:16","modifyBy":null,"taskGroupId":0,"taskGroupPriority":0,"cpuQuota":-1,"memoryMax":-1,"taskExecuteType":"BATCH","operator":2,"operateTime":"2025-11-24 14:00:16"}],"schedule":null}]