[{"processDefinition":{"id":858,"code":19436240012832,"name":"dwd_rws_etl_raw_water_supply_day","version":9,"releaseState":"ONLINE","projectCode":18420269861664,"description":"Clean and load raw water supply records and related asset data in the dwd layer","globalParams":"[{\"prop\":\"dt1\",\"value\":\"$[yyyyMMdd-1]\",\"direct\":\"IN\",\"type\":\"VARCHAR\"}]","globalParamList":[{"prop":"dt1","direct":"IN","type":"VARCHAR","value":"$[yyyyMMdd-1]"}],"globalParamMap":{"dt1":"$[yyyyMMdd-1]"},"createTime":"2025-10-24 11:20:25","updateTime":"2025-11-06 22:17:33","flag":"YES","userId":2,"userName":null,"projectName":null,"locations":"[{\"taskCode\":19436259702432,\"x\":680,\"y\":326},{\"taskCode\":19436255197856,\"x\":277,\"y\":374},{\"taskCode\":19436253089440,\"x\":277,\"y\":250},{\"taskCode\":19436257592992,\"x\":680,\"y\":202},{\"taskCode\":19584982690208,\"x\":1009,\"y\":295},{\"taskCode\":19436233187104,\"x\":277,\"y\":144}]","scheduleReleaseState":null,"timeout":0,"tenantId":-1,"tenantCode":null,"modifyBy":null,"warningGroupId":0,"executionType":"PARALLEL"},"processTaskRelationList":[{"id":7738,"name":"","processDefinitionVersion":9,"projectCode":18420269861664,"processDefinitionCode":19436240012832,"preTaskCode":0,"preTaskVersion":0,"postTaskCode":19436233187104,"postTaskVersion":3,"conditionType":"NONE","conditionParams":{},"createTime":"2025-11-06 22:17:33","updateTime":"2025-11-06 22:17:33","operator":2,"operateTime":"2025-11-06 22:17:33"},{"id":7740,"name":"","processDefinitionVersion":9,"projectCode":18420269861664,"processDefinitionCode":19436240012832,"preTaskCode":19436233187104,"preTaskVersion":3,"postTaskCode":19584982690208,"postTaskVersion":1,"conditionType":"NONE","conditionParams":{},"createTime":"2025-11-06 22:17:33","updateTime":"2025-11-06 22:17:33","operator":2,"operateTime":"2025-11-06 22:17:33"},{"id":7742,"name":"","processDefinitionVersion":9,"projectCode":18420269861664,"processDefinitionCode":19436240012832,"preTaskCode":19436253089440,"preTaskVersion":2,"postTaskCode":19584982690208,"postTaskVersion":1,"conditionType":"NONE","conditionParams":{},"createTime":"2025-11-06 22:17:33","updateTime":"2025-11-06 22:17:33","operator":2,"operateTime":"2025-11-06 22:17:33"},{"id":7743,"name":"","processDefinitionVersion":9,"projectCode":18420269861664,"processDefinitionCode":19436240012832,"preTaskCode":19436255197856,"preTaskVersion":2,"postTaskCode":19584982690208,"postTaskVersion":1,"conditionType":"NONE","conditionParams":{},"createTime":"2025-11-06 22:17:33","updateTime":"2025-11-06 22:17:33","operator":2,"operateTime":"2025-11-06 22:17:33"},{"id":7734,"name":"","processDefinitionVersion":9,"projectCode":18420269861664,"processDefinitionCode":19436240012832,"preTaskCode":0,"preTaskVersion":0,"postTaskCode":19436259702432,"postTaskVersion":2,"conditionType":"NONE","conditionParams":{},"createTime":"2025-11-06 22:17:33","updateTime":"2025-11-06 22:17:33","operator":2,"operateTime":"2025-11-06 22:17:33"},{"id":7737,"name":"","processDefinitionVersion":9,"projectCode":18420269861664,"processDefinitionCode":19436240012832,"preTaskCode":0,"preTaskVersion":0,"postTaskCode":19436257592992,"postTaskVersion":3,"conditionType":"NONE","conditionParams":{},"createTime":"2025-11-06 22:17:33","updateTime":"2025-11-06 22:17:33","operator":2,"operateTime":"2025-11-06 22:17:33"},{"id":7735,"name":"","processDefinitionVersion":9,"projectCode":18420269861664,"processDefinitionCode":19436240012832,"preTaskCode":0,"preTaskVersion":0,"postTaskCode":19436255197856,"postTaskVersion":2,"conditionType":"NONE","conditionParams":{},"createTime":"2025-11-06 22:17:33","updateTime":"2025-11-06 22:17:33","operator":2,"operateTime":"2025-11-06 22:17:33"},{"id":7736,"name":"","processDefinitionVersion":9,"projectCode":18420269861664,"processDefinitionCode":19436240012832,"preTaskCode":0,"preTaskVersion":0,"postTaskCode":19436253089440,"postTaskVersion":2,"conditionType":"NONE","conditionParams":{},"createTime":"2025-11-06 22:17:33","updateTime":"2025-11-06 22:17:33","operator":2,"operateTime":"2025-11-06 22:17:33"},{"id":7739,"name":"","processDefinitionVersion":9,"projectCode":18420269861664,"processDefinitionCode":19436240012832,"preTaskCode":19436259702432,"preTaskVersion":2,"postTaskCode":19584982690208,"postTaskVersion":1,"conditionType":"NONE","conditionParams":{},"createTime":"2025-11-06 22:17:33","updateTime":"2025-11-06 22:17:33","operator":2,"operateTime":"2025-11-06 22:17:33"},{"id":7741,"name":"","processDefinitionVersion":9,"projectCode":18420269861664,"processDefinitionCode":19436240012832,"preTaskCode":19436257592992,"preTaskVersion":3,"postTaskCode":19584982690208,"postTaskVersion":1,"conditionType":"NONE","conditionParams":{},"createTime":"2025-11-06 22:17:33","updateTime":"2025-11-06 22:17:33","operator":2,"operateTime":"2025-11-06 22:17:33"}],"taskDefinitionList":[{"id":3014,"code":19436259702432,"name":"dwd_rws_etl_raw_water_supply_day_sql_dwd_srs_sr_storage_detail_di_year_add","version":2,"description":"","projectCode":18420269861664,"userId":2,"taskType":"SQL","taskParams":{"localParams":[],"resourceList":[],"type":"POSTGRESQL","datasource":4,"sql":"-- ****************************************************************************************\r\n-- subject     areas: Service Reservoir Supply\r\n-- function describe: Daily SR Storage Details\r\n-- create         by: dongmaochen\r\n-- create       date: 2025-04-14\r\n-- modify date                modify by                    modify content\r\n-- None                       None                         None\r\n-- source table\r\n-- coss_ods.ods_sttss_rws_sr_storage_di_year\r\n-- target table\r\n-- coss_dwd.dwd_srs_sr_storage_detail_di_year\r\n-- ****************************************************************************************\r\ninsert into coss_dwd.dwd_srs_sr_storage_detail_di_year\r\nselect\r\n  sr_id                         as sr_id            -- Service Reservoir being referenced\r\n  ,a_wlevel                     as a_wl             -- A Compartment Water Level\r\n  ,b_wlevel                     as b_wl             -- B Compartment Water Level\r\n  ,a_storage                    as a_storage        -- Volume of water in A compartment of an SR.  Unit is in cu m\r\n  ,b_storage                    as b_storage        -- Volume of water in B compartment of an SR.  Unit is in cu m\r\n  ,tot_storage                  as b_storage        -- Total volume of water in A+ B+..+R.  Unit is in cu m\r\n  ,remarks                      as remarks          -- Remarks\r\n  ,rec_dt                       as rec_dt           -- Date of record\r\n  ,localtimestamp               as dim_update_time  -- Data Warehouse update Time\r\n  ,localtimestamp               as dim_load_time    -- Data Warehouse load Time\r\n  ,to_char(rec_dt, 'yyyymmdd')  as dt               -- Daily Partitions\r\nfrom coss_ods.ods_sttss_rws_sr_storage_di_year t\r\nwhere t.rec_dt >= to_date(${dt1},'yyyy-mm-dd')-30\r\n  and t.rec_dt < to_date(${dt1},'yyyy-mm-dd')+1","sqlType":"1","preStatements":["delete from coss_dwd.dwd_srs_sr_storage_detail_di_year\nwhere rec_dt >= to_date(${dt1},'yyyy-mm-dd')-30\n  and rec_dt < to_date(${dt1},'yyyy-mm-dd')+1"],"postStatements":[],"segmentSeparator":";","displayRows":10},"taskParamList":[],"taskParamMap":null,"flag":"YES","taskPriority":"MEDIUM","userName":null,"projectName":null,"workerGroup":"default","environmentCode":18266283102112,"failRetryTimes":0,"failRetryInterval":1,"timeoutFlag":"CLOSE","timeoutNotifyStrategy":null,"timeout":0,"delayTime":0,"resourceIds":"","createTime":"2025-10-24 11:24:21","updateTime":"2025-11-03 19:14:07","modifyBy":null,"taskGroupId":0,"taskGroupPriority":0,"cpuQuota":-1,"memoryMax":-1,"taskExecuteType":"BATCH","operator":2,"operateTime":"2025-11-03 19:14:07"},{"id":3015,"code":19436255197856,"name":"dwd_rws_etl_raw_water_supply_day_sql_dwd_rws_pqty_detail_di_year_add","version":2,"description":"","projectCode":18420269861664,"userId":2,"taskType":"SQL","taskParams":{"localParams":[],"resourceList":[],"type":"POSTGRESQL","datasource":4,"sql":"-- ****************************************************************************************\r\n-- subject     areas: Raw Water Supply\r\n-- function describe: Proposed Quantity Details\r\n-- create         by: dongmaochen\r\n-- create       date: 2025-04-14\r\n-- modify date                modify by                    modify content\r\n-- None                       None                         None\r\n-- source table\r\n-- coss_ods.ods_sttss_rws_pqty_detail_di_year\r\n-- coss_ods.ods_sttss_rws_pqty_df\r\n-- target table\r\n-- coss_dwd.dwd_rws_pqty_detail_di_year\r\n-- ****************************************************************************************\r\ninsert into coss_dwd.dwd_rws_pqty_detail_di_year\r\nselect\r\n  t1.prop_qty_id                   -- Proposed Quantity ID\r\n  ,t.ref_entity                    -- Referenced Entity\r\n  ,t.ref_id                        -- Installations being referenced\r\n  ,t.item_no                       -- Item No.  To be used for Key Delivery\r\n  ,t.p_qty                         -- Proposed Quantity.  Unit is Mld\r\n  ,t1.start_dt                     -- Effective Start Date\r\n  ,t1.end_dt                       -- Effective End Date\r\n  ,localtimestamp                  -- Data Warehouse update Time\r\n  ,localtimestamp                  -- Data Warehouse load Time\r\n  ,to_char(t1.start_dt, 'yyyymm')  -- Monthly Partitions\r\nfrom coss_ods.ods_sttss_rws_pqty_detail_di_year t\r\n  inner join coss_ods.ods_sttss_rws_pqty_df t1 on t.prop_qty_id = t1.prop_qty_id\r\nwhere t1.start_dt is not null\r\n  and t1.start_dt >= to_date(${dt1},'yyyy-mm-dd')-200\r\n  and t1.start_dt < to_date(${dt1},'yyyy-mm-dd')+1","sqlType":"1","preStatements":["delete from coss_dwd.dwd_rws_pqty_detail_di_year\nwhere start_dt >= to_date(${dt1},'yyyy-mm-dd')-200\n  and start_dt < to_date(${dt1},'yyyy-mm-dd')+1"],"postStatements":[],"segmentSeparator":";","displayRows":10},"taskParamList":[],"taskParamMap":null,"flag":"YES","taskPriority":"MEDIUM","userName":null,"projectName":null,"workerGroup":"default","environmentCode":18266283102112,"failRetryTimes":0,"failRetryInterval":1,"timeoutFlag":"CLOSE","timeoutNotifyStrategy":null,"timeout":0,"delayTime":0,"resourceIds":"","createTime":"2025-10-24 11:24:21","updateTime":"2025-11-03 19:14:07","modifyBy":null,"taskGroupId":0,"taskGroupPriority":0,"cpuQuota":-1,"memoryMax":-1,"taskExecuteType":"BATCH","operator":2,"operateTime":"2025-11-03 19:14:07"},{"id":3006,"code":19436253089440,"name":"dwd_rws_etl_raw_water_supply_day_sql_dwd_rws_ir_storage_detail_di_year_add","version":2,"description":"","projectCode":18420269861664,"userId":2,"taskType":"SQL","taskParams":{"localParams":[],"resourceList":[],"type":"POSTGRESQL","datasource":4,"sql":"-- ****************************************************************************************\r\n-- subject     areas: Raw Water Supply\r\n-- function describe: Impounding Reservoir Storage Details\r\n-- create         by: dongmaochen\r\n-- create       date: 2025-04-14\r\n-- modify date                modify by                    modify content\r\n-- None                       None                         None\r\n-- source table\r\n-- coss_ods.ods_sttss_rws_ir_storage_di_year\r\n-- coss_ods.ods_sttss_rws_ir_df\r\n-- target table\r\n-- coss_dwd.dwd_rws_ir_storage_detail_di_year\r\n-- ****************************************************************************************\r\ninsert into coss_dwd.dwd_rws_ir_storage_detail_di_year\r\nselect\r\n  t1.ig_id                      as ig_id            -- Impounding Reservoir Group being referenced\r\n  ,t.ir_id                      as ir_id            -- Impounding Reservoir being referenced\r\n  ,t.wl_ft                      as wl_ft            -- Water Level reading in feet\r\n  ,t.wl_in                      as wl_in            -- Water Level reading in inch\r\n  ,t.wl_m                       as wl_m             -- Water Level reading in meter\r\n  ,t.wl_mpd                     as wl_mpd           -- Waler Level in mPD\r\n  ,t.storage                    as present_storage  -- Storage of water in IR At Present.  Unit is in mcm\r\n  ,t.remarks                    as remarks          -- Remarks\r\n  ,t.rec_dt                     as rec_dt           -- Date of record\r\n  ,localtimestamp               as dim_update_time  -- Data Warehouse update Time\r\n  ,localtimestamp               as dim_load_time    -- Data Warehouse load Time\r\n  ,to_char(rec_dt, 'yyyymmdd')  as dt               -- Daily Partitions\r\nfrom coss_ods.ods_sttss_rws_ir_storage_di_year t\r\n  left join coss_ods.ods_sttss_rws_ir_df t1 on t.ir_id = t1.ir_id\r\nwhere\r\n  t.last_upd_user != 'system'\r\n  and t.rec_dt >= to_date(${dt1},'yyyy-mm-dd')-30\r\n  and t.rec_dt < to_date(${dt1},'yyyy-mm-dd')+1","sqlType":"1","preStatements":["delete from coss_dwd.dwd_rws_ir_storage_detail_di_year \nwhere rec_dt >= to_date(${dt1},'yyyy-mm-dd')-30\n  and rec_dt < to_date(${dt1},'yyyy-mm-dd')+1"],"postStatements":[],"segmentSeparator":";","displayRows":10},"taskParamList":[],"taskParamMap":null,"flag":"YES","taskPriority":"MEDIUM","userName":null,"projectName":null,"workerGroup":"default","environmentCode":18266283102112,"failRetryTimes":0,"failRetryInterval":1,"timeoutFlag":"CLOSE","timeoutNotifyStrategy":null,"timeout":0,"delayTime":0,"resourceIds":"","createTime":"2025-10-24 11:24:21","updateTime":"2025-11-03 16:31:51","modifyBy":null,"taskGroupId":0,"taskGroupPriority":0,"cpuQuota":-1,"memoryMax":-1,"taskExecuteType":"BATCH","operator":2,"operateTime":"2025-11-03 16:31:51"},{"id":3007,"code":19436233187104,"name":"dwd_rws_etl_raw_water_supply_day_sql_dwd_rws_channel_flow_detail_di_year_add","version":3,"description":"","projectCode":18420269861664,"userId":2,"taskType":"SQL","taskParams":{"localParams":[],"resourceList":[],"type":"POSTGRESQL","datasource":4,"sql":"-- ****************************************************************************************\r\n-- subject     areas: Raw Water Supply\r\n-- function describe: Water Transfer Channels Daily Flow Detail\r\n-- create         by: dongmaochen\r\n-- create       date: 2025-04-14\r\n-- modify date                modify by                    modify content\r\n-- None                       None                         None\r\n-- source table\r\n-- coss_ods.ods_sttss_rws_channel_flow_di_year\r\n-- coss_ods.ods_sttss_rws_channel_df\r\n-- coss_ods.ods_sttss_rws_measurement_df\r\n-- target table\r\n-- coss_dwd.dwd_rws_channel_flow_detail_di_year\r\ninsert into coss_dwd.dwd_rws_channel_flow_detail_di_year\r\nselect\r\n  t.option_no                     as option_no       -- Option No. of Water Transfer Channel being referenced\r\n  ,t.ch_id                        as ch_id           -- Water Transfer Channels being referenced\r\n  ,t1.src_id                      as src_id          -- Source of Water Inflow\r\n  ,t1.dest_id                     as dest_id         -- Destination of Water outflow\r\n  ,t.qty_del                      as qty_del         -- Quantity delivered of Water transfer channel. Unit is in Mld\r\n  ,t.scada_qty_del                as scada_qty_del   -- Quantity delivered of Water transfer channel. Unit is in Mld (SCADA)\r\n  ,t.m_code                       as meas_code       -- Defines how the channel water flow is measured\r\n  ,t2.descrip                     as meas_desc       -- Description of Measurement\r\n  ,t2.cdescrip                    as meas_cdesc      -- Chinese Description of Measurement Type\r\n  ,t.remarks                      as remarks         -- Remarks\r\n  ,t.wl_m                         as wl_m            -- Water Level reading in meter\r\n  ,t.wl_mpd                       as wl_mpd          -- Waler Level in mPD\r\n  ,t.rec_dt                       as rec_dt          -- Date of Record\r\n  ,localtimestamp                 as dim_update_time -- Data Warehouse update Time\r\n  ,localtimestamp                 as dim_load_time   -- Data Warehouse load Time\r\n  ,to_char(t.rec_dt, 'yyyymmdd')  as dt              -- Daily Partitions\r\nfrom coss_ods.ods_sttss_rws_channel_flow_di_year t\r\n  inner join coss_ods.ods_sttss_rws_channel_df t1 on t.option_no = t1.option_no and t.ch_id = t1.ch_id\r\n  left join coss_ods.ods_sttss_rws_measurement_df t2 on t.m_code = t2.code\r\nwhere t.rec_dt >= to_date(${dt1},'yyyy-mm-dd')-30\r\nand t.rec_dt < to_date(${dt1},'yyyy-mm-dd')+1","sqlType":"1","preStatements":["delete from coss_dwd.dwd_rws_channel_flow_detail_di_year\nwhere rec_dt >= to_date(${dt1},'yyyy-mm-dd')-30\nand rec_dt < to_date(${dt1},'yyyy-mm-dd')+1"],"postStatements":[],"segmentSeparator":";","displayRows":10},"taskParamList":[],"taskParamMap":null,"flag":"YES","taskPriority":"MEDIUM","userName":null,"projectName":null,"workerGroup":"default","environmentCode":18266283102112,"failRetryTimes":0,"failRetryInterval":1,"timeoutFlag":"CLOSE","timeoutNotifyStrategy":null,"timeout":0,"delayTime":0,"resourceIds":"","createTime":"2025-10-24 11:20:25","updateTime":"2025-11-03 16:31:51","modifyBy":null,"taskGroupId":0,"taskGroupPriority":0,"cpuQuota":-1,"memoryMax":-1,"taskExecuteType":"BATCH","operator":2,"operateTime":"2025-11-03 16:31:51"},{"id":3302,"code":19584982690208,"name":"dwd_to_dim","version":1,"description":"","projectCode":18420269861664,"userId":2,"taskType":"SUB_PROCESS","taskParams":{"localParams":[],"resourceList":[],"processDefinitionCode":19550486101024},"taskParamList":[],"taskParamMap":null,"flag":"YES","taskPriority":"MEDIUM","userName":null,"projectName":null,"workerGroup":"default","environmentCode":18266283102112,"failRetryTimes":0,"failRetryInterval":1,"timeoutFlag":"CLOSE","timeoutNotifyStrategy":null,"timeout":0,"delayTime":0,"resourceIds":"","createTime":"2025-11-06 22:08:21","updateTime":"2025-11-06 22:08:21","modifyBy":null,"taskGroupId":0,"taskGroupPriority":0,"cpuQuota":-1,"memoryMax":-1,"taskExecuteType":"BATCH","operator":2,"operateTime":"2025-11-06 22:08:21"},{"id":3303,"code":19436257592992,"name":"dwd_rws_etl_raw_water_supply_day_sql_dwd_rws_sw_supply_detail_di_year_add","version":3,"description":"","projectCode":18420269861664,"userId":2,"taskType":"SQL","taskParams":{"localParams":[],"resourceList":[],"type":"POSTGRESQL","datasource":4,"sql":"-- ****************************************************************************************\r\n-- subject     areas: Raw Water Supply\r\n-- function describe: Salt Water Pumping Station Supply Volume\r\n-- create         by: dongmaochen\r\n-- create       date: 2025-04-14\r\n-- modify date                modify by                    modify content\r\n-- None                       None                         None\r\n-- source table\r\n-- coss_ods.ods_sttss_rws_sps_flow_di_year\r\n-- coss_ods.ods_sttss_rws_sp_supply_df\r\n-- coss_ods.ods_sttss_rws_sp_df\r\n-- target table \r\n-- coss_dwd.dwd_rws_sw_supply_detail_di_year\r\n-- ****************************************************************************************\r\ninsert into coss_dwd.dwd_rws_sw_supply_detail_di_year\r\nselect\r\n   t2.sp_id                      as sw_pump_sys_id         -- Salt Water Pumping System ID with format SPNNNNNNNN\r\n   ,t2.sp_name                   as sw_pump_sys_name       -- Name of Salt Water Pumping System\r\n   ,t2.rlabel                    as sw_pump_sys_rpt_label  -- Labels used in reports\r\n   ,t.ps_id                      as ps_id                  -- Pumping Station being referenced\r\n   ,t.qty                        as qty                    -- Quantity delivered by Salt water pumping station.  Unit is in Mld\r\n   ,t.scada_qty                  as scada_qty              -- Quantity delivered by Salt water pumping station.  Unit is in Mld (SCADA)\r\n   ,remarks                      as remarks                -- Remarks\r\n   ,rec_dt                       as rec_dt                 -- Date of record\r\n   ,localtimestamp               as dim_update_time        -- Data Warehouse update Time\r\n   ,localtimestamp               as dim_load_time          -- Data Warehouse load Time\r\n   ,to_char(rec_dt,'yyyymmdd')   as dt                     -- Daily Partitions\r\nfrom coss_ods.ods_sttss_rws_sps_flow_di_year t\r\n  left join coss_ods.ods_sttss_rws_sp_supply_df t1 on t.ps_id  = t1.sz_id\r\n  left join coss_ods.ods_sttss_rws_sp_df t2 on t1.sp_id  = t2.sp_id\r\nwhere t.rec_dt >= to_date(${dt1},'yyyy-mm-dd')-30\r\n  and t.rec_dt < to_date(${dt1},'yyyy-mm-dd')+1","sqlType":"1","preStatements":["delete from coss_dwd.dwd_rws_sw_supply_detail_di_year \nwhere rec_dt >= to_date(${dt1},'yyyy-mm-dd')-30\n  and rec_dt < to_date(${dt1},'yyyy-mm-dd')+1"],"postStatements":[],"segmentSeparator":";","displayRows":10},"taskParamList":[],"taskParamMap":null,"flag":"YES","taskPriority":"MEDIUM","userName":null,"projectName":null,"workerGroup":"default","environmentCode":18266283102112,"failRetryTimes":0,"failRetryInterval":1,"timeoutFlag":"CLOSE","timeoutNotifyStrategy":null,"timeout":0,"delayTime":0,"resourceIds":"","createTime":"2025-10-24 11:24:21","updateTime":"2025-11-06 22:17:33","modifyBy":null,"taskGroupId":0,"taskGroupPriority":0,"cpuQuota":-1,"memoryMax":-1,"taskExecuteType":"BATCH","operator":2,"operateTime":"2025-11-06 22:17:33"}],"schedule":null}]