[{"processDefinition":{"id":784,"code":19358647168672,"name":"ods_sttss_extract_raw_water_supply_day","version":22,"releaseState":"ONLINE","projectCode":18420269861664,"description":"Extract raw water supply records and related asset data","globalParams":"[{\"prop\":\"dt1\",\"value\":\"$[yyyyMMdd-1]\",\"direct\":\"IN\",\"type\":\"VARCHAR\"}]","globalParamList":[{"prop":"dt1","direct":"IN","type":"VARCHAR","value":"$[yyyyMMdd-1]"}],"globalParamMap":{"dt1":"$[yyyyMMdd-1]"},"createTime":"2025-10-17 10:57:11","updateTime":"2025-11-11 14:59:11","flag":"YES","userId":2,"userName":null,"projectName":null,"locations":"[{\"taskCode\":19359088085024,\"x\":1340,\"y\":110},{\"taskCode\":19359081039904,\"x\":390,\"y\":376},{\"taskCode\":19359080594848,\"x\":390,\"y\":276},{\"taskCode\":19358897888800,\"x\":100,\"y\":376},{\"taskCode\":19358632570272,\"x\":100,\"y\":90},{\"taskCode\":19359085043872,\"x\":710,\"y\":110},{\"taskCode\":19359084501152,\"x\":710,\"y\":186},{\"taskCode\":19358895885344,\"x\":100,\"y\":186},{\"taskCode\":19359083418784,\"x\":710,\"y\":276},{\"taskCode\":19359082357792,\"x\":710,\"y\":480},{\"taskCode\":19359078505888,\"x\":390,\"y\":186},{\"taskCode\":19358898492960,\"x\":100,\"y\":466},{\"taskCode\":19359087531040,\"x\":1028,\"y\":494},{\"taskCode\":19359082909728,\"x\":710,\"y\":376},{\"taskCode\":19359091957920,\"x\":1330,\"y\":200},{\"taskCode\":19358664908576,\"x\":390,\"y\":90},{\"taskCode\":19359096213408,\"x\":1028,\"y\":110},{\"taskCode\":19359081439520,\"x\":390,\"y\":466},{\"taskCode\":19359086119968,\"x\":1028,\"y\":186},{\"taskCode\":19358896604064,\"x\":100,\"y\":276},{\"taskCode\":19359086960672,\"x\":1028,\"y\":376},{\"taskCode\":19359095588000,\"x\":1028,\"y\":276},{\"taskCode\":19584972130720,\"x\":1528,\"y\":385}]","scheduleReleaseState":null,"timeout":0,"tenantId":1,"tenantCode":null,"modifyBy":null,"warningGroupId":0,"executionType":"PARALLEL"},"processTaskRelationList":[{"id":23700,"name":"","processDefinitionVersion":22,"projectCode":18420269861664,"processDefinitionCode":19358647168672,"preTaskCode":0,"preTaskVersion":0,"postTaskCode":19359080594848,"postTaskVersion":9,"conditionType":"NONE","conditionParams":{},"createTime":"2025-11-11 14:59:11","updateTime":"2025-11-11 14:59:11","operator":2,"operateTime":"2025-11-11 14:59:11"},{"id":23701,"name":"","processDefinitionVersion":22,"projectCode":18420269861664,"processDefinitionCode":19358647168672,"preTaskCode":0,"preTaskVersion":0,"postTaskCode":19358897888800,"postTaskVersion":4,"conditionType":"NONE","conditionParams":{},"createTime":"2025-11-11 14:59:11","updateTime":"2025-11-11 14:59:11","operator":2,"operateTime":"2025-11-11 14:59:11"},{"id":23703,"name":"","processDefinitionVersion":22,"projectCode":18420269861664,"processDefinitionCode":19358647168672,"preTaskCode":0,"preTaskVersion":0,"postTaskCode":19359085043872,"postTaskVersion":5,"conditionType":"NONE","conditionParams":{},"createTime":"2025-11-11 14:59:11","updateTime":"2025-11-11 14:59:11","operator":2,"operateTime":"2025-11-11 14:59:11"},{"id":23706,"name":"","processDefinitionVersion":22,"projectCode":18420269861664,"processDefinitionCode":19358647168672,"preTaskCode":0,"preTaskVersion":0,"postTaskCode":19359083418784,"postTaskVersion":5,"conditionType":"NONE","conditionParams":{},"createTime":"2025-11-11 14:59:11","updateTime":"2025-11-11 14:59:11","operator":2,"operateTime":"2025-11-11 14:59:11"},{"id":23711,"name":"","processDefinitionVersion":22,"projectCode":18420269861664,"processDefinitionCode":19358647168672,"preTaskCode":0,"preTaskVersion":0,"postTaskCode":19359082909728,"postTaskVersion":5,"conditionType":"NONE","conditionParams":{},"createTime":"2025-11-11 14:59:11","updateTime":"2025-11-11 14:59:11","operator":2,"operateTime":"2025-11-11 14:59:11"},{"id":23716,"name":"","processDefinitionVersion":22,"projectCode":18420269861664,"processDefinitionCode":19358647168672,"preTaskCode":0,"preTaskVersion":0,"postTaskCode":19359086119968,"postTaskVersion":6,"conditionType":"NONE","conditionParams":{},"createTime":"2025-11-11 14:59:11","updateTime":"2025-11-11 14:59:11","operator":2,"operateTime":"2025-11-11 14:59:11"},{"id":23720,"name":"","processDefinitionVersion":22,"projectCode":18420269861664,"processDefinitionCode":19358647168672,"preTaskCode":19359083418784,"preTaskVersion":5,"postTaskCode":19584972130720,"postTaskVersion":1,"conditionType":"NONE","conditionParams":{},"createTime":"2025-11-11 14:59:11","updateTime":"2025-11-11 14:59:11","operator":2,"operateTime":"2025-11-11 14:59:11"},{"id":23722,"name":"","processDefinitionVersion":22,"projectCode":18420269861664,"processDefinitionCode":19358647168672,"preTaskCode":19359078505888,"preTaskVersion":4,"postTaskCode":19584972130720,"postTaskVersion":1,"conditionType":"NONE","conditionParams":{},"createTime":"2025-11-11 14:59:11","updateTime":"2025-11-11 14:59:11","operator":2,"operateTime":"2025-11-11 14:59:11"},{"id":23726,"name":"","processDefinitionVersion":22,"projectCode":18420269861664,"processDefinitionCode":19358647168672,"preTaskCode":19359095588000,"preTaskVersion":8,"postTaskCode":19584972130720,"postTaskVersion":1,"conditionType":"NONE","conditionParams":{},"createTime":"2025-11-11 14:59:11","updateTime":"2025-11-11 14:59:11","operator":2,"operateTime":"2025-11-11 14:59:11"},{"id":23731,"name":"","processDefinitionVersion":22,"projectCode":18420269861664,"processDefinitionCode":19358647168672,"preTaskCode":19358898492960,"preTaskVersion":4,"postTaskCode":19584972130720,"postTaskVersion":1,"conditionType":"NONE","conditionParams":{},"createTime":"2025-11-11 14:59:11","updateTime":"2025-11-11 14:59:11","operator":2,"operateTime":"2025-11-11 14:59:11"},{"id":23732,"name":"","processDefinitionVersion":22,"projectCode":18420269861664,"processDefinitionCode":19358647168672,"preTaskCode":19359081039904,"preTaskVersion":5,"postTaskCode":19584972130720,"postTaskVersion":1,"conditionType":"NONE","conditionParams":{},"createTime":"2025-11-11 14:59:11","updateTime":"2025-11-11 14:59:11","operator":2,"operateTime":"2025-11-11 14:59:11"},{"id":23737,"name":"","processDefinitionVersion":22,"projectCode":18420269861664,"processDefinitionCode":19358647168672,"preTaskCode":19358895885344,"preTaskVersion":4,"postTaskCode":19584972130720,"postTaskVersion":1,"conditionType":"NONE","conditionParams":{},"createTime":"2025-11-11 14:59:11","updateTime":"2025-11-11 14:59:11","operator":2,"operateTime":"2025-11-11 14:59:11"},{"id":23740,"name":"","processDefinitionVersion":22,"projectCode":18420269861664,"processDefinitionCode":19358647168672,"preTaskCode":19359081439520,"preTaskVersion":5,"postTaskCode":19584972130720,"postTaskVersion":1,"conditionType":"NONE","conditionParams":{},"createTime":"2025-11-11 14:59:11","updateTime":"2025-11-11 14:59:11","operator":2,"operateTime":"2025-11-11 14:59:11"},{"id":23741,"name":"","processDefinitionVersion":22,"projectCode":18420269861664,"processDefinitionCode":19358647168672,"preTaskCode":19359091957920,"preTaskVersion":8,"postTaskCode":19584972130720,"postTaskVersion":1,"conditionType":"NONE","conditionParams":{},"createTime":"2025-11-11 14:59:11","updateTime":"2025-11-11 14:59:11","operator":2,"operateTime":"2025-11-11 14:59:11"},{"id":23702,"name":"","processDefinitionVersion":22,"projectCode":18420269861664,"processDefinitionCode":19358647168672,"preTaskCode":0,"preTaskVersion":0,"postTaskCode":19358632570272,"postTaskVersion":4,"conditionType":"NONE","conditionParams":{},"createTime":"2025-11-11 14:59:11","updateTime":"2025-11-11 14:59:11","operator":2,"operateTime":"2025-11-11 14:59:11"},{"id":23705,"name":"","processDefinitionVersion":22,"projectCode":18420269861664,"processDefinitionCode":19358647168672,"preTaskCode":0,"preTaskVersion":0,"postTaskCode":19358895885344,"postTaskVersion":4,"conditionType":"NONE","conditionParams":{},"createTime":"2025-11-11 14:59:11","updateTime":"2025-11-11 14:59:11","operator":2,"operateTime":"2025-11-11 14:59:11"},{"id":23707,"name":"","processDefinitionVersion":22,"projectCode":18420269861664,"processDefinitionCode":19358647168672,"preTaskCode":0,"preTaskVersion":0,"postTaskCode":19359082357792,"postTaskVersion":5,"conditionType":"NONE","conditionParams":{},"createTime":"2025-11-11 14:59:11","updateTime":"2025-11-11 14:59:11","operator":2,"operateTime":"2025-11-11 14:59:11"},{"id":23708,"name":"","processDefinitionVersion":22,"projectCode":18420269861664,"processDefinitionCode":19358647168672,"preTaskCode":0,"preTaskVersion":0,"postTaskCode":19359078505888,"postTaskVersion":4,"conditionType":"NONE","conditionParams":{},"createTime":"2025-11-11 14:59:11","updateTime":"2025-11-11 14:59:11","operator":2,"operateTime":"2025-11-11 14:59:11"},{"id":23717,"name":"","processDefinitionVersion":22,"projectCode":18420269861664,"processDefinitionCode":19358647168672,"preTaskCode":0,"preTaskVersion":0,"postTaskCode":19358896604064,"postTaskVersion":7,"conditionType":"NONE","conditionParams":{},"createTime":"2025-11-11 14:59:11","updateTime":"2025-11-11 14:59:11","operator":2,"operateTime":"2025-11-11 14:59:11"},{"id":23718,"name":"","processDefinitionVersion":22,"projectCode":18420269861664,"processDefinitionCode":19358647168672,"preTaskCode":0,"preTaskVersion":0,"postTaskCode":19359086960672,"postTaskVersion":5,"conditionType":"NONE","conditionParams":{},"createTime":"2025-11-11 14:59:11","updateTime":"2025-11-11 14:59:11","operator":2,"operateTime":"2025-11-11 14:59:11"},{"id":23728,"name":"","processDefinitionVersion":22,"projectCode":18420269861664,"processDefinitionCode":19358647168672,"preTaskCode":19359086960672,"preTaskVersion":5,"postTaskCode":19584972130720,"postTaskVersion":1,"conditionType":"NONE","conditionParams":{},"createTime":"2025-11-11 14:59:11","updateTime":"2025-11-11 14:59:11","operator":2,"operateTime":"2025-11-11 14:59:11"},{"id":23698,"name":"","processDefinitionVersion":22,"projectCode":18420269861664,"processDefinitionCode":19358647168672,"preTaskCode":0,"preTaskVersion":0,"postTaskCode":19359088085024,"postTaskVersion":5,"conditionType":"NONE","conditionParams":{},"createTime":"2025-11-11 14:59:11","updateTime":"2025-11-11 14:59:11","operator":2,"operateTime":"2025-11-11 14:59:11"},{"id":23699,"name":"","processDefinitionVersion":22,"projectCode":18420269861664,"processDefinitionCode":19358647168672,"preTaskCode":0,"preTaskVersion":0,"postTaskCode":19359081039904,"postTaskVersion":5,"conditionType":"NONE","conditionParams":{},"createTime":"2025-11-11 14:59:11","updateTime":"2025-11-11 14:59:11","operator":2,"operateTime":"2025-11-11 14:59:11"},{"id":23713,"name":"","processDefinitionVersion":22,"projectCode":18420269861664,"processDefinitionCode":19358647168672,"preTaskCode":0,"preTaskVersion":0,"postTaskCode":19358664908576,"postTaskVersion":7,"conditionType":"NONE","conditionParams":{},"createTime":"2025-11-11 14:59:11","updateTime":"2025-11-11 14:59:11","operator":2,"operateTime":"2025-11-11 14:59:11"},{"id":23715,"name":"","processDefinitionVersion":22,"projectCode":18420269861664,"processDefinitionCode":19358647168672,"preTaskCode":0,"preTaskVersion":0,"postTaskCode":19359081439520,"postTaskVersion":5,"conditionType":"NONE","conditionParams":{},"createTime":"2025-11-11 14:59:11","updateTime":"2025-11-11 14:59:11","operator":2,"operateTime":"2025-11-11 14:59:11"},{"id":23719,"name":"","processDefinitionVersion":22,"projectCode":18420269861664,"processDefinitionCode":19358647168672,"preTaskCode":0,"preTaskVersion":0,"postTaskCode":19359095588000,"postTaskVersion":8,"conditionType":"NONE","conditionParams":{},"createTime":"2025-11-11 14:59:11","updateTime":"2025-11-11 14:59:11","operator":2,"operateTime":"2025-11-11 14:59:11"},{"id":23723,"name":"","processDefinitionVersion":22,"projectCode":18420269861664,"processDefinitionCode":19358647168672,"preTaskCode":19359085043872,"preTaskVersion":5,"postTaskCode":19584972130720,"postTaskVersion":1,"conditionType":"NONE","conditionParams":{},"createTime":"2025-11-11 14:59:11","updateTime":"2025-11-11 14:59:11","operator":2,"operateTime":"2025-11-11 14:59:11"},{"id":23724,"name":"","processDefinitionVersion":22,"projectCode":18420269861664,"processDefinitionCode":19358647168672,"preTaskCode":19359080594848,"preTaskVersion":9,"postTaskCode":19584972130720,"postTaskVersion":1,"conditionType":"NONE","conditionParams":{},"createTime":"2025-11-11 14:59:11","updateTime":"2025-11-11 14:59:11","operator":2,"operateTime":"2025-11-11 14:59:11"},{"id":23727,"name":"","processDefinitionVersion":22,"projectCode":18420269861664,"processDefinitionCode":19358647168672,"preTaskCode":19359084501152,"preTaskVersion":5,"postTaskCode":19584972130720,"postTaskVersion":1,"conditionType":"NONE","conditionParams":{},"createTime":"2025-11-11 14:59:11","updateTime":"2025-11-11 14:59:11","operator":2,"operateTime":"2025-11-11 14:59:11"},{"id":23729,"name":"","processDefinitionVersion":22,"projectCode":18420269861664,"processDefinitionCode":19358647168672,"preTaskCode":19359082909728,"preTaskVersion":5,"postTaskCode":19584972130720,"postTaskVersion":1,"conditionType":"NONE","conditionParams":{},"createTime":"2025-11-11 14:59:11","updateTime":"2025-11-11 14:59:11","operator":2,"operateTime":"2025-11-11 14:59:11"},{"id":23730,"name":"","processDefinitionVersion":22,"projectCode":18420269861664,"processDefinitionCode":19358647168672,"preTaskCode":19359096213408,"preTaskVersion":8,"postTaskCode":19584972130720,"postTaskVersion":1,"conditionType":"NONE","conditionParams":{},"createTime":"2025-11-11 14:59:11","updateTime":"2025-11-11 14:59:11","operator":2,"operateTime":"2025-11-11 14:59:11"},{"id":23733,"name":"","processDefinitionVersion":22,"projectCode":18420269861664,"processDefinitionCode":19358647168672,"preTaskCode":19358664908576,"preTaskVersion":7,"postTaskCode":19584972130720,"postTaskVersion":1,"conditionType":"NONE","conditionParams":{},"createTime":"2025-11-11 14:59:11","updateTime":"2025-11-11 14:59:11","operator":2,"operateTime":"2025-11-11 14:59:11"},{"id":23735,"name":"","processDefinitionVersion":22,"projectCode":18420269861664,"processDefinitionCode":19358647168672,"preTaskCode":19358897888800,"preTaskVersion":4,"postTaskCode":19584972130720,"postTaskVersion":1,"conditionType":"NONE","conditionParams":{},"createTime":"2025-11-11 14:59:11","updateTime":"2025-11-11 14:59:11","operator":2,"operateTime":"2025-11-11 14:59:11"},{"id":23738,"name":"","processDefinitionVersion":22,"projectCode":18420269861664,"processDefinitionCode":19358647168672,"preTaskCode":19359088085024,"preTaskVersion":5,"postTaskCode":19584972130720,"postTaskVersion":1,"conditionType":"NONE","conditionParams":{},"createTime":"2025-11-11 14:59:11","updateTime":"2025-11-11 14:59:11","operator":2,"operateTime":"2025-11-11 14:59:11"},{"id":23704,"name":"","processDefinitionVersion":22,"projectCode":18420269861664,"processDefinitionCode":19358647168672,"preTaskCode":0,"preTaskVersion":0,"postTaskCode":19359084501152,"postTaskVersion":5,"conditionType":"NONE","conditionParams":{},"createTime":"2025-11-11 14:59:11","updateTime":"2025-11-11 14:59:11","operator":2,"operateTime":"2025-11-11 14:59:11"},{"id":23709,"name":"","processDefinitionVersion":22,"projectCode":18420269861664,"processDefinitionCode":19358647168672,"preTaskCode":0,"preTaskVersion":0,"postTaskCode":19358898492960,"postTaskVersion":4,"conditionType":"NONE","conditionParams":{},"createTime":"2025-11-11 14:59:11","updateTime":"2025-11-11 14:59:11","operator":2,"operateTime":"2025-11-11 14:59:11"},{"id":23710,"name":"","processDefinitionVersion":22,"projectCode":18420269861664,"processDefinitionCode":19358647168672,"preTaskCode":0,"preTaskVersion":0,"postTaskCode":19359087531040,"postTaskVersion":5,"conditionType":"NONE","conditionParams":{},"createTime":"2025-11-11 14:59:11","updateTime":"2025-11-11 14:59:11","operator":2,"operateTime":"2025-11-11 14:59:11"},{"id":23712,"name":"","processDefinitionVersion":22,"projectCode":18420269861664,"processDefinitionCode":19358647168672,"preTaskCode":0,"preTaskVersion":0,"postTaskCode":19359091957920,"postTaskVersion":8,"conditionType":"NONE","conditionParams":{},"createTime":"2025-11-11 14:59:11","updateTime":"2025-11-11 14:59:11","operator":2,"operateTime":"2025-11-11 14:59:11"},{"id":23714,"name":"","processDefinitionVersion":22,"projectCode":18420269861664,"processDefinitionCode":19358647168672,"preTaskCode":0,"preTaskVersion":0,"postTaskCode":19359096213408,"postTaskVersion":8,"conditionType":"NONE","conditionParams":{},"createTime":"2025-11-11 14:59:11","updateTime":"2025-11-11 14:59:11","operator":2,"operateTime":"2025-11-11 14:59:11"},{"id":23721,"name":"","processDefinitionVersion":22,"projectCode":18420269861664,"processDefinitionCode":19358647168672,"preTaskCode":19358632570272,"preTaskVersion":4,"postTaskCode":19584972130720,"postTaskVersion":1,"conditionType":"NONE","conditionParams":{},"createTime":"2025-11-11 14:59:11","updateTime":"2025-11-11 14:59:11","operator":2,"operateTime":"2025-11-11 14:59:11"},{"id":23725,"name":"","processDefinitionVersion":22,"projectCode":18420269861664,"processDefinitionCode":19358647168672,"preTaskCode":19359087531040,"preTaskVersion":5,"postTaskCode":19584972130720,"postTaskVersion":1,"conditionType":"NONE","conditionParams":{},"createTime":"2025-11-11 14:59:11","updateTime":"2025-11-11 14:59:11","operator":2,"operateTime":"2025-11-11 14:59:11"},{"id":23734,"name":"","processDefinitionVersion":22,"projectCode":18420269861664,"processDefinitionCode":19358647168672,"preTaskCode":19358896604064,"preTaskVersion":7,"postTaskCode":19584972130720,"postTaskVersion":1,"conditionType":"NONE","conditionParams":{},"createTime":"2025-11-11 14:59:11","updateTime":"2025-11-11 14:59:11","operator":2,"operateTime":"2025-11-11 14:59:11"},{"id":23736,"name":"","processDefinitionVersion":22,"projectCode":18420269861664,"processDefinitionCode":19358647168672,"preTaskCode":19359082357792,"preTaskVersion":5,"postTaskCode":19584972130720,"postTaskVersion":1,"conditionType":"NONE","conditionParams":{},"createTime":"2025-11-11 14:59:11","updateTime":"2025-11-11 14:59:11","operator":2,"operateTime":"2025-11-11 14:59:11"},{"id":23739,"name":"","processDefinitionVersion":22,"projectCode":18420269861664,"processDefinitionCode":19358647168672,"preTaskCode":19359086119968,"preTaskVersion":6,"postTaskCode":19584972130720,"postTaskVersion":1,"conditionType":"NONE","conditionParams":{},"createTime":"2025-11-11 14:59:11","updateTime":"2025-11-11 14:59:11","operator":2,"operateTime":"2025-11-11 14:59:11"}],"taskDefinitionList":[{"id":3148,"code":19359088085024,"name":"ods_sttss_extract_raw_water_supply_day_datax_ods_sttss_rws_wtw_df_all","version":5,"description":"","projectCode":18420269861664,"userId":2,"taskType":"DATAX","taskParams":{"localParams":[],"resourceList":[],"customConfig":0,"dsType":"POSTGRESQL","dataSource":7,"dtType":"POSTGRESQL","dataTarget":4,"sql":"-- ****************************************************************************************\r\n-- source     system: STTSS(Smart Trunk Transfer Support System)\r\n-- function describe: Water Treatment Works\r\n-- create         by: dongmaochen\r\n-- create       date: 2025-04-24\r\n-- modify date                modify by                    modify content\r\n-- None                       None                         None\r\n-- source table\r\n--  sttss.wtw\r\n-- target table\r\n-- coss_ods.ods_sttss_rws_wtw_df\r\n-- ****************************************************************************************\r\nselect\r\n  tw_id                                 -- Water Treatment Woks ID with format TWNNNNNNNN\r\n  ,i_code                               -- Installation Code of Water Treatment Works\r\n  ,rlabel                               -- Labels used in reports\r\n  ,region                               -- Region\r\n  ,capacity                             -- Capacity of WTW.  Unit is in Mld\r\n  ,last_upd_user                        -- Last Update By (Username)\r\n  ,last_upd_post                        -- Last Update By (Post)\r\n  ,last_upd_dt                          -- Last Update Date\r\n  ,tw_name                              -- Water Treatment Works Name\r\n  ,tw_cname                             -- Water Treatment Works Chinese Name\r\n  ,localtimestamp as ods_update_time    -- Data Warehouse update Time\r\n  ,localtimestamp as ods_load_time      -- Data Warehouse load Time\r\nfrom sttss.wtw","targetTable":"coss_ods.ods_sttss_rws_wtw_df","jobSpeedByte":0,"jobSpeedRecord":1000,"preStatements":["delete from coss_ods.ods_sttss_rws_wtw_df"],"postStatements":[],"xms":1,"xmx":1},"taskParamList":[],"taskParamMap":null,"flag":"YES","taskPriority":"MEDIUM","userName":null,"projectName":null,"workerGroup":"default","environmentCode":18266283102112,"failRetryTimes":0,"failRetryInterval":1,"timeoutFlag":"CLOSE","timeoutNotifyStrategy":null,"timeout":0,"delayTime":0,"resourceIds":"","createTime":"2025-10-17 13:44:44","updateTime":"2025-11-04 19:48:52","modifyBy":null,"taskGroupId":0,"taskGroupPriority":0,"cpuQuota":-1,"memoryMax":-1,"taskExecuteType":"BATCH","operator":2,"operateTime":"2025-11-04 19:48:52"},{"id":3150,"code":19359081039904,"name":"ods_sttss_extract_raw_water_supply_day_datax_ods_sttss_rws_pqty_df_all","version":5,"description":"","projectCode":18420269861664,"userId":2,"taskType":"DATAX","taskParams":{"localParams":[],"resourceList":[],"customConfig":0,"dsType":"POSTGRESQL","dataSource":7,"dtType":"POSTGRESQL","dataTarget":4,"sql":"-- ****************************************************************************************\r\n-- source     system: STTSS(Smart Trunk Transfer Support System)\r\n-- function describe: Proposed Quantity\r\n-- create         by: dongmaochen\r\n-- create       date: 2025-04-24\r\n-- modify date                modify by                    modify content\r\n-- None                       None                         None\r\n-- source table\r\n-- sttss.pqty\r\n-- target table\r\n-- coss_ods.ods_sttss_rws_pqty_df\r\n-- ****************************************************************************************\r\nselect\r\n  prop_qty_id                           -- Proposed Quantity\r\n  ,start_dt                             -- Proposed Quantity ID\r\n  ,end_dt                               -- Effective Start Date\r\n  ,create_dt                            -- Effective End Date\r\n  ,create_by                            -- Created Date\r\n  ,last_upd_user                        -- Created By\r\n  ,last_upd_post                        -- Last Update By (Username)\r\n  ,last_upd_dt                          -- Last Update By (Post)\r\n  ,localtimestamp as ods_update_time    -- Data Warehouse update Time\r\n  ,localtimestamp as ods_load_time      -- Data Warehouse load Time\r\nfrom sttss.pqty","targetTable":"coss_ods.ods_sttss_rws_pqty_df","jobSpeedByte":0,"jobSpeedRecord":1000,"preStatements":["delete from coss_ods.ods_sttss_rws_pqty_df"],"postStatements":[],"xms":1,"xmx":1},"taskParamList":[],"taskParamMap":null,"flag":"YES","taskPriority":"MEDIUM","userName":null,"projectName":null,"workerGroup":"default","environmentCode":18266283102112,"failRetryTimes":0,"failRetryInterval":1,"timeoutFlag":"CLOSE","timeoutNotifyStrategy":null,"timeout":0,"delayTime":0,"resourceIds":"","createTime":"2025-10-17 13:44:44","updateTime":"2025-11-04 19:48:52","modifyBy":null,"taskGroupId":0,"taskGroupPriority":0,"cpuQuota":-1,"memoryMax":-1,"taskExecuteType":"BATCH","operator":2,"operateTime":"2025-11-04 19:48:52"},{"id":3157,"code":19359080594848,"name":"ods_sttss_extract_raw_water_supply_day_datax_ods_sttss_rws_pqty_detail_di_year_add","version":9,"description":"","projectCode":18420269861664,"userId":2,"taskType":"DATAX","taskParams":{"localParams":[],"resourceList":[],"customConfig":0,"dsType":"POSTGRESQL","dataSource":7,"dtType":"POSTGRESQL","dataTarget":4,"sql":"-- ****************************************************************************************\r\n-- source     system: STTSS(Smart Trunk Transfer Support System)\r\n-- function describe: Proposed Quantity Details\r\n-- create         by: dongmaochen\r\n-- create       date: 2025-04-24\r\n-- modify date                modify by                    modify content\r\n-- None                       None                         None\r\n-- source table\r\n-- sttss.pqty_detail\r\n-- target table\r\n-- coss_ods.ods_sttss_rws_pqty_detail_di_year\r\n-- ****************************************************************************************\r\nselect\r\n  prop_qty_id\r\n  ,ref_entity\r\n  ,ref_id\r\n  ,item_no\r\n  ,p_qty\r\n  ,last_upd_user\r\n  ,last_upd_post\r\n  ,last_upd_dt\r\n  ,localtimestamp as ods_update_time    -- Data Warehouse update Time\r\n  ,localtimestamp as ods_load_time      -- Data Warehouse load Time\r\n  ,to_char(last_upd_dt , 'yyyymm') mh\r\nfrom\r\nsttss.pqty_detail\r\nwhere last_upd_dt >= to_date(${dt1},'yyyy-mm-dd')-30\r\n  and last_upd_dt < to_date(${dt1},'yyyy-mm-dd')+1 ","targetTable":"coss_ods.ods_sttss_rws_pqty_detail_di_year","jobSpeedByte":0,"jobSpeedRecord":1000,"preStatements":[";delete from coss_ods.ods_sttss_rws_pqty_detail_di_year\nwhere last_upd_dt >= to_date(${dt1},'yyyy-mm-dd')-30\n  and last_upd_dt < to_date(${dt1},'yyyy-mm-dd')+1"],"postStatements":[],"xms":1,"xmx":1},"taskParamList":[],"taskParamMap":null,"flag":"YES","taskPriority":"MEDIUM","userName":null,"projectName":null,"workerGroup":"default","environmentCode":18266283102112,"failRetryTimes":0,"failRetryInterval":1,"timeoutFlag":"CLOSE","timeoutNotifyStrategy":null,"timeout":0,"delayTime":0,"resourceIds":"","createTime":"2025-10-17 13:44:44","updateTime":"2025-11-04 19:48:52","modifyBy":null,"taskGroupId":0,"taskGroupPriority":0,"cpuQuota":-1,"memoryMax":-1,"taskExecuteType":"BATCH","operator":2,"operateTime":"2025-11-04 19:48:52"},{"id":3155,"code":19359083418784,"name":"ods_sttss_extract_raw_water_supply_day_datax_ods_sttss_rws_rw_type_df_all","version":5,"description":"","projectCode":18420269861664,"userId":2,"taskType":"DATAX","taskParams":{"localParams":[],"resourceList":[],"customConfig":0,"dsType":"POSTGRESQL","dataSource":7,"dtType":"POSTGRESQL","dataTarget":4,"sql":"-- ****************************************************************************************\r\n-- source     system: STTSS(Smart Trunk Transfer Support System)\r\n-- function describe: Raw Water Type\r\n-- create         by: dongmaochen\r\n-- create       date: 2025-04-24\r\n-- modify date                modify by                    modify content\r\n-- None                       None                         None\r\n-- source table\r\n-- sttss.rw_type\r\n-- target table\r\n-- coss_ods.ods_sttss_rws_rw_type_df\r\n-- ****************************************************************************************\r\nselect \r\n  code                                  -- Possible Values:{\"G\" - Guangdong, \"R\" - River, \"O\" - Others}\r\n  ,descrip                              -- Description of Raw Water Source\r\n  ,localtimestamp as ods_update_time    -- Data Warehouse update Time\r\n  ,localtimestamp as ods_load_time      -- Data Warehouse load Time\r\nfrom \r\n  sttss.rw_type","targetTable":"coss_ods.ods_sttss_rws_rw_type_df ","jobSpeedByte":0,"jobSpeedRecord":1000,"preStatements":["delete from coss_ods.ods_sttss_rws_rw_type_df "],"postStatements":[],"xms":1,"xmx":1},"taskParamList":[],"taskParamMap":null,"flag":"YES","taskPriority":"MEDIUM","userName":null,"projectName":null,"workerGroup":"default","environmentCode":18266283102112,"failRetryTimes":0,"failRetryInterval":1,"timeoutFlag":"CLOSE","timeoutNotifyStrategy":null,"timeout":0,"delayTime":0,"resourceIds":"","createTime":"2025-10-17 13:44:44","updateTime":"2025-11-04 19:48:52","modifyBy":null,"taskGroupId":0,"taskGroupPriority":0,"cpuQuota":-1,"memoryMax":-1,"taskExecuteType":"BATCH","operator":2,"operateTime":"2025-11-04 19:48:52"},{"id":3156,"code":19359082357792,"name":"ods_sttss_extract_raw_water_supply_day_datax_ods_sttss_rws_sp_supply_df_all","version":5,"description":"","projectCode":18420269861664,"userId":2,"taskType":"DATAX","taskParams":{"localParams":[],"resourceList":[],"customConfig":0,"dsType":"POSTGRESQL","dataSource":7,"dtType":"POSTGRESQL","dataTarget":4,"sql":"-- ****************************************************************************************\r\n-- source     system: STTSS(Smart Trunk Transfer Support System)\r\n-- function describe: Salt Water Pumping System Supply Zones\r\n-- create         by: dongmaochen\r\n-- create       date: 2025-04-24\r\n-- modify date                modify by                    modify content\r\n-- None                       None                         None\r\n-- source table\r\n-- sttss.sp_supply\r\n-- target table\r\n-- coss_ods.ods_sttss_rws_sp_supply_df\r\n-- ****************************************************************************************\r\nselect\r\n  sp_id                                 -- Salt Water Pumping System being referenced\r\n  ,sz_id                                -- Pumping Station or Service Reservoir being referenced\r\n  ,last_upd_user                        -- Last Update By (Username)\r\n  ,last_upd_post                        -- Last Update By (Post)\r\n  ,last_upd_dt                          -- Last Update Date\r\n  ,localtimestamp as ods_update_time    -- Data Warehouse update Time\r\n  ,localtimestamp as ods_load_time      -- Data Warehouse load Time\r\nfrom sttss.sp_supply","targetTable":"coss_ods.ods_sttss_rws_sp_supply_df","jobSpeedByte":0,"jobSpeedRecord":1000,"preStatements":["delete from coss_ods.ods_sttss_rws_sp_supply_df"],"postStatements":[],"xms":1,"xmx":1},"taskParamList":[],"taskParamMap":null,"flag":"YES","taskPriority":"MEDIUM","userName":null,"projectName":null,"workerGroup":"default","environmentCode":18266283102112,"failRetryTimes":0,"failRetryInterval":1,"timeoutFlag":"CLOSE","timeoutNotifyStrategy":null,"timeout":0,"delayTime":0,"resourceIds":"","createTime":"2025-10-17 13:44:44","updateTime":"2025-11-04 19:48:52","modifyBy":null,"taskGroupId":0,"taskGroupPriority":0,"cpuQuota":-1,"memoryMax":-1,"taskExecuteType":"BATCH","operator":2,"operateTime":"2025-11-04 19:48:52"},{"id":3143,"code":19359078505888,"name":"ods_sttss_extract_raw_water_supply_day_datax_ods_sttss_rws_measurement_df_all","version":4,"description":"","projectCode":18420269861664,"userId":2,"taskType":"DATAX","taskParams":{"localParams":[],"resourceList":[],"customConfig":0,"dsType":"POSTGRESQL","dataSource":7,"dtType":"POSTGRESQL","dataTarget":4,"sql":"-- ****************************************************************************************\r\n-- source     system: STTSS(Smart Trunk Transfer Support System)\r\n-- function describe: Measurement Type\r\n-- create         by: dongmaochen\r\n-- create       date: 2025-04-24\r\n-- modify date                modify by                    modify content\r\n-- None                       None                         None\r\n-- source table\r\n-- sttss.measurement\r\n-- target table\r\n-- coss_ods.ods_sttss_rws_measurement_df\r\n-- ****************************************************************************************\r\nselect\r\n  code                                  -- Defines how water level are measured\r\n  ,descrip                              -- Description of Measurement\r\n  ,cdescrip                             -- Chinese Description of Measurement Type\r\n  ,last_upd_user                        -- Last Update By (Username)\r\n  ,last_upd_post                        -- Last Update By (Post)\r\n  ,last_upd_dt                          -- Last Update Date\r\n  ,localtimestamp as ods_update_time    -- Data Warehouse update Time\r\n  ,localtimestamp as ods_load_time      -- Data Warehouse load Time\r\nfrom\r\nsttss.measurement","targetTable":"coss_ods.ods_sttss_rws_measurement_df","jobSpeedByte":0,"jobSpeedRecord":1000,"preStatements":["delete from coss_ods.ods_sttss_rws_measurement_df"],"postStatements":[],"xms":1,"xmx":1},"taskParamList":[],"taskParamMap":null,"flag":"YES","taskPriority":"MEDIUM","userName":null,"projectName":null,"workerGroup":"default","environmentCode":18266283102112,"failRetryTimes":0,"failRetryInterval":1,"timeoutFlag":"CLOSE","timeoutNotifyStrategy":null,"timeout":0,"delayTime":0,"resourceIds":"","createTime":"2025-10-17 13:44:44","updateTime":"2025-11-04 19:48:52","modifyBy":null,"taskGroupId":0,"taskGroupPriority":0,"cpuQuota":-1,"memoryMax":-1,"taskExecuteType":"BATCH","operator":2,"operateTime":"2025-11-04 19:48:52"},{"id":3146,"code":19358898492960,"name":"ods_sttss_extract_raw_water_supply_day_datax_ods_sttss_rws_ir_group_df_all","version":4,"description":"","projectCode":18420269861664,"userId":2,"taskType":"DATAX","taskParams":{"localParams":[],"resourceList":[],"customConfig":0,"dsType":"POSTGRESQL","dataSource":7,"dtType":"POSTGRESQL","dataTarget":4,"sql":"-- ****************************************************************************************\r\n-- source     system: STTSS(Smart Trunk Transfer Support System)\r\n-- function describe: Impounding reservoir group information\r\n-- create         by: dongmaochen\r\n-- create       date: 2025-04-24\r\n-- modify date                modify by                    modify content\r\n-- None                       None                         None\r\n-- source table\r\n-- sttss.ir_group\r\n-- ****************************************************************************************\r\nselect\r\n  ig_id                                 -- Impounding Reservoir Group ID with format IGNNNNNNNN\r\n  ,ig_name                              -- Name of Impounding Reservoir Group\r\n  ,ig_cname                             -- Chinese Name of Impounding Reservoir Group\r\n  ,rlabel                               -- Labels used in reports\r\n  ,region                               -- Region\r\n  ,old_ind                              -- Indicates if Impounding Reservoir Group is old or new. Possible Values: {\"Y\" - Old, \"N\" - New}\r\n  ,last_upd_user                        -- Last Update By (Username)\r\n  ,last_upd_post                        -- Last Update By (Post)\r\n  ,last_upd_dt                          -- Last Update Date\r\n  ,localtimestamp as ods_update_time    -- Data Warehouse update Time\r\n  ,localtimestamp as ods_load_time      -- Data Warehouse load Time\r\nfrom sttss.ir_group","targetTable":"coss_ods.ods_sttss_rws_ir_group_df","jobSpeedByte":0,"jobSpeedRecord":1000,"preStatements":["delete from coss_ods.ods_sttss_rws_ir_group_df"],"postStatements":[],"xms":1,"xmx":1},"taskParamList":[],"taskParamMap":null,"flag":"YES","taskPriority":"MEDIUM","userName":null,"projectName":null,"workerGroup":"default","environmentCode":18266283102112,"failRetryTimes":0,"failRetryInterval":1,"timeoutFlag":"CLOSE","timeoutNotifyStrategy":null,"timeout":0,"delayTime":0,"resourceIds":"","createTime":"2025-10-17 11:35:08","updateTime":"2025-11-04 19:48:52","modifyBy":null,"taskGroupId":0,"taskGroupPriority":0,"cpuQuota":-1,"memoryMax":-1,"taskExecuteType":"BATCH","operator":2,"operateTime":"2025-11-04 19:48:52"},{"id":3149,"code":19359087531040,"name":"ods_sttss_extract_raw_water_supply_day_datax_ods_sttss_rws_water_usage_df_all","version":5,"description":"","projectCode":18420269861664,"userId":2,"taskType":"DATAX","taskParams":{"localParams":[],"resourceList":[],"customConfig":0,"dsType":"POSTGRESQL","dataSource":7,"dtType":"POSTGRESQL","dataTarget":4,"sql":"-- ****************************************************************************************\r\n-- source     system: STTSS(Smart Trunk Transfer Support System)\r\n-- function describe: Water Usage\r\n-- create         by: dongmaochen\r\n-- create       date: 2025-04-24\r\n-- modify date                modify by                    modify content\r\n-- None                       None                         None\r\n-- source table\r\n-- sttss.water_usage\r\n-- target table\r\n-- coss_ods.ods_sttss_rws_water_usage_df\r\n-- ****************************************************************************************\r\nselect \r\n  code                                  -- Code\r\n  ,descrip                              -- Possible Values: {\"Commissioning Test to Waste\", \"Commissioning Test to be Returned to System\", \"Augmented Supply for Flushing\", Commission Test to be Used for Consumption}\r\n  ,localtimestamp as ods_update_time    -- Data Warehouse update Time\r\n  ,localtimestamp as ods_load_time      -- Data Warehouse load Time\r\nfrom sttss.water_usage","targetTable":"coss_ods.ods_sttss_rws_water_usage_df ","jobSpeedByte":0,"jobSpeedRecord":1000,"preStatements":["delete from coss_ods.ods_sttss_rws_water_usage_df "],"postStatements":[],"xms":1,"xmx":1},"taskParamList":[],"taskParamMap":null,"flag":"YES","taskPriority":"MEDIUM","userName":null,"projectName":null,"workerGroup":"default","environmentCode":18266283102112,"failRetryTimes":0,"failRetryInterval":1,"timeoutFlag":"CLOSE","timeoutNotifyStrategy":null,"timeout":0,"delayTime":0,"resourceIds":"","createTime":"2025-10-17 13:44:44","updateTime":"2025-11-04 19:48:52","modifyBy":null,"taskGroupId":0,"taskGroupPriority":0,"cpuQuota":-1,"memoryMax":-1,"taskExecuteType":"BATCH","operator":2,"operateTime":"2025-11-04 19:48:52"},{"id":3161,"code":19359082909728,"name":"ods_sttss_extract_raw_water_supply_day_datax_ods_sttss_rws_sp_df_all","version":5,"description":"","projectCode":18420269861664,"userId":2,"taskType":"DATAX","taskParams":{"localParams":[],"resourceList":[],"customConfig":0,"dsType":"POSTGRESQL","dataSource":7,"dtType":"POSTGRESQL","dataTarget":4,"sql":"-- ****************************************************************************************\r\n-- source     system: STTSS(Smart Trunk Transfer Support System)\r\n-- function describe: Salt Water Pumping System Information\r\n-- create         by: dongmaochen\r\n-- create       date: 2025-04-24\r\n-- modify date                modify by                    modify content\r\n-- None                       None                         None\r\n-- source table\r\n-- sttss.sp\r\n-- target table\r\n-- coss_ods.ods_sttss_rws_sp_df\r\n-- ****************************************************************************************\r\nselect\r\n  sp_id                               -- Salt Water Pumping System Information\r\n  ,sp_name                            -- Salt Water Pumping System ID with format SPNNNNNNNN\r\n  ,rlabel                             -- Name of Salt Water Pumping System\r\n  ,region                             -- Labels used in reports\r\n  ,last_upd_user                      -- Region\r\n  ,last_upd_post                      -- Last Update By (Username)\r\n  ,last_upd_dt                        -- Last Update By (Post)\r\n  ,localtimestamp as ods_update_time  -- Data Warehouse update Time\r\n  ,localtimestamp as ods_load_time    -- Data Warehouse load Time\r\nfrom sttss.sp","targetTable":"coss_ods.ods_sttss_rws_sp_df ","jobSpeedByte":0,"jobSpeedRecord":1000,"preStatements":["delete from coss_ods.ods_sttss_rws_sp_df           "],"postStatements":[],"xms":1,"xmx":1},"taskParamList":[],"taskParamMap":null,"flag":"YES","taskPriority":"MEDIUM","userName":null,"projectName":null,"workerGroup":"default","environmentCode":18266283102112,"failRetryTimes":0,"failRetryInterval":1,"timeoutFlag":"CLOSE","timeoutNotifyStrategy":null,"timeout":0,"delayTime":0,"resourceIds":"","createTime":"2025-10-17 13:44:44","updateTime":"2025-11-04 19:48:52","modifyBy":null,"taskGroupId":0,"taskGroupPriority":0,"cpuQuota":-1,"memoryMax":-1,"taskExecuteType":"BATCH","operator":2,"operateTime":"2025-11-04 19:48:52"},{"id":3164,"code":19359095588000,"name":"ods_sttss_extract_raw_water_supply_day_datax_ods_sttss_rws_sr_storage_di_year_add","version":8,"description":"","projectCode":18420269861664,"userId":2,"taskType":"DATAX","taskParams":{"localParams":[],"resourceList":[],"customConfig":0,"dsType":"POSTGRESQL","dataSource":7,"dtType":"POSTGRESQL","dataTarget":4,"sql":"-- ****************************************************************************************\r\n-- source     system: STTSS(Smart Trunk Transfer Support System)\r\n-- function describe: Daily SR Storage Details\r\n-- create         by: dongmaochen\r\n-- create       date: 2025-04-24\r\n-- modify date                modify by                    modify content\r\n-- None                       None                         None\r\n-- source table\r\n-- sttss.sr_storage\r\n-- target table\r\n-- coss_ods.ods_sttss_rws_sr_storage_di_year\r\n-- ****************************************************************************************\r\nselect\r\n  sr_id                                 -- Service Reservior being referenced\r\n  ,a_wlevel                             -- A Compartment Water Level\r\n  ,b_wlevel                             -- B Compartment Water Level\r\n  ,c_wlevel                             -- C Compartment Water Level\r\n  ,d_wlevel                             -- D Compartment Water Level\r\n  ,e_wlevel                             -- E Compartment Water Level\r\n  ,f_wlevel                             -- F Compartment Water Level\r\n  ,g_wlevel                             -- G Compartment Water Level\r\n  ,h_wlevel                             -- H Compartment Water Level\r\n  ,i_wlevel                             -- I Compartment Water Level\r\n  ,j_wlevel                             -- J Compartment Water Level\r\n  ,k_wlevel                             -- K Compartment Water Level\r\n  ,l_wlevel                             -- L Compartment Water Level\r\n  ,m_wlevel                             -- M Compartment Water Level\r\n  ,n_wlevel                             -- N Compartment Water Level\r\n  ,o_wlevel                             -- O Compartment Water Level\r\n  ,p_wlevel                             -- P Compartment Water Level\r\n  ,q_wlevel                             -- Q Compartment Water Level\r\n  ,r_wlevel                             -- R Compartment Water Level\r\n  ,scada_a_wlevel                       -- A Compartment Water Level (SCADA)\r\n  ,scada_b_wlevel                       -- B Compartment Water Level (SCADA)\r\n  ,scada_c_wlevel                       -- C Compartment Water Level (SCADA)\r\n  ,scada_d_wlevel                       -- D Compartment Water Level (SCADA)\r\n  ,scada_e_wlevel                       -- E Compartment Water Level (SCADA)\r\n  ,scada_f_wlevel                       -- F Compartment Water Level (SCADA)\r\n  ,scada_g_wlevel                       -- G Compartment Water Level (SCADA)\r\n  ,scada_h_wlevel                       -- H Compartment Water Level (SCADA)\r\n  ,scada_i_wlevel                       -- I Compartment Water Level (SCADA)\r\n  ,scada_j_wlevel                       -- J Compartment Water Level (SCADA)\r\n  ,scada_k_wlevel                       -- K Compartment Water Level (SCADA)\r\n  ,scada_l_wlevel                       -- L Compartment Water Level (SCADA)\r\n  ,scada_m_wlevel                       -- M Compartment Water Level (SCADA)\r\n  ,scada_n_wlevel                       -- N Compartment Water Level (SCADA)\r\n  ,scada_o_wlevel                       -- O Compartment Water Level (SCADA)\r\n  ,scada_p_wlevel                       -- P Compartment Water Level (SCADA)\r\n  ,scada_q_wlevel                       -- Q Compartment Water Level (SCADA)\r\n  ,scada_r_wlevel                       -- R Compartment Water Level (SCADA)\r\n  ,a_storage                            -- Volume of water in A compartment of an SR.  Unit is in cu m\r\n  ,b_storage                            -- Volume of water in B compartment of an SR.  Unit is in cu m\r\n  ,c_storage                            -- Volume of water in C compartment of an SR.  Unit is in cu m\r\n  ,d_storage                            -- Volume of water in D compartment of an SR.  Unit is in cu m\r\n  ,e_storage                            -- Volume of water in E compartment of an SR.  Unit is in cu m\r\n  ,f_storage                            -- Volume of water in F compartment of an SR.  Unit is in cu m\r\n  ,g_storage                            -- Volume of water in G compartment of an SR.  Unit is in cu m\r\n  ,h_storage                            -- Volume of water in H compartment of an SR.  Unit is in cu m\r\n  ,i_storage                            -- Volume of water in I compartment of an SR.  Unit is in cu m\r\n  ,j_storage                            -- Volume of water in J compartment of an SR.  Unit is in cu m\r\n  ,k_storage                            -- Volume of water in K compartment of an SR.  Unit is in cu m\r\n  ,l_storage                            -- Volume of water in L compartment of an SR.  Unit is in cu m\r\n  ,m_storage                            -- Volume of water in M compartment of an SR.  Unit is in cu m\r\n  ,n_storage                            -- Volume of water in N compartment of an SR.  Unit is in cu m\r\n  ,o_storage                            -- Volume of water in O compartment of an SR.  Unit is in cu m\r\n  ,p_storage                            -- Volume of water in P compartment of an SR.  Unit is in cu m\r\n  ,q_storage                            -- Volume of water in Q compartment of an SR.  Unit is in cu m\r\n  ,r_storage                            -- Volume of water in R compartment of an SR.  Unit is in cu m\r\n  ,tot_storage                          -- Total volume of water in A+ B+..+R.  Unit is in cu m\r\n  ,remarks                              -- Remarks\r\n  ,rec_dt                               -- Date of record\r\n  ,submit_dt                            -- Submission Date\r\n  ,last_upd_user                        -- Last Update By (Username)\r\n  ,last_upd_post                        -- Last Update By (Post)\r\n  ,last_upd_dt                          -- Last Update Date\r\n  ,localtimestamp as ods_update_time    -- Data Warehouse update Time\r\n  ,localtimestamp as ods_load_time      -- Data Warehouse load Time\r\n  ,to_char(rec_dt, 'yyyymmdd')dt        -- Daily Partitions\r\nfrom sttss.sr_storage\r\nwhere rec_dt >= to_date(${dt1},'yyyy-mm-dd')-30\r\n  and rec_dt < to_date(${dt1},'yyyy-mm-dd')+1","targetTable":"coss_ods.ods_sttss_rws_sr_storage_di_year","jobSpeedByte":0,"jobSpeedRecord":1000,"preStatements":[";delete from coss_ods.ods_sttss_rws_sr_storage_di_year\nwhere rec_dt >= to_date(${dt1},'yyyy-mm-dd')-30\n  and rec_dt < to_date(${dt1},'yyyy-mm-dd')+1"],"postStatements":[],"xms":1,"xmx":1},"taskParamList":[],"taskParamMap":null,"flag":"YES","taskPriority":"MEDIUM","userName":null,"projectName":null,"workerGroup":"default","environmentCode":17270889904672,"failRetryTimes":0,"failRetryInterval":1,"timeoutFlag":"CLOSE","timeoutNotifyStrategy":null,"timeout":0,"delayTime":0,"resourceIds":"","createTime":"2025-10-17 13:44:44","updateTime":"2025-11-04 19:48:52","modifyBy":null,"taskGroupId":0,"taskGroupPriority":0,"cpuQuota":-1,"memoryMax":-1,"taskExecuteType":"BATCH","operator":2,"operateTime":"2025-11-04 19:48:52"},{"id":3301,"code":19584972130720,"name":"ods_to_dwd","version":1,"description":"","projectCode":18420269861664,"userId":2,"taskType":"SUB_PROCESS","taskParams":{"localParams":[],"resourceList":[],"processDefinitionCode":19436240012832},"taskParamList":[],"taskParamMap":null,"flag":"YES","taskPriority":"MEDIUM","userName":null,"projectName":null,"workerGroup":"default","environmentCode":18266283102112,"failRetryTimes":0,"failRetryInterval":1,"timeoutFlag":"CLOSE","timeoutNotifyStrategy":null,"timeout":0,"delayTime":0,"resourceIds":"","createTime":"2025-11-06 22:07:35","updateTime":"2025-11-06 22:07:35","modifyBy":null,"taskGroupId":0,"taskGroupPriority":0,"cpuQuota":-1,"memoryMax":-1,"taskExecuteType":"BATCH","operator":2,"operateTime":"2025-11-06 22:07:35"},{"id":3152,"code":19359081439520,"name":"ods_sttss_extract_raw_water_supply_day_datax_ods_sttss_rws_ps_df_all","version":5,"description":"","projectCode":18420269861664,"userId":2,"taskType":"DATAX","taskParams":{"localParams":[],"resourceList":[],"customConfig":0,"dsType":"POSTGRESQL","dataSource":7,"dtType":"POSTGRESQL","dataTarget":4,"sql":"-- ****************************************************************************************\r\n-- source     system: STTSS(Smart Trunk Transfer Support System)\r\n-- function describe: Pumping station\r\n-- create         by: dongmaochen\r\n-- create       date: 2025-04-24\r\n-- modify date                modify by                    modify content\r\n-- None                       None                         None\r\n-- source table\r\n-- sttss.ps\r\n-- target table\r\n-- coss_ods.ods_sttss_rws_ps_df\r\n-- ****************************************************************************************\r\nselect \r\n  ps_id                                 -- Pumping station\r\n  ,i_code                               -- Pumping Station ID with format PSNNNNNNNN\r\n  ,rlabel                               -- Installation Code of Pumping Station\r\n  ,region                               -- Labels used in reports\r\n  ,w_type                               -- Region\r\n  ,repumping                            -- Type of water maintained in the pumping station\r\n  ,last_upd_user                        -- Repumping\r\n  ,last_upd_post                        -- Last Update By (Username)\r\n  ,last_upd_dt                          -- Last Update By (Post)\r\n  ,remark                               -- Last Update Date\r\n  ,ps_name                              -- Remarks\r\n  ,ps_cname                             -- Pumping station name\r\n  ,localtimestamp as ods_update_time    -- Data Warehouse update Time\r\n  ,localtimestamp as ods_load_time      -- Data Warehouse load Time\r\nfrom sttss.ps","targetTable":"coss_ods.ods_sttss_rws_ps_df ","jobSpeedByte":0,"jobSpeedRecord":1000,"preStatements":["delete from coss_ods.ods_sttss_rws_ps_df "],"postStatements":[],"xms":1,"xmx":1},"taskParamList":[],"taskParamMap":null,"flag":"YES","taskPriority":"MEDIUM","userName":null,"projectName":null,"workerGroup":"default","environmentCode":18266283102112,"failRetryTimes":0,"failRetryInterval":1,"timeoutFlag":"CLOSE","timeoutNotifyStrategy":null,"timeout":0,"delayTime":0,"resourceIds":"","createTime":"2025-10-17 13:44:44","updateTime":"2025-11-04 19:48:52","modifyBy":null,"taskGroupId":0,"taskGroupPriority":0,"cpuQuota":-1,"memoryMax":-1,"taskExecuteType":"BATCH","operator":2,"operateTime":"2025-11-04 19:48:52"},{"id":3153,"code":19359086119968,"name":"ods_sttss_extract_raw_water_supply_day_datax_ods_sttss_rws_sr_df_all","version":6,"description":"","projectCode":18420269861664,"userId":2,"taskType":"DATAX","taskParams":{"localParams":[],"resourceList":[],"customConfig":0,"dsType":"POSTGRESQL","dataSource":7,"dtType":"POSTGRESQL","dataTarget":4,"sql":"-- ****************************************************************************************\r\n-- source     system: STTSS(Smart Trunk Transfer Support System)\r\n-- function describe: Service Reservoir\r\n-- create         by: dongmaochen\r\n-- create       date: 2025-04-24\r\n-- modify date                modify by                    modify content\r\n-- None                       None                         None\r\n-- source table\r\n-- sttss.sr\r\n-- target table\r\n-- coss_ods.ods_sttss_rws_sr_df\r\n-- ****************************************************************************************\r\nselect \r\n  sr_id                                 -- Service Reservoir ID with format SRNNNNNNNN\r\n  ,i_code                               -- Installation Code of Service Reservoir\r\n  ,rlabel                               -- Labels used in reports\r\n  ,region                               -- Region\r\n  ,w_type                               -- Type of water maintained by the service reservoir\r\n  ,div_height                           -- Height of Division Wall.  Unit is in m\r\n  ,capacity                             -- Capacity of Service Reservoir.  Unit is in cu m\r\n  ,0       \"limit\"                      -- Preset Limit for Water Level above division wall.  Unit is in m\r\n  ,num_of_storage                       -- No. of Storage/Compartment\r\n  ,last_upd_user                        -- Last Update By (Username)\r\n  ,last_upd_post                        -- Last Update By (Post)\r\n  ,last_upd_dt                          -- Last Update Date\r\n  ,sr_name                              -- Service Reservoir Name \r\n  ,sr_cname                             -- Service Reservoir Chinese Name\r\n  ,localtimestamp as ods_update_time    -- Data Warehouse update Time\r\n  ,localtimestamp as ods_load_time      -- Data Warehouse load Time\r\nfrom sttss.sr","targetTable":"coss_ods.ods_sttss_rws_sr_df ","jobSpeedByte":0,"jobSpeedRecord":1000,"preStatements":["delete from coss_ods.ods_sttss_rws_sr_df "],"postStatements":[],"xms":1,"xmx":1},"taskParamList":[],"taskParamMap":null,"flag":"YES","taskPriority":"MEDIUM","userName":null,"projectName":null,"workerGroup":"default","environmentCode":18266283102112,"failRetryTimes":0,"failRetryInterval":1,"timeoutFlag":"CLOSE","timeoutNotifyStrategy":null,"timeout":0,"delayTime":0,"resourceIds":"","createTime":"2025-10-17 13:44:44","updateTime":"2025-11-04 19:48:52","modifyBy":null,"taskGroupId":0,"taskGroupPriority":0,"cpuQuota":-1,"memoryMax":-1,"taskExecuteType":"BATCH","operator":2,"operateTime":"2025-11-04 19:48:52"},{"id":3158,"code":19358896604064,"name":"ods_sttss_extract_raw_water_supply_day_datax_ods_sttss_rws_channel_flow_di_year_add","version":7,"description":"","projectCode":18420269861664,"userId":2,"taskType":"DATAX","taskParams":{"localParams":[],"resourceList":[],"customConfig":0,"dsType":"POSTGRESQL","dataSource":7,"dtType":"POSTGRESQL","dataTarget":4,"sql":"-- ****************************************************************************************\r\n-- source     system: STTSS(Smart Trunk Transfer Support System)\r\n-- function describe: Water transfer channels daily flow\r\n-- create         by: dongmaochen\r\n-- create       date: 2025-04-24\r\n-- modify date                modify by                    modify content\r\n-- None                       None                         None\r\n-- source table\r\n-- sttss.channel_flow\r\n-- target table\r\n-- coss_ods.ods_sttss_rws_channel_flow_di_year\r\n-- ****************************************************************************************\r\nselect\r\n  option_no                             -- Option No. of Water Transfer Channel being referenced\r\n  ,ch_id                                -- Water Transfer Channels being referenced\r\n  ,qty_del                              -- Quantity delivered of \"Water transfer channel. Unit is in Mld\r\n  ,scada_qty_del                        -- Quantity delivered of \"Water transfer channel. Unit is in Mld (SCADA)\r\n  ,m_code                               -- Defines how the channel water flow is measured\r\n  ,rec_dt                               -- Date of Record\r\n  ,remarks                              -- Remarks\r\n  ,submit_dt                            -- Submission Date\r\n  ,last_upd_user                        -- Last Update By (Username)\r\n  ,last_upd_post                        -- Last Update By (Post)\r\n  ,last_upd_dt                          -- Last Update Date\r\n  ,0 wl_m                               -- Water Level reading in meter\r\n  ,0 wl_mpd                             -- Water Level in mPD\r\n  ,localtimestamp as ods_update_time    -- Data Warehouse update Time\r\n  ,localtimestamp as ods_load_time      -- Data Warehouse load Time\r\n  ,to_char(rec_dt, 'yyyymmdd') dt       -- Daily Partitions\r\nfrom sttss.channel_flow\r\nwhere rec_dt >= to_date(${dt1},'yyyy-mm-dd')-30\r\n  and rec_dt < to_date(${dt1},'yyyy-mm-dd')+1","targetTable":"coss_ods.ods_sttss_rws_channel_flow_di_year","jobSpeedByte":0,"jobSpeedRecord":1000,"preStatements":[";delete from coss_ods.ods_sttss_rws_channel_flow_di_year\nwhere rec_dt >= to_date(${dt1},'yyyy-mm-dd')-200\n  and rec_dt < to_date(${dt1},'yyyy-mm-dd')+1"],"postStatements":[],"xms":1,"xmx":1},"taskParamList":[],"taskParamMap":null,"flag":"YES","taskPriority":"MEDIUM","userName":null,"projectName":null,"workerGroup":"default","environmentCode":17270889904672,"failRetryTimes":0,"failRetryInterval":1,"timeoutFlag":"CLOSE","timeoutNotifyStrategy":null,"timeout":0,"delayTime":0,"resourceIds":"","createTime":"2025-10-17 11:35:08","updateTime":"2025-11-04 19:48:52","modifyBy":null,"taskGroupId":0,"taskGroupPriority":0,"cpuQuota":-1,"memoryMax":-1,"taskExecuteType":"BATCH","operator":2,"operateTime":"2025-11-04 19:48:52"},{"id":3160,"code":19359086960672,"name":"ods_sttss_extract_raw_water_supply_day_datax_ods_sttss_rws_w_type_df_all","version":5,"description":"","projectCode":18420269861664,"userId":2,"taskType":"DATAX","taskParams":{"localParams":[],"resourceList":[],"customConfig":0,"dsType":"POSTGRESQL","dataSource":7,"dtType":"POSTGRESQL","dataTarget":4,"sql":"-- ****************************************************************************************\r\n-- source     system: STTSS(Smart Trunk Transfer Support System)\r\n-- function describe: Raw Water Type\r\n-- create         by: dongmaochen\r\n-- create       date: 2025-04-24\r\n-- modify date                modify by                    modify content\r\n-- None                       None                         None\r\n-- source table\r\n-- sttss.w_type\r\n-- target table\r\n-- coss_ods.ods_sttss_rws_w_type_df\r\n-- ****************************************************************************************\r\nselect \r\n  code                                  -- Possible Values{G - Guangdong, R - River, O - Others}\r\n  ,descrip                              -- Description of Raw Water Source\r\n  ,localtimestamp as ods_update_time    -- Data Warehouse update Time\r\n  ,localtimestamp as ods_load_time      -- Data Warehouse load Time\r\nfrom \r\nsttss.w_type","targetTable":"coss_ods.ods_sttss_rws_w_type_df ","jobSpeedByte":0,"jobSpeedRecord":1000,"preStatements":["delete from coss_ods.ods_sttss_rws_w_type_df "],"postStatements":[],"xms":1,"xmx":1},"taskParamList":[],"taskParamMap":null,"flag":"YES","taskPriority":"MEDIUM","userName":null,"projectName":null,"workerGroup":"default","environmentCode":18266283102112,"failRetryTimes":0,"failRetryInterval":1,"timeoutFlag":"CLOSE","timeoutNotifyStrategy":null,"timeout":0,"delayTime":0,"resourceIds":"","createTime":"2025-10-17 13:44:44","updateTime":"2025-11-04 19:48:52","modifyBy":null,"taskGroupId":0,"taskGroupPriority":0,"cpuQuota":-1,"memoryMax":-1,"taskExecuteType":"BATCH","operator":2,"operateTime":"2025-11-04 19:48:52"},{"id":3144,"code":19358897888800,"name":"ods_sttss_extract_raw_water_supply_day_datax_ods_sttss_rws_ir_df_all","version":4,"description":"","projectCode":18420269861664,"userId":2,"taskType":"DATAX","taskParams":{"localParams":[],"resourceList":[],"customConfig":0,"dsType":"POSTGRESQL","dataSource":7,"dtType":"POSTGRESQL","dataTarget":4,"sql":"-- ****************************************************************************************\r\n-- source     system: STTSS(Smart Trunk Transfer Support System)\r\n-- function describe: Impounding reservoir information\r\n-- create         by: dongmaochen\r\n-- create       date: 2025-04-24\r\n-- modify date                modify by                    modify content\r\n-- None                       None                         None\r\n-- source table\r\n-- sttss.ir \r\n-- target table\r\n-- coss_ods.ods_sttss_rws_ir_df\r\n-- ****************************************************************************************\r\nselect\r\n  ir_id                                 -- Impounding Reservoir ID with format IRNNNNNNNN\r\n  ,ig_id                                -- Impounding Reservoir Group being referenced\r\n  ,i_code                               -- Installation Code of Impounding Reservoir\r\n  ,rlabel                               -- Labels used in reports\r\n  ,level_type                           -- Possible Values: {\"A\" - Above TWL, \"B\" - Below TWL, \"P\" - APD}\r\n  ,level_unit                           -- Possible Values:{\"F\" - Feet / Inch, \"M\" - Meter}\r\n  ,dead_storage                         -- Dead Storage of an Impounding Reservoir.  Unit is in mcm\r\n  ,twl                                  -- TWL\r\n  ,capacity                             -- Capacity of IR.  Unit is in mcm\r\n  ,min_storage                          -- Allowable Minimum Storage.  Unit is in mcm\r\n  ,limit_m                              -- Preset Limit for Water Level.  Unit is in m\r\n  ,last_upd_user                        -- Last Update By (Username)\r\n  ,last_upd_post                        -- Last Update By (Post)\r\n  ,last_upd_dt                          -- Last Update Date\r\n  ,ir_name                              -- Impounding reservoir name\r\n  ,ir_cname                             -- Impounding Reservoir Chinese Name\r\n  ,localtimestamp as ods_update_time    -- Data Warehouse update Time\r\n  ,localtimestamp as ods_load_time      -- Data Warehouse load Time\r\nfrom sttss.ir ","targetTable":"coss_ods.ods_sttss_rws_ir_df","jobSpeedByte":0,"jobSpeedRecord":1000,"preStatements":["delete from coss_ods.ods_sttss_rws_ir_df"],"postStatements":[],"xms":1,"xmx":1},"taskParamList":[],"taskParamMap":null,"flag":"YES","taskPriority":"MEDIUM","userName":null,"projectName":null,"workerGroup":"default","environmentCode":18266283102112,"failRetryTimes":0,"failRetryInterval":1,"timeoutFlag":"CLOSE","timeoutNotifyStrategy":null,"timeout":0,"delayTime":0,"resourceIds":"","createTime":"2025-10-17 11:35:08","updateTime":"2025-11-04 19:48:52","modifyBy":null,"taskGroupId":0,"taskGroupPriority":0,"cpuQuota":-1,"memoryMax":-1,"taskExecuteType":"BATCH","operator":2,"operateTime":"2025-11-04 19:48:52"},{"id":3145,"code":19358632570272,"name":"ods_sttss_extract_raw_water_supply_day_datax_ods_sttss_rws_calc_df_all","version":4,"description":"","projectCode":18420269861664,"userId":2,"taskType":"DATAX","taskParams":{"localParams":[],"resourceList":[],"customConfig":0,"dsType":"POSTGRESQL","dataSource":7,"dtType":"POSTGRESQL","dataTarget":4,"sql":"-- ****************************************************************************************\r\n-- source     system: STTSS(Smart Trunk Transfer Support System)\r\n-- function describe: Calculation Lookup\r\n-- create         by: dongmaochen\r\n-- create       date: 2025-04-24\r\n-- modify date                modify by                    modify content\r\n-- None                       None                         None\r\n-- source table\r\n-- sttss.calc\r\n-- target table\r\n-- coss_ods.ods_sttss_rws_calc_df\r\n-- ****************************************************************************************\r\nselect\r\n  calc_id                               -- Calculation ID\r\n  ,ref_id                               -- Referenced Channel or Internal Circulation\r\n  ,usage                                -- Determines if the referenced Channel or Internal Circulation is used as summation or difference. Possible Values:{\"S\" - Sum, \"D\" - Difference}\r\n  ,last_upd_user                        -- Last Update By (Username)\r\n  ,last_upd_post                        -- Last Update By (Post)\r\n  ,last_upd_dt                          -- Last Update Date\r\n  ,localtimestamp as ods_update_time    -- Data Warehouse update Time\r\n  ,localtimestamp as ods_load_time      -- Data Warehouse load Time\r\nfrom sttss.calc","targetTable":"coss_ods.ods_sttss_rws_calc_df","jobSpeedByte":0,"jobSpeedRecord":1000,"preStatements":["delete from coss_ods.ods_sttss_rws_calc_df"],"postStatements":[],"xms":1,"xmx":1},"taskParamList":[],"taskParamMap":null,"flag":"YES","taskPriority":"MEDIUM","userName":null,"projectName":null,"workerGroup":"default","environmentCode":18266283102112,"failRetryTimes":0,"failRetryInterval":1,"timeoutFlag":"CLOSE","timeoutNotifyStrategy":null,"timeout":0,"delayTime":0,"resourceIds":"","createTime":"2025-10-17 10:57:11","updateTime":"2025-11-04 19:48:52","modifyBy":null,"taskGroupId":0,"taskGroupPriority":0,"cpuQuota":-1,"memoryMax":-1,"taskExecuteType":"BATCH","operator":2,"operateTime":"2025-11-04 19:48:52"},{"id":3147,"code":19359085043872,"name":"ods_sttss_extract_raw_water_supply_day_datax_ods_sttss_rws_region_df_all","version":5,"description":"","projectCode":18420269861664,"userId":2,"taskType":"DATAX","taskParams":{"localParams":[],"resourceList":[],"customConfig":0,"dsType":"POSTGRESQL","dataSource":7,"dtType":"POSTGRESQL","dataTarget":4,"sql":"-- ****************************************************************************************\r\n-- source     system: STTSS(Smart Trunk Transfer Support System)\r\n-- function describe: Region\r\n-- create         by: dongmaochen\r\n-- create       date: 2025-04-24\r\n-- modify date                modify by                    modify content\r\n-- None                       None                         None\r\n-- source table\r\n-- sttss.region\r\n-- target table\r\n-- coss_ods.ods_sttss_rws_region_df\r\n-- ****************************************************************************************\r\nselect \r\n  code                                  -- Region\r\n  ,descrip                              -- Possible Values: {\"HK\" - HK Island, \"K\" - Kowloon, \"NTE\" -  New Territories East, \"NTW\" - New Territories West}\r\n  ,cdescrip                             -- Description of Region\r\n  ,indicator                            -- Chinese Description of Region\r\n  ,last_upd_user                        -- Possible Values: {\"I\" - HK Island, \"M\" - Mainland} \r\n  ,last_upd_post                        -- Last Update By (Username)\r\n  ,last_upd_dt                          -- Last Update By (Post)\r\n  ,localtimestamp as ods_update_time    -- Data Warehouse update Time\r\n  ,localtimestamp as ods_load_time      -- Data Warehouse load Time\r\nfrom sttss.region","targetTable":"coss_ods.ods_sttss_rws_region_df ","jobSpeedByte":0,"jobSpeedRecord":1000,"preStatements":["delete from coss_ods.ods_sttss_rws_region_df "],"postStatements":[],"xms":1,"xmx":1},"taskParamList":[],"taskParamMap":null,"flag":"YES","taskPriority":"MEDIUM","userName":null,"projectName":null,"workerGroup":"default","environmentCode":18266283102112,"failRetryTimes":0,"failRetryInterval":1,"timeoutFlag":"CLOSE","timeoutNotifyStrategy":null,"timeout":0,"delayTime":0,"resourceIds":"","createTime":"2025-10-17 13:44:44","updateTime":"2025-11-04 19:48:52","modifyBy":null,"taskGroupId":0,"taskGroupPriority":0,"cpuQuota":-1,"memoryMax":-1,"taskExecuteType":"BATCH","operator":2,"operateTime":"2025-11-04 19:48:52"},{"id":3151,"code":19359084501152,"name":"ods_sttss_extract_raw_water_supply_day_datax_ods_sttss_sttss_rw_df_all","version":5,"description":"","projectCode":18420269861664,"userId":2,"taskType":"DATAX","taskParams":{"localParams":[],"resourceList":[],"customConfig":0,"dsType":"POSTGRESQL","dataSource":7,"dtType":"POSTGRESQL","dataTarget":4,"sql":"-- ****************************************************************************************\r\n-- source     system: STTSS(Smart Trunk Transfer Support System)\r\n-- function describe: Raw Water Source\r\n-- create         by: dongmaochen\r\n-- create       date: 2025-04-24\r\n-- modify date                modify by                    modify content\r\n-- None                       None                         None\r\n-- source table\r\n-- sttss.rw\r\n-- target table\r\n-- coss_ods.ods_sttss_rws_rw_df\r\n-- ****************************************************************************************\r\nselect \r\n  rw_id                                 -- Raw Water Source\r\n  ,rw_name                              -- Raw Water Source ID with format RWNNNNNNNN\r\n  ,rw_cname                             -- Name of Raw Water\r\n  ,rlabel                               -- Chinese Name of Raw Water\r\n  ,region                               -- Labels used in reports\r\n  ,source                               -- Region\r\n  ,last_upd_user                        -- Source of raw water\r\n  ,last_upd_post                        -- Last Update By (Username)\r\n  ,last_upd_dt                          -- Last Update By (Post)\r\n  ,localtimestamp as ods_update_time    -- Data Warehouse update Time\r\n  ,localtimestamp as ods_load_time      -- Data Warehouse load Time\r\nfrom \r\n  sttss.rw","targetTable":"coss_ods.ods_sttss_rws_rw_df ","jobSpeedByte":0,"jobSpeedRecord":1000,"preStatements":["delete from coss_ods.ods_sttss_rws_rw_df "],"postStatements":[],"xms":1,"xmx":1},"taskParamList":[],"taskParamMap":null,"flag":"YES","taskPriority":"MEDIUM","userName":null,"projectName":null,"workerGroup":"default","environmentCode":18266283102112,"failRetryTimes":0,"failRetryInterval":1,"timeoutFlag":"CLOSE","timeoutNotifyStrategy":null,"timeout":0,"delayTime":0,"resourceIds":"","createTime":"2025-10-17 13:44:44","updateTime":"2025-11-04 19:48:52","modifyBy":null,"taskGroupId":0,"taskGroupPriority":0,"cpuQuota":-1,"memoryMax":-1,"taskExecuteType":"BATCH","operator":2,"operateTime":"2025-11-04 19:48:52"},{"id":3154,"code":19358895885344,"name":"ods_sttss_extract_raw_water_supply_day_datax_ods_sttss_rws_channel_df_all","version":4,"description":"","projectCode":18420269861664,"userId":2,"taskType":"DATAX","taskParams":{"localParams":[],"resourceList":[],"customConfig":0,"dsType":"POSTGRESQL","dataSource":7,"dtType":"POSTGRESQL","dataTarget":4,"sql":"-- ****************************************************************************************\r\n-- subject     areas: Raw Water Supply\r\n-- function describe: Water transfer channels\r\n-- create         by: dongmaochen\r\n-- create       date: 2025-04-24\r\n-- modify date                modify by                    modify content\r\n-- None                       None                         None\r\n-- source table\r\n-- sttss.channel\r\n-- target table\r\n-- coss_ods.ods_sttss_rws_channel_df\r\n-- ****************************************************************************************\r\nselect\r\n  option_no                              -- Option No.\r\n  ,ch_id                                 -- System generated ID of a water transfer channel\r\n  ,src_id                                -- Source of Water Inflow\r\n  ,dest_id                               -- Destination of Water outflow\r\n  ,rlabel                                -- Labels used in reports\r\n  ,water_usage                           -- Water Usage\r\n  ,w_type                                -- Type of water maintained by the installation\r\n  ,calc_id                               -- Calculation logic being referenced by daily water transfer volume of channels\r\n  ,m_code                                -- Measured By\r\n  ,last_upd_user                         -- Last Update By (Username)\r\n  ,last_upd_post                         -- Last Update By (Post)\r\n  ,last_upd_dt                           -- Last Update Date\r\n  ,rlabelc                               -- Labels used in reports\r\n  ,localtimestamp as ods_update_time     -- Data Warehouse update Time\r\n  ,localtimestamp as ods_load_time       -- Data Warehouse load Time\r\nfrom\r\nsttss.channel","targetTable":"coss_ods.ods_sttss_rws_channel_df","jobSpeedByte":0,"jobSpeedRecord":1000,"preStatements":["delete from coss_ods.ods_sttss_rws_channel_df"],"postStatements":[],"xms":1,"xmx":1},"taskParamList":[],"taskParamMap":null,"flag":"YES","taskPriority":"MEDIUM","userName":null,"projectName":null,"workerGroup":"default","environmentCode":18266283102112,"failRetryTimes":0,"failRetryInterval":1,"timeoutFlag":"CLOSE","timeoutNotifyStrategy":null,"timeout":0,"delayTime":0,"resourceIds":"","createTime":"2025-10-17 11:35:08","updateTime":"2025-11-04 19:48:52","modifyBy":null,"taskGroupId":0,"taskGroupPriority":0,"cpuQuota":-1,"memoryMax":-1,"taskExecuteType":"BATCH","operator":2,"operateTime":"2025-11-04 19:48:52"},{"id":3159,"code":19359091957920,"name":"ods_sttss_extract_raw_water_supply_day_datax_ods_sttss_rws_gd_agr_supply_di_year_add","version":8,"description":"","projectCode":18420269861664,"userId":2,"taskType":"DATAX","taskParams":{"localParams":[],"resourceList":[],"customConfig":0,"dsType":"POSTGRESQL","dataSource":7,"dtType":"POSTGRESQL","dataTarget":4,"sql":"-- ****************************************************************************************\r\n-- source     system: STTSS(Smart Trunk Transfer Support System)\r\n-- function describe: Daily GD Water Supply\r\n-- create         by: dongmaochen\r\n-- create       date: 2025-04-24\r\n-- modify date                modify by                    modify content\r\n-- None                       None                         None\r\n-- source table\r\n-- sttss.gd_agr_supply\r\n-- target table\r\n-- coss_ods.ods_sttss_rws_gd_agr_supply_di_year\r\n-- ****************************************************************************************\r\nselect\r\n  rw_id                                 -- Raw water Source being referenced\r\n  ,hk_vol                               -- Volume at HK Side.  Unit is in mcm\r\n  ,gd_vol                               -- Volume at GD Side. Unit is in mcm\r\n  ,agr_vol                              -- Agreed volume.  Unit is in mcm\r\n  ,dis_vol                              -- Discharged volume.  Unit is in mcm\r\n  ,sz_wlevel                            -- Shen Zhen Water Level.  Unit is in m\r\n  ,dis_ind                              -- Possible Values:Y - Yes,N - No\r\n  ,rec_dt                               -- Date of record\r\n  ,submit_dt                            -- Submission Date\r\n  ,last_upd_user                        -- Last Update By (Username)\r\n  ,last_upd_post                        -- Last Update By (Post)\r\n  ,localtimestamp as ods_update_time    -- Data Warehouse update Time\r\n  ,localtimestamp as ods_load_time      -- Data Warehouse load Time\r\n  ,to_char(rec_dt, 'yyyymmdd') as dt    -- Daily Partitions\r\nfrom sttss.gd_agr_supply\r\nwhere rec_dt >= to_date(${dt1},'yyyy-mm-dd')-30\r\n  and rec_dt < to_date(${dt1},'yyyy-mm-dd')+1","targetTable":"coss_ods.ods_sttss_rws_gd_agr_supply_di_year","jobSpeedByte":0,"jobSpeedRecord":1000,"preStatements":[";delete from coss_ods.ods_sttss_rws_gd_agr_supply_di_year\nwhere rec_dt >= to_date(${dt1},'yyyy-mm-dd')-30\n  and rec_dt < to_date(${dt1},'yyyy-mm-dd')+1"],"postStatements":[],"xms":1,"xmx":1},"taskParamList":[],"taskParamMap":null,"flag":"YES","taskPriority":"MEDIUM","userName":null,"projectName":null,"workerGroup":"default","environmentCode":17270889904672,"failRetryTimes":0,"failRetryInterval":1,"timeoutFlag":"CLOSE","timeoutNotifyStrategy":null,"timeout":0,"delayTime":0,"resourceIds":"","createTime":"2025-10-17 13:44:44","updateTime":"2025-11-04 19:48:52","modifyBy":null,"taskGroupId":0,"taskGroupPriority":0,"cpuQuota":-1,"memoryMax":-1,"taskExecuteType":"BATCH","operator":2,"operateTime":"2025-11-04 19:48:52"},{"id":3162,"code":19358664908576,"name":"ods_sttss_extract_raw_water_supply_day_datax_ods_sttss_rws_ir_storage_di_year_add","version":7,"description":"","projectCode":18420269861664,"userId":2,"taskType":"DATAX","taskParams":{"localParams":[],"resourceList":[],"customConfig":0,"dsType":"POSTGRESQL","dataSource":7,"dtType":"POSTGRESQL","dataTarget":4,"sql":"-- ****************************************************************************************\r\n-- source     system: STTSS(Smart Trunk Transfer Support System)\r\n-- function describe: Daily impounding reservoir storage details\r\n-- create         by: dongmaochen\r\n-- create       date: 2025-04-24\r\n-- modify date                modify by                    modify content\r\n-- None                       None                         None\r\n-- source table\r\n-- sttss.ir_storage\r\n-- target table\r\n-- coss_ods.ods_sttss_rws_ir_storage_di_year\r\n-- ****************************************************************************************\r\nselect\r\n  ir_id                                 -- Impounding Reservior being referenced\r\n  ,wl_ft                                -- Water Level reading in feet\r\n  ,wl_in                                -- Water Level reading in inch\r\n  ,wl_m                                 -- Water Level reading in meter\r\n  ,wl_mpd                               -- Waler Level in mPD\r\n  ,scada_wl_mpd                         -- Waler Level in mPD (SCADA)\r\n  ,storage                              -- Storage of water in IR.  Unit is in mcm\r\n  ,remarks                              -- Remarks\r\n  ,rec_dt                               -- Date of record\r\n  ,submit_dt                            -- Submission Date\r\n  ,last_upd_user                        -- Last Update By (Username)\r\n  ,last_upd_post                        -- Last Update By (Post)\r\n  ,last_upd_dt                          -- Last Update Date\r\n  ,localtimestamp as ods_update_time    -- Data Warehouse update Time\r\n  ,localtimestamp as ods_load_time      -- Data Warehouse load Time\r\n  ,to_char(rec_dt, 'yyyymmdd') dt       -- Daily Partitions\r\nfrom sttss.ir_storage\r\nwhere rec_dt >= to_date(${dt1},'yyyy-mm-dd')-30\r\n  and rec_dt < to_date(${dt1},'yyyy-mm-dd')+1","targetTable":"coss_ods.ods_sttss_rws_ir_storage_di_year ","jobSpeedByte":0,"jobSpeedRecord":1000,"preStatements":[";delete from coss_ods.ods_sttss_rws_ir_storage_di_year \nwhere rec_dt >= to_date(${dt1},'yyyy-mm-dd')-30\n  and rec_dt < to_date(${dt1},'yyyy-mm-dd')+1"],"postStatements":[],"xms":1,"xmx":1},"taskParamList":[],"taskParamMap":null,"flag":"YES","taskPriority":"MEDIUM","userName":null,"projectName":null,"workerGroup":"default","environmentCode":17270889904672,"failRetryTimes":0,"failRetryInterval":1,"timeoutFlag":"CLOSE","timeoutNotifyStrategy":null,"timeout":0,"delayTime":0,"resourceIds":"","createTime":"2025-10-17 11:09:31","updateTime":"2025-11-04 19:48:52","modifyBy":null,"taskGroupId":0,"taskGroupPriority":0,"cpuQuota":-1,"memoryMax":-1,"taskExecuteType":"BATCH","operator":2,"operateTime":"2025-11-04 19:48:52"},{"id":3163,"code":19359096213408,"name":"ods_sttss_extract_raw_water_supply_day_datax_ods_sttss_rws_sps_flow_di_year_add","version":8,"description":"","projectCode":18420269861664,"userId":2,"taskType":"DATAX","taskParams":{"localParams":[],"resourceList":[],"customConfig":0,"dsType":"POSTGRESQL","dataSource":7,"dtType":"POSTGRESQL","dataTarget":4,"sql":"-- ****************************************************************************************\r\n-- source     system: STTSS(Smart Trunk Transfer Support System)\r\n-- function describe: Salt Water Pumping Station Volume\r\n-- create         by: dongmaochen\r\n-- create       date: 2025-04-24\r\n-- modify date                modify by                    modify content\r\n-- None                       None                         None\r\n-- source table\r\n-- sttss.sps_flow\r\n-- target table\r\n-- coss_ods.ods_sttss_rws_sps_flow_di_year\r\n-- ****************************************************************************************\r\nselect\r\n  ps_id                                 -- Pumping Station being referenced\r\n  ,qty                                  -- Quantity delivered by Salt water pumping station.  Unit is in Mld\r\n  ,scada_qty                            -- Quantity delivered by Salt water pumping station.  Unit is in Mld (SCADA)\r\n  ,rec_dt                               -- Date of record\r\n  ,remarks                              -- Remarks\r\n  ,submit_dt                            -- Submission Date\r\n  ,last_upd_user                        -- Last Update By (Username)\r\n  ,last_upd_post                        -- Last Update By (Post)\r\n  ,last_upd_dt                          -- Last Update Date\r\n  ,localtimestamp as ods_update_time    -- Data Warehouse update Time\r\n  ,localtimestamp as ods_load_time      -- Data Warehouse load Time\r\n  ,to_char(rec_dt, 'yyyymmdd')dt        -- Daily Partitions\r\nfrom sttss.sps_flow sf\r\nwhere rec_dt >= to_date(${dt1},'yyyy-mm-dd')-30\r\n  and rec_dt < to_date(${dt1},'yyyy-mm-dd')+1","targetTable":"coss_ods.ods_sttss_rws_sps_flow_di_year","jobSpeedByte":0,"jobSpeedRecord":1000,"preStatements":[";delete from coss_ods.ods_sttss_rws_sps_flow_di_year\nwhere rec_dt >= to_date(${dt1},'yyyy-mm-dd')-30\n  and rec_dt < to_date(${dt1},'yyyy-mm-dd')+1"],"postStatements":[],"xms":1,"xmx":1},"taskParamList":[],"taskParamMap":null,"flag":"YES","taskPriority":"MEDIUM","userName":null,"projectName":null,"workerGroup":"default","environmentCode":17270889904672,"failRetryTimes":0,"failRetryInterval":1,"timeoutFlag":"CLOSE","timeoutNotifyStrategy":null,"timeout":0,"delayTime":0,"resourceIds":"","createTime":"2025-10-17 13:44:44","updateTime":"2025-11-04 19:48:52","modifyBy":null,"taskGroupId":0,"taskGroupPriority":0,"cpuQuota":-1,"memoryMax":-1,"taskExecuteType":"BATCH","operator":2,"operateTime":"2025-11-04 19:48:52"}],"schedule":{"id":170,"processDefinitionCode":19358647168672,"processDefinitionName":null,"projectName":null,"definitionDescription":null,"startTime":"2025-11-06 00:00:00","endTime":"2140-11-06 00:00:00","timezoneId":"Asia/Shanghai","crontab":"59 59 23 * * ? *","failureStrategy":"CONTINUE","warningType":"NONE","createTime":"2025-11-06 22:12:14","updateTime":"2025-11-06 22:12:14","userId":2,"userName":null,"releaseState":"OFFLINE","warningGroupId":0,"processInstancePriority":"MEDIUM","workerGroup":"default","environmentCode":-1}}]