[{"processDefinition":{"id":926,"code":19550486101024,"name":"dim_rws_etl_raw_water_supply_day","version":4,"releaseState":"ONLINE","projectCode":18420269861664,"description":"Clean and load customer service related data in the dim layer","globalParams":"[]","globalParamList":[],"globalParamMap":{},"createTime":"2025-11-03 19:16:12","updateTime":"2025-11-06 22:31:45","flag":"YES","userId":2,"userName":null,"projectName":null,"locations":"[{\"taskCode\":19550557442592,\"x\":170,\"y\":186},{\"taskCode\":19550559114784,\"x\":160,\"y\":340},{\"taskCode\":19550560752800,\"x\":627,\"y\":320},{\"taskCode\":19550480438048,\"x\":170,\"y\":70},{\"taskCode\":19550559671584,\"x\":617,\"y\":70},{\"taskCode\":19550560259616,\"x\":627,\"y\":186},{\"taskCode\":19585161421472,\"x\":902,\"y\":229}]","scheduleReleaseState":null,"timeout":0,"tenantId":-1,"tenantCode":null,"modifyBy":null,"warningGroupId":0,"executionType":"PARALLEL"},"processTaskRelationList":[{"id":7748,"name":"","processDefinitionVersion":4,"projectCode":18420269861664,"processDefinitionCode":19550486101024,"preTaskCode":0,"preTaskVersion":0,"postTaskCode":19550559671584,"postTaskVersion":2,"conditionType":"NONE","conditionParams":{},"createTime":"2025-11-06 22:31:45","updateTime":"2025-11-06 22:31:45","operator":2,"operateTime":"2025-11-06 22:31:45"},{"id":7749,"name":"","processDefinitionVersion":4,"projectCode":18420269861664,"processDefinitionCode":19550486101024,"preTaskCode":0,"preTaskVersion":0,"postTaskCode":19550560259616,"postTaskVersion":2,"conditionType":"NONE","conditionParams":{},"createTime":"2025-11-06 22:31:45","updateTime":"2025-11-06 22:31:45","operator":2,"operateTime":"2025-11-06 22:31:45"},{"id":7752,"name":"","processDefinitionVersion":4,"projectCode":18420269861664,"processDefinitionCode":19550486101024,"preTaskCode":19550480438048,"preTaskVersion":3,"postTaskCode":19585161421472,"postTaskVersion":1,"conditionType":"NONE","conditionParams":{},"createTime":"2025-11-06 22:31:45","updateTime":"2025-11-06 22:31:45","operator":2,"operateTime":"2025-11-06 22:31:45"},{"id":7754,"name":"","processDefinitionVersion":4,"projectCode":18420269861664,"processDefinitionCode":19550486101024,"preTaskCode":19550559114784,"preTaskVersion":2,"postTaskCode":19585161421472,"postTaskVersion":1,"conditionType":"NONE","conditionParams":{},"createTime":"2025-11-06 22:31:45","updateTime":"2025-11-06 22:31:45","operator":2,"operateTime":"2025-11-06 22:31:45"},{"id":7744,"name":"","processDefinitionVersion":4,"projectCode":18420269861664,"processDefinitionCode":19550486101024,"preTaskCode":0,"preTaskVersion":0,"postTaskCode":19550557442592,"postTaskVersion":2,"conditionType":"NONE","conditionParams":{},"createTime":"2025-11-06 22:31:45","updateTime":"2025-11-06 22:31:45","operator":2,"operateTime":"2025-11-06 22:31:45"},{"id":7745,"name":"","processDefinitionVersion":4,"projectCode":18420269861664,"processDefinitionCode":19550486101024,"preTaskCode":0,"preTaskVersion":0,"postTaskCode":19550559114784,"postTaskVersion":2,"conditionType":"NONE","conditionParams":{},"createTime":"2025-11-06 22:31:45","updateTime":"2025-11-06 22:31:45","operator":2,"operateTime":"2025-11-06 22:31:45"},{"id":7746,"name":"","processDefinitionVersion":4,"projectCode":18420269861664,"processDefinitionCode":19550486101024,"preTaskCode":0,"preTaskVersion":0,"postTaskCode":19550560752800,"postTaskVersion":2,"conditionType":"NONE","conditionParams":{},"createTime":"2025-11-06 22:31:45","updateTime":"2025-11-06 22:31:45","operator":2,"operateTime":"2025-11-06 22:31:45"},{"id":7750,"name":"","processDefinitionVersion":4,"projectCode":18420269861664,"processDefinitionCode":19550486101024,"preTaskCode":19550560259616,"preTaskVersion":2,"postTaskCode":19585161421472,"postTaskVersion":1,"conditionType":"NONE","conditionParams":{},"createTime":"2025-11-06 22:31:45","updateTime":"2025-11-06 22:31:45","operator":2,"operateTime":"2025-11-06 22:31:45"},{"id":7755,"name":"","processDefinitionVersion":4,"projectCode":18420269861664,"processDefinitionCode":19550486101024,"preTaskCode":19550557442592,"preTaskVersion":2,"postTaskCode":19585161421472,"postTaskVersion":1,"conditionType":"NONE","conditionParams":{},"createTime":"2025-11-06 22:31:45","updateTime":"2025-11-06 22:31:45","operator":2,"operateTime":"2025-11-06 22:31:45"},{"id":7747,"name":"","processDefinitionVersion":4,"projectCode":18420269861664,"processDefinitionCode":19550486101024,"preTaskCode":0,"preTaskVersion":0,"postTaskCode":19550480438048,"postTaskVersion":3,"conditionType":"NONE","conditionParams":{},"createTime":"2025-11-06 22:31:45","updateTime":"2025-11-06 22:31:45","operator":2,"operateTime":"2025-11-06 22:31:45"},{"id":7751,"name":"","processDefinitionVersion":4,"projectCode":18420269861664,"processDefinitionCode":19550486101024,"preTaskCode":19550559671584,"preTaskVersion":2,"postTaskCode":19585161421472,"postTaskVersion":1,"conditionType":"NONE","conditionParams":{},"createTime":"2025-11-06 22:31:45","updateTime":"2025-11-06 22:31:45","operator":2,"operateTime":"2025-11-06 22:31:45"},{"id":7753,"name":"","processDefinitionVersion":4,"projectCode":18420269861664,"processDefinitionCode":19550486101024,"preTaskCode":19550560752800,"preTaskVersion":2,"postTaskCode":19585161421472,"postTaskVersion":1,"conditionType":"NONE","conditionParams":{},"createTime":"2025-11-06 22:31:45","updateTime":"2025-11-06 22:31:45","operator":2,"operateTime":"2025-11-06 22:31:45"}],"taskDefinitionList":[{"id":3304,"code":19585161421472,"name":"dim_to_dws","version":1,"description":"","projectCode":18420269861664,"userId":2,"taskType":"SUB_PROCESS","taskParams":{"localParams":[],"resourceList":[],"processDefinitionCode":19550647878944},"taskParamList":[],"taskParamMap":null,"flag":"YES","taskPriority":"MEDIUM","userName":null,"projectName":null,"workerGroup":"default","environmentCode":18266283102112,"failRetryTimes":0,"failRetryInterval":1,"timeoutFlag":"CLOSE","timeoutNotifyStrategy":null,"timeout":0,"delayTime":0,"resourceIds":"","createTime":"2025-11-06 22:31:45","updateTime":"2025-11-06 22:31:45","modifyBy":null,"taskGroupId":0,"taskGroupPriority":0,"cpuQuota":-1,"memoryMax":-1,"taskExecuteType":"BATCH","operator":2,"operateTime":"2025-11-06 22:31:45"},{"id":3296,"code":19550557442592,"name":"dim_rws_etl_raw_water_supply_day_sql_dim_ass_ir_df_all","version":2,"description":"","projectCode":18420269861664,"userId":2,"taskType":"SQL","taskParams":{"localParams":[],"resourceList":[],"type":"POSTGRESQL","datasource":4,"sql":"-- ****************************************************************************************\r\n-- subject     areas: Water Assets\r\n-- function describe: Impounding Reservoir Information\r\n-- create         by: dongmaochen\r\n-- create       date: 2025-04-14\r\n-- modify date                modify by                    modify content\r\n-- None                       None                         None\r\n-- source table\r\n-- coss_ods.ods_sttss_rws_ir_df\r\n-- coss_ods.ods_sttss_rws_ir_group_df\r\n-- coss_ods.ods_sttss_rws_region_df\r\n-- target table\r\n-- coss_dim.dim_ass_ir_df\r\n-- ****************************************************************************************\r\ndelete from coss_dim.dim_ass_ir_df\r\n;insert into coss_dim.dim_ass_ir_df\r\nselect\r\n  t1.ig_id           as ig_id            -- Impounding Reservoir Group ID with format IGNNNNNNNN\r\n  ,t1.ig_name        as ig_name          -- Name of Impounding Reservoir Group\r\n  ,t1.ig_cname       as ig_cname         -- Chinese Name of Impounding Reservoir Group\r\n  ,t1.rlabel         as ig_rpt_label     -- Labels used in reports\r\n  ,case\r\n  when t1.region = 'HK' then 'HKI'\r\n  else t1.region        end region_code  -- Region\r\n  ,t2.descrip        as region_name      -- Description of Region\r\n  ,t2.cdescrip       as region_cname     -- Chinese Description of Region\r\n  ,t2.indicator      as region_ind       -- Possible Values: {\"I\" - HK Island, \"M\" - Mainland}\r\n  ,t1.old_ind        as ig_ind           -- Indicates if Impounding Reservoir Group is old or new. Possible Values: {\"Y\" - Old, \"N\" - New}\r\n  ,t.ir_id           as ir_id            -- Impounding Reservoir ID with format IRNNNNNNNN\r\n  ,t.i_code          as i_code           -- Installation Code of Impounding Reservoir\r\n  ,t.rlabel          as ir_rpt_label     -- Labels used in reports\r\n  ,t.ir_name         as ir_name          -- Impounding reservoir name\r\n  ,t.ir_cname        as ir_cname         -- Impounding Reservoir Chinese Name\r\n  ,t.level_type      as level_type       -- Possible Values: {\"A\" - Above TWL, \"B\" - Below TWL, \"P\" - APD}\r\n  ,t.level_unit      as level_unit       -- Possible Values:{\"F\" - Feet / Inch, \"M\" - Meter}\r\n  ,t.dead_storage    as dead_storage     -- Dead Storage of an Impounding Reservoir.  Unit is in mcm\r\n  ,t.twl             as twl              -- TWL\r\n  ,t.capacity        as capacity         -- Capacity of IR.  Unit is in mcm\r\n  ,t.min_storage     as min_storage      -- Allowable Minimum Storage.  Unit is in mcm\r\n  ,t.limit_m         as limit_m          -- Preset Limit for Water Level.  Unit is in m\r\n  ,localtimestamp    as dim_update_time  -- Data Warehouse update Time\r\n  ,localtimestamp    as dim_load_time    -- Data Warehouse load Time\r\nfrom coss_ods.ods_sttss_rws_ir_df t\r\n  left join coss_ods.ods_sttss_rws_ir_group_df t1 on t.ig_id = t1.ig_id\r\n  left join coss_ods.ods_sttss_rws_region_df t2 on t1.region = t2.code","sqlType":"1","preStatements":[],"postStatements":[],"segmentSeparator":";","displayRows":10},"taskParamList":[],"taskParamMap":null,"flag":"YES","taskPriority":"MEDIUM","userName":null,"projectName":null,"workerGroup":"default","environmentCode":18266283102112,"failRetryTimes":0,"failRetryInterval":1,"timeoutFlag":"CLOSE","timeoutNotifyStrategy":null,"timeout":0,"delayTime":0,"resourceIds":"","createTime":"2025-11-03 19:32:55","updateTime":"2025-11-06 22:04:50","modifyBy":null,"taskGroupId":0,"taskGroupPriority":0,"cpuQuota":-1,"memoryMax":-1,"taskExecuteType":"BATCH","operator":2,"operateTime":"2025-11-06 22:04:50"},{"id":3298,"code":19550560752800,"name":"dim_rws_etl_raw_water_supply_day_sql_dim_ass_wtw_df_all","version":2,"description":"","projectCode":18420269861664,"userId":2,"taskType":"SQL","taskParams":{"localParams":[],"resourceList":[],"type":"POSTGRESQL","datasource":4,"sql":"-- ****************************************************************************************\r\n-- subject     areas: Water Assets\r\n-- function describe: Water Treatment Works Information\r\n-- create         by: dongmaochen\r\n-- create       date: 2025-04-14\r\n-- modify date                modify by                    modify content\r\n-- None                       None                         None\r\n-- source table\r\n-- coss_ods.ods_sttss_rws_wtw_df\r\n-- coss_ods.ods_sttss_rws_region_df\r\n-- target table\r\n-- coss_dim.dim_ass_wtw_df\r\n-- ****************************************************************************************\r\ndelete from coss_dim.dim_ass_wtw_df\r\n;insert into coss_dim.dim_ass_wtw_df\r\nselect\r\n  t.tw_id            as  tw_id              -- Water Treatment Works Information\r\n  ,t.i_code          as  i_code             -- Water Treatment Woks ID with format TWNNNNNNNN\r\n  ,t.tw_name         as  tw_name            -- Installation Code of Water Treatment Works\r\n  ,t.tw_cname        as  tw_cname           -- Water Treatment Works Name\r\n  ,t.rlabel          as  rpt_label          -- Water Treatment Works Chinese Name\r\n  ,case\r\n  when t.region = 'HK' then 'HKI'\r\n  else t.region  end as  region_code        -- Region Code\r\n  ,t1.descrip        as  region_name        -- Region\r\n  ,t1.cdescrip       as  region_cname       -- Description of Region\r\n  ,t1.indicator      as  region_ind         -- Chinese Description of Region\r\n  ,t.capacity        as  capacity           -- Possible Values: {\"I\" - HK Island, \"M\" - Mainland}\r\n  ,localtimestamp    as dim_update_time     -- Data Warehouse update Time\r\n  ,localtimestamp    as dim_load_time       -- Data Warehouse load Time\r\nfrom coss_ods.ods_sttss_rws_wtw_df t\r\n  left join coss_ods.ods_sttss_rws_region_df t1 on t.region = t1.code","sqlType":"1","preStatements":[],"postStatements":[],"segmentSeparator":";","displayRows":10},"taskParamList":[],"taskParamMap":null,"flag":"YES","taskPriority":"MEDIUM","userName":null,"projectName":null,"workerGroup":"default","environmentCode":18266283102112,"failRetryTimes":0,"failRetryInterval":1,"timeoutFlag":"CLOSE","timeoutNotifyStrategy":null,"timeout":0,"delayTime":0,"resourceIds":"","createTime":"2025-11-03 19:32:55","updateTime":"2025-11-06 22:04:50","modifyBy":null,"taskGroupId":0,"taskGroupPriority":0,"cpuQuota":-1,"memoryMax":-1,"taskExecuteType":"BATCH","operator":2,"operateTime":"2025-11-06 22:04:50"},{"id":3300,"code":19550480438048,"name":"dim_rws_etl_raw_water_supply_day_sql_dim_ass_channels_df","version":3,"description":"","projectCode":18420269861664,"userId":2,"taskType":"SQL","taskParams":{"localParams":[],"resourceList":[],"type":"POSTGRESQL","datasource":4,"sql":"-- ****************************************************************************************\r\n-- subject     areas: Water Assets\r\n-- function describe: Water Transfer Channels Information\r\n-- create         by: dongmaochen\r\n-- create       date: 2025-04-24\r\n-- modify date                modify by                    modify content\r\n-- None                       None                         None\r\n-- source table\r\n-- coss_ods.ods_sttss_rws_water_usage_df\r\n-- coss_ods.ods_sttss_rws_w_type_df\r\n-- coss_ods.ods_sttss_rws_calc_df\r\n-- coss_ods.ods_sttss_rws_measurement_df\r\n-- target table\r\n-- coss_dim.dim_ass_channels_df\r\n-- ****************************************************************************************\r\ndrop table if exists coss_tmp.tmp_dim_ass_channels_df_1\r\n;create table if not exists coss_tmp.tmp_dim_ass_channels_df_1 as \r\nselect\r\n  t.option_no      as  option_no       -- Option No.\r\n  ,t.ch_id         as  ch_id           -- System generated ID of a water transfer channel\r\n  ,t.src_id        as  src_id          -- Source of Water Inflow\r\n  ,t.dest_id       as  dest_id         -- Destination of Water outflow\r\n  ,t.rlabel        as  rlabel          -- Labels used in reports\r\n  ,t.water_usage   as  w_usage         -- Water Usage\r\n  ,t1.descrip      as  w_usage_desc    -- Possible Values: {\"Commissioning Test to Waste\", \"Commissioning Test to be Returned to System\", \"Augmented Supply for Flushing\", Commission Test to be Used for Consumption}\r\n  ,t.w_type        as  w_type          -- Type of water maintained by the installation\r\n  ,t2.descrip      as  w_type_desc     -- Description of Water Type\r\n  ,t.calc_id       as  calc_id         -- Calculation logic being referenced by daily water transfer volume of channels\r\n  ,t.m_code        as  meas_code       -- Measured By\r\nfrom \r\ncoss_ods.ods_sttss_rws_channel_df  t\r\n  left join coss_ods.ods_sttss_rws_water_usage_df  t1 on t.water_usage = t1.code\r\n  left join coss_ods.ods_sttss_rws_w_type_df  t2 on t.w_type = t2.code \r\n\r\n;delete from coss_dim.dim_ass_channels_df\r\n;insert into coss_dim.dim_ass_channels_df\r\nselect\r\n  t.option_no      as  option_no       -- Option No.\r\n  ,t.ch_id         as  ch_id           -- System generated ID of a water transfer channel\r\n  ,t.src_id        as  src_id          -- Source of Water Inflow\r\n  ,t.dest_id       as  dest_id         -- Destination of Water outflow\r\n  ,t.rlabel        as  rlabel          -- Labels used in reports\r\n  ,t.w_usage       as  w_usage         -- Water Usage\r\n  ,t.w_usage_desc  as  w_usage_desc    -- Possible Values: {\"Commissioning Test to Waste\", \"Commissioning Test to be Returned to System\", \"Augmented Supply for Flushing\", Commission Test to be Used for Consumption}\r\n  ,t.w_type        as  w_type          -- Type of water maintained by the installation\r\n  ,t.w_type_desc   as  w_type_desc     -- Description of Water Type\r\n  ,t.calc_id       as  calc_id         -- Calculation logic being referenced by daily water transfer volume of channels\r\n  ,t2.usage        as  calc_usage      -- Determines if the referenced Channel or Internal Circulation is used as summation or difference Possible Values:{\"S\" - Sum, \"D\" - Difference}\r\n  ,t.meas_code     as  meas_code       -- Measured By\r\n  ,t3.descrip      as  meas_desc       -- Description of Measurement\r\n  ,t3.cdescrip     as  meas_cdesc      -- Chinese Description of Measurement Type\r\n  ,localtimestamp  as  dim_update_time -- Data Warehouse update Time\r\n  ,localtimestamp  as  dim_load_time   -- Data Warehouse load Time\r\nfrom coss_tmp.tmp_dim_ass_channels_df_1 t\r\n  left join coss_ods.ods_sttss_rws_calc_df t2 on t.calc_id = t2.calc_id and t.ch_id = t2.ref_id\r\n  left join coss_ods.ods_sttss_rws_measurement_df t3 on t.meas_code =t3.code","sqlType":"1","preStatements":[],"postStatements":[],"segmentSeparator":";","displayRows":10},"taskParamList":[],"taskParamMap":null,"flag":"YES","taskPriority":"MEDIUM","userName":null,"projectName":null,"workerGroup":"default","environmentCode":18266283102112,"failRetryTimes":0,"failRetryInterval":1,"timeoutFlag":"CLOSE","timeoutNotifyStrategy":null,"timeout":0,"delayTime":0,"resourceIds":"","createTime":"2025-11-03 19:16:12","updateTime":"2025-11-06 22:04:50","modifyBy":null,"taskGroupId":0,"taskGroupPriority":0,"cpuQuota":-1,"memoryMax":-1,"taskExecuteType":"BATCH","operator":2,"operateTime":"2025-11-06 22:04:50"},{"id":3295,"code":19550559114784,"name":"dim_rws_etl_raw_water_supply_day_sql_dim_ass_ps_df_all","version":2,"description":"","projectCode":18420269861664,"userId":2,"taskType":"SQL","taskParams":{"localParams":[],"resourceList":[],"type":"POSTGRESQL","datasource":4,"sql":"-- ****************************************************************************************\r\n-- subject     areas: Water Assets\r\n-- function describe: Pumping station Information\r\n-- create         by: dongmaochen\r\n-- create       date: 2025-04-14\r\n-- modify date                modify by                    modify content\r\n-- None                       None                         None\r\n-- source table\r\n-- coss_ods.ods_sttss_rws_ps_df\r\n-- coss_ods.ods_sttss_rws_region_df\r\n-- coss_ods.ods_sttss_rws_w_type_df\r\n-- target table\r\n-- coss_dim.dim_ass_ps_df\r\n-- ****************************************************************************************\r\ndelete from coss_dim.dim_ass_ps_df\r\n;insert into coss_dim.dim_ass_ps_df\r\nselect\r\n  t.ps_id            as  ps_id              -- Pumping Station ID with format PSNNNNNNNN\r\n  ,t.i_code          as  i_code             -- Installation Code of Pumping Station\r\n  ,t.ps_name         as  ps_name            -- Pumping station name\r\n  ,t.ps_cname        as  ps_cname           -- Pumping Station Chinese Name\r\n  ,t.rlabel          as  rpt_label          -- Labels used in reports\r\n  ,case\r\n  when t.region = 'HK' then 'HKI'\r\n  else t.region        end region_code  -- Region\r\n  ,t1.descrip        as  region_name        -- Description of Region\r\n  ,t1.cdescrip       as  region_cname       -- Chinese Description of Region\r\n  ,t1.indicator      as  region_ind         -- Possible Values: {\"I\" - HK Island, \"M\" - Mainland}\r\n  ,t.w_type          as  w_type             -- Type of water maintained in the pumping station\r\n  ,t2.descrip        as  w_type_desc        -- Description of Water Type\r\n  ,t.repumping       as  repumping          -- Repumping\r\n  ,t.remark          as  remarks            -- Remarks\r\n  ,localtimestamp    as dim_update_time     -- Data Warehouse update Time\r\n  ,localtimestamp    as dim_load_time       -- Data Warehouse load Time\r\nfrom coss_ods.ods_sttss_rws_ps_df t\r\n  left join coss_ods.ods_sttss_rws_region_df t1  on t.region = t1.code\r\n  left join coss_ods.ods_sttss_rws_w_type_df t2  on t.w_type = t2.code","sqlType":"1","preStatements":[],"postStatements":[],"segmentSeparator":";","displayRows":10},"taskParamList":[],"taskParamMap":null,"flag":"YES","taskPriority":"MEDIUM","userName":null,"projectName":null,"workerGroup":"default","environmentCode":18266283102112,"failRetryTimes":0,"failRetryInterval":1,"timeoutFlag":"CLOSE","timeoutNotifyStrategy":null,"timeout":0,"delayTime":0,"resourceIds":"","createTime":"2025-11-03 19:32:55","updateTime":"2025-11-06 22:04:50","modifyBy":null,"taskGroupId":0,"taskGroupPriority":0,"cpuQuota":-1,"memoryMax":-1,"taskExecuteType":"BATCH","operator":2,"operateTime":"2025-11-06 22:04:50"},{"id":3297,"code":19550559671584,"name":"dim_rws_etl_raw_water_supply_day_sql_dim_ass_rw_src_df_all","version":2,"description":"","projectCode":18420269861664,"userId":2,"taskType":"SQL","taskParams":{"localParams":[],"resourceList":[],"type":"POSTGRESQL","datasource":4,"sql":"-- ****************************************************************************************\r\n-- subject     areas: Water Assets\r\n-- function describe: Raw Water Source Information\r\n-- create         by: dongmaochen\r\n-- create       date: 2025-04-14\r\n-- modify date                modify by                    modify content\r\n-- None                       None                         None\r\n-- source table\r\n-- coss_ods.ods_sttss_rws_ir_group_df\r\n-- coss_ods.ods_sttss_rws_region_df\r\n-- coss_ods.ods_sttss_rws_rw_df\r\n-- coss_ods.ods_sttss_rws_rw_type_df\r\n-- target table\r\n-- coss_dim.dim_ass_rw_src_df\r\n-- ****************************************************************************************\r\n;drop table if exists coss_tmp.tmp_dim_ass_rw_src_df_1\r\n;create table if not exists coss_tmp.tmp_dim_ass_rw_src_df_1 as\r\nselect\r\n    ig_id               as rw_id               -- Raw Water Source ID with format RWNNNNNNNN\r\n    ,ig_name            as rw_name             -- Name of Raw Water\r\n    ,ig_cname           as rw_cname            -- Chinese Name of Raw Water\r\n    ,rlabel             as rpt_label           -- Labels used in reports\r\n    ,region             as region_code         -- Region Code\r\n    ,descrip            as region_name         -- Description of Region\r\n    ,cdescrip           as region_cname        -- Chinese Description of Region\r\n    ,indicator          as region_ind          -- Possible Values: {\"I\" - HK Island, \"M\" - Mainland}\r\n    ,old_ind            as ig_ind              -- Indicates if Impounding Reservoir Group is old or new. Possible Values: {\"Y\" - Old, \"N\" - New}\r\n    ,'O'                as source_rw           -- Source of raw water\r\n    ,'Others'           as source_desc         -- Description of Raw Water Source\r\nfrom coss_ods.ods_sttss_rws_ir_group_df t\r\n  left join coss_ods.ods_sttss_rws_region_df t1 on t.region = t1.code\r\n\r\n;drop table if exists coss_tmp.tmp_dim_ass_rw_src_df_2\r\n;create table if not exists coss_tmp.tmp_dim_ass_rw_src_df_2 as\r\nselect\r\n    t.rw_id             as rw_id             -- Raw Water Source ID with format RWNNNNNNNN\r\n    ,t.rw_name          as rw_name           -- Name of Raw Water\r\n    ,t.rw_cname         as rw_cname          -- Chinese Name of Raw Water\r\n    ,t.rlabel           as rpt_label         -- Labels used in reports\r\n    ,t.region           as region_code       -- Region Code\r\n    ,t1.descrip         as region_name       -- Description of Region\r\n    ,t1.cdescrip        as region_cname      -- Chinese Description of Region\r\n    ,t1.indicator       as region_ind        -- Possible Values: {\"I\" - HK Island, \"M\" - Mainland}\r\n    ,' '                as ig_ind            -- Indicates if Impounding Reservoir Group is old or new. Possible Values: {\"Y\" - Old, \"N\" - New}\r\n    ,t.source           as source_rw         -- Source of raw water\r\n    ,t2.descrip         as source_desc       -- Description of Raw Water Source\r\nfrom coss_ods.ods_sttss_rws_rw_df t\r\n  left join coss_ods.ods_sttss_rws_region_df t1 on t.region = t1.code\r\n  left join coss_ods.ods_sttss_rws_rw_type_df t2 on t.source = t2.code\r\n\r\n;delete from coss_dim.dim_ass_rw_src_df\r\n;insert into coss_dim.dim_ass_rw_src_df\r\nselect\r\n    rw_id             -- Raw Water Source ID with format RWNNNNNNNN\r\n    ,rw_name          -- Name of Raw Water\r\n    ,rw_cname         -- Chinese Name of Raw Water\r\n    ,rpt_label        -- Labels used in reports\r\n    ,region_code      -- Region Code\r\n    ,region_name      -- Description of Region\r\n    ,region_cname     -- Chinese Description of Region\r\n    ,region_ind       -- Possible Values: {\"I\" - HK Island, \"M\" - Mainland}\r\n    ,ig_ind           -- Indicates if Impounding Reservoir Group is old or new. Possible Values: {\"Y\" - Old, \"N\" - New}\r\n    ,source_rw        -- Source of raw water\r\n    ,source_desc      -- Description of Raw Water Source\r\n    ,dim_update_time  -- Data Warehouse update Time\r\n    ,dim_load_time    -- Data Warehouse load Time\r\nfrom\r\n(\r\nselect\r\n    rw_id                               -- Raw Water Source ID with format RWNNNNNNNN\r\n    ,rw_name                            -- Name of Raw Water\r\n    ,rw_cname                           -- Chinese Name of Raw Water\r\n    ,rpt_label                          -- Labels used in reports\r\n    ,case\r\n    when region_code = 'HK' then 'HKI'\r\n    else region_code  end region_code  -- Region Code\r\n    ,region_name                        -- Description of Region\r\n    ,region_cname                       -- Chinese Description of Region\r\n    ,region_ind                         -- Possible Values: {\"I\" - HK Island, \"M\" - Mainland}\r\n    ,ig_ind                             -- Indicates if Impounding Reservoir Group is old or new. Possible Values: {\"Y\" - Old, \"N\" - New}\r\n    ,source_rw                          -- Source of raw water\r\n    ,source_desc                        -- Description of Raw Water Source\r\n    ,localtimestamp as dim_update_time  -- Data Warehouse update Time\r\n    ,localtimestamp as dim_load_time    -- Data Warehouse load Time\r\nfrom coss_tmp.tmp_dim_ass_rw_src_df_1\r\n)\r\nunion all\r\n(\r\nselect\r\n    rw_id                               -- Raw Water Source ID with format RWNNNNNNNN\r\n    ,rw_name                            -- Name of Raw Water\r\n    ,rw_cname                           -- Chinese Name of Raw Water\r\n    ,rpt_label                          -- Labels used in reports\r\n    ,case\r\n    when region_code = 'HK' then 'HKI'\r\n    else region_code  end region_code  -- Region Code\r\n    ,region_name                        -- Description of Region\r\n    ,region_cname                       -- Chinese Description of Region\r\n    ,region_ind                         -- Possible Values: {\"I\" - HK Island, \"M\" - Mainland}\r\n    ,ig_ind                             -- Indicates if Impounding Reservoir Group is old or new. Possible Values: {\"Y\" - Old, \"N\" - New}\r\n    ,source_rw                          -- Source of raw water\r\n    ,source_desc                        -- Description of Raw Water Source\r\n    ,localtimestamp as dim_update_time  -- Data Warehouse update Time\r\n    ,localtimestamp as dim_load_time    -- Data Warehouse load Time\r\nfrom coss_tmp.tmp_dim_ass_rw_src_df_2\r\n)","sqlType":"1","preStatements":[],"postStatements":[],"segmentSeparator":";","displayRows":10},"taskParamList":[],"taskParamMap":null,"flag":"YES","taskPriority":"MEDIUM","userName":null,"projectName":null,"workerGroup":"default","environmentCode":18266283102112,"failRetryTimes":0,"failRetryInterval":1,"timeoutFlag":"CLOSE","timeoutNotifyStrategy":null,"timeout":0,"delayTime":0,"resourceIds":"","createTime":"2025-11-03 19:32:55","updateTime":"2025-11-06 22:04:50","modifyBy":null,"taskGroupId":0,"taskGroupPriority":0,"cpuQuota":-1,"memoryMax":-1,"taskExecuteType":"BATCH","operator":2,"operateTime":"2025-11-06 22:04:50"},{"id":3299,"code":19550560259616,"name":"dim_rws_etl_raw_water_supply_day_sql_dim_ass_sr_df_all","version":2,"description":"","projectCode":18420269861664,"userId":2,"taskType":"SQL","taskParams":{"localParams":[],"resourceList":[],"type":"POSTGRESQL","datasource":4,"sql":"-- ****************************************************************************************\r\n-- subject     areas: Water Assets\r\n-- function describe: Service Reservoir Information\r\n-- create         by: dongmaochen\r\n-- create       date: 2025-04-14\r\n-- modify date                modify by                    modify content\r\n-- None                       None                         None\r\n-- source table\r\n-- coss_ods.ods_sttss_rws_sr_df\r\n-- coss_ods.ods_sttss_rws_region_df\r\n-- coss_ods.ods_sttss_rws_w_type_df\r\n-- target table\r\n-- coss_dim.dim_ass_sr_df\r\n-- ****************************************************************************************\r\ndelete from coss_dim.dim_ass_sr_df\r\n;insert into coss_dim.dim_ass_sr_df\r\nselect\r\n  t.sr_id             as  sr_id            -- Service Reservoir ID with format SRNNNNNNNN\r\n  ,t.i_code           as  i_code           -- Installation Code of Service Reservoir\r\n  ,t.sr_name          as  sr_name          -- Service Reservoir Name\r\n  ,t.sr_cname         as  sr_cname         -- Service Reservoir Chinese Name\r\n  ,t.rlabel           as  rpt_label        -- Labels used in reports\r\n  ,case\r\n  when t.region = 'HK' then 'HKI'\r\n  else t.region  end  as  region_code      -- Region Code\r\n  ,t1.descrip         as  region_name      -- Description of Region\r\n  ,t1.cdescrip        as  region_cname     -- Chinese Description of Region\r\n  ,t1.indicator       as  region_ind       -- Possible Values: {\"I\" - HK Island, \"M\" - Mainland}\r\n  ,t.w_type           as  w_type           -- Type of water maintained by the service reservoir\r\n  ,t2.descrip         as  w_type_desc      -- Description of Water Type\r\n  ,t.div_height       as  div_height       -- Height of Division Wall.  Unit is in m\r\n  ,t.capacity         as  capacity         -- Capacity of Service Reservoir.  Unit is in cu m\r\n  ,t.limit            as  w_lim            -- Preset Limit for Water Level above division wall.  Unit is in m\r\n  ,t.num_of_storage   as  num_of_storag    -- No. of Storage/Compartment\r\n  ,localtimestamp     as dim_update_time   -- Data Warehouse update Time\r\n  ,localtimestamp     as dim_load_time     -- Data Warehouse load Time\r\nfrom coss_ods.ods_sttss_rws_sr_df t\r\n  left join coss_ods.ods_sttss_rws_region_df t1  on t.region = t1.code\r\n  left join coss_ods.ods_sttss_rws_w_type_df t2  on t.w_type = t2.code","sqlType":"1","preStatements":[],"postStatements":[],"segmentSeparator":";","displayRows":10},"taskParamList":[],"taskParamMap":null,"flag":"YES","taskPriority":"MEDIUM","userName":null,"projectName":null,"workerGroup":"default","environmentCode":18266283102112,"failRetryTimes":0,"failRetryInterval":1,"timeoutFlag":"CLOSE","timeoutNotifyStrategy":null,"timeout":0,"delayTime":0,"resourceIds":"","createTime":"2025-11-03 19:32:55","updateTime":"2025-11-06 22:04:50","modifyBy":null,"taskGroupId":0,"taskGroupPriority":0,"cpuQuota":-1,"memoryMax":-1,"taskExecuteType":"BATCH","operator":2,"operateTime":"2025-11-06 22:04:50"}],"schedule":null}]