[{"processDefinition":{"id":928,"code":19550647878944,"name":"dws_rws_etl_raw_water_supply_day","version":8,"releaseState":"ONLINE","projectCode":18420269861664,"description":"Clean and load customer service related data in the dws layer","globalParams":"[{\"prop\":\"dt1\",\"value\":\"$[yyyyMMdd-1]\",\"direct\":\"IN\",\"type\":\"VARCHAR\"}]","globalParamList":[{"prop":"dt1","direct":"IN","type":"VARCHAR","value":"$[yyyyMMdd-1]"}],"globalParamMap":{"dt1":"$[yyyyMMdd-1]"},"createTime":"2025-11-03 19:37:16","updateTime":"2025-11-06 22:46:51","flag":"YES","userId":2,"userName":null,"projectName":null,"locations":"[{\"taskCode\":19551264513824,\"x\":520,\"y\":230},{\"taskCode\":19551262959136,\"x\":170,\"y\":220},{\"taskCode\":19550638827680,\"x\":160,\"y\":70},{\"taskCode\":19551263754656,\"x\":510,\"y\":80}]","scheduleReleaseState":null,"timeout":0,"tenantId":-1,"tenantCode":null,"modifyBy":null,"warningGroupId":0,"executionType":"PARALLEL"},"processTaskRelationList":[{"id":7756,"name":"","processDefinitionVersion":8,"projectCode":18420269861664,"processDefinitionCode":19550647878944,"preTaskCode":0,"preTaskVersion":0,"postTaskCode":19551264513824,"postTaskVersion":2,"conditionType":"NONE","conditionParams":{},"createTime":"2025-11-06 22:46:51","updateTime":"2025-11-06 22:46:51","operator":2,"operateTime":"2025-11-06 22:46:51"},{"id":7757,"name":"","processDefinitionVersion":8,"projectCode":18420269861664,"processDefinitionCode":19550647878944,"preTaskCode":0,"preTaskVersion":0,"postTaskCode":19551262959136,"postTaskVersion":2,"conditionType":"NONE","conditionParams":{},"createTime":"2025-11-06 22:46:51","updateTime":"2025-11-06 22:46:51","operator":2,"operateTime":"2025-11-06 22:46:51"},{"id":7758,"name":"","processDefinitionVersion":8,"projectCode":18420269861664,"processDefinitionCode":19550647878944,"preTaskCode":0,"preTaskVersion":0,"postTaskCode":19550638827680,"postTaskVersion":3,"conditionType":"NONE","conditionParams":{},"createTime":"2025-11-06 22:46:51","updateTime":"2025-11-06 22:46:51","operator":2,"operateTime":"2025-11-06 22:46:51"},{"id":7759,"name":"","processDefinitionVersion":8,"projectCode":18420269861664,"processDefinitionCode":19550647878944,"preTaskCode":0,"preTaskVersion":0,"postTaskCode":19551263754656,"postTaskVersion":3,"conditionType":"NONE","conditionParams":{},"createTime":"2025-11-06 22:46:51","updateTime":"2025-11-06 22:46:51","operator":2,"operateTime":"2025-11-06 22:46:51"}],"taskDefinitionList":[{"id":3305,"code":19551262959136,"name":"dws_rws_etl_raw_water_supply_day_sql_dws_rws_rw_supply_detail_dip_add","version":2,"description":"","projectCode":18420269861664,"userId":2,"taskType":"SQL","taskParams":{"localParams":[],"resourceList":[],"type":"POSTGRESQL","datasource":4,"sql":"-- ****************************************************************************************\r\n-- subject     areas: Raw Water Supply\r\n-- function describe: Raw Water Supply Daily Volume Detail\r\n-- create         by: dongmaochen\r\n-- create       date: 2025-04-14\r\n-- modify date                modify by                    modify content\r\n-- None                       None                         None\r\n-- source table\r\n-- coss_dwd.dwd_rws_channel_flow_detail_di_year\r\n-- coss_dwd.dwd_rws_ir_storage_detail_di_year\r\n-- coss_dwd.dwd_rws_pqty_detail_di_year\r\n-- coss_dim.dim_ass_ir_df\r\n-- coss_dim.dim_ass_rw_src_df\r\n-- target table\r\n-- coss_dws.dws_rws_rw_supply_detail_di_year\r\n-- ****************************************************************************************\r\n;drop table if exists coss_tmp.tmp_dws_rws_rw_supply_detail_di_year_1\r\n;create table if not exists coss_tmp.tmp_dws_rws_rw_supply_detail_di_year_1 as\r\nselect\r\n  t_a.rw_id                            as rw_id\r\n--  ,ifnull(t_d.p_qty, 0)                as p_qty\r\n  ,t_a.qty_del                         as qty_del\r\n  ,ifnull(t_b.present_storage, 0)*1000 as present_storage\r\n  ,ifnull(t_c.capacity, 0)*1000        as capacity\r\n  ,ifnull(t_c.min_storage, 0)*1000     as min_storage\r\n  ,t_a.rec_dt                          as rec_dt\r\n  ,t_a.dt                              as dt\r\nfrom\r\n (\r\n -- Calculation For Quantity delivered of Raw Water\r\nselect\r\n  t.src_id                 as rw_id\r\n  ,rec_dt                  as rec_dt\r\n  ,dt                      as dt\r\n  ,sum(ifnull(qty_del,0))  as qty_del\r\nfrom coss_dwd.dwd_rws_channel_flow_detail_di_year t\r\nwhere (left(src_id,2)= 'IG' or left(src_id,2) = 'RW' )\r\n   and left(dest_id,2) != 'IG'\r\n   and rec_dt >= to_date(${dt1},'yyyy-mm-dd')-30\r\n  and rec_dt < to_date(${dt1},'yyyy-mm-dd')+1\r\ngroup  by\r\n  t.src_id\r\n  ,rec_dt\r\n  ,dt\r\n  ) t_a\r\n left join\r\n (\r\n  -- Calculation For Impounding Reservoir Group Storage At Present\r\n  select\r\n    t.ig_id               as ig_id\r\n    ,t.rec_dt             as rec_dt\r\n    ,sum(present_storage) as present_storage\r\n from coss_dwd.dwd_rws_ir_storage_detail_di_year t\r\n where rec_dt >= to_date(${dt1},'yyyy-mm-dd')-30\r\n  and rec_dt < to_date(${dt1},'yyyy-mm-dd')+1\r\ngroup by\r\n  t.ig_id\r\n  ,t.rec_dt\r\n )t_b on t_a.rw_id = t_b.ig_id and t_a.rec_dt = t_b.rec_dt\r\n left join (\r\n select\r\n  t.ig_id           as ig_id\r\n  ,sum(t.capacity)  as capacity\r\n  ,sum(min_storage) as min_storage\r\nfrom coss_dim.dim_ass_ir_df t\r\ngroup by\r\n  t.ig_id\r\n )t_c on t_a.rw_id = t_c.ig_id\r\n\r\n;drop table if exists coss_tmp.tmp_dws_rws_rw_supply_detail_di_year_2\r\n;create table if not exists coss_tmp.tmp_dws_rws_rw_supply_detail_di_year_2 as\r\n select\r\n  t.rw_id                            as rw_id\r\n  ,ifnull(t1.p_qty, 0)               as p_qty\r\n  ,t.qty_del                         as qty_del\r\n  ,t.present_storage                 as present_storage\r\n  ,t.capacity                        as capacity\r\n  ,t.min_storage                     as min_storage\r\n  ,t.rec_dt                          as rec_dt\r\nfrom coss_tmp.tmp_dws_rws_rw_supply_detail_di_year_1 t\r\nleft join (\r\nselect\r\n  t.ref_id\r\n  ,t.ref_entity\r\n  ,t.p_qty\r\n  ,t.start_dt\r\n  ,t.end_dt\r\n from coss_dwd.dwd_rws_pqty_detail_di_year t\r\n where  ref_entity in ('RW','IR_GROUP')\r\n      and mh >= to_char(add_months(to_date(${dt1},'yyyy-mm-dd'),-12),'yyyymm')\r\n      and mh <= round(${dt1}/100,0)\r\n) t1 on t.rw_id = t1.ref_id and t.rec_dt >= t1.start_dt and t.rec_dt <= t1.end_dt\r\n\r\n;delete from coss_dws.dws_rws_rw_supply_detail_di_year \r\nwhere  rec_dt >= to_date(${dt1},'yyyy-mm-dd')-30\r\n  and rec_dt < to_date(${dt1},'yyyy-mm-dd')+1\r\n;insert into coss_dws.dws_rws_rw_supply_detail_di_year\r\nselect\r\n   t1.rw_id                       as rw_id            -- Raw Water Source ID with format RWNNNNNNNN\r\n   ,t1.rw_name                    as rw_name          -- Name of Raw Water\r\n   ,t1.rw_cname                   as rw_cname         -- Chinese Name of Raw Water\r\n   ,t1.rpt_label                  as rpt_label        -- Labels used in reports\r\n   ,t1.region_code                as region_code      -- Region Code\r\n   ,t1.region_name                as region_name      -- Description of Region\r\n   ,t1.region_cname               as region_cname     -- Chinese Description of Region\r\n   ,t1.region_ind                 as region_ind       -- Possible Values: {\"I\" - HK Island, \"M\" - Mainland}\r\n   ,t1.ig_ind                     as ig_ind           -- Indicates if Impounding Reservoir Group is old or new. Possible Values: {\"Y\" - Old, \"N\" - New}\r\n   ,t1.source_rw                  as source_rw        -- Source of raw water\r\n   ,t1.source_desc                as source_desc      -- Description of Raw Water Source\r\n   ,t.p_qty                       as p_qty            -- Proposed Quantity.  Unit is Mld\r\n   ,t.qty_del                     as qty_del          -- Quantity delivered of Water transfer channel. Unit is in Mld\r\n   ,t.present_storage             as present_storage  -- Storage of water in IR At Present.  Unit is Mld\r\n   ,t.capacity                    as capacity         -- Capacity of IR.  Unit is Mld\r\n   ,t.min_storage                 as min_storage      -- Allowable Minimum Storage.  Unit is Mld\r\n   ,t.rec_dt                      as rec_dt           -- Date of Record\r\n   ,localtimestamp                as dws_update_time  -- Data Warehouse update Time\r\n   ,localtimestamp                as dws_load_time    -- Data Warehouse load Time\r\n   ,to_char(t.rec_dt, 'yyyymmdd') as dt               -- Daily Partitions\r\nfrom coss_tmp.tmp_dws_rws_rw_supply_detail_di_year_2 t\r\ninner join coss_dim.dim_ass_rw_src_df t1 on t.rw_id = t1.rw_id","sqlType":"1","preStatements":[],"postStatements":[],"segmentSeparator":";","displayRows":10},"taskParamList":[],"taskParamMap":null,"flag":"YES","taskPriority":"MEDIUM","userName":null,"projectName":null,"workerGroup":"default","environmentCode":18266283102112,"failRetryTimes":0,"failRetryInterval":1,"timeoutFlag":"CLOSE","timeoutNotifyStrategy":null,"timeout":0,"delayTime":0,"resourceIds":"","createTime":"2025-11-03 20:58:40","updateTime":"2025-11-06 22:46:51","modifyBy":null,"taskGroupId":0,"taskGroupPriority":0,"cpuQuota":-1,"memoryMax":-1,"taskExecuteType":"BATCH","operator":2,"operateTime":"2025-11-06 22:46:51"},{"id":3030,"code":19551263754656,"name":"dws_rws_etl_raw_water_supply_day_sql_dws_rws_sw_supply_detail_di_year_add","version":3,"description":"","projectCode":18420269861664,"userId":2,"taskType":"SQL","taskParams":{"localParams":[],"resourceList":[],"type":"POSTGRESQL","datasource":4,"sql":"-- ****************************************************************************************\r\n-- subject     areas: Raw Water Supply\r\n-- function describe: Salt Water Supply Detail\r\n-- create         by: dongmaochen\r\n-- create       date: 2025-04-14\r\n-- modify date                modify by                    modify content\r\n-- None                       None                         None\r\n-- source table\r\n-- coss_dwd.dwd_rws_sw_supply_detail_di_year\r\n-- coss_dim.dim_ass_ps_df\r\n-- target table\r\n-- coss_dws.dws_rws_sw_supply_detail_di_year\r\n-- ****************************************************************************************\r\n\r\ndelete from coss_dws.dws_rws_sw_supply_detail_di_year\r\nwhere rec_dt >= to_date(${dt1},'yyyy-mm-dd')-30\r\n  and rec_dt < to_date(${dt1},'yyyy-mm-dd')+1\r\n;insert into coss_dws.dws_rws_sw_supply_detail_di_year\r\nselect\r\n  t1.ps_id                        as  ps_id                      -- Pumping Station ID with format PSNNNNNNNN\r\n  ,t1.i_code                      as  i_code                     -- Installation Code of Pumping Station\r\n  ,t1.ps_name                     as  ps_name                    -- Pumping station name\r\n  ,t1.ps_cname                    as  ps_cname                   -- Pumping Station Chinese Name\r\n  ,t1.rpt_label                   as  rpt_label                  -- Labels used in reports\r\n  ,t1.region_code                 as  region_code                -- Region\r\n  ,t1.region_name                 as  region_name                -- Description of Region\r\n  ,t1.region_cname                as  region_cname               -- Chinese Description of Region\r\n  ,t1.region_ind                  as  region_ind                 -- Possible Values: {\"I\" - HK Island, \"M\" - Mainland}\r\n  ,t1.w_type                      as  w_type                     -- Type of water maintained in the pumping station\r\n  ,t1.w_type_desc                 as  w_type_desc                -- Description of Water Type\r\n  ,t1.repumping                   as  repumping                  -- Repumping\r\n  ,t1.remarks                     as  remarks                    -- Remarks\r\n  ,t.sw_pump_sys_id               as  sw_pump_sys_id             -- Salt Water Pumping System ID with format SPNNNNNNNN\r\n  ,t.sw_pump_sys_name             as  sw_pump_sys_name           -- Name of Salt Water Pumping System\r\n  ,t.sw_pump_sys_rpt_label        as  sw_pump_sys_rpt_label      -- Labels used in reports\r\n  ,t.qty                          as  qty                        -- Quantity delivered by Salt water pumping station.  Unit is in Mld\r\n  ,t.rec_dt                       as  rec_dt                     -- Date of record\r\n  ,localtimestamp                 as  dws_update_time            -- Data Warehouse update Time\r\n  ,localtimestamp                 as  dws_load_time              -- Data Warehouse load Time\r\n  ,to_char(t.rec_dt, 'yyyymmdd')  as  dt                         -- Daily Partitions\r\nfrom coss_dwd.dwd_rws_sw_supply_detail_di_year t\r\ninner join coss_dim.dim_ass_ps_df t1 on t.ps_id = t1.ps_id\r\nwhere t.rec_dt >= to_date(${dt1},'yyyy-mm-dd')-30\r\n  and t.rec_dt < to_date(${dt1},'yyyy-mm-dd')+1","sqlType":"1","preStatements":[],"postStatements":[],"segmentSeparator":";","displayRows":10},"taskParamList":[],"taskParamMap":null,"flag":"YES","taskPriority":"MEDIUM","userName":null,"projectName":null,"workerGroup":"default","environmentCode":18266283102112,"failRetryTimes":0,"failRetryInterval":1,"timeoutFlag":"CLOSE","timeoutNotifyStrategy":null,"timeout":0,"delayTime":0,"resourceIds":"","createTime":"2025-11-03 20:58:40","updateTime":"2025-11-03 22:09:29","modifyBy":null,"taskGroupId":0,"taskGroupPriority":0,"cpuQuota":-1,"memoryMax":-1,"taskExecuteType":"BATCH","operator":2,"operateTime":"2025-11-03 22:09:29"},{"id":3306,"code":19550638827680,"name":"dws_rws_etl_raw_water_supply_day_sql_dws_rws_ir_storage_detail_di_year_add","version":3,"description":"","projectCode":18420269861664,"userId":2,"taskType":"SQL","taskParams":{"localParams":[],"resourceList":[],"type":"POSTGRESQL","datasource":4,"sql":"-- ****************************************************************************************\r\n-- subject     areas: Raw Water Supply\r\n-- function describe: Impounding Reservoir Storage Details\r\n-- create         by: dongmaochen\r\n-- create       date: 2025-04-14\r\n-- modify date                modify by                    modify content\r\n-- None                       None                         None\r\n-- source table\r\n-- coss_dwd.dwd_rws_ir_storage_detail_di_year\r\n-- coss_dim.dim_ass_ir_df\r\n-- target table\r\n-- coss_dws.dws_rws_ir_storage_detail_di_year\r\n-- ****************************************************************************************\r\ndelete from coss_dws.dws_rws_ir_storage_detail_di_year\r\nwhere rec_dt >= to_date(${dt1},'yyyy-mm-dd')-30\r\n  and rec_dt < to_date(${dt1},'yyyy-mm-dd')+1\r\n;insert into coss_dws.dws_rws_ir_storage_detail_di_year\r\nselect\r\n  t1.ig_id                         as  ig_id              -- Impounding Reservoir Group ID with format IGNNNNNNNN\r\n  ,t1.ig_name                      as  ig_name            -- Name of Impounding Reservoir Group\r\n  ,t1.ig_cname                     as  ig_cname           -- Chinese Name of Impounding Reservoir Group\r\n  ,t1.ig_rpt_label                 as  ig_rpt_label       -- Labels used in reports\r\n  ,t1.region_code                  as  region_code        -- Region\r\n  ,t1.region_name                  as  region_name        -- Description of Region\r\n  ,t1.region_cname                 as  region_cname       -- Chinese Description of Region\r\n  ,t1.region_ind                   as  region_ind         -- Possible Values: {\"I\" - HK Island, M\" - Mainland}\r\n  ,t1.ig_ind                       as  ig_ind             -- Indicates if Impounding Reservoir Group is old or new. Possible Values: {Y\" - Old, \"N - New}\r\n  ,t1.ir_id                        as  ir_id              -- Impounding Reservoir ID with format IRNNNNNNNN\r\n  ,t1.i_code                       as  i_code             -- Installation Code of Impounding Reservoir\r\n  ,t1.ir_rpt_label                 as  ir_rpt_label       -- Labels used in reports\r\n  ,t1.ir_name                      as  ir_name            -- Impounding reservoir name\r\n  ,t1.ir_cname                     as  ir_cname           -- Impounding Reservoir Chinese Name\r\n  ,t1.level_type                   as  level_type         -- Possible Values: {\"A\" - Above TWL, \"B\" - Below TWL, \"P\" - APD}\r\n  ,t1.level_unit                   as  level_unit         -- Possible Values:{\"F\" - Feet / Inch, \"M\" - Meter}\r\n  ,t1.dead_storage                 as  dead_storage       -- Dead Storage of an Impounding Reservoir.  Unit is in mcm\r\n  ,t1.twl                          as  twl                -- TWL\r\n  ,t1.capacity                     as  capacity           -- Capacity of IR.  Unit is in mcm\r\n  ,t1.min_storage                  as  min_storage        -- Allowable Minimum Storage.  Unit is in mcm\r\n  ,t1.limit_m                      as  limit_m            -- Preset Limit for Water Level.  Unit is in m\r\n  ,t.wl_ft                         as  wl_ft              -- Water Level reading in feet\r\n  ,t.wl_in                         as  wl_in              -- Water Level reading in inch\r\n  ,t.wl_m                          as  wl_m               -- Water Level reading in meter\r\n  ,t.wl_mpd                        as  wl_mpd             -- Waler Level in mPD\r\n  ,t.present_storage * 1000        as  present_storage    -- Storage of water in IR.  Unit is Mld\r\n  ,t.remarks                       as  remarks            -- Remarks\r\n  ,t.rec_dt                        as  rec_dt             -- Date of record\r\n  ,localtimestamp                  dws_update_time\r\n  ,localtimestamp                  dws_load_time  \r\n  ,to_char(t.rec_dt, 'yyyymmdd')   as  dt                 -- Daily Partitions\r\nfrom coss_dwd.dwd_rws_ir_storage_detail_di_year t\r\ninner join coss_dim.dim_ass_ir_df t1 on t.ir_id = t1.ir_id\r\nwhere t.rec_dt >= to_date(${dt1},'yyyy-mm-dd')-30\r\n  and t.rec_dt < to_date(${dt1},'yyyy-mm-dd')+1","sqlType":"1","preStatements":[],"postStatements":[],"segmentSeparator":";","displayRows":10},"taskParamList":[],"taskParamMap":null,"flag":"YES","taskPriority":"MEDIUM","userName":null,"projectName":null,"workerGroup":"default","environmentCode":18266283102112,"failRetryTimes":0,"failRetryInterval":1,"timeoutFlag":"CLOSE","timeoutNotifyStrategy":null,"timeout":0,"delayTime":0,"resourceIds":"","createTime":"2025-11-03 19:37:16","updateTime":"2025-11-06 22:46:51","modifyBy":null,"taskGroupId":0,"taskGroupPriority":0,"cpuQuota":-1,"memoryMax":-1,"taskExecuteType":"BATCH","operator":2,"operateTime":"2025-11-06 22:46:51"},{"id":3031,"code":19551264513824,"name":"dws_rws_etl_raw_water_supply_day_sql_dws_srs_sr_storage_detail_di_year_add","version":2,"description":"","projectCode":18420269861664,"userId":2,"taskType":"SQL","taskParams":{"localParams":[],"resourceList":[],"type":"POSTGRESQL","datasource":4,"sql":"-- ****************************************************************************************\r\n-- subject     areas: Service Reservoir Supply\r\n-- function describe: Service Reservoir Storage Details\r\n-- create         by: dongmaochen\r\n-- create       date: 2025-04-14\r\n-- modify date                modify by                    modify content\r\n-- None                       None                         None\r\n-- source table\r\n-- coss_dwd.dwd_srs_sr_storage_detail_di_year\r\n-- coss_dwd.dwd_rws_channel_flow_detail_di_year\r\n-- coss_dwd.dwd_rws_pqty_detail_di_year\r\n-- coss_dim.dim_ass_sr_df\r\n-- target table\r\n-- coss_dws.dws_srs_sr_storage_detail_di_year\r\n-- ****************************************************************************************\r\n;drop table if exists coss_tmp.tmp_dws_srs_sr_storage_detail_di_year_1\r\n;create table if not exists coss_tmp.tmp_dws_srs_sr_storage_detail_di_year_1 as \r\nselect\r\n    t.sr_id\r\n    ,t.a_wl\r\n    ,t.b_wl\r\n    ,t.a_storage\r\n    ,t.b_storage\r\n    ,t.tot_storage\r\n    ,t1.qty_del\r\n    ,t2.p_qty\r\n    ,t.remarks\r\n    ,t.rec_dt\r\nfrom \r\n    (\r\n    select\r\n      sr_id                         as sr_id\r\n      ,a_wl                         as a_wl\r\n      ,b_wl                         as b_wl\r\n      ,a_storage                    as a_storage\r\n      ,b_storage                    as b_storage\r\n      ,tot_storage                  as tot_storage\r\n      ,remarks                      as remarks\r\n      ,rec_dt                       as rec_dt\r\n      ,localtimestamp               as dw_etl_time\r\n      ,to_char(rec_dt, 'yyyymmdd')  as dt\r\n    from coss_dwd.dwd_srs_sr_storage_detail_di_year t\r\n    where rec_dt >= to_date(${dt1},'yyyy-mm-dd')-30\r\n      and rec_dt < to_date(${dt1},'yyyy-mm-dd')+1\r\n    ) t\r\n  left join \r\n    (\r\n    select\r\n      src_id\r\n      ,rec_dt\r\n      ,sum(qty_del) qty_del\r\n    from coss_dwd.dwd_rws_channel_flow_detail_di_year t\r\n    where left(src_id, 2) = 'SR'\r\n      and rec_dt >= to_date(${dt1},'yyyy-mm-dd')-30\r\n      and rec_dt < to_date(${dt1},'yyyy-mm-dd')+1\r\n    group by\r\n      src_id\r\n      ,rec_dt\r\n      ) t1 on t.sr_id = t1.src_id and t.rec_dt = t1.rec_dt\r\n  left join \r\n     (\r\n    select\r\n      t.ref_id\r\n      ,t.p_qty\r\n      ,t.start_dt\r\n      ,t.end_dt\r\n    from coss_dwd.dwd_rws_pqty_detail_di_year t\r\n    where ref_entity ='SR'\r\n      and mh >= to_char(add_months(to_date(${dt1},'yyyy-mm-dd'),-12),'yyyymm')\r\n      and mh <= round(${dt1}/100,0)\r\n    ) t2 on t1.src_id = t2.ref_id and t1.rec_dt >= t2.start_dt and t1.rec_dt <= t2.end_dt\r\n\r\n;delete from coss_dws.dws_srs_sr_storage_detail_di_year\r\nwhere rec_dt >= to_date(${dt1},'yyyy-mm-dd')-30\r\n  and rec_dt < to_date(${dt1},'yyyy-mm-dd')+1\r\n;insert into coss_dws.dws_srs_sr_storage_detail_di_year\r\nselect\r\n  t.sr_id                         -- Service Reservoir ID with format SRNNNNNNNN\r\n  ,t1.i_code                      -- Installation Code of Service Reservoir\r\n  ,t1.sr_name                     -- Service Reservoir Name\r\n  ,t1.sr_cname                    -- Service Reservoir Chinese Name\r\n  ,t1.rpt_label                   -- Labels used in reports\r\n  ,t1.region_code                 -- Region\r\n  ,t1.region_name                 -- Description of Region\r\n  ,t1.region_cname                -- Chinese Description of Region\r\n  ,t1.region_ind                  -- Possible Values: {\"I\" - HK Island, \"M\" - Mainland}\r\n  ,t1.w_type                      -- Type of water maintained by the service reservoir\r\n  ,t1.w_type_desc                 -- Description of Water Type\r\n  ,t1.div_height                  -- Height of Division Wall.  Unit is in m\r\n  ,t1.capacity                    -- Capacity of Service Reservoir.  Unit is in cum\r\n  ,t1.w_lim                       -- Preset Limit for Water Level above division wall.  Unit is in m\r\n  ,t1.num_of_storage              -- No. of Storage/Compartment\r\n  ,t.a_wl                         -- A Compartment Water Level\r\n  ,t.b_wl                         -- B Compartment Water Level\r\n  ,t.a_storage                    -- Volume of water in A compartment of an SR.  Unit is in cu m\r\n  ,t.b_storage                    -- Volume of water in B compartment of an SR.  Unit is in cu m\r\n  ,t.tot_storage                  -- Total volume of water in A+ B+..+R.  Unit is in cu m\r\n  ,t.qty_del                      -- Quantity delivered of Water transfer channel. Unit is in Mld\r\n  ,t.p_qty                        -- Proposed Quantity.  Unit is Mld\r\n  ,t.remarks                      -- Remarks\r\n  ,t.rec_dt                       -- Date of record\r\n  ,localtimestamp                 -- Data Warehouse update Time\r\n  ,localtimestamp                 -- Data Warehouse load Time\r\n  ,to_char(t.rec_dt, 'yyyymmdd')  -- Daily Partitions\r\nfrom coss_tmp.tmp_dws_srs_sr_storage_detail_di_year_1 t\r\ninner join coss_dim.dim_ass_sr_df t1 on t.sr_id = t1.sr_id\r\n","sqlType":"1","preStatements":[],"postStatements":[],"segmentSeparator":";","displayRows":10},"taskParamList":[],"taskParamMap":null,"flag":"YES","taskPriority":"MEDIUM","userName":null,"projectName":null,"workerGroup":"default","environmentCode":18266283102112,"failRetryTimes":0,"failRetryInterval":1,"timeoutFlag":"CLOSE","timeoutNotifyStrategy":null,"timeout":0,"delayTime":0,"resourceIds":"","createTime":"2025-11-03 20:58:40","updateTime":"2025-11-03 22:09:29","modifyBy":null,"taskGroupId":0,"taskGroupPriority":0,"cpuQuota":-1,"memoryMax":-1,"taskExecuteType":"BATCH","operator":2,"operateTime":"2025-11-03 22:09:29"}],"schedule":null}]