"cpt_type_code","name_cn","name_tc","name_en","level","cpt_type_code_parent","dim_update_time","dim_load_time"
CU_PE_200001,主管道泄漏,主管道洩漏,Main Leak,2,CU_PE_200000,2026-01-09 15:12:14.873,2026-01-09 15:12:14.873
CU_PE_100002,投诉滥用消防喉,投訴濫用消防喉,Complaint about misuse of fire hoses,2,CU_PE_100000,2026-01-09 15:12:14.873,2026-01-09 15:12:14.873
CU_PE_100004,投诉水务署职员/员工,投訴水務署職員/員工,WSD/ Contractor’s staff,2,CU_PE_100000,2026-01-09 15:12:14.873,2026-01-09 15:12:14.873
CU_PE_200012,供水中断,供水中斷,Interruption of water supply,2,CU_PE_200000,2026-01-09 15:12:14.873,2026-01-09 15:12:14.873
CU_PE_500004,消防栓維護/搬遷,消防栓维护/搬迁,Maintenance/ relocation of the fire hydrant,2,CU_PE_500000,2026-01-09 15:12:14.873,2026-01-09 15:12:14.873
CU_PE_500005,管道维护/搬迁/扩建/非法接驳,管道維護/搬遷/擴建/非法接駁,Maintenance/ relocation/ extension/ illegal connection of watermains,2,CU_PE_500000,2026-01-09 15:12:14.873,2026-01-09 15:12:14.873
CU_PE_500012,供水中断,供水中斷,Interruption of water supply,2,CU_PE_500000,2026-01-09 15:12:14.873,2026-01-09 15:12:14.873
CU_PE_300007,停水/水量小,停水/水量小,Lack of Potable/Flushing Supply,2,CU_PE_300000,2026-01-09 15:12:14.873,2026-01-09 15:12:14.873
CU_PE_300008,I/S楼宇疑似缺陷检查,I/S樓宇疑似缺陷檢查,Suspected Defective I/S Inspection for Individual Premise,2,CU_PE_300000,2026-01-09 15:12:14.873,2026-01-09 15:12:14.873
CU_PE_400000,用户权相关,用戶權相關,CoC matters,1,NULL,2026-01-09 15:12:14.873,2026-01-09 15:12:14.873
CU_PE_500002,因工程和工作地点的安全/整洁而造成的环境滋扰,因工程和工作地點對安全/整潔而造成對環境滋擾,Environmental nuisance due to works and safety/ tidiness of work sites,2,CU_PE_500000,2026-01-09 15:12:14.873,2026-01-09 15:12:14.873
CU_PE_100008,投诉政府车司机,投訴政府車司機,Complaints about government vehicle drivers,2,CU_PE_100000,2026-01-09 15:12:14.873,2026-01-09 15:12:14.873
CU_PE_200002,阀门缺陷,閥門缺陷,Valve Defect,2,CU_PE_200000,2026-01-09 15:12:14.873,2026-01-09 15:12:14.873
CU_PE_200003,因工程和工作地点的安全/整洁而造成的环境滋扰,因工程和工作地點對安全/整潔而造成對環境滋擾,Environmental nuisance due to works and safety/ tidiness of work sites,2,CU_PE_200000,2026-01-09 15:12:14.873,2026-01-09 15:12:14.873
CU_PE_200004,供水水质,供水水質,Quality of water supply,2,CU_PE_200000,2026-01-09 15:12:14.873,2026-01-09 15:12:14.873
CU_PE_200011,非法钓鱼,非法釣魚,Complaint against illegal fishing,2,CU_PE_200000,2026-01-09 15:12:14.873,2026-01-09 15:12:14.873
CU_PE_200013,因主管道爆裂/泄漏而给公众造成损失或不便,因主管道爆裂/洩漏而給公眾造成損失或不便,Loss or inconvenience to public due to main burst/leak,2,CU_PE_200000,2026-01-09 15:12:14.873,2026-01-09 15:12:14.873
CU_PE_200014,其他,其他,Others,2,CU_PE_200000,2026-01-09 15:12:14.873,2026-01-09 15:12:14.873
CU_PE_200017,消防栓维护/搬迁,消防栓維護/搬遷,Maintenance/ relocation of the fire hydrant,2,CU_PE_200000,2026-01-09 15:12:14.873,2026-01-09 15:12:14.873
CU_PE_500013,因主管道爆裂/泄漏而给公众造成损失或不便,因主管道爆裂/洩漏而給公眾造成損失或不便,Loss or inconvenience to public due to main burst/leak,2,CU_PE_500000,2026-01-09 15:12:14.873,2026-01-09 15:12:14.873
CU_PE_500014,路面、挡土墙、斜坡渗漏,路面、擋土墻、斜坡滲漏,"Seepage from pavement, retaining walls, slopes",2,CU_PE_500000,2026-01-09 15:12:14.873,2026-01-09 15:12:14.873
CU_PE_300002,水量不正常,水量不正常,Abnormal Consumption,2,CU_PE_300000,2026-01-09 15:12:14.873,2026-01-09 15:12:14.873
CU_PE_300000,供水相关（私人水管）,供水相關（私人水管）,Water Supply matters(Inside Service),1,NULL,2026-01-09 15:12:14.873,2026-01-09 15:12:14.873
CU_PE_500000,水务设施相关,水務設施相關,Water Facility matters,1,NULL,2026-01-09 15:12:14.873,2026-01-09 15:12:14.873
CU_PE_100003,投诉水务署网页/Apps问题,投訴水務署網頁/Apps問題,Complaint about issues with the Water Supplies Department website/Apps,2,CU_PE_100000,2026-01-09 15:12:14.873,2026-01-09 15:12:14.873
CU_PE_100005,投诉滥用街喉水源,投訴濫用街喉水源,Complaints about misuse of street water pipes,2,CU_PE_100000,2026-01-09 15:12:14.873,2026-01-09 15:12:14.873
CU_PE_500008,盖不平整或有缺陷给公众带来不便或危险,蓋不平整或有缺陷給公眾帶來不便或危險,Inconvenience or danger to the public due to uneven or defective covers,2,CU_PE_500000,2026-01-09 15:12:14.873,2026-01-09 15:12:14.873
CU_PE_300006,I/S公共服务疑似缺陷检查,I/S公共服務疑似缺陷檢查,Suspected Defective I/S Inspection for Communal Service,2,CU_PE_300000,2026-01-09 15:12:14.873,2026-01-09 15:12:14.873
CU_PE_300011,水质,水質,Water Quality,2,CU_PE_300000,2026-01-09 15:12:14.873,2026-01-09 15:12:14.873
CU_PE_200008,道路缺陷,道路缺陷,Road defects,2,CU_PE_200000,2026-01-09 15:12:14.873,2026-01-09 15:12:14.873
CU_PE_300012,水量偏高,水量偏高,High Consumption Inspection,2,CU_PE_300000,2026-01-09 15:12:14.873,2026-01-09 15:12:14.873
CU_PE_300014,非法改管,非法改管,Unauthorized Extension,2,CU_PE_300000,2026-01-09 15:12:14.873,2026-01-09 15:12:14.873
CU_PE_400001,其他,其他,Others,2,CU_PE_400000,2026-01-09 15:12:14.873,2026-01-09 15:12:14.873
CU_PE_100006,其他,其他,Other,2,CU_PE_100000,2026-01-09 15:12:14.873,2026-01-09 15:12:14.873
CU_PE_600000,账户账单相关,賬戶賬單相關,Account matters,1,NULL,2026-01-09 15:12:14.873,2026-01-09 15:12:14.873
CU_PE_200015,杂项,雜項,Miscellaneous,2,CU_PE_200000,2026-01-09 15:12:14.873,2026-01-09 15:12:14.873
CU_PE_200016,因工程给公众带来不便,因工程給公眾帶來不便,Inconvenience to the public due to works,2,CU_PE_200000,2026-01-09 15:12:14.873,2026-01-09 15:12:14.873
CU_PE_200019,植物和树,植物和樹,Vegetation and Tree,2,CU_PE_200000,2026-01-09 15:12:14.873,2026-01-09 15:12:14.873
CU_PE_500006,积水蚊虫滋生,積水蚊蟲滋生,Mosquito breeding and accumulation of stagnant water,2,CU_PE_500000,2026-01-09 15:12:14.873,2026-01-09 15:12:14.873
CU_PE_500007,供水设备维护,供水設備維護,Maintenance of the Headworks installations,2,CU_PE_500000,2026-01-09 15:12:14.873,2026-01-09 15:12:14.873
CU_PE_500009,植物和树,植物和樹,Vegetation and Tree,2,CU_PE_500000,2026-01-09 15:12:14.873,2026-01-09 15:12:14.873
CU_PE_500010,道路缺陷,道路缺陷,Road defects,2,CU_PE_500000,2026-01-09 15:12:14.873,2026-01-09 15:12:14.873
CU_PE_600001,其他,其他,Others,2,CU_PE_600000,2026-01-09 15:12:14.873,2026-01-09 15:12:14.873
CU_PE_300009,其他,其他,Others,2,CU_PE_300000,2026-01-09 15:12:14.873,2026-01-09 15:12:14.873
CU_PE_300005,水费纠纷,水費糾紛,Water Charge Dispute,2,CU_PE_300000,2026-01-09 15:12:14.873,2026-01-09 15:12:14.873
CU_PE_200010,主管道爆裂,主管道爆裂,Main Burst,2,CU_PE_200000,2026-01-09 15:12:14.873,2026-01-09 15:12:14.873
CU_PE_200006,供水设备维护,供水設備維護,Maintenance of the Headworks installations,2,CU_PE_200000,2026-01-09 15:12:14.873,2026-01-09 15:12:14.873
CU_PE_200007,路面、挡土墙、斜坡渗漏,路面、擋土墻、斜坡滲漏,"Seepage from pavement, retaining walls, slopes",2,CU_PE_200000,2026-01-09 15:12:14.873,2026-01-09 15:12:14.873
CU_PE_200009,积水蚊虫滋生,積水蚊蟲滋生,Mosquito breeding and accumulation of stagnant water,2,CU_PE_200000,2026-01-09 15:12:14.873,2026-01-09 15:12:14.873
CU_PE_100000,一般,壹般,General,1,NULL,2026-01-09 15:12:14.873,2026-01-09 15:12:14.873
CU_PE_200000,供水相关（输配管网）,供水相關（輸配管網）,Water Supply matters(Supply & Distribution Network),1,NULL,2026-01-09 15:12:14.873,2026-01-09 15:12:14.873
CU_PE_300013,检查水表更换,檢查水錶更換,Inspection for Meter Replacement,2,CU_PE_300000,2026-01-09 15:12:14.873,2026-01-09 15:12:14.873
CU_PE_400002,COC错误,COC錯誤,Wrong C of C,2,CU_PE_400000,2026-01-09 15:12:14.873,2026-01-09 15:12:14.873
CU_PE_500001,非法钓鱼,非法釣魚,Complaint against illegal fishing,2,CU_PE_500000,2026-01-09 15:12:14.873,2026-01-09 15:12:14.873
CU_PE_500003,供水水质,供水水質,Quality of water supply,2,CU_PE_500000,2026-01-09 15:12:14.873,2026-01-09 15:12:14.873
CU_PE_100007,劏房滥收水费,劏房濫收水費,Overcharging for water in subdivided flats,2,CU_PE_100000,2026-01-09 15:12:14.873,2026-01-09 15:12:14.873
CU_PE_200005,盖不平整或有缺陷给公众带来不便或危险,蓋不平整或有缺陷給公眾帶來不便或危險,Inconvenience or danger to the public due to uneven or defective covers,2,CU_PE_200000,2026-01-09 15:12:14.873,2026-01-09 15:12:14.873
CU_PE_100001,投诉热线电话打不通,投訴熱線電話打不通,Unable to reach the complaint hotline,2,CU_PE_100000,2026-01-09 15:12:14.873,2026-01-09 15:12:14.873
CU_PE_200018,管道维护/搬迁/扩建/非法接驳,管道維護/搬遷/擴建/非法接駁,Maintenance/ relocation/ extension/ illegal connection of watermains,2,CU_PE_200000,2026-01-09 15:12:14.873,2026-01-09 15:12:14.873
CU_PE_500011,因工程给公众带来不便,因工程給公眾帶來不便,Inconvenience to the public due to works,2,CU_PE_500000,2026-01-09 15:12:14.873,2026-01-09 15:12:14.873
CU_PE_500015,其他,其他,Others,2,CU_PE_500000,2026-01-09 15:12:14.873,2026-01-09 15:12:14.873
CU_PE_600002,水费争议,水費爭議,Dispute,2,CU_PE_600000,2026-01-09 15:12:14.873,2026-01-09 15:12:14.873
CU_PE_300010,爆管/严重泄漏,爆管/嚴重洩漏,Pipe Burst or Serious Leakage of Inside Service,2,CU_PE_300000,2026-01-09 15:12:14.873,2026-01-09 15:12:14.873
CU_PE_300001,渗漏,滲漏,Seepage,2,CU_PE_300000,2026-01-09 15:12:14.873,2026-01-09 15:12:14.873
CU_PE_300003,确认水表安装位置,確認水錶安裝位置,Confirm Meter Arrangement,2,CU_PE_300000,2026-01-09 15:12:14.873,2026-01-09 15:12:14.873
CU_PE_300004,用水性质,用水性質,Nature of Supply,2,CU_PE_300000,2026-01-09 15:12:14.873,2026-01-09 15:12:14.873
