[{"processDefinition":{"id":40490,"code":19783958401312,"name":"dwd_psr_report_bill_etl_day","version":5,"releaseState":"ONLINE","projectCode":18420269861664,"description":"Clean and load pump stations report and bill data in the ods layer","globalParams":"[]","globalParamList":[],"globalParamMap":{},"createTime":"2025-11-24 21:56:15","updateTime":"2025-11-25 22:37:16","flag":"YES","userId":2,"userName":null,"projectName":null,"locations":"[{\"taskCode\":19783962862240,\"x\":40,\"y\":-80},{\"taskCode\":19783958401440,\"x\":390,\"y\":160},{\"taskCode\":19783958401442,\"x\":720,\"y\":40},{\"taskCode\":19783973234336,\"x\":40,\"y\":160},{\"taskCode\":19783958401441,\"x\":379,\"y\":-80}]","scheduleReleaseState":null,"timeout":0,"tenantId":-1,"tenantCode":null,"modifyBy":null,"warningGroupId":0,"executionType":"PARALLEL"},"processTaskRelationList":[{"id":63620,"name":"","processDefinitionVersion":5,"projectCode":18420269861664,"processDefinitionCode":19783958401312,"preTaskCode":0,"preTaskVersion":0,"postTaskCode":19783962862240,"postTaskVersion":2,"conditionType":"NONE","conditionParams":{},"createTime":"2025-11-25 22:37:16","updateTime":"2025-11-25 22:37:16","operator":2,"operateTime":"2025-11-25 22:37:16"},{"id":63622,"name":"","processDefinitionVersion":5,"projectCode":18420269861664,"processDefinitionCode":19783958401312,"preTaskCode":19783973234336,"preTaskVersion":2,"postTaskCode":19783958401440,"postTaskVersion":3,"conditionType":"NONE","conditionParams":{},"createTime":"2025-11-25 22:37:16","updateTime":"2025-11-25 22:37:16","operator":2,"operateTime":"2025-11-25 22:37:16"},{"id":63625,"name":"","processDefinitionVersion":5,"projectCode":18420269861664,"processDefinitionCode":19783958401312,"preTaskCode":19783958401441,"preTaskVersion":3,"postTaskCode":19783958401442,"postTaskVersion":2,"conditionType":"NONE","conditionParams":{},"createTime":"2025-11-25 22:37:16","updateTime":"2025-11-25 22:37:16","operator":2,"operateTime":"2025-11-25 22:37:16"},{"id":63621,"name":"","processDefinitionVersion":5,"projectCode":18420269861664,"processDefinitionCode":19783958401312,"preTaskCode":0,"preTaskVersion":0,"postTaskCode":19783973234336,"postTaskVersion":2,"conditionType":"NONE","conditionParams":{},"createTime":"2025-11-25 22:37:16","updateTime":"2025-11-25 22:37:16","operator":2,"operateTime":"2025-11-25 22:37:16"},{"id":63623,"name":"","processDefinitionVersion":5,"projectCode":18420269861664,"processDefinitionCode":19783958401312,"preTaskCode":19783962862240,"preTaskVersion":2,"postTaskCode":19783958401441,"postTaskVersion":3,"conditionType":"NONE","conditionParams":{},"createTime":"2025-11-25 22:37:16","updateTime":"2025-11-25 22:37:16","operator":2,"operateTime":"2025-11-25 22:37:16"},{"id":63624,"name":"","processDefinitionVersion":5,"projectCode":18420269861664,"processDefinitionCode":19783958401312,"preTaskCode":19783958401440,"preTaskVersion":3,"postTaskCode":19783958401442,"postTaskVersion":2,"conditionType":"NONE","conditionParams":{},"createTime":"2025-11-25 22:37:16","updateTime":"2025-11-25 22:37:16","operator":2,"operateTime":"2025-11-25 22:37:16"}],"taskDefinitionList":[{"id":41475,"code":19783973234336,"name":"dwd_psr_report_bill_etl_day_sql_dwd_psr_pump_running_details_di_year_update_time","version":2,"description":"","projectCode":18420269861664,"userId":2,"taskType":"SQL","taskParams":{"localParams":[{"prop":"dwd_update_time","direct":"OUT","type":"VARCHAR","value":""}],"resourceList":[],"type":"POSTGRESQL","datasource":4,"sql":"select\r\n     coalesce(max(dwd_update_time), '1900-01-01 00:00:00') as dwd_update_time\r\nfrom coss_dwd.dwd_psr_pump_running_details_di_year","sqlType":"0","preStatements":[],"postStatements":[],"segmentSeparator":";","displayRows":10},"taskParamList":[{"prop":"dwd_update_time","direct":"OUT","type":"VARCHAR","value":""}],"taskParamMap":{"dwd_update_time":""},"flag":"YES","taskPriority":"MEDIUM","userName":null,"projectName":null,"workerGroup":"default","environmentCode":17270889904672,"failRetryTimes":0,"failRetryInterval":1,"timeoutFlag":"CLOSE","timeoutNotifyStrategy":null,"timeout":0,"delayTime":0,"resourceIds":"","createTime":"2025-11-24 22:02:49","updateTime":"2025-11-24 22:12:44","modifyBy":null,"taskGroupId":0,"taskGroupPriority":0,"cpuQuota":-1,"memoryMax":-1,"taskExecuteType":"BATCH","operator":2,"operateTime":"2025-11-24 22:12:44"},{"id":41474,"code":19783958401441,"name":"dwd_psr_report_bill_etl_day_sql_dwd_psr_billing_details_di_year_add","version":3,"description":"","projectCode":18420269861664,"userId":2,"taskType":"SQL","taskParams":{"localParams":[],"resourceList":[],"type":"POSTGRESQL","datasource":4,"sql":"-- ****************************************************************************************\r\n-- Subject     Areas: Pump Station Running\r\n-- Function Describe: Pump Station Running Bills\r\n-- Create         By: dongmaochen\r\n-- Create       Date: 2025-11-17\r\n-- Modify Date                Modify By                    Modify Content\r\n-- None                       None                         None\r\n-- Source Table\r\n-- coss_ods.ods_emis_bills_di_year\r\n-- Target Table\r\n-- coss_dwd.dwd_psr_billing_details_di_year\r\n-- ****************************************************************************************\r\ninsert into coss_dwd.dwd_psr_billing_details_di_year\r\nselect\r\n    bill_date                              as bill_date,           -- Bill Date\r\n    asset_id                               as asset_id,            -- Asset Id\r\n    null                                   as tariff_id,           -- Tariff Id\r\n    traiff                                 as tariff_name,         -- Tariff Name\r\n    traiff_desc                            as tariff_desc,         -- Tariff Description\r\n    null                                   as utility_id,          -- Utility Id\r\n    null                                   as utility_name,        -- Utility Name\r\n    null                                   as utility_desc,        -- Utility Description\r\n    on_peak_kwh                            as kwh_on_peak,         -- Power Consumption Of On Peak (kwh)\r\n    off_peak_kwh                           as kwh_off_peak,        -- Power Consumption Of Off Peak (kwh)\r\n    on_peak_kva                            as kva_on_peak,         -- Capacity Of On Peak (kva)\r\n    off_peak_kva                           as kva_off_peak,        -- Capacity Of Off Peak (kva)\r\n    null                                   as flow_volume,         -- Flow Volume\r\n    null                                   as avg_pressure,        -- Average Pressure\r\n    bill_amount                            as payout,              -- Pay Out\r\n    localtimestamp                         as dwd_update_time,     -- Data Update Time\r\n    localtimestamp                         as dwd_load_time,       -- Data Loading Time\r\n    to_char(to_date(bill_date), 'yyyyMM')  as mh                   -- Billing Month\r\nfrom\r\n    coss_ods.ods_emis_bills_di_year\r\nwhere ods_update_time >= ${dwd_update_time}\r\non duplicate key update\r\n    tariff_id = values(tariff_id),\r\n    tariff_name = values(tariff_name),\r\n    tariff_desc = values(tariff_desc),\r\n    utility_id = values(utility_id),\r\n    utility_name = values(utility_name),\r\n    utility_desc = values(utility_desc),\r\n    kwh_on_peak = values(kwh_on_peak),\r\n    kwh_off_peak = values(kwh_off_peak),\r\n    kva_on_peak = values(kva_on_peak),\r\n    kva_off_peak = values(kva_off_peak),\r\n    flow_volume = values(flow_volume),\r\n    avg_pressure = values(avg_pressure),\r\n    payout = values(payout),\r\n    dwd_update_time = values(dwd_update_time),\r\n    mh = values(mh);","sqlType":"1","preStatements":[],"postStatements":[],"segmentSeparator":";","displayRows":10},"taskParamList":[],"taskParamMap":null,"flag":"YES","taskPriority":"MEDIUM","userName":null,"projectName":null,"workerGroup":"default","environmentCode":17270889904672,"failRetryTimes":0,"failRetryInterval":1,"timeoutFlag":"CLOSE","timeoutNotifyStrategy":null,"timeout":0,"delayTime":0,"resourceIds":"","createTime":"2025-11-24 21:56:15","updateTime":"2025-11-24 22:12:44","modifyBy":null,"taskGroupId":0,"taskGroupPriority":0,"cpuQuota":-1,"memoryMax":-1,"taskExecuteType":"BATCH","operator":2,"operateTime":"2025-11-24 22:12:44"},{"id":61438,"code":19783958401442,"name":"dwd_to_dws","version":2,"description":"","projectCode":18420269861664,"userId":2,"taskType":"SUB_PROCESS","taskParams":{"localParams":[],"resourceList":[],"processDefinitionCode":19784102156448},"taskParamList":[],"taskParamMap":null,"flag":"YES","taskPriority":"MEDIUM","userName":null,"projectName":null,"workerGroup":"default","environmentCode":17270889904672,"failRetryTimes":0,"failRetryInterval":1,"timeoutFlag":"CLOSE","timeoutNotifyStrategy":null,"timeout":0,"delayTime":0,"resourceIds":"","createTime":"2025-11-24 21:56:15","updateTime":"2025-11-25 22:37:16","modifyBy":null,"taskGroupId":0,"taskGroupPriority":0,"cpuQuota":-1,"memoryMax":-1,"taskExecuteType":"BATCH","operator":2,"operateTime":"2025-11-25 22:37:16"},{"id":41476,"code":19783962862240,"name":"dwd_psr_report_bill_etl_day_sql_dwd_psr_billing_details_di_year_update_time","version":2,"description":"","projectCode":18420269861664,"userId":2,"taskType":"SQL","taskParams":{"localParams":[{"prop":"dwd_update_time","direct":"OUT","type":"VARCHAR","value":""}],"resourceList":[],"type":"POSTGRESQL","datasource":4,"sql":"select\r\n     coalesce(max(dwd_update_time), '1900-01-01 00:00:00') as dwd_update_time\r\nfrom coss_dwd.dwd_psr_billing_details_di_year","sqlType":"0","preStatements":[],"postStatements":[],"segmentSeparator":";","displayRows":10},"taskParamList":[{"prop":"dwd_update_time","direct":"OUT","type":"VARCHAR","value":""}],"taskParamMap":{"dwd_update_time":""},"flag":"YES","taskPriority":"MEDIUM","userName":null,"projectName":null,"workerGroup":"default","environmentCode":17270889904672,"failRetryTimes":0,"failRetryInterval":1,"timeoutFlag":"CLOSE","timeoutNotifyStrategy":null,"timeout":0,"delayTime":0,"resourceIds":"","createTime":"2025-11-24 22:02:49","updateTime":"2025-11-24 22:12:44","modifyBy":null,"taskGroupId":0,"taskGroupPriority":0,"cpuQuota":-1,"memoryMax":-1,"taskExecuteType":"BATCH","operator":2,"operateTime":"2025-11-24 22:12:44"},{"id":41477,"code":19783958401440,"name":"dwd_psr_report_bill_etl_day_sql_dwd_psr_pump_running_details_di_year_add","version":3,"description":"","projectCode":18420269861664,"userId":2,"taskType":"SQL","taskParams":{"localParams":[],"resourceList":[],"type":"POSTGRESQL","datasource":4,"sql":"-- ****************************************************************************************\r\n-- Subject     Areas: Pump Station Running\r\n-- Function Describe: Pump Station Running Details\r\n-- Create         By: dongmaochen\r\n-- Create       Date: 2025-11-17\r\n-- Modify Date                Modify By                    Modify Content\r\n-- None                       None                         None\r\n-- Source Table\r\n-- coss_ods.ods_emis_report_di_year\r\n-- Target Table\r\n-- coss_dwd.dwd_psr_pump_running_details_di_year\r\n-- ****************************************************************************************\r\ninsert into coss_dwd.dwd_psr_pump_running_details_di_year\r\nselect\r\n    asset_id                as asset_id,          -- Assert Id\r\n    pump_num                as pump_num,          -- Pump Number\r\n    null                    as cat_id,            -- Category Id\r\n    cat_name                as cat_name,          -- Category Name\r\n    null                    as drive_id,          -- Drive Id\r\n    drive_name              as drive_name,        -- Drive Name\r\n    null                    as del_id,            -- Delivery To Id\r\n    del_name                as del_name,          -- Delivery To Name\r\n    del__asset_id           as del_asset_id,      -- Delivery To Asset Id\r\n    null                    as design_flow,       -- Flow Rate Design\r\n    run_hours               as run_hours,         -- Hours Run This Month\r\n    pump_qty                as pump_qty,          -- Water Pumped This Month\r\n    avg_suct                as avg_suct,          -- Average Head Suction\r\n    avg_del                 as avg_del,           -- Average Head Delivery\r\n    null                    as design_flow_flag,  -- Flow Rate Design Flag\r\n    null                    as run_hours_flag,    -- Hours Run This Month Flag\r\n    null                    as pump_qty_flag,     -- Water Pumped This Month Flag\r\n    null                    as avg_suct_flag,     -- Average Head Suction Flag\r\n    null                    as avg_del_flag,      -- Average Head Delivery Flag\r\n    to_date(mh, 'yyyyMM')   as rpt_date,          -- Report Date\r\n    mh                      as mh,                -- Report Month\r\n    localtimestamp          as dwd_update_time,   -- Data Update Time\r\n    localtimestamp          as dwd_load_time      -- Data Loading Time\r\nfrom\r\n    coss_ods.ods_emis_report_di_year\r\nwhere ods_update_time>=${dwd_update_time}\r\non duplicate key update\r\n    cat_id = values(cat_id),\r\n    cat_name = values(cat_name),\r\n    drive_id = values(drive_id),\r\n    drive_name = values(drive_name),\r\n    del_id = values(del_id),\r\n    del_name = values(del_name),\r\n    design_flow = values(design_flow),\r\n    run_hours = values(run_hours),\r\n    pump_qty = values(pump_qty),\r\n    avg_suct = values(avg_suct),\r\n    avg_del = values(avg_del),\r\n    design_flow_flag = values(design_flow_flag),\r\n    run_hours_flag = values(run_hours_flag),\r\n    pump_qty_flag = values(pump_qty_flag),\r\n    avg_suct_flag = values(avg_suct_flag),\r\n    avg_del_flag = values(avg_del_flag),\r\n    dwd_update_time = values(dwd_update_time);","sqlType":"1","preStatements":[],"postStatements":[],"segmentSeparator":";","displayRows":10},"taskParamList":[],"taskParamMap":null,"flag":"YES","taskPriority":"MEDIUM","userName":null,"projectName":null,"workerGroup":"default","environmentCode":17270889904672,"failRetryTimes":0,"failRetryInterval":1,"timeoutFlag":"CLOSE","timeoutNotifyStrategy":null,"timeout":0,"delayTime":0,"resourceIds":"","createTime":"2025-11-24 21:56:15","updateTime":"2025-11-24 22:12:44","modifyBy":null,"taskGroupId":0,"taskGroupPriority":0,"cpuQuota":-1,"memoryMax":-1,"taskExecuteType":"BATCH","operator":2,"operateTime":"2025-11-24 22:12:44"}],"schedule":null}]