[{"processDefinition":{"id":40494,"code":19784102156448,"name":"dws_psr_report_bill_etl_day","version":4,"releaseState":"ONLINE","projectCode":18420269861664,"description":"Clean and load pump stations report and bill data in the dwd layer","globalParams":"[]","globalParamList":[],"globalParamMap":{},"createTime":"2025-11-24 22:14:58","updateTime":"2025-11-25 22:37:42","flag":"YES","userId":2,"userName":null,"projectName":null,"locations":"[{\"taskCode\":19784102156449,\"x\":790,\"y\":-540},{\"taskCode\":19794223132192,\"x\":-260,\"y\":-530},{\"taskCode\":19784102156450,\"x\":420,\"y\":-530},{\"taskCode\":19784104730784,\"x\":110,\"y\":-530}]","scheduleReleaseState":null,"timeout":0,"tenantId":-1,"tenantCode":null,"modifyBy":null,"warningGroupId":0,"executionType":"PARALLEL"},"processTaskRelationList":[{"id":63629,"name":"","processDefinitionVersion":4,"projectCode":18420269861664,"processDefinitionCode":19784102156448,"preTaskCode":19784102156450,"preTaskVersion":2,"postTaskCode":19784102156449,"postTaskVersion":2,"conditionType":"NONE","conditionParams":{},"createTime":"2025-11-25 22:37:42","updateTime":"2025-11-25 22:37:42","operator":2,"operateTime":"2025-11-25 22:37:42"},{"id":63626,"name":"","processDefinitionVersion":4,"projectCode":18420269861664,"processDefinitionCode":19784102156448,"preTaskCode":0,"preTaskVersion":0,"postTaskCode":19794223132192,"postTaskVersion":1,"conditionType":"NONE","conditionParams":{},"createTime":"2025-11-25 22:37:42","updateTime":"2025-11-25 22:37:42","operator":2,"operateTime":"2025-11-25 22:37:42"},{"id":63627,"name":"","processDefinitionVersion":4,"projectCode":18420269861664,"processDefinitionCode":19784102156448,"preTaskCode":19794223132192,"preTaskVersion":1,"postTaskCode":19784104730784,"postTaskVersion":2,"conditionType":"NONE","conditionParams":{},"createTime":"2025-11-25 22:37:42","updateTime":"2025-11-25 22:37:42","operator":2,"operateTime":"2025-11-25 22:37:42"},{"id":63628,"name":"","processDefinitionVersion":4,"projectCode":18420269861664,"processDefinitionCode":19784102156448,"preTaskCode":19784104730784,"preTaskVersion":2,"postTaskCode":19784102156450,"postTaskVersion":2,"conditionType":"NONE","conditionParams":{},"createTime":"2025-11-25 22:37:42","updateTime":"2025-11-25 22:37:42","operator":2,"operateTime":"2025-11-25 22:37:42"}],"taskDefinitionList":[{"id":61431,"code":19794223132192,"name":"dws_psr_report_bill_etl_day_sql_dws_psr_eng_cons_billing_details_di_year_update","version":1,"description":"","projectCode":18420269861664,"userId":2,"taskType":"SQL","taskParams":{"localParams":[{"prop":"dws_update_time","direct":"OUT","type":"VARCHAR","value":""}],"resourceList":[],"type":"POSTGRESQL","datasource":4,"sql":"select\r\n    coalesce(\r\n        max(dws_update_time) ,\r\n        '1900-01-01 00:00:00'\r\n    ) as dws_update_time\r\nfrom\r\n    coss_dws.dws_psr_eng_cons_billing_details_di_year","sqlType":"0","preStatements":[],"postStatements":[],"segmentSeparator":";","displayRows":10},"taskParamList":[{"prop":"dws_update_time","direct":"OUT","type":"VARCHAR","value":""}],"taskParamMap":{"dws_update_time":""},"flag":"YES","taskPriority":"MEDIUM","userName":null,"projectName":null,"workerGroup":"default","environmentCode":17270889904672,"failRetryTimes":0,"failRetryInterval":1,"timeoutFlag":"CLOSE","timeoutNotifyStrategy":null,"timeout":0,"delayTime":0,"resourceIds":"","createTime":"2025-11-25 20:31:07","updateTime":"2025-11-25 20:31:07","modifyBy":null,"taskGroupId":0,"taskGroupPriority":0,"cpuQuota":-1,"memoryMax":-1,"taskExecuteType":"BATCH","operator":2,"operateTime":"2025-11-25 20:31:07"},{"id":41481,"code":19784102156450,"name":"dws_psr_report_bill_etl_day_sql_dws_psr_eng_cons_billing_details_di_year_add","version":2,"description":"","projectCode":18420269861664,"userId":2,"taskType":"SQL","taskParams":{"localParams":[],"resourceList":[],"type":"POSTGRESQL","datasource":4,"sql":"-- ****************************************************************************************\r\n-- Subject     Areas: Pump Station Running\r\n-- Function Describe: Pump Station Running Details\r\n-- Create         By: dongmaochen\r\n-- Create       Date: 2025-11-17\r\n-- Modify Date                Modify By                    Modify Content\r\n-- None                       None                         None\r\n-- Source Table\r\n-- coss_dwd.dwd_psr_billing_details_di_year\r\n-- coss_dim.dim_ass_energy_cons_installation_df\r\n-- coss_dwd.dwd_psr_pump_running_details_di_year\r\n-- Target Table\r\n-- coss_dws.dws_psr_eng_cons_billing_details_di_year\r\n-- ****************************************************************************************\r\ninsert into coss_dws.dws_psr_eng_cons_billing_details_di_year\r\nselect\r\n    t1.asset_id                     as asset_id,           -- Asset Id\r\n    t1.asset_name                  as asset_name,         -- Asset Name\r\n    t1.asset_desc                  as asset_desc,         -- Asset Description\r\n    t1.loca_code                   as loca_code,          -- Location Code\r\n    t1.acc_no                      as acc_no,             -- Account No\r\n    t1.region_id                   as region_id,          -- Region Id\r\n    t1.region_code                 as region_code,        -- Region Code\r\n    t1.region_desc                 as region_desc,        -- Region Description\r\n    t1.i_type_id                   as i_type_id,          -- Installation Type Id\r\n    t1.i_type_code                 as i_type_code,        -- Installation Type Code\r\n    t1.i_type_desc                 as i_type_desc,        -- Installation Type  Description\r\n    t1.fw_portion                  as fw_portion,         -- Fresh Portion\r\n    t1.sw_portion                  as sw_portion,         -- Salt Water Portion\r\n    t1.rw_portion                  as rw_portion,         -- Raw Water Portion\r\n    t1.tw_portion                  as tw_portion,         -- Treatment Works Portion\r\n    t1.remarks                     as remarks,            -- Remarks\r\n    t1.is_active                   as is_active,          -- Is Active\r\n    t1.official_name               as official_name,      -- Official Name\r\n    t1.station_code                as station_code,       -- Station Code\r\n    t1.is_billing                  as is_billing,         -- Billing Is Active\r\n    t1.is_ps                       as is_ps,              -- Pump Station Is Active\r\n    t1.is_ecw                      as is_ecw,             -- Ecw Is Active\r\n    t1.region_rpt                  as region_rpt,         -- Region Report\r\n    t1.is_hkp                      as is_hkp,             -- Hkp Is Active\r\n    t1.is_fy                       as is_fy,              -- Fy Is Active\r\n    t1.is_water_eff                as is_water_eff,       -- Water Efficiency Is Active\r\n    t1.water_eff_type_id           as water_eff_type_id,  -- Installation Type Id For Water Efficiency\r\n    t1.i_num                       as i_num,              -- Installation Number\r\n    t.bill_date                    as bill_date,          -- Bill Date\r\n    t.tariff_id                    as tariff_id,          -- Tariff Id\r\n    t.tariff_name                  as tariff_name,        -- Tariff Name\r\n    t.tariff_desc                  as tariff_desc,        -- Tariff Description\r\n    t.utility_id                   as utility_id,         -- Utility Id\r\n    t.utility_name                 as utility_name,       -- Utility Name\r\n    t.utility_desc                 as utility_desc,       -- Utility Description\r\n    t.kwh_on_peak                  as kwh_on_peak,        -- Power Consumption Of On Peak (kwh)\r\n    t.kwh_off_peak                 as kwh_off_peak,       -- Power Consumption Of Off Peak (kwh)\r\n    t.kva_on_peak                  as kva_on_peak,        -- Capacity Of On Peak (kva)\r\n    t.kva_off_peak                 as kva_off_peak,       -- Capacity Of Off Peak (kva)\r\n    t.flow_volume                  as flow_volume,        -- Flow Volume\r\n    t.avg_pressure                 as avg_pressure,       -- Average Pressure\r\n    t.payout                       as payout,             -- Pay Out\r\n    t.kwh_on_peak + t.kwh_off_peak as total_kwh,          -- Power Consumption Of On Peak (kwh)\r\n    t2.pump_qty                    as pump_qty,           -- Water Pumped This Month\r\n    t.mh                           as mh,                 -- Partitions For Billing Date\r\n    localtimestamp                 as dws_update_time,    -- Data Update Time\r\n    localtimestamp                 as dws_load_time       -- Data Loading Time\r\nfrom\r\n    coss_dwd.dwd_psr_billing_details_di_year t\r\ninner join\r\n    coss_dim.dim_ass_energy_cons_installation_df t1 \r\n    on t.asset_id = t1.asset_id\r\nleft join\r\n    (\r\n        select \r\n            mh, \r\n            asset_id, \r\n            sum(pump_qty) pump_qty \r\n        from \r\n            coss_dwd.dwd_psr_pump_running_details_di_year \r\n        group by \r\n            mh, \r\n            asset_id\r\n    ) t2 \r\n    on t.asset_id = t2.asset_id \r\n    and t.mh = t2.mh\r\nwhere\r\n    t1.asset_name like '%PS%'\r\n    and lower(t1.asset_name) not like '%ceased%'\r\n    and lower(t1.asset_name) not like '%decommissi%'\r\n    and lower(t1.asset_name) not like '%TW%'\r\n    and t.mh >= ${mh1}\r\n    and t2.mh >= ${mh1}\r\non duplicate key update\r\n    asset_name = values(asset_name),\r\n    asset_desc = values(asset_desc),\r\n    loca_code = values(loca_code),\r\n    acc_no = values(acc_no),\r\n    region_id = values(region_id),\r\n    region_code = values(region_code),\r\n    region_desc = values(region_desc),\r\n    i_type_id = values(i_type_id),\r\n    i_type_code = values(i_type_code),\r\n    i_type_desc = values(i_type_desc),\r\n    fw_portion = values(fw_portion),\r\n    sw_portion = values(sw_portion),\r\n    rw_portion = values(rw_portion),\r\n    tw_portion = values(tw_portion),\r\n    remarks = values(remarks),\r\n    is_active = values(is_active),\r\n    official_name = values(official_name),\r\n    station_code = values(station_code),\r\n    is_billing = values(is_billing),\r\n    is_ps = values(is_ps),\r\n    is_ecw = values(is_ecw),\r\n    region_rpt = values(region_rpt),\r\n    is_hkp = values(is_hkp),\r\n    is_fy = values(is_fy),\r\n    is_water_eff = values(is_water_eff),\r\n    water_eff_type_id = values(water_eff_type_id),\r\n    i_num = values(i_num),\r\n    tariff_id = values(tariff_id),\r\n    tariff_name = values(tariff_name),\r\n    tariff_desc = values(tariff_desc),\r\n    utility_id = values(utility_id),\r\n    utility_name = values(utility_name),\r\n    utility_desc = values(utility_desc),\r\n    kwh_on_peak = values(kwh_on_peak),\r\n    kwh_off_peak = values(kwh_off_peak),\r\n    kva_on_peak = values(kva_on_peak),\r\n    kva_off_peak = values(kva_off_peak),\r\n    flow_volume = values(flow_volume),\r\n    avg_pressure = values(avg_pressure),\r\n    payout = values(payout),\r\n    total_kwh = values(total_kwh),\r\n    pump_qty = values(pump_qty),\r\n    dws_update_time = values(dws_update_time);","sqlType":"1","preStatements":[],"postStatements":[],"segmentSeparator":";","displayRows":10},"taskParamList":[],"taskParamMap":null,"flag":"YES","taskPriority":"MEDIUM","userName":null,"projectName":null,"workerGroup":"default","environmentCode":17270889904672,"failRetryTimes":0,"failRetryInterval":1,"timeoutFlag":"CLOSE","timeoutNotifyStrategy":null,"timeout":0,"delayTime":0,"resourceIds":"","createTime":"2025-11-24 22:14:58","updateTime":"2025-11-24 22:32:26","modifyBy":null,"taskGroupId":0,"taskGroupPriority":0,"cpuQuota":-1,"memoryMax":-1,"taskExecuteType":"BATCH","operator":2,"operateTime":"2025-11-24 22:32:26"},{"id":61432,"code":19784104730784,"name":"dws_psr_report_bill_etl_day_sql_dwd_psr_pump_running_details_di_year_update_time","version":2,"description":"","projectCode":18420269861664,"userId":2,"taskType":"SQL","taskParams":{"localParams":[{"prop":"mh1","direct":"OUT","type":"VARCHAR","value":""}],"resourceList":[],"type":"POSTGRESQL","datasource":4,"sql":"select\r\n    min(mh) as mh1\r\nfrom\r\n(\r\n    select\r\n        coalesce(\r\n            min(mh),\r\n            '190001'\r\n        ) as mh\r\n    from\r\n        coss_dwd.dwd_psr_billing_details_di_year\r\n    where\r\n        dwd_update_time >= '${dws_update_time}'\r\n    \r\n    union all\r\n    \r\n    select\r\n        coalesce(\r\n            min(mh),\r\n            '190001'\r\n        ) as mh\r\n    from\r\n        coss_dwd.dwd_psr_pump_running_details_di_year\r\n    where\r\n        dwd_update_time >= '${dws_update_time}'\r\n) as sub_query","sqlType":"0","preStatements":[],"postStatements":[],"segmentSeparator":";","displayRows":10},"taskParamList":[{"prop":"mh1","direct":"OUT","type":"VARCHAR","value":""}],"taskParamMap":{"mh1":""},"flag":"YES","taskPriority":"MEDIUM","userName":null,"projectName":null,"workerGroup":"default","environmentCode":17270889904672,"failRetryTimes":0,"failRetryInterval":1,"timeoutFlag":"CLOSE","timeoutNotifyStrategy":null,"timeout":0,"delayTime":0,"resourceIds":"","createTime":"2025-11-24 22:32:26","updateTime":"2025-11-25 20:31:07","modifyBy":null,"taskGroupId":0,"taskGroupPriority":0,"cpuQuota":-1,"memoryMax":-1,"taskExecuteType":"BATCH","operator":2,"operateTime":"2025-11-25 20:31:07"},{"id":61439,"code":19784102156449,"name":"dws_to_dws_wtw_report_bill_etl_day","version":2,"description":"","projectCode":18420269861664,"userId":2,"taskType":"SUB_PROCESS","taskParams":{"localParams":[],"resourceList":[],"processDefinitionCode":19784251528224},"taskParamList":[],"taskParamMap":null,"flag":"YES","taskPriority":"MEDIUM","userName":null,"projectName":null,"workerGroup":"default","environmentCode":17270889904672,"failRetryTimes":0,"failRetryInterval":1,"timeoutFlag":"CLOSE","timeoutNotifyStrategy":null,"timeout":0,"delayTime":0,"resourceIds":"","createTime":"2025-11-24 22:14:58","updateTime":"2025-11-25 22:37:42","modifyBy":null,"taskGroupId":0,"taskGroupPriority":0,"cpuQuota":-1,"memoryMax":-1,"taskExecuteType":"BATCH","operator":2,"operateTime":"2025-11-25 22:37:42"}],"schedule":null}]