[{"processDefinition":{"id":712,"code":19347782716448,"name":"ods_emis_extract_report_bills_day","version":20,"releaseState":"ONLINE","projectCode":18420269861664,"description":"Get EMIS system pump report and bills data","globalParams":"[]","globalParamList":[],"globalParamMap":{},"createTime":"2025-10-16 11:22:32","updateTime":"2025-11-25 22:36:24","flag":"YES","userId":2,"userName":null,"projectName":null,"locations":"[{\"taskCode\":19728553633056,\"x\":-140,\"y\":145},{\"taskCode\":19347782716449,\"x\":550,\"y\":270},{\"taskCode\":19347782716452,\"x\":177,\"y\":270},{\"taskCode\":19736277068192,\"x\":870,\"y\":270},{\"taskCode\":19347782716450,\"x\":177,\"y\":145},{\"taskCode\":19728562116768,\"x\":-140,\"y\":270},{\"taskCode\":19347782716453,\"x\":530,\"y\":145},{\"taskCode\":19736270744096,\"x\":857,\"y\":145},{\"taskCode\":19795318763808,\"x\":1178,\"y\":207}]","scheduleReleaseState":null,"timeout":0,"tenantId":-1,"tenantCode":null,"modifyBy":null,"warningGroupId":0,"executionType":"PARALLEL"},"processTaskRelationList":[{"id":63611,"name":"","processDefinitionVersion":20,"projectCode":18420269861664,"processDefinitionCode":19347782716448,"preTaskCode":0,"preTaskVersion":0,"postTaskCode":19728562116768,"postTaskVersion":2,"conditionType":"NONE","conditionParams":{},"createTime":"2025-11-25 22:36:24","updateTime":"2025-11-25 22:36:24","operator":2,"operateTime":"2025-11-25 22:36:24"},{"id":63617,"name":"","processDefinitionVersion":20,"projectCode":18420269861664,"processDefinitionCode":19347782716448,"preTaskCode":19347782716449,"preTaskVersion":5,"postTaskCode":19736277068192,"postTaskVersion":4,"conditionType":"NONE","conditionParams":{},"createTime":"2025-11-25 22:36:24","updateTime":"2025-11-25 22:36:24","operator":2,"operateTime":"2025-11-25 22:36:24"},{"id":63619,"name":"","processDefinitionVersion":20,"projectCode":18420269861664,"processDefinitionCode":19347782716448,"preTaskCode":19736277068192,"preTaskVersion":4,"postTaskCode":19795318763808,"postTaskVersion":1,"conditionType":"NONE","conditionParams":{},"createTime":"2025-11-25 22:36:24","updateTime":"2025-11-25 22:36:24","operator":2,"operateTime":"2025-11-25 22:36:24"},{"id":63613,"name":"","processDefinitionVersion":20,"projectCode":18420269861664,"processDefinitionCode":19347782716448,"preTaskCode":19347782716452,"preTaskVersion":4,"postTaskCode":19347782716449,"postTaskVersion":5,"conditionType":"NONE","conditionParams":{},"createTime":"2025-11-25 22:36:24","updateTime":"2025-11-25 22:36:24","operator":2,"operateTime":"2025-11-25 22:36:24"},{"id":63615,"name":"","processDefinitionVersion":20,"projectCode":18420269861664,"processDefinitionCode":19347782716448,"preTaskCode":19728562116768,"preTaskVersion":2,"postTaskCode":19347782716452,"postTaskVersion":4,"conditionType":"NONE","conditionParams":{},"createTime":"2025-11-25 22:36:24","updateTime":"2025-11-25 22:36:24","operator":2,"operateTime":"2025-11-25 22:36:24"},{"id":63610,"name":"","processDefinitionVersion":20,"projectCode":18420269861664,"processDefinitionCode":19347782716448,"preTaskCode":0,"preTaskVersion":0,"postTaskCode":19728553633056,"postTaskVersion":2,"conditionType":"NONE","conditionParams":{},"createTime":"2025-11-25 22:36:24","updateTime":"2025-11-25 22:36:24","operator":2,"operateTime":"2025-11-25 22:36:24"},{"id":63618,"name":"","processDefinitionVersion":20,"projectCode":18420269861664,"processDefinitionCode":19347782716448,"preTaskCode":19736270744096,"preTaskVersion":5,"postTaskCode":19795318763808,"postTaskVersion":1,"conditionType":"NONE","conditionParams":{},"createTime":"2025-11-25 22:36:24","updateTime":"2025-11-25 22:36:24","operator":2,"operateTime":"2025-11-25 22:36:24"},{"id":63612,"name":"","processDefinitionVersion":20,"projectCode":18420269861664,"processDefinitionCode":19347782716448,"preTaskCode":19347782716450,"preTaskVersion":4,"postTaskCode":19347782716453,"postTaskVersion":5,"conditionType":"NONE","conditionParams":{},"createTime":"2025-11-25 22:36:24","updateTime":"2025-11-25 22:36:24","operator":2,"operateTime":"2025-11-25 22:36:24"},{"id":63614,"name":"","processDefinitionVersion":20,"projectCode":18420269861664,"processDefinitionCode":19347782716448,"preTaskCode":19728553633056,"preTaskVersion":2,"postTaskCode":19347782716450,"postTaskVersion":4,"conditionType":"NONE","conditionParams":{},"createTime":"2025-11-25 22:36:24","updateTime":"2025-11-25 22:36:24","operator":2,"operateTime":"2025-11-25 22:36:24"},{"id":63616,"name":"","processDefinitionVersion":20,"projectCode":18420269861664,"processDefinitionCode":19347782716448,"preTaskCode":19347782716453,"preTaskVersion":5,"postTaskCode":19736270744096,"postTaskVersion":5,"conditionType":"NONE","conditionParams":{},"createTime":"2025-11-25 22:36:24","updateTime":"2025-11-25 22:36:24","operator":2,"operateTime":"2025-11-25 22:36:24"}],"taskDefinitionList":[{"id":21589,"code":19728553633056,"name":"ods_emis_extract_report_bills_day_sql_ods_emis_bills_di_year_create","version":2,"description":"","projectCode":18420269861664,"userId":2,"taskType":"SQL","taskParams":{"localParams":[],"resourceList":[],"type":"POSTGRESQL","datasource":4,"sql":"DROP TABLE if  exists  coss_ods.ods_emis_bills_di_year_tmp;\r\nCREATE TABLE if not exists coss_ods.ods_emis_bills_di_year_tmp (\r\n\tasset_name varchar(255) NULL,\r\n\tasset_id int4 NULL,\r\n\tbill_date varchar(50) NULL,\r\n\ttraiff varchar(255) NULL,\r\n\ttraiff_desc varchar(255) NULL,\r\n\ton_peak_kwh numeric(15, 5) NULL,\r\n\toff_peak_kwh numeric(15, 5) NULL,\r\n\ton_peak_kva numeric(15, 5) NULL,\r\n\toff_peak_kva numeric(15, 5) NULL,\r\n\tbill_amount numeric(15, 5) NULL,\r\n    ods_update_time   timestamp(6) default current_timestamp,\r\n    ods_load_time     timestamp(6) default current_timestamp\r\n)","sqlType":"1","preStatements":[],"postStatements":[],"segmentSeparator":";","displayRows":10},"taskParamList":[],"taskParamMap":null,"flag":"YES","taskPriority":"MEDIUM","userName":null,"projectName":null,"workerGroup":"default","environmentCode":17270889904672,"failRetryTimes":0,"failRetryInterval":1,"timeoutFlag":"CLOSE","timeoutNotifyStrategy":null,"timeout":0,"delayTime":0,"resourceIds":"","createTime":"2025-11-19 22:05:11","updateTime":"2025-11-19 22:05:11","modifyBy":null,"taskGroupId":0,"taskGroupPriority":0,"cpuQuota":-1,"memoryMax":-1,"taskExecuteType":"BATCH","operator":2,"operateTime":"2025-11-19 22:05:11"},{"id":21595,"code":19347782716450,"name":"ods_emis_extract_report_bills_day_sql_ods_emis_bills_di_year_update_time","version":4,"description":"","projectCode":18420269861664,"userId":2,"taskType":"SQL","taskParams":{"localParams":[{"prop":"bill_date","direct":"OUT","type":"VARCHAR","value":""}],"resourceList":[],"type":"POSTGRESQL","datasource":4,"sql":"select\r\n     to_char(coalesce(max(bill_date), '1900-01-01 00:00:00')- INTERVAL '6 months','yyyyMM')  as bill_date\r\nfrom coss_ods.ods_emis_bills_di_year\r\n","sqlType":"0","preStatements":[],"postStatements":[],"segmentSeparator":"","displayRows":10},"taskParamList":[{"prop":"bill_date","direct":"OUT","type":"VARCHAR","value":""}],"taskParamMap":{"bill_date":""},"flag":"YES","taskPriority":"MEDIUM","userName":null,"projectName":null,"workerGroup":"default","environmentCode":17270889904672,"failRetryTimes":0,"failRetryInterval":1,"timeoutFlag":"CLOSE","timeoutNotifyStrategy":null,"timeout":0,"delayTime":0,"resourceIds":"","createTime":"2025-10-16 11:22:32","updateTime":"2025-11-19 22:14:02","modifyBy":null,"taskGroupId":0,"taskGroupPriority":0,"cpuQuota":-1,"memoryMax":-1,"taskExecuteType":"BATCH","operator":2,"operateTime":"2025-11-19 22:14:02"},{"id":21590,"code":19728562116768,"name":"ods_emis_extract_report_bills_day_sql_ods_emis_report_di_year_create","version":2,"description":"","projectCode":18420269861664,"userId":2,"taskType":"SQL","taskParams":{"localParams":[],"resourceList":[],"type":"POSTGRESQL","datasource":4,"sql":"DROP TABLE if  exists  coss_ods.ods_emis_report_di_year_tmp;\r\nCREATE TABLE if not  exists  coss_ods.ods_emis_report_di_year_tmp (\r\n\trpt_id text NULL,\r\n\tasset_id int8 NULL,\r\n\tpump_num int8 NULL,\r\n\tcat_id text NULL,\r\n\tcat_name text NULL,\r\n\tdrive_id text NULL,\r\n\tdrive_name text NULL,\r\n\tdel_id text NULL,\r\n\tdel_name text NULL,\r\n\tdel__asset_id int8 NULL,\r\n\tdesign_flow text NULL,\r\n\trun_hours float8 NULL,\r\n\tpump_qty float8 NULL,\r\n\tavg_suct float8 NULL,\r\n\tavg_del float8 NULL,\r\n\tdesign_flow_flag text NULL,\r\n\trun_hours_flag text NULL,\r\n\tpump_qty_flag text NULL,\r\n\tavg_suct_flag text NULL,\r\n\tavg_del_flag text NULL,\r\n\tdw_etl_time text NULL,\r\n\tmh text NULL,\r\n    ods_update_time   timestamp(6) default current_timestamp,\r\n    ods_load_time     timestamp(6) default current_timestamp\r\n)\r\nWITH (\r\n\torientation=row,\r\n\tcompression=no\r\n)","sqlType":"1","preStatements":[],"postStatements":[],"segmentSeparator":";","displayRows":10},"taskParamList":[],"taskParamMap":null,"flag":"YES","taskPriority":"MEDIUM","userName":null,"projectName":null,"workerGroup":"default","environmentCode":17270889904672,"failRetryTimes":0,"failRetryInterval":1,"timeoutFlag":"CLOSE","timeoutNotifyStrategy":null,"timeout":0,"delayTime":0,"resourceIds":"","createTime":"2025-11-19 22:05:11","updateTime":"2025-11-19 22:05:11","modifyBy":null,"taskGroupId":0,"taskGroupPriority":0,"cpuQuota":-1,"memoryMax":-1,"taskExecuteType":"BATCH","operator":2,"operateTime":"2025-11-19 22:05:11"},{"id":21592,"code":19347782716453,"name":"ods_emis_extract_report_bills_day_shell_ods_emis_bills_di_year_add","version":5,"description":"# > /opt/app/coss/emis/log/ods_emis_bills.log 2>&1","projectCode":18420269861664,"userId":2,"taskType":"SHELL","taskParams":{"localParams":[],"rawScript":"\r\n# Log storage directory\r\nLOG_DIR=\"/opt/app/coss/emis/log/ods_emis_bills\" \r\n\r\n# Create a log directory (if it doesn't exist)\r\nmkdir -p \"$LOG_DIR\"\r\n\r\n# Generate the current date in the format of YYYYMMDD\r\nCURRENT_DATE=$(date +%Y%m%d)\r\n\r\n# Log file name\r\nLOG_FILE=\"${LOG_DIR}/ods_emis_bills_${CURRENT_DATE}.log\"\r\n\r\n# Run the Python program and redirect the output to the log file\r\npython3 /opt/app/coss/emis/script/ods_emis_bills_di_year.py ${bill_date} >> \"$LOG_FILE\" 2>&1\r\n\r\n# Delete log files that exceed the specified number of days\r\nfind \"$LOG_DIR\" -name \"*.log\" -type f -mtime +90 -delete","resourceList":[]},"taskParamList":[],"taskParamMap":null,"flag":"YES","taskPriority":"MEDIUM","userName":null,"projectName":null,"workerGroup":"default","environmentCode":17270889904672,"failRetryTimes":0,"failRetryInterval":1,"timeoutFlag":"CLOSE","timeoutNotifyStrategy":null,"timeout":0,"delayTime":0,"resourceIds":"","createTime":"2025-10-16 11:22:32","updateTime":"2025-11-19 22:05:11","modifyBy":null,"taskGroupId":0,"taskGroupPriority":0,"cpuQuota":-1,"memoryMax":-1,"taskExecuteType":"BATCH","operator":2,"operateTime":"2025-11-19 22:05:11"},{"id":21599,"code":19736270744096,"name":"ods_emis_extract_report_bills_day_sql_ods_emis_bills_di_year_add","version":5,"description":"","projectCode":18420269861664,"userId":2,"taskType":"SQL","taskParams":{"localParams":[],"resourceList":[],"type":"POSTGRESQL","datasource":4,"sql":"-- ****************************************************************************************\r\n-- SUBJECT AREAS    : EMS Electricity Bills Data Filtering\r\n-- FUNCTION DESCRIBE: Retrieve the latest record for each (asset_id, bill_date) combination\r\n--                    by filtering the most recent ods_update_time using window function\r\n-- TARGET TABLE     : coss_ods.ods_emis_bills_di_year_tmp\r\n-- WINDOW FUNCTION  : ROW_NUMBER() - Assigns unique rank to records in each (asset_id, bill_date) group\r\n--                    PARTITION BY : Groups data by asset_id and bill_date (core dimensions)\r\n--                    ORDER BY     : Sorts records in each group by ods_update_time descending (newest first)\r\n-- ****************************************************************************************\r\ninsert into coss_ods.ods_emis_bills_di_year\r\nSELECT\r\n    asset_name,\r\n    asset_id,\r\n    bill_date,\r\n    traiff,\r\n    traiff_desc,\r\n    on_peak_kwh,\r\n    off_peak_kwh,\r\n    on_peak_kva,\r\n    off_peak_kva,\r\n    bill_amount,\r\n    localtimestamp ods_update_time,\r\n    localtimestamp ods_load_time\r\nFROM\r\n    (\r\n    SELECT\r\n        -- Include all required fields from the target table\r\n        asset_name,\r\n        asset_id,\r\n        bill_date,\r\n        traiff,\r\n        traiff_desc,\r\n        on_peak_kwh,\r\n        off_peak_kwh,\r\n        on_peak_kva,\r\n        off_peak_kva,\r\n        bill_amount,\r\n        ods_update_time,\r\n        ods_load_time,\r\n        -- Window function: Rank records in each (asset_id, bill_date) group by update time\r\n        ROW_NUMBER() OVER (\r\n            PARTITION BY asset_id, bill_date  -- Group records by asset ID and bill date\r\n            ORDER BY ods_update_time DESC     -- Sort within group by latest update time first\r\n        ) AS record_rank  -- Rank label: 1 = latest record in the group\r\n    FROM\r\n        coss_ods.ods_emis_bills_di_year_tmp\r\n    -- Optional: Filter invalid records to improve performance\r\n    WHERE\r\n        asset_id IS NOT NULL  -- Exclude records with empty asset ID\r\n        AND bill_date IS NOT NULL  -- Exclude records with empty bill date\r\n)  -- Select only the latest record (rank = 1) for each (asset_id, bill_date) group\r\nWHERE\r\n    record_rank = 1  -- Retain only the most recent record per group\r\n-- Optional: Sort result by core dimensions for readability\r\nORDER BY\r\n    asset_id,\r\n    bill_date\r\nON DUPLICATE KEY UPDATE\r\n    asset_name = values(asset_name),\r\n    traiff = values(traiff),\r\n    traiff_desc = values(traiff_desc),\r\n    on_peak_kwh = values(on_peak_kwh),\r\n    off_peak_kwh = values(off_peak_kwh),\r\n    on_peak_kva = values(on_peak_kva),\r\n    off_peak_kva = values(off_peak_kva),\r\n    bill_amount = values(bill_amount),\r\n    ods_update_time = values(ods_update_time)","sqlType":"1","preStatements":[],"postStatements":[],"segmentSeparator":";","displayRows":10},"taskParamList":[],"taskParamMap":null,"flag":"YES","taskPriority":"MEDIUM","userName":null,"projectName":null,"workerGroup":"default","environmentCode":17270889904672,"failRetryTimes":0,"failRetryInterval":1,"timeoutFlag":"CLOSE","timeoutNotifyStrategy":null,"timeout":0,"delayTime":0,"resourceIds":"","createTime":"2025-11-20 14:29:06","updateTime":"2025-11-20 14:36:21","modifyBy":null,"taskGroupId":0,"taskGroupPriority":0,"cpuQuota":-1,"memoryMax":-1,"taskExecuteType":"BATCH","operator":2,"operateTime":"2025-11-20 14:36:21"},{"id":21593,"code":19347782716449,"name":"ods_emis_extract_report_bills_day_shell_ods_emis_report_di_year_add","version":5,"description":"# > /opt/app/coss/emis/log/ods_emis_report.log 2>&1","projectCode":18420269861664,"userId":2,"taskType":"SHELL","taskParams":{"localParams":[],"rawScript":"\r\n# Log storage directory\r\nLOG_DIR=\"/opt/app/coss/emis/log/ods_emis_report\" \r\n\r\n# Create a log directory (if it doesn't exist)\r\nmkdir -p \"$LOG_DIR\"\r\n\r\n# Generate the current date in the format of YYYYMMDD\r\nCURRENT_DATE=$(date +%Y%m%d)\r\n\r\n# Log file name\r\nLOG_FILE=\"${LOG_DIR}/ods_emis_report_${CURRENT_DATE}.log\"\r\n\r\n# Run the Python program and redirect the output to the log file\r\npython3 /opt/app/coss/emis/script/ods_emis_report_di_year.py ${mh1}  >> \"$LOG_FILE\" 2>&1\r\n\r\n# Delete log files that exceed the specified number of days\r\nfind \"$LOG_DIR\" -name \"*.log\" -type f -mtime +90 -delete","resourceList":[]},"taskParamList":[],"taskParamMap":null,"flag":"YES","taskPriority":"MEDIUM","userName":null,"projectName":null,"workerGroup":"default","environmentCode":17270889904672,"failRetryTimes":0,"failRetryInterval":1,"timeoutFlag":"CLOSE","timeoutNotifyStrategy":null,"timeout":0,"delayTime":0,"resourceIds":"","createTime":"2025-10-16 11:22:32","updateTime":"2025-11-19 22:05:11","modifyBy":null,"taskGroupId":0,"taskGroupPriority":0,"cpuQuota":-1,"memoryMax":-1,"taskExecuteType":"BATCH","operator":2,"operateTime":"2025-11-19 22:05:11"},{"id":21596,"code":19347782716452,"name":"ods_emis_extract_report_bills_day_sql_ods_emis_report_di_year_update_time","version":4,"description":"","projectCode":18420269861664,"userId":2,"taskType":"SQL","taskParams":{"localParams":[{"prop":"mh1","direct":"OUT","type":"VARCHAR","value":""}],"resourceList":[],"type":"POSTGRESQL","datasource":4,"sql":"select \r\n    to_char(coalesce(max(to_date(mh,'yyyyMM')), '1900-01-01 00:00:00')- INTERVAL '6 months', 'yyyyMM')  as mh1   \r\nfrom coss_ods.ods_emis_report_di_year","sqlType":"0","preStatements":[],"postStatements":[],"segmentSeparator":"","displayRows":10},"taskParamList":[{"prop":"mh1","direct":"OUT","type":"VARCHAR","value":""}],"taskParamMap":{"mh1":""},"flag":"YES","taskPriority":"MEDIUM","userName":null,"projectName":null,"workerGroup":"default","environmentCode":17270889904672,"failRetryTimes":0,"failRetryInterval":1,"timeoutFlag":"CLOSE","timeoutNotifyStrategy":null,"timeout":0,"delayTime":0,"resourceIds":"","createTime":"2025-10-16 11:22:32","updateTime":"2025-11-19 22:14:02","modifyBy":null,"taskGroupId":0,"taskGroupPriority":0,"cpuQuota":-1,"memoryMax":-1,"taskExecuteType":"BATCH","operator":2,"operateTime":"2025-11-19 22:14:02"},{"id":21598,"code":19736277068192,"name":"ods_emis_extract_report_bills_day_sql_ods_emis_report_di_year_add","version":4,"description":"","projectCode":18420269861664,"userId":2,"taskType":"SQL","taskParams":{"localParams":[],"resourceList":[],"type":"POSTGRESQL","datasource":4,"sql":"-- ****************************************************************************************\r\n-- SUBJECT AREAS    : EMS Pump Report Data Filtering\r\n-- FUNCTION DESCRIBE: Retrieve the latest record for each combination of (asset_id, mh, del__asset_id, pump_num)\r\n--                    by filtering the most recent ods_update_time using window function\r\n-- TARGET TABLE     : coss_ods.ods_emis_report_di_year_tmp\r\n-- WINDOW FUNCTION  : ROW_NUMBER() - Assigns unique rank to records in each target dimension group\r\n--                    PARTITION BY : Groups data by 4 core dimensions (asset_id, mh, del__asset_id, pump_num)\r\n--                    ORDER BY     : Sorts records in each group by ods_update_time descending (newest first)\r\n-- ****************************************************************************************\r\ninsert into coss_ods.ods_emis_report_di_year\r\nSELECT\r\n    rpt_id,\r\n    asset_id,\r\n    pump_num,\r\n    cat_id,\r\n    cat_name,\r\n    drive_id,\r\n    drive_name,\r\n    del_id,\r\n    del_name,\r\n    del__asset_id,\r\n    design_flow,\r\n    run_hours,\r\n    pump_qty,\r\n    avg_suct,\r\n    avg_del,\r\n    design_flow_flag,\r\n    run_hours_flag,\r\n    pump_qty_flag,\r\n    avg_suct_flag,\r\n    avg_del_flag,\r\n    dw_etl_time,\r\n    mh,\r\n    ods_update_time,\r\n    ods_load_time\r\nFROM\r\n    (\r\n    SELECT\r\n        -- Include all required fields from the target table (match the specified field list)\r\n        rpt_id,\r\n        asset_id,\r\n        pump_num,\r\n        cat_id,\r\n        cat_name,\r\n        drive_id,\r\n        drive_name,\r\n        del_id,\r\n        del_name,\r\n        del__asset_id,  -- Note: Field with double underscore as per table structure\r\n        design_flow,\r\n        run_hours,\r\n        pump_qty,\r\n        avg_suct,\r\n        avg_del,\r\n        design_flow_flag,\r\n        run_hours_flag,\r\n        pump_qty_flag,\r\n        avg_suct_flag,\r\n        avg_del_flag,\r\n        dw_etl_time,\r\n        mh,\r\n        localtimestamp ods_update_time,\r\n        localtimestamp ods_load_time,\r\n        -- Window function: Rank records in each (asset_id, mh, del__asset_id, pump_num) group\r\n        ROW_NUMBER() OVER (\r\n            PARTITION BY\r\n                asset_id,\r\n                mh,\r\n                del__asset_id,\r\n                pump_num  -- 4 core dimensions for grouping\r\n            ORDER BY\r\n                ods_update_time DESC  -- Sort by update time: newest record ranks 1\r\n        ) AS record_rank  -- Rank label: 1 = latest record in the group\r\n    FROM\r\n        coss_ods.ods_emis_report_di_year_tmp\r\n    -- Optional: Filter invalid records to avoid meaningless groups\r\n    WHERE\r\n        asset_id IS NOT NULL\r\n        AND mh IS NOT NULL\r\n        AND del__asset_id IS NOT NULL\r\n        AND pump_num IS NOT NULL\r\n) -- Select only the latest record (rank = 1) for each target dimension group\r\nWHERE\r\n    record_rank = 1  -- Retain only the most recent record per (asset_id, mh, del__asset_id, pump_num)\r\n-- Optional: Sort result by core dimensions for readability\r\nORDER BY\r\n    asset_id,\r\n    mh,\r\n    del__asset_id,\r\n    pump_num\r\nON DUPLICATE KEY UPDATE\r\n        rpt_id = values(rpt_id),\r\n        cat_id = values(cat_id),\r\n        cat_name = values(cat_name),\r\n        drive_id = values(drive_id),\r\n        drive_name = values(drive_name),\r\n        del_id = values(del_id),\r\n        del_name = values(del_name),\r\n        design_flow = values(design_flow),\r\n        run_hours = values(run_hours),\r\n        pump_qty = values(pump_qty),\r\n        avg_suct = values(avg_suct),\r\n        avg_del = values(avg_del),\r\n        design_flow_flag = values(design_flow_flag),\r\n        run_hours_flag = values(run_hours_flag),\r\n        pump_qty_flag = values(pump_qty_flag),\r\n        avg_suct_flag = values(avg_suct_flag),\r\n        avg_del_flag = values(avg_del_flag),\r\n        dw_etl_time = values(dw_etl_time),\r\n        ods_update_time = values(ods_update_time)","sqlType":"1","preStatements":[],"postStatements":[],"segmentSeparator":";","displayRows":10},"taskParamList":[],"taskParamMap":null,"flag":"YES","taskPriority":"MEDIUM","userName":null,"projectName":null,"workerGroup":"default","environmentCode":17270889904672,"failRetryTimes":0,"failRetryInterval":1,"timeoutFlag":"CLOSE","timeoutNotifyStrategy":null,"timeout":0,"delayTime":0,"resourceIds":"","createTime":"2025-11-20 14:29:06","updateTime":"2025-11-20 14:29:06","modifyBy":null,"taskGroupId":0,"taskGroupPriority":0,"cpuQuota":-1,"memoryMax":-1,"taskExecuteType":"BATCH","operator":2,"operateTime":"2025-11-20 14:29:06"},{"id":61437,"code":19795318763808,"name":"ods_to_dwd","version":1,"description":"","projectCode":18420269861664,"userId":2,"taskType":"SUB_PROCESS","taskParams":{"localParams":[],"resourceList":[],"processDefinitionCode":19783958401312},"taskParamList":[],"taskParamMap":null,"flag":"YES","taskPriority":"MEDIUM","userName":null,"projectName":null,"workerGroup":"default","environmentCode":18266283102112,"failRetryTimes":0,"failRetryInterval":1,"timeoutFlag":"CLOSE","timeoutNotifyStrategy":null,"timeout":0,"delayTime":0,"resourceIds":"","createTime":"2025-11-25 22:36:24","updateTime":"2025-11-25 22:36:24","modifyBy":null,"taskGroupId":0,"taskGroupPriority":0,"cpuQuota":-1,"memoryMax":-1,"taskExecuteType":"BATCH","operator":2,"operateTime":"2025-11-25 22:36:24"}],"schedule":{"id":149,"processDefinitionCode":19347782716448,"processDefinitionName":null,"projectName":null,"definitionDescription":null,"startTime":"2025-10-16 00:00:00","endTime":"2130-10-16 00:00:00","timezoneId":"Asia/Shanghai","crontab":"1,59 59 23 * * ? *","failureStrategy":"CONTINUE","warningType":"NONE","createTime":"2025-10-16 20:14:56","updateTime":"2025-10-16 20:15:20","userId":2,"userName":null,"releaseState":"OFFLINE","warningGroupId":0,"processInstancePriority":"MEDIUM","workerGroup":"default","environmentCode":-1}}]