[{"processDefinition":{"id":542,"code":19583277343008,"name":"dm_wtw_report_bill_etl_day","version":2,"releaseState":"ONLINE","projectCode":18796782717216,"description":"Clean and load pump stations report and bill data in the dws layer","globalParams":"[{\"prop\":\"mh1\",\"value\":\"202501\",\"direct\":\"IN\",\"type\":\"VARCHAR\"}]","globalParamList":[{"prop":"mh1","direct":"IN","type":"VARCHAR","value":"202501"}],"globalParamMap":{"mh1":"202501"},"createTime":"2025-11-06 18:25:54","updateTime":"2025-11-06 18:29:12","flag":"YES","userId":2,"userName":null,"projectName":null,"locations":"[{\"taskCode\":19583277343010,\"x\":310,\"y\":100},{\"taskCode\":19583277343009,\"x\":310,\"y\":406},{\"taskCode\":19583277343011,\"x\":310,\"y\":200},{\"taskCode\":19583277343012,\"x\":310,\"y\":300}]","scheduleReleaseState":null,"timeout":0,"tenantId":-1,"tenantCode":null,"modifyBy":null,"warningGroupId":0,"executionType":"PARALLEL"},"processTaskRelationList":[{"id":4603,"name":"","processDefinitionVersion":2,"projectCode":18796782717216,"processDefinitionCode":19583277343008,"preTaskCode":19583277343012,"preTaskVersion":1,"postTaskCode":19583277343009,"postTaskVersion":1,"conditionType":"NONE","conditionParams":{},"createTime":"2025-11-06 18:29:12","updateTime":"2025-11-06 18:29:12","operator":2,"operateTime":"2025-11-06 18:29:12"},{"id":4604,"name":"","processDefinitionVersion":2,"projectCode":18796782717216,"processDefinitionCode":19583277343008,"preTaskCode":19583277343010,"preTaskVersion":1,"postTaskCode":19583277343011,"postTaskVersion":1,"conditionType":"NONE","conditionParams":{},"createTime":"2025-11-06 18:29:12","updateTime":"2025-11-06 18:29:12","operator":2,"operateTime":"2025-11-06 18:29:12"},{"id":4605,"name":"","processDefinitionVersion":2,"projectCode":18796782717216,"processDefinitionCode":19583277343008,"preTaskCode":19583277343011,"preTaskVersion":1,"postTaskCode":19583277343012,"postTaskVersion":1,"conditionType":"NONE","conditionParams":{},"createTime":"2025-11-06 18:29:12","updateTime":"2025-11-06 18:29:12","operator":2,"operateTime":"2025-11-06 18:29:12"},{"id":4602,"name":"","processDefinitionVersion":2,"projectCode":18796782717216,"processDefinitionCode":19583277343008,"preTaskCode":0,"preTaskVersion":0,"postTaskCode":19583277343010,"postTaskVersion":1,"conditionType":"NONE","conditionParams":{},"createTime":"2025-11-06 18:29:12","updateTime":"2025-11-06 18:29:12","operator":2,"operateTime":"2025-11-06 18:29:12"}],"taskDefinitionList":[{"id":2042,"code":19583277343010,"name":"dm_wtw_report_bill_etl_day_sql_dm_wtw_monthly_eng_cons_billing_hist_di_add","version":1,"description":"","projectCode":18796782717216,"userId":2,"taskType":"SQL","taskParams":{"localParams":[],"resourceList":[],"type":"POSTGRESQL","datasource":4,"sql":";delete from coss_dm.dm_wtw_monthly_eng_cons_billing_hist_di where statistical_month  >= ${mh1}\r\n;insert into coss_dm.dm_wtw_monthly_eng_cons_billing_hist_di\r\nselect\r\n  uuid()            as id                 -- id\r\n  ,asset_id         as asset_id           -- asset id\r\n  ,asset_name       as asset_name         -- asset name\r\n  ,asset_desc       as asset_desc         -- asset description\r\n  ,i_type_code      as i_type_code        -- installation type code\r\n  ,i_type_desc      as i_type_desc        -- installation type  description\r\n  ,region_rpt       as region_rpt         -- region report\r\n  ,bill_id          as bill_id            -- bill_id\r\n  ,bill_date        as bill_date          -- bill date\r\n  ,tariff_name      as tariff_name        -- tariff name\r\n  ,tariff_desc      as tariff_desc        -- tariff description\r\n  ,utility_name     as utility_name       -- utility name\r\n  ,utility_desc     as utility_desc       -- utility description\r\n  ,kwh_on_peak      as kwh_on_peak        -- power consumption of on peak (kwh)\r\n  ,kwh_off_peak     as kwh_off_peak       -- power consumption of off peak (kwh)\r\n  ,payout           as payout             -- pay out\r\n  ,total_kwh        as total_kwh          -- power consumption of total (kwh), the calculation logic is (kwh_on_peak + kwh_off_peak)\r\n  ,pump_qty         as pump_qty           -- water pumped this month\r\n  ,localtimestamp   as dm_update_time     -- dm update time\r\n  ,localtimestamp   as dm_load_time       -- dm load time\r\n  ,mh               as statistical_month  -- statistical month\r\nfrom coss_dws.dws_wtw_eng_cons_billing_details_di_year \r\nwhere mh >= ${mh1}\r\n","sqlType":"1","preStatements":[],"postStatements":[],"segmentSeparator":"；","displayRows":10},"taskParamList":[],"taskParamMap":null,"flag":"YES","taskPriority":"MEDIUM","userName":null,"projectName":null,"workerGroup":"default","environmentCode":17270889904672,"failRetryTimes":0,"failRetryInterval":1,"timeoutFlag":"CLOSE","timeoutNotifyStrategy":null,"timeout":0,"delayTime":0,"resourceIds":"","createTime":"2025-11-06 18:25:54","updateTime":"2025-11-06 18:25:54","modifyBy":null,"taskGroupId":0,"taskGroupPriority":0,"cpuQuota":-1,"memoryMax":-1,"taskExecuteType":"BATCH","operator":2,"operateTime":"2025-11-06 18:25:54"},{"id":2041,"code":19583277343009,"name":"dm_wtw_report_bill_etl_day_sql_dm_wtw_annual_water_treatment_works_item_di_add_3.2","version":1,"description":"","projectCode":18796782717216,"userId":2,"taskType":"SQL","taskParams":{"localParams":[],"resourceList":[],"type":"POSTGRESQL","datasource":4,"sql":";delete from coss_dm.dm_wtw_annual_water_treatment_works_item_di\r\nwhere inter_item_code in (\r\n'IT_TW_000027'\r\n)\r\nand statistical_year = round(${mh1}/100,0)\r\n\r\n;with t_af as(\r\nselect \r\n  round(mh/100) as yr\r\n  ,region_rpt region\r\n  ,sum(total_kwh)/sum(pump_qty) kwh_qty\r\nfrom coss_dws.dws_wtw_eng_cons_billing_details_di_year \r\nwhere  pump_qty is not null and pump_qty !=0\r\n  and round(mh/100,0) = round(${mh1}/100,0)\r\n  or mh in (select distinct mh-100 mh from coss_dws.dws_wtw_eng_cons_billing_details_di_year where round(mh/100,0) = round(${mh1}/100,0))\r\ngroup by \r\n  yr\r\n  ,region_rpt\r\n),t_bf as(\r\nselect \r\n  round(mh/100) as yr\r\n  ,'HKSAR'     region\r\n  ,sum(total_kwh)/sum(pump_qty) kwh_qty\r\nfrom coss_dws.dws_wtw_eng_cons_billing_details_di_year\r\nwhere pump_qty is not null  and pump_qty !=0\r\n  and round(mh/100,0) = round(${mh1}/100,0)\r\n  or mh in (select distinct mh-100 mh from coss_dws.dws_wtw_eng_cons_billing_details_di_year where round(mh/100,0) = round(${mh1}/100,0))\r\ngroup by \r\n  yr\r\n)\r\ninsert into coss_dm.dm_wtw_annual_water_treatment_works_item_di\r\nselect \r\nid\r\n,yr statistical_year\r\n,region region_abbr\r\n,item_code inter_item_code\r\n,item_value\r\n,dm_update_time\r\n,dm_load_time\r\nfrom \r\n(\r\nselect\r\n  uuid()                             as id\r\n  ,t.region                           as region\r\n  ,'IT_TW_000027'                        as item_code\r\n  ,'滤水厂单位电耗同比增长率' as item_name_cn\r\n  ,'濾水廠單位電耗同比增長率' as item_name_tc  \r\n  ,'Year on Year Growth Rate Of Electricity Consumption Per Unit In Water Treatment Works' as item_name_en  \r\n  ,case when t1.kwh_qty is null or t1.kwh_qty = 0 then 0\r\n  else  (t.kwh_qty - t1.kwh_qty)/t1.kwh_qty * 100 end   as item_value\r\n  ,'%'                             as unit\r\n  ,localtimestamp                    as dm_update_time\r\n  ,localtimestamp                    as dm_load_time\r\n  ,t.yr                              as yr\r\nfrom t_bf t\r\n  left join t_bf t1 on t.yr = t1.yr+1 and t.region = t1.region\r\nwhere t.yr = round(${mh1}/100,0)\r\n  \r\nunion all\r\nselect\r\n  uuid()                             as id\r\n  ,t.region                           as region\r\n  ,'IT_TW_000027'                        as item_code\r\n  ,'滤水厂单位电耗同比增长率' as item_name_cn\r\n  ,'濾水廠水站單位電耗同比增長率' as item_name_tc  \r\n  ,'Year on Year Growth Rate Of Electricity Consumption Per Unit In Water Treatment Works' as item_name_en  \r\n  ,case when t1.kwh_qty is null or t1.kwh_qty = 0 then 0\r\n  else  (t.kwh_qty - t1.kwh_qty)/t1.kwh_qty * 100 end   as item_value\r\n  ,'%'                             as unit\r\n  ,localtimestamp                    as dm_update_time\r\n  ,localtimestamp                    as dm_load_time\r\n  ,t.yr                              as yr\r\nfrom t_af t\r\n  left join t_af t1 on t.yr = t1.yr+1 and t.region = t1.region\r\n  where t.yr = round(${mh1}/100,0)\r\n)\r\n","sqlType":"1","preStatements":[],"postStatements":[],"segmentSeparator":"；","displayRows":10},"taskParamList":[],"taskParamMap":null,"flag":"YES","taskPriority":"MEDIUM","userName":null,"projectName":null,"workerGroup":"default","environmentCode":17270889904672,"failRetryTimes":0,"failRetryInterval":1,"timeoutFlag":"CLOSE","timeoutNotifyStrategy":null,"timeout":0,"delayTime":0,"resourceIds":"","createTime":"2025-11-06 18:25:54","updateTime":"2025-11-06 18:25:54","modifyBy":null,"taskGroupId":0,"taskGroupPriority":0,"cpuQuota":-1,"memoryMax":-1,"taskExecuteType":"BATCH","operator":2,"operateTime":"2025-11-06 18:25:54"},{"id":2043,"code":19583277343011,"name":"dm_wtw_report_bill_etl_day_sql_dm_wtw_monthly_water_treatment_works_item_di_add","version":1,"description":"","projectCode":18796782717216,"userId":2,"taskType":"SQL","taskParams":{"localParams":[],"resourceList":[],"type":"POSTGRESQL","datasource":4,"sql":";delete from coss_dm.dm_wtw_monthly_water_treatment_works_item_di\r\nwhere \r\ninter_item_code in( \r\n'IT_TW_000025'\r\n)\r\nand statistical_month >= ${mh1}\r\n\r\n;with t_af as(\r\nselect \r\n  mh as mh\r\n  ,region_rpt region\r\n  ,sum(total_kwh)/sum(pump_qty) kwh_qty\r\nfrom coss_dws.dws_wtw_eng_cons_billing_details_di_year\r\nwhere  pump_qty is not null and pump_qty !=0\r\n  and mh >= ${mh1}\r\ngroup by \r\n  mh\r\n  ,region_rpt\r\n),t_bf as(\r\nselect \r\n  mh as mh\r\n  ,'HKSAR'     region\r\n  ,sum(total_kwh)/sum(pump_qty) kwh_qty\r\nfrom coss_dws.dws_wtw_eng_cons_billing_details_di_year \r\nwhere pump_qty is not null  and pump_qty !=0\r\n  and mh >= ${mh1}\r\ngroup by \r\n  mh\r\n)\r\ninsert into coss_dm.dm_wtw_monthly_water_treatment_works_item_di\r\nselect \r\nid\r\n,mh statistical_month\r\n,region region_abbr\r\n,item_code inter_item_code\r\n,item_value\r\n,dm_update_time\r\n,dm_load_time\r\nfrom \r\n(\r\nselect\r\n  uuid()                             as id\r\n  ,region                           as region\r\n  ,'IT_TW_000025'                        as item_code\r\n  ,'滤水厂单位电耗' as item_name_cn\r\n  ,'濾水廠單位電耗' as item_name_tc  \r\n  ,'Electricity Consumption Per Unit Of Water Treatment Works' as item_name_en  \r\n  ,t.kwh_qty                       as item_value\r\n  ,'kwh/ML'                             as unit\r\n  ,localtimestamp                    as dm_update_time\r\n  ,localtimestamp                    as dm_load_time\r\n  ,t.mh                              as mh\r\nfrom t_bf t\r\n\r\nunion all\r\nselect\r\n  uuid()                             as id\r\n  ,region                           as region\r\n  ,'IT_TW_000025'                        as item_code\r\n  ,'滤水厂单位电耗' as item_name_cn\r\n  ,'濾水廠水站單位電耗' as item_name_tc  \r\n  ,'Electricity Consumption Per Unit Of Water Treatment Works' as item_name_en  \r\n  ,t.kwh_qty                       as item_value\r\n  ,'kwh/ML'                             as unit\r\n  ,localtimestamp                    as dm_update_time\r\n  ,localtimestamp                    as dm_load_time\r\n  ,t.mh                              as mh\r\nfrom t_af t)\r\n","sqlType":"1","preStatements":[],"postStatements":[],"segmentSeparator":"；","displayRows":10},"taskParamList":[],"taskParamMap":null,"flag":"YES","taskPriority":"MEDIUM","userName":null,"projectName":null,"workerGroup":"default","environmentCode":17270889904672,"failRetryTimes":0,"failRetryInterval":1,"timeoutFlag":"CLOSE","timeoutNotifyStrategy":null,"timeout":0,"delayTime":0,"resourceIds":"","createTime":"2025-11-06 18:25:54","updateTime":"2025-11-06 18:25:54","modifyBy":null,"taskGroupId":0,"taskGroupPriority":0,"cpuQuota":-1,"memoryMax":-1,"taskExecuteType":"BATCH","operator":2,"operateTime":"2025-11-06 18:25:54"},{"id":2044,"code":19583277343012,"name":"dm_wtw_report_bill_etl_day_sql_dm_wtw_annual_water_treatment_works_item_di_add_3.1","version":1,"description":"","projectCode":18796782717216,"userId":2,"taskType":"SQL","taskParams":{"localParams":[],"resourceList":[],"type":"POSTGRESQL","datasource":4,"sql":";delete from coss_dm.dm_wtw_annual_water_treatment_works_item_di\r\nwhere inter_item_code in (\r\n'IT_TW_000025'\r\n)\r\nand statistical_year >= round(${mh1}/100,0)\r\n\r\n;with t_af as(\r\nselect \r\n  round(mh/100) as yr\r\n  ,region_rpt region\r\n  ,sum(total_kwh)/sum(pump_qty) kwh_qty\r\nfrom coss_dws.dws_wtw_eng_cons_billing_details_di_year \r\nwhere  pump_qty is not null and pump_qty !=0\r\n  and mh >= ${mh1}\r\ngroup by \r\n  yr\r\n  ,region_rpt\r\n),t_bf as(\r\nselect \r\n  round(mh/100) as yr\r\n  ,'HKSAR'     region\r\n  ,sum(total_kwh)/sum(pump_qty) kwh_qty\r\nfrom coss_dws.dws_wtw_eng_cons_billing_details_di_year\r\nwhere pump_qty is not null  and pump_qty !=0\r\n  and mh >= ${mh1}\r\ngroup by \r\n  yr\r\n)\r\ninsert into coss_dm.dm_wtw_annual_water_treatment_works_item_di\r\nselect \r\nid\r\n,yr statistical_year\r\n,region region_abbr\r\n,item_code inter_item_code\r\n,item_value\r\n,dm_update_time\r\n,dm_load_time\r\nfrom \r\n(select\r\n  uuid()                             as id\r\n  ,region                           as region\r\n  ,'IT_TW_000025'                        as item_code\r\n  ,'滤水厂单位电耗' as item_name_cn\r\n  ,'濾水廠單位電耗' as item_name_tc  \r\n  ,'Electricity Consumption Per Unit Of Water Treatment Works' as item_name_en  \r\n  ,t.kwh_qty                       as item_value\r\n  ,'kwh/Ml'                             as unit\r\n  ,localtimestamp                    as dm_update_time\r\n  ,localtimestamp                    as dm_load_time\r\n  ,t.yr                              as yr\r\nfrom t_bf t\r\n\r\nunion all\r\nselect\r\n  uuid()                             as id\r\n  ,region                           as region\r\n  ,'IT_TW_000025'                        as item_code\r\n  ,'滤水厂单位电耗' as item_name_cn\r\n  ,'濾水廠水站單位電耗' as item_name_tc  \r\n  ,'Electricity Consumption Per Unit Of Water Treatment Works' as item_name_en  \r\n  ,t.kwh_qty                       as item_value\r\n  ,'kwh/Ml'                             as unit\r\n  ,localtimestamp                    as dm_update_time\r\n  ,localtimestamp                    as dm_load_time\r\n  ,t.yr                              as yr\r\nfrom t_af t\r\n)\r\n","sqlType":"1","preStatements":[],"postStatements":[],"segmentSeparator":"；","displayRows":10},"taskParamList":[],"taskParamMap":null,"flag":"YES","taskPriority":"MEDIUM","userName":null,"projectName":null,"workerGroup":"default","environmentCode":17270889904672,"failRetryTimes":0,"failRetryInterval":1,"timeoutFlag":"CLOSE","timeoutNotifyStrategy":null,"timeout":0,"delayTime":0,"resourceIds":"","createTime":"2025-11-06 18:25:54","updateTime":"2025-11-06 18:25:54","modifyBy":null,"taskGroupId":0,"taskGroupPriority":0,"cpuQuota":-1,"memoryMax":-1,"taskExecuteType":"BATCH","operator":2,"operateTime":"2025-11-06 18:25:54"}],"schedule":null}]