[{"processDefinition":{"id":537,"code":19583272587424,"name":"ods_emis_extract_report_bills_day","version":5,"releaseState":"ONLINE","projectCode":18796782717216,"description":"Get EMIS system pump report and bills data","globalParams":"[{\"prop\":\"mh1\",\"value\":\"$[yyyyMM-12]\",\"direct\":\"IN\",\"type\":\"VARCHAR\"}]","globalParamList":[{"prop":"mh1","direct":"IN","type":"VARCHAR","value":"$[yyyyMM-12]"}],"globalParamMap":{"mh1":"$[yyyyMM-12]"},"createTime":"2025-11-06 18:25:17","updateTime":"2025-11-07 14:38:06","flag":"YES","userId":2,"userName":null,"projectName":null,"locations":"[{\"taskCode\":19583272587426,\"x\":540,\"y\":270},{\"taskCode\":19583272587428,\"x\":177,\"y\":145},{\"taskCode\":19583272587427,\"x\":861,\"y\":239},{\"taskCode\":19583272587429,\"x\":530,\"y\":145},{\"taskCode\":19583272587425,\"x\":177,\"y\":270}]","scheduleReleaseState":null,"timeout":0,"tenantId":-1,"tenantCode":null,"modifyBy":null,"warningGroupId":0,"executionType":"PARALLEL"},"processTaskRelationList":[{"id":4907,"name":"","processDefinitionVersion":5,"projectCode":18796782717216,"processDefinitionCode":19583272587424,"preTaskCode":0,"preTaskVersion":0,"postTaskCode":19583272587425,"postTaskVersion":1,"conditionType":"NONE","conditionParams":{},"createTime":"2025-11-07 14:38:06","updateTime":"2025-11-07 14:38:06","operator":2,"operateTime":"2025-11-07 14:38:06"},{"id":4908,"name":"","processDefinitionVersion":5,"projectCode":18796782717216,"processDefinitionCode":19583272587424,"preTaskCode":19583272587426,"preTaskVersion":1,"postTaskCode":19583272587427,"postTaskVersion":2,"conditionType":"NONE","conditionParams":{},"createTime":"2025-11-07 14:38:06","updateTime":"2025-11-07 14:38:06","operator":2,"operateTime":"2025-11-07 14:38:06"},{"id":4909,"name":"","processDefinitionVersion":5,"projectCode":18796782717216,"processDefinitionCode":19583272587424,"preTaskCode":19583272587425,"preTaskVersion":1,"postTaskCode":19583272587426,"postTaskVersion":1,"conditionType":"NONE","conditionParams":{},"createTime":"2025-11-07 14:38:06","updateTime":"2025-11-07 14:38:06","operator":2,"operateTime":"2025-11-07 14:38:06"},{"id":4910,"name":"","processDefinitionVersion":5,"projectCode":18796782717216,"processDefinitionCode":19583272587424,"preTaskCode":19583272587429,"preTaskVersion":1,"postTaskCode":19583272587427,"postTaskVersion":2,"conditionType":"NONE","conditionParams":{},"createTime":"2025-11-07 14:38:06","updateTime":"2025-11-07 14:38:06","operator":2,"operateTime":"2025-11-07 14:38:06"},{"id":4911,"name":"","processDefinitionVersion":5,"projectCode":18796782717216,"processDefinitionCode":19583272587424,"preTaskCode":19583272587428,"preTaskVersion":1,"postTaskCode":19583272587429,"postTaskVersion":1,"conditionType":"NONE","conditionParams":{},"createTime":"2025-11-07 14:38:06","updateTime":"2025-11-07 14:38:06","operator":2,"operateTime":"2025-11-07 14:38:06"},{"id":4906,"name":"","processDefinitionVersion":5,"projectCode":18796782717216,"processDefinitionCode":19583272587424,"preTaskCode":0,"preTaskVersion":0,"postTaskCode":19583272587428,"postTaskVersion":1,"conditionType":"NONE","conditionParams":{},"createTime":"2025-11-07 14:38:06","updateTime":"2025-11-07 14:38:06","operator":2,"operateTime":"2025-11-07 14:38:06"}],"taskDefinitionList":[{"id":2027,"code":19583272587429,"name":"ods_emis_extract_report_bills_day_shell_ods_emis_bills_di_year_add","version":1,"description":"# > /opt/app/coss/emis/log/ods_emis_bills.log 2>&1","projectCode":18796782717216,"userId":2,"taskType":"SHELL","taskParams":{"localParams":[],"rawScript":"\r\n# Log storage directory\r\nLOG_DIR=\"/opt/app/coss/emis/log/ods_emis_bills\" \r\n\r\n# Create a log directory (if it doesn't exist)\r\nmkdir -p \"$LOG_DIR\"\r\n\r\n# Generate the current date in the format of YYYYMMDD\r\nCURRENT_DATE=$(date +%Y%m%d)\r\n\r\n# Log file name\r\nLOG_FILE=\"${LOG_DIR}/ods_emis_bills_${CURRENT_DATE}.log\"\r\n\r\n# Run the Python program and redirect the output to the log file\r\npython3 /opt/app/coss/emis/script/ods_emis_bills.py ${mh1} >> \"$LOG_FILE\" 2>&1\r\n\r\n# Delete log files that exceed the specified number of days\r\nfind \"$LOG_DIR\" -name \"*.log\" -type f -mtime +90 -delete","resourceList":[]},"taskParamList":[],"taskParamMap":null,"flag":"YES","taskPriority":"MEDIUM","userName":null,"projectName":null,"workerGroup":"default","environmentCode":17270889904672,"failRetryTimes":0,"failRetryInterval":1,"timeoutFlag":"CLOSE","timeoutNotifyStrategy":null,"timeout":0,"delayTime":0,"resourceIds":"","createTime":"2025-11-06 18:25:17","updateTime":"2025-11-06 18:25:17","modifyBy":null,"taskGroupId":0,"taskGroupPriority":0,"cpuQuota":-1,"memoryMax":-1,"taskExecuteType":"BATCH","operator":2,"operateTime":"2025-11-06 18:25:17"},{"id":2026,"code":19583272587428,"name":"ods_emis_extract_report_bills_day_sql_ods_emis_bills_di_year_add","version":1,"description":"","projectCode":18796782717216,"userId":2,"taskType":"SQL","taskParams":{"localParams":[],"resourceList":[],"type":"POSTGRESQL","datasource":4,"sql":"delete from coss_ods.ods_emis_bills_di_year where bill_date  >= to_date(${mh1}, 'yyyyMM')","sqlType":"1","preStatements":[],"postStatements":[],"segmentSeparator":"","displayRows":10},"taskParamList":[],"taskParamMap":null,"flag":"YES","taskPriority":"MEDIUM","userName":null,"projectName":null,"workerGroup":"default","environmentCode":17270889904672,"failRetryTimes":0,"failRetryInterval":1,"timeoutFlag":"CLOSE","timeoutNotifyStrategy":null,"timeout":0,"delayTime":0,"resourceIds":"","createTime":"2025-11-06 18:25:17","updateTime":"2025-11-06 18:25:17","modifyBy":null,"taskGroupId":0,"taskGroupPriority":0,"cpuQuota":-1,"memoryMax":-1,"taskExecuteType":"BATCH","operator":2,"operateTime":"2025-11-06 18:25:17"},{"id":2045,"code":19583272587427,"name":"ods_emis_to_dwd","version":2,"description":"","projectCode":18796782717216,"userId":2,"taskType":"SUB_PROCESS","taskParams":{"localParams":[],"resourceList":[],"processDefinitionCode":19583273371296},"taskParamList":[],"taskParamMap":null,"flag":"YES","taskPriority":"MEDIUM","userName":null,"projectName":null,"workerGroup":"default","environmentCode":17270889904672,"failRetryTimes":0,"failRetryInterval":1,"timeoutFlag":"CLOSE","timeoutNotifyStrategy":null,"timeout":0,"delayTime":0,"resourceIds":"","createTime":"2025-11-06 18:25:17","updateTime":"2025-11-06 18:29:31","modifyBy":null,"taskGroupId":0,"taskGroupPriority":0,"cpuQuota":-1,"memoryMax":-1,"taskExecuteType":"BATCH","operator":2,"operateTime":"2025-11-06 18:29:31"},{"id":2023,"code":19583272587425,"name":"ods_emis_extract_report_bills_day_sql_ods_emis_report_di_year_add","version":1,"description":"","projectCode":18796782717216,"userId":2,"taskType":"SQL","taskParams":{"localParams":[],"resourceList":[],"type":"POSTGRESQL","datasource":4,"sql":"delete from coss_ods.ods_emis_report_di_year where mh >= ${mh1}","sqlType":"1","preStatements":[],"postStatements":[],"segmentSeparator":"","displayRows":10},"taskParamList":[],"taskParamMap":null,"flag":"YES","taskPriority":"MEDIUM","userName":null,"projectName":null,"workerGroup":"default","environmentCode":17270889904672,"failRetryTimes":0,"failRetryInterval":1,"timeoutFlag":"CLOSE","timeoutNotifyStrategy":null,"timeout":0,"delayTime":0,"resourceIds":"","createTime":"2025-11-06 18:25:17","updateTime":"2025-11-06 18:25:17","modifyBy":null,"taskGroupId":0,"taskGroupPriority":0,"cpuQuota":-1,"memoryMax":-1,"taskExecuteType":"BATCH","operator":2,"operateTime":"2025-11-06 18:25:17"},{"id":2024,"code":19583272587426,"name":"ods_emis_extract_report_bills_day_shell_ods_emis_report_di_year_add","version":1,"description":"# > /opt/app/coss/emis/log/ods_emis_report.log 2>&1","projectCode":18796782717216,"userId":2,"taskType":"SHELL","taskParams":{"localParams":[],"rawScript":"\r\n# Log storage directory\r\nLOG_DIR=\"/opt/app/coss/emis/log/ods_emis_report\" \r\n\r\n# Create a log directory (if it doesn't exist)\r\nmkdir -p \"$LOG_DIR\"\r\n\r\n# Generate the current date in the format of YYYYMMDD\r\nCURRENT_DATE=$(date +%Y%m%d)\r\n\r\n# Log file name\r\nLOG_FILE=\"${LOG_DIR}/ods_emis_report_${CURRENT_DATE}.log\"\r\n\r\n# Run the Python program and redirect the output to the log file\r\npython3 /opt/app/coss/emis/script/ods_emis_report.py ${mh1}  >> \"$LOG_FILE\" 2>&1\r\n\r\n# Delete log files that exceed the specified number of days\r\nfind \"$LOG_DIR\" -name \"*.log\" -type f -mtime +90 -delete","resourceList":[]},"taskParamList":[],"taskParamMap":null,"flag":"YES","taskPriority":"MEDIUM","userName":null,"projectName":null,"workerGroup":"default","environmentCode":17270889904672,"failRetryTimes":0,"failRetryInterval":1,"timeoutFlag":"CLOSE","timeoutNotifyStrategy":null,"timeout":0,"delayTime":0,"resourceIds":"","createTime":"2025-11-06 18:25:17","updateTime":"2025-11-06 18:25:17","modifyBy":null,"taskGroupId":0,"taskGroupPriority":0,"cpuQuota":-1,"memoryMax":-1,"taskExecuteType":"BATCH","operator":2,"operateTime":"2025-11-06 18:25:17"}],"schedule":{"id":131,"processDefinitionCode":19583272587424,"processDefinitionName":null,"projectName":null,"definitionDescription":null,"startTime":"2025-10-16 00:00:00","endTime":"2130-10-16 00:00:00","timezoneId":"Asia/Shanghai","crontab":"1,59 59 23 * * ? *","failureStrategy":"CONTINUE","warningType":"NONE","createTime":"2025-11-06 18:25:17","updateTime":"2025-11-06 18:25:17","userId":2,"userName":null,"releaseState":"OFFLINE","warningGroupId":0,"processInstancePriority":"MEDIUM","workerGroup":"default","environmentCode":-1}}]