[{"processDefinition":{"id":539,"code":19583274724640,"name":"dws_psr_report_bill_etl_day","version":3,"releaseState":"ONLINE","projectCode":18796782717216,"description":"Clean and load pump stations report and bill data in the dwd layer","globalParams":"[{\"prop\":\"mh1\",\"value\":\"202501\",\"direct\":\"IN\",\"type\":\"VARCHAR\"}]","globalParamList":[{"prop":"mh1","direct":"IN","type":"VARCHAR","value":"202501"}],"globalParamMap":{"mh1":"202501"},"createTime":"2025-11-06 18:25:33","updateTime":"2025-11-06 18:30:47","flag":"YES","userId":2,"userName":null,"projectName":null,"locations":"[{\"taskCode\":19583274724641,\"x\":800,\"y\":-510},{\"taskCode\":19583274724642,\"x\":420,\"y\":-530}]","scheduleReleaseState":null,"timeout":0,"tenantId":-1,"tenantCode":null,"modifyBy":null,"warningGroupId":0,"executionType":"PARALLEL"},"processTaskRelationList":[{"id":4616,"name":"","processDefinitionVersion":3,"projectCode":18796782717216,"processDefinitionCode":19583274724640,"preTaskCode":0,"preTaskVersion":0,"postTaskCode":19583274724642,"postTaskVersion":1,"conditionType":"NONE","conditionParams":{},"createTime":"2025-11-06 18:30:47","updateTime":"2025-11-06 18:30:47","operator":2,"operateTime":"2025-11-06 18:30:47"},{"id":4617,"name":"","processDefinitionVersion":3,"projectCode":18796782717216,"processDefinitionCode":19583274724640,"preTaskCode":19583274724642,"preTaskVersion":1,"postTaskCode":19583274724641,"postTaskVersion":2,"conditionType":"NONE","conditionParams":{},"createTime":"2025-11-06 18:30:47","updateTime":"2025-11-06 18:30:47","operator":2,"operateTime":"2025-11-06 18:30:47"}],"taskDefinitionList":[{"id":2032,"code":19583274724642,"name":"dws_psr_report_bill_etl_day_sql_dws_psr_eng_cons_billing_details_di_year_add","version":1,"description":"","projectCode":18796782717216,"userId":2,"taskType":"SQL","taskParams":{"localParams":[],"resourceList":[],"type":"POSTGRESQL","datasource":4,"sql":"delete from coss_dws.dws_psr_eng_cons_billing_details_di_year where mh >= ${mh1}\r\n;insert into coss_dws.dws_psr_eng_cons_billing_details_di_year\r\nselect\r\n  t1.asset_id                     as asset_id           -- asset id\r\n  ,t1.asset_name                  as asset_name         -- asset name\r\n  ,t1.asset_desc                  as asset_desc         -- asset description\r\n  ,t1.loca_code                   as loca_code          -- location code\r\n  ,t1.acc_no                      as acc_no             -- account no\r\n  ,t1.region_id                   as region_id          -- region id\r\n  ,t1.region_code                 as region_code        -- region code\r\n  ,t1.region_desc                 as region_desc        -- region description\r\n  ,t1.i_type_id                   as i_type_id          -- installation type id\r\n  ,t1.i_type_code                 as i_type_code        -- installation type code\r\n  ,t1.i_type_desc                 as i_type_desc        -- installation type  description\r\n  ,t1.fw_portion                  as fw_portion         -- fresh portion\r\n  ,t1.sw_portion                  as sw_portion         -- salt water portion\r\n  ,t1.rw_portion                  as rw_portion         -- raw water portion\r\n  ,t1.tw_portion                  as tw_portion         -- treatment works portion\r\n  ,t1.remarks                     as remarks            -- remarks\r\n  ,t1.is_active                   as is_active          -- is active\r\n  ,t1.official_name               as official_name      -- official name\r\n  ,t1.station_code                as station_code       -- station code\r\n  ,t1.is_billing                  as is_billing         -- billing is active\r\n  ,t1.is_ps                       as is_ps              -- pump station is active\r\n  ,t1.is_ecw                      as is_ecw             -- ecw is active\r\n  ,t1.region_rpt                  as region_rpt         -- region report\r\n  ,t1.is_hkp                      as is_hkp             -- hkp is active\r\n  ,t1.is_fy                       as is_fy              -- fy is active\r\n  ,t1.is_water_eff                as is_water_eff       -- water efficiency is active\r\n  ,t1.water_eff_type_id           as water_eff_type_id  -- installation type id for water efficiency\r\n  ,t1.i_num                       as i_num              -- installation number\r\n  ,t.bill_id                      as bill_id            -- bill_id\r\n  ,t.bill_date                    as bill_date          -- bill date\r\n  ,t.tariff_id                    as tariff_id          -- tariff id\r\n  ,t.tariff_name                  as tariff_name        -- tariff name\r\n  ,t.tariff_desc                  as tariff_desc        -- tariff description\r\n  ,t.utility_id                   as utility_id         -- utility id\r\n  ,t.utility_name                 as utility_name       -- utility name\r\n  ,t.utility_desc                 as utility_desc       -- utility description\r\n  ,t.kwh_on_peak                  as kwh_on_peak        -- power consumption of on peak (kwh)\r\n  ,t.kwh_off_peak                 as kwh_off_peak       -- power consumption of off peak (kwh)\r\n  ,t.kva_on_peak                  as kva_on_peak        -- capacity of on peak (kva)\r\n  ,t.kva_off_peak                 as kva_off_peak       -- capacity of off peak (kva)\r\n  ,t.flow_volume                  as flow_volume        -- flow volume\r\n  ,t.avg_pressure                 as avg_pressure       -- average pressure\r\n  ,t.payout                       as payout             -- pay out\r\n  ,t.kwh_on_peak+t.kwh_off_peak   as total_kwh          -- power consumption of on peak (kwh)\r\n  ,t2.pump_qty                    as pump_qty           -- water pumped this month\r\n  ,localtimestamp                 as dws_update_time    -- Data Update Time\r\n  ,localtimestamp                 as dws_load_time      -- Data Loading Time\r\n  ,t.mh                           as mh                 -- partitions for billing date\r\nfrom coss_dwd.dwd_psr_billing_details_di_year t\r\ninner join coss_dim.dim_ass_energy_cons_installation_df t1 on t.asset_id = t1.asset_id\r\nleft join (select mh,asset_id,sum(pump_qty) pump_qty from coss_dwd.dwd_psr_pump_running_details_di_year group by mh,asset_id ) t2 on t.asset_id  = t2.asset_id and t.mh = t2.mh\r\nwhere t1.asset_name like '%PS%'\r\n  and lower(t1.asset_name) not like '%ceased%'\r\n  and lower(t1.asset_name) not like '%decommissi%'\r\n  and lower(t1.asset_name) not like '%TW%'\r\n  and t.mh >= ${mh1}\r\n  and t2.mh >= ${mh1}\r\n","sqlType":"1","preStatements":[],"postStatements":[],"segmentSeparator":";","displayRows":10},"taskParamList":[],"taskParamMap":null,"flag":"YES","taskPriority":"MEDIUM","userName":null,"projectName":null,"workerGroup":"default","environmentCode":17270889904672,"failRetryTimes":0,"failRetryInterval":1,"timeoutFlag":"CLOSE","timeoutNotifyStrategy":null,"timeout":0,"delayTime":0,"resourceIds":"","createTime":"2025-11-06 18:25:33","updateTime":"2025-11-06 18:25:33","modifyBy":null,"taskGroupId":0,"taskGroupPriority":0,"cpuQuota":-1,"memoryMax":-1,"taskExecuteType":"BATCH","operator":2,"operateTime":"2025-11-06 18:25:33"},{"id":2047,"code":19583274724641,"name":"dws_to_dws_wtw_report_bill_etl_day","version":2,"description":"","projectCode":18796782717216,"userId":2,"taskType":"SUB_PROCESS","taskParams":{"localParams":[],"resourceList":[],"processDefinitionCode":19583275689120},"taskParamList":[],"taskParamMap":null,"flag":"YES","taskPriority":"MEDIUM","userName":null,"projectName":null,"workerGroup":"default","environmentCode":17270889904672,"failRetryTimes":0,"failRetryInterval":1,"timeoutFlag":"CLOSE","timeoutNotifyStrategy":null,"timeout":0,"delayTime":0,"resourceIds":"","createTime":"2025-11-06 18:25:33","updateTime":"2025-11-06 18:30:47","modifyBy":null,"taskGroupId":0,"taskGroupPriority":0,"cpuQuota":-1,"memoryMax":-1,"taskExecuteType":"BATCH","operator":2,"operateTime":"2025-11-06 18:30:47"}],"schedule":null}]