[{"processDefinition":{"id":541,"code":19583276496288,"name":"dm_psr_report_bill_etl_day","version":4,"releaseState":"ONLINE","projectCode":18796782717216,"description":"Clean and load pump stations report and bill data in the dws layer","globalParams":"[{\"prop\":\"mh1\",\"value\":\"202501\",\"direct\":\"IN\",\"type\":\"VARCHAR\"}]","globalParamList":[{"prop":"mh1","direct":"IN","type":"VARCHAR","value":"202501"}],"globalParamMap":{"mh1":"202501"},"createTime":"2025-11-06 18:25:47","updateTime":"2025-11-11 15:45:16","flag":"YES","userId":2,"userName":null,"projectName":null,"locations":"[{\"taskCode\":19583276496293,\"x\":260,\"y\":340},{\"taskCode\":19583276496289,\"x\":260,\"y\":691},{\"taskCode\":19583276496294,\"x\":260,\"y\":550},{\"taskCode\":19583276496291,\"x\":260,\"y\":240},{\"taskCode\":19583276496292,\"x\":260,\"y\":120},{\"taskCode\":19583276496290,\"x\":260,\"y\":440}]","scheduleReleaseState":null,"timeout":0,"tenantId":-1,"tenantCode":null,"modifyBy":null,"warningGroupId":0,"executionType":"PARALLEL"},"processTaskRelationList":[{"id":5388,"name":"","processDefinitionVersion":4,"projectCode":18796782717216,"processDefinitionCode":19583276496288,"preTaskCode":19583276496291,"preTaskVersion":1,"postTaskCode":19583276496293,"postTaskVersion":1,"conditionType":"NONE","conditionParams":{},"createTime":"2025-11-11 15:45:16","updateTime":"2025-11-11 15:45:16","operator":2,"operateTime":"2025-11-11 15:45:16"},{"id":5389,"name":"","processDefinitionVersion":4,"projectCode":18796782717216,"processDefinitionCode":19583276496288,"preTaskCode":19583276496292,"preTaskVersion":2,"postTaskCode":19583276496291,"postTaskVersion":1,"conditionType":"NONE","conditionParams":{},"createTime":"2025-11-11 15:45:16","updateTime":"2025-11-11 15:45:16","operator":2,"operateTime":"2025-11-11 15:45:16"},{"id":5391,"name":"","processDefinitionVersion":4,"projectCode":18796782717216,"processDefinitionCode":19583276496288,"preTaskCode":19583276496290,"preTaskVersion":1,"postTaskCode":19583276496294,"postTaskVersion":1,"conditionType":"NONE","conditionParams":{},"createTime":"2025-11-11 15:45:16","updateTime":"2025-11-11 15:45:16","operator":2,"operateTime":"2025-11-11 15:45:16"},{"id":5386,"name":"","processDefinitionVersion":4,"projectCode":18796782717216,"processDefinitionCode":19583276496288,"preTaskCode":0,"preTaskVersion":0,"postTaskCode":19583276496292,"postTaskVersion":2,"conditionType":"NONE","conditionParams":{},"createTime":"2025-11-11 15:45:16","updateTime":"2025-11-11 15:45:16","operator":2,"operateTime":"2025-11-11 15:45:16"},{"id":5387,"name":"","processDefinitionVersion":4,"projectCode":18796782717216,"processDefinitionCode":19583276496288,"preTaskCode":19583276496293,"preTaskVersion":1,"postTaskCode":19583276496290,"postTaskVersion":1,"conditionType":"NONE","conditionParams":{},"createTime":"2025-11-11 15:45:16","updateTime":"2025-11-11 15:45:16","operator":2,"operateTime":"2025-11-11 15:45:16"},{"id":5390,"name":"","processDefinitionVersion":4,"projectCode":18796782717216,"processDefinitionCode":19583276496288,"preTaskCode":19583276496294,"preTaskVersion":1,"postTaskCode":19583276496289,"postTaskVersion":2,"conditionType":"NONE","conditionParams":{},"createTime":"2025-11-11 15:45:16","updateTime":"2025-11-11 15:45:16","operator":2,"operateTime":"2025-11-11 15:45:16"}],"taskDefinitionList":[{"id":2040,"code":19583276496294,"name":"dm_psr_report_bill_etl_day_sql_dm_psr_annual_pump_station_item_di_1.3","version":1,"description":"","projectCode":18796782717216,"userId":2,"taskType":"SQL","taskParams":{"localParams":[],"resourceList":[],"type":"POSTGRESQL","datasource":4,"sql":";delete \r\nfrom \r\ncoss_dm.dm_psr_annual_pump_station_item_di\r\nwhere \r\ninter_item_code in(\r\n'IT_PS_000030'\r\n,'IT_PS_000031'\r\n)\r\nand statistical_year = round(${mh1}/100,0)\r\n\r\n;with t_af as(\r\nselect \r\n  round(mh/100) as yr\r\n  ,region_rpt region\r\n  ,sum(total_kwh) total_kwh\r\n  ,sum(pump_qty)/1000  pump_qty  --convert ML to mcm\r\nfrom coss_dws.dws_psr_eng_cons_billing_details_di_year \r\nwhere i_type_code = 'FW'\r\n  and round(mh/100,0) = round(${mh1}/100,0)\r\n  or mh in (select distinct mh-100 mh from coss_dws.dws_wtw_eng_cons_billing_details_di_year where round(mh/100,0) = round(${mh1}/100,0))\r\ngroup by \r\n  yr\r\n  ,region_rpt\r\n),\r\nt_bf as(\r\nselect \r\n  round(mh/100) as yr\r\n  ,'HKSAR'     region\r\n  ,sum(total_kwh) total_kwh\r\n  ,sum(pump_qty)/1000  pump_qty  --convert ML to mcm\r\nfrom coss_dws.dws_psr_eng_cons_billing_details_di_year \r\nwhere i_type_code = 'FW'\r\n  and round(mh/100,0) = round(${mh1}/100,0)\r\n  or mh in (select distinct mh-100 mh from coss_dws.dws_wtw_eng_cons_billing_details_di_year where round(mh/100,0) = round(${mh1}/100,0))\r\ngroup by \r\n  yr\r\n)\r\ninsert into coss_dm.dm_psr_annual_pump_station_item_di\r\nselect \r\nid\r\n,yr statistical_year\r\n,region region_abbr\r\n,item_code inter_item_code\r\n,item_value\r\n,dm_update_time\r\n,dm_load_time\r\nfrom \r\n(\r\nselect\r\n  uuid()                             as id\r\n  ,t.region                           as region\r\n  ,'IT_PS_000030'                        as item_code\r\n  ,'食水抽水站kwh/Ml同比整张率' as item_name_cn\r\n  ,'食水抽水站kwh/Ml年比成長率' as item_name_tc  \r\n  ,'Year on Year Growth Rate Of Power Consumption kwh/Ml Of Fresh Water Pumping Stations' as item_name_en  \r\n  ,((t.total_kwh/(t.pump_qty*1000)) - (t1.total_kwh/(t1.pump_qty*1000)))/(t1.total_kwh/(t1.pump_qty*1000)) * 100   as item_value  -- convert pump_qty mcm to Ml\r\n  ,'%'                             as unit\r\n  ,localtimestamp                    as dm_update_time\r\n  ,localtimestamp                    as dm_load_time\r\n  ,t.yr                              as yr\r\nfrom t_bf t\r\n  left join t_bf t1 on t.region = t1.region and t.yr = t1.yr+1\r\nwhere t.pump_qty is not null \r\n  and t.pump_qty !=0 \r\n  and t1.pump_qty is not null \r\n  and t1.pump_qty !=0  \r\n  and t.yr = round(${mh1}/100,0)\r\n\r\nunion all\r\nselect\r\n  uuid()                             as id\r\n  ,t.region                           as region\r\n  ,'IT_PS_000030'                        as item_code\r\n  ,'食水抽水站kwh/Ml同比整张率' as item_name_cn\r\n  ,'食水抽水站kwh/Ml年比成長率' as item_name_tc  \r\n  ,'Year on Year Growth Rate Of Power Consumption kwh/Ml Of Fresh Water Pumping Stations' as item_name_en  \r\n  ,((t.total_kwh/(t.pump_qty*1000)) - (t1.total_kwh/(t1.pump_qty*1000)))/(t1.total_kwh/(t1.pump_qty*1000)) * 100   as item_value  -- convert pump_qty mcm to Ml\r\n  ,'%'                             as unit\r\n  ,localtimestamp                    as dm_update_time\r\n  ,localtimestamp                    as dm_load_time\r\n  ,t.yr                              as yr\r\nfrom t_af t\r\n  left join t_af t1 on t.region = t1.region and t.yr = t1.yr+1\r\nwhere t.pump_qty is not null \r\n  and t.pump_qty !=0 \r\n  and t1.pump_qty is not null \r\n  and t1.pump_qty !=0 \r\n  and t.yr = round(${mh1}/100,0)\r\n    \r\nunion all\r\nselect\r\n  uuid()                             as id\r\n  ,t.region                           as region\r\n  ,'IT_PS_000031'                        as item_code\r\n  ,'食水抽水站抽水量同比增长率' as item_name_cn\r\n  ,'食水抽水站抽水量年比成長率' as item_name_tc  \r\n  ,'Year on Year Growth Rate Of Pumping Volume Of Fresh Water Pumping Stations' as item_name_en  \r\n  ,(t.pump_qty - t1.pump_qty)/t1.pump_qty * 100                       as item_value\r\n  ,'%'                             as unit\r\n  ,localtimestamp                    as dm_update_time\r\n  ,localtimestamp                    as dm_load_time\r\n  ,t.yr                              as yr\r\nfrom t_bf t\r\nleft join t_bf t1 on t.region = t1.region and t.yr = t1.yr+1\r\nwhere t1.pump_qty is not null \r\n  and t1.pump_qty != 0\r\n  and t.yr = round(${mh1}/100,0)\r\n\r\nunion all\r\nselect\r\n  uuid()                             as id\r\n  ,t.region                           as region\r\n  ,'IT_PS_000031'                        as item_code\r\n  ,'食水抽水站抽水量同比增长率' as item_name_cn\r\n  ,'食水抽水站抽水量年比成長率' as item_name_tc  \r\n  ,'Year on Year Growth Rate Of Pumping Volume Of Fresh Water Pumping Stations' as item_name_en  \r\n  ,(t.pump_qty - t1.pump_qty)/t1.pump_qty * 100                       as item_value\r\n  ,'%'                             as unit\r\n  ,localtimestamp                    as dm_update_time\r\n  ,localtimestamp                    as dm_load_time\r\n  ,t.yr                              as yr\r\nfrom t_af t\r\nleft join t_af t1 on t.region = t1.region and t.yr = t1.yr+1\r\nwhere t1.pump_qty is not null \r\n  and t1.pump_qty != 0\r\n  and t.yr = round(${mh1}/100,0)\r\n)","sqlType":"1","preStatements":[],"postStatements":[],"segmentSeparator":";","displayRows":10},"taskParamList":[],"taskParamMap":null,"flag":"YES","taskPriority":"MEDIUM","userName":null,"projectName":null,"workerGroup":"default","environmentCode":17270889904672,"failRetryTimes":0,"failRetryInterval":1,"timeoutFlag":"CLOSE","timeoutNotifyStrategy":null,"timeout":0,"delayTime":0,"resourceIds":"","createTime":"2025-11-06 18:25:47","updateTime":"2025-11-06 18:25:47","modifyBy":null,"taskGroupId":0,"taskGroupPriority":0,"cpuQuota":-1,"memoryMax":-1,"taskExecuteType":"BATCH","operator":2,"operateTime":"2025-11-06 18:25:47"},{"id":2036,"code":19583276496290,"name":"dm_psr_report_bill_etl_day_sql_dm_psr_annual_pump_station_item_di_1.2","version":1,"description":"","projectCode":18796782717216,"userId":2,"taskType":"SQL","taskParams":{"localParams":[],"resourceList":[],"type":"POSTGRESQL","datasource":4,"sql":"/**\r\n * 入参：当年的1月1号,例如：202501\r\n * 功能：统计当年各种类型抽水站的吨水电耗\r\n */\r\n;delete from coss_dm.dm_psr_annual_pump_station_item_di\r\nwhere \r\ninter_item_code in( \r\n'IT_PS_000019'\r\n,'IT_PS_000020'\r\n,'IT_PS_000021'\r\n,'IT_PS_000023'\r\n)\r\nand statistical_year >= round(${mh1}/100,0)\r\n\r\n;with t_af as(\r\nselect \r\n  round(mh/100) as yr\r\n  ,region_rpt region\r\n  ,sum(total_kwh)/sum(pump_qty) kwh_qty\r\nfrom coss_dws.dws_psr_eng_cons_billing_details_di_year \r\nwhere (i_type_code = 'FW')\r\n  and pump_qty is not null and pump_qty !=0\r\n  and mh >= ${mh1}\r\ngroup by \r\n  yr\r\n  ,region_rpt\r\n),t_ar as(\r\nselect \r\n  round(mh/100) as yr\r\n  ,region_rpt region\r\n  ,sum(total_kwh)/sum(pump_qty) kwh_qty\r\nfrom coss_dws.dws_psr_eng_cons_billing_details_di_year \r\nwhere (i_type_code = 'RW')\r\n  and pump_qty is not null and pump_qty !=0\r\n  and mh >= ${mh1}\r\ngroup by \r\n  yr\r\n  ,region_rpt\r\n),t_as as(\r\nselect \r\n  round(mh/100) as yr\r\n  ,region_rpt region\r\n  ,sum(total_kwh)/sum(pump_qty) kwh_qty\r\nfrom coss_dws.dws_psr_eng_cons_billing_details_di_year \r\nwhere i_type_code = 'SW'\r\n  and pump_qty is not null  and pump_qty !=0\r\n  and mh >= ${mh1}\r\ngroup by \r\n  yr\r\n  ,region_rpt\r\n),t_afs as(\r\nselect \r\n  round(mh/100) as yr\r\n  ,region_rpt region\r\n  ,sum(total_kwh)/sum(pump_qty) kwh_qty\r\nfrom coss_dws.dws_psr_eng_cons_billing_details_di_year \r\nwhere i_type_code = 'Combine'\r\n  and pump_qty is not null  and pump_qty !=0\r\n  and mh >= ${mh1}\r\ngroup by \r\n  yr\r\n  ,region_rpt\r\n),\r\nt_bf as(\r\nselect \r\n  round(mh/100) as yr\r\n  ,'HKSAR'     region\r\n  ,sum(total_kwh)/sum(pump_qty) kwh_qty\r\nfrom coss_dws.dws_psr_eng_cons_billing_details_di_year \r\nwhere (i_type_code = 'FW'\r\n  or i_type_code = 'RW')\r\n  and pump_qty is not null  and pump_qty !=0\r\n  and mh >= ${mh1}\r\ngroup by \r\n  yr\r\n),\r\nt_br as(\r\nselect \r\n  round(mh/100) as yr\r\n  ,'HKSAR'     region\r\n  ,sum(total_kwh)/sum(pump_qty) kwh_qty\r\nfrom coss_dws.dws_psr_eng_cons_billing_details_di_year \r\nwhere (i_type_code = 'RW')\r\n  and pump_qty is not null  and pump_qty !=0\r\n  and mh >= ${mh1}\r\ngroup by \r\n  yr\r\n)\r\n,t_bs as(\r\nselect \r\n  round(mh/100) as yr\r\n  ,'HKSAR' region\r\n  ,sum(total_kwh)/sum(pump_qty) kwh_qty\r\nfrom coss_dws.dws_psr_eng_cons_billing_details_di_year \r\nwhere i_type_code = 'SW'\r\n  and pump_qty is not null  and pump_qty !=0\r\n  and mh >= ${mh1}\r\ngroup by \r\n  yr\r\n),t_bfs as(\r\nselect \r\n  round(mh/100) as yr\r\n  ,'HKSAR' region\r\n  ,sum(total_kwh)/sum(pump_qty) kwh_qty\r\nfrom coss_dws.dws_psr_eng_cons_billing_details_di_year\r\nwhere i_type_code = 'Combine'\r\n  and pump_qty is not null  and pump_qty !=0\r\n  and mh >= ${mh1}\r\ngroup by \r\n  yr\r\n)\r\ninsert into coss_dm.dm_psr_annual_pump_station_item_di\r\nselect \r\nid\r\n,yr statistical_year\r\n,region region_abbr\r\n,item_code inter_item_code\r\n,item_value\r\n,dm_update_time\r\n,dm_load_time\r\nfrom \r\n(\r\nselect\r\n  uuid()                             as id\r\n  ,region                           as region\r\n  ,'IT_PS_000019'                        as item_code\r\n  ,'食水抽水站单位电耗' as item_name_cn\r\n  ,'食水抽水站單位電耗' as item_name_tc  \r\n  ,'Electricity Consumption Per Unit Of Water Pump Station' as item_name_en  \r\n  ,t.kwh_qty                       as item_value\r\n  ,'kwh/Ml'                             as unit\r\n  ,localtimestamp                    as dm_update_time\r\n  ,localtimestamp                    as dm_load_time\r\n  ,t.yr                              as yr\r\nfrom t_bf t\r\n\r\nunion all\r\nselect\r\n  uuid()                             as id\r\n  ,region                           as region\r\n  ,'IT_PS_000019'                        as item_code\r\n  ,'食水抽水站单位电耗' as item_name_cn\r\n  ,'食水抽水站單位電耗' as item_name_tc  \r\n  ,'Electricity Consumption Per Unit Of Water Pump Station' as item_name_en  \r\n  ,t.kwh_qty                       as item_value\r\n  ,'kwh/Ml'                             as unit\r\n  ,localtimestamp                    as dm_update_time\r\n  ,localtimestamp                    as dm_load_time\r\n  ,t.yr                              as yr\r\nfrom t_af t\r\n\r\nunion all \r\nselect\r\n  uuid()                             as id\r\n  ,region                           as region\r\n  ,'IT_PS_000020'                        as item_code\r\n  ,'原水抽水站单位电耗' as item_name_cn\r\n  ,'原水抽水站單位電耗' as item_name_tc  \r\n  ,'Electricity Consumption Per Unit Of Water Pump Station' as item_name_en  \r\n  ,t.kwh_qty                       as item_value\r\n  ,'kwh/Ml'                             as unit\r\n  ,localtimestamp                    as dm_update_time\r\n  ,localtimestamp                    as dm_load_time\r\n  ,t.yr                              as yr\r\nfrom t_br t\r\n\r\nunion all\r\nselect\r\n  uuid()                             as id\r\n  ,region                           as region\r\n  ,'IT_PS_000020'                        as item_code\r\n  ,'原水抽水站单位电耗' as item_name_cn\r\n  ,'原水抽水站單位電耗' as item_name_tc  \r\n  ,'Electricity Consumption Per Unit Of Water Pump Station' as item_name_en  \r\n  ,t.kwh_qty                       as item_value\r\n  ,'kwh/Ml'                             as unit\r\n  ,localtimestamp                    as dm_update_time\r\n  ,localtimestamp                    as dm_load_time\r\n  ,t.yr                              as yr\r\nfrom t_ar t\r\n\r\nunion all\r\nselect\r\n  uuid()                             as id\r\n  ,region                           as region\r\n  ,'IT_PS_000021'                        as item_code\r\n  ,'海水抽水站单位电耗' as item_name_cn\r\n  ,'海水抽水站單位電耗' as item_name_tc  \r\n  ,'Electricity Consumption Per Unit Of Salt Water Pumping Stations' as item_name_en  \r\n  ,t.kwh_qty                       as item_value\r\n  ,'kwh/Ml'                             as unit\r\n  ,localtimestamp                    as dm_update_time\r\n  ,localtimestamp                    as dm_load_time\r\n  ,t.yr                              as yr\r\nfrom t_bs t\r\n\r\nunion all\r\nselect\r\n  uuid()                             as id\r\n  ,region                           as region\r\n  ,'IT_PS_000021'                        as item_code\r\n  ,'海水抽水站单位电耗' as item_name_cn\r\n  ,'海水抽水站單位電耗' as item_name_tc  \r\n  ,'Electricity Consumption Per Unit Of Salt Water Pumping Stations' as item_name_en  \r\n  ,t.kwh_qty                       as item_value\r\n  ,'kwh/Ml'                             as unit\r\n  ,localtimestamp                    as dm_update_time\r\n  ,localtimestamp                    as dm_load_time\r\n  ,t.yr                              as yr\r\nfrom t_as t\r\n\r\nunion all\r\nselect\r\n  uuid()                             as id\r\n  ,region                           as region\r\n  ,'IT_PS_000023'                        as item_code\r\n  ,'食水海水抽水站单位电耗' as item_name_cn\r\n  ,'食水海水抽水站單位電耗' as item_name_tc  \r\n  ,'Electricity Consumption Per Unit  Of Fresh&Salt Water Pumping Stations' as item_name_en  \r\n  ,t.kwh_qty                       as item_value\r\n  ,'kwh/Ml'                             as unit\r\n  ,localtimestamp                    as dm_update_time\r\n  ,localtimestamp                    as dm_load_time\r\n  ,t.yr                              as yr\r\nfrom t_bfs t\r\n\r\nunion all\r\nselect\r\n  uuid()                             as id\r\n  ,region                           as region\r\n  ,'IT_PS_000023'                        as item_code\r\n  ,'食水海水抽水站单位电耗' as item_name_cn\r\n  ,'食水海水抽水站單位電耗' as item_name_tc  \r\n  ,'Electricity Consumption Per Unit Of Fresh&Salt Water Pumping Stations' as item_name_en  \r\n  ,t.kwh_qty                       as item_value\r\n  ,'kwh/Ml'                             as unit\r\n  ,localtimestamp                    as dm_update_time\r\n  ,localtimestamp                    as dm_load_time\r\n  ,t.yr                              as yr\r\nfrom t_afs t\r\n)","sqlType":"1","preStatements":[],"postStatements":[],"segmentSeparator":";","displayRows":10},"taskParamList":[],"taskParamMap":null,"flag":"YES","taskPriority":"MEDIUM","userName":null,"projectName":null,"workerGroup":"default","environmentCode":17270889904672,"failRetryTimes":0,"failRetryInterval":1,"timeoutFlag":"CLOSE","timeoutNotifyStrategy":null,"timeout":0,"delayTime":0,"resourceIds":"","createTime":"2025-11-06 18:25:47","updateTime":"2025-11-06 18:25:47","modifyBy":null,"taskGroupId":0,"taskGroupPriority":0,"cpuQuota":-1,"memoryMax":-1,"taskExecuteType":"BATCH","operator":2,"operateTime":"2025-11-06 18:25:47"},{"id":2037,"code":19583276496291,"name":"dm_psr_report_bill_etl_day_sql_dm_psr_monthly_pump_station_item_di_add","version":1,"description":"","projectCode":18796782717216,"userId":2,"taskType":"SQL","taskParams":{"localParams":[],"resourceList":[],"type":"POSTGRESQL","datasource":4,"sql":"/**\r\n * 入参：当年的1月,例如：202501\r\n * 功能：统计当年每个月的吨水电耗量\r\n */\r\n;delete from coss_dm.dm_psr_monthly_pump_station_item_di\r\nwhere \r\ninter_item_code in( \r\n'IT_PS_000019'\r\n,'IT_PS_000020'\r\n,'IT_PS_000021'\r\n,'IT_PS_000023'\r\n)\r\nand statistical_month >= ${mh1}\r\n\r\n;with t_af as(\r\nselect \r\n  mh as mh\r\n  ,region_rpt region\r\n  ,sum(total_kwh)/sum(pump_qty) kwh_qty\r\nfrom coss_dws.dws_psr_eng_cons_billing_details_di_year \r\nwhere (i_type_code = 'FW')\r\n  and pump_qty is not null and pump_qty !=0\r\n  and mh >= ${mh1}\r\ngroup by \r\n  mh\r\n  ,region_rpt\r\n),\r\nt_ar as(\r\nselect \r\n  mh as mh\r\n  ,region_rpt region\r\n  ,sum(total_kwh)/sum(pump_qty) kwh_qty\r\nfrom coss_dws.dws_psr_eng_cons_billing_details_di_year \r\nwhere (i_type_code = 'RW')\r\n  and pump_qty is not null and pump_qty !=0\r\n  and mh >= ${mh1}\r\ngroup by \r\n  mh\r\n  ,region_rpt\r\n),t_as as(\r\nselect \r\n  mh as mh\r\n  ,region_rpt region\r\n  ,sum(total_kwh)/sum(pump_qty) kwh_qty\r\nfrom coss_dws.dws_psr_eng_cons_billing_details_di_year \r\nwhere i_type_code = 'SW'\r\n  and pump_qty is not null  and pump_qty !=0\r\n  and mh >= ${mh1}\r\ngroup by \r\n  mh\r\n  ,region_rpt\r\n),t_afs as(\r\nselect \r\n  mh as mh\r\n  ,region_rpt region\r\n  ,sum(total_kwh)/sum(pump_qty) kwh_qty\r\nfrom coss_dws.dws_psr_eng_cons_billing_details_di_year \r\nwhere i_type_code = 'Combine'\r\n  and pump_qty is not null  and pump_qty !=0\r\n  and mh >= ${mh1}\r\ngroup by \r\n  mh\r\n  ,region_rpt\r\n),\r\nt_bf as(\r\nselect \r\n  mh as mh\r\n  ,'HKSAR'     region\r\n  ,sum(total_kwh)/sum(pump_qty) kwh_qty\r\nfrom coss_dws.dws_psr_eng_cons_billing_details_di_year \r\nwhere (i_type_code = 'FW')\r\n  and pump_qty is not null  and pump_qty !=0\r\n  and mh >= ${mh1}\r\ngroup by \r\n  mh\r\n)\r\n,t_br as(\r\nselect \r\n  mh as mh\r\n  ,'HKSAR'     region\r\n  ,sum(total_kwh)/sum(pump_qty) kwh_qty\r\nfrom coss_dws.dws_psr_eng_cons_billing_details_di_year \r\nwhere (i_type_code = 'RW')\r\n  and pump_qty is not null  and pump_qty !=0\r\n  and mh >= ${mh1}\r\ngroup by \r\n  mh\r\n)\r\n,t_bs as(\r\nselect \r\n  mh as mh\r\n  ,'HKSAR' region\r\n  ,sum(total_kwh)/sum(pump_qty) kwh_qty\r\nfrom coss_dws.dws_psr_eng_cons_billing_details_di_year \r\nwhere i_type_code = 'SW'\r\n  and pump_qty is not null  and pump_qty !=0\r\n  and mh >= ${mh1}\r\ngroup by \r\n  mh\r\n),t_bfs as(\r\nselect \r\n  mh as mh\r\n  ,'HKSAR' region\r\n  ,sum(total_kwh)/sum(pump_qty) kwh_qty\r\nfrom coss_dws.dws_psr_eng_cons_billing_details_di_year  \r\nwhere i_type_code = 'Combine'\r\n  and pump_qty is not null  and pump_qty !=0\r\n  and mh >= ${mh1}\r\ngroup by \r\n  mh\r\n)\r\ninsert into coss_dm.dm_psr_monthly_pump_station_item_di\r\nselect \r\nid\r\n,mh statistical_month\r\n,region region_abbr\r\n,item_code inter_item_code\r\n,item_value\r\n,dm_update_time\r\n,dm_load_time\r\nfrom \r\n(\r\nselect\r\n  uuid()                             as id\r\n  ,region                           as region\r\n  ,'IT_PS_000019'                        as item_code\r\n  ,'食水抽水站单位电耗' as item_name_cn\r\n  ,'食水抽水站單位電耗' as item_name_tc  \r\n  ,'Electricity Consumption Per Unit Of Water Pump Station' as item_name_en  \r\n  ,t.kwh_qty                       as item_value\r\n  ,'kwh/Ml'                             as unit\r\n  ,localtimestamp                    as dm_update_time\r\n  ,localtimestamp                    as dm_load_time\r\n  ,t.mh                              as mh\r\nfrom t_bf t\r\n\r\nunion all\r\nselect\r\n  uuid()                             as id\r\n  ,region                           as region\r\n  ,'IT_PS_000019'                        as item_code\r\n  ,'食水抽水站单位电耗' as item_name_cn\r\n  ,'食水抽水站單位電耗' as item_name_tc  \r\n  ,'Electricity Consumption Per Unit Of Water Pump Station' as item_name_en  \r\n  ,t.kwh_qty                       as item_value\r\n  ,'kwh/Ml'                             as unit\r\n  ,localtimestamp                    as dm_update_time\r\n  ,localtimestamp                    as dm_load_time\r\n  ,t.mh                              as mh\r\nfrom t_af t\r\n\r\nunion all \r\nselect\r\n  uuid()                             as id\r\n  ,region                           as region\r\n  ,'IT_PS_000020'                        as item_code\r\n  ,'原水抽水站单位电耗' as item_name_cn\r\n  ,'原水抽水站單位電耗' as item_name_tc  \r\n  ,'Electricity Consumption Per Unit Of Water Pump Station' as item_name_en  \r\n  ,t.kwh_qty                       as item_value\r\n  ,'kwh/Ml'                             as unit\r\n  ,localtimestamp                    as dm_update_time\r\n  ,localtimestamp                    as dm_load_time\r\n  ,t.mh                              as mh\r\nfrom t_br t\r\n\r\nunion all\r\nselect\r\n  uuid()                             as id\r\n  ,region                           as region\r\n  ,'IT_PS_000020'                        as item_code\r\n  ,'原水抽水站单位电耗' as item_name_cn\r\n  ,'原水食水抽水站單位電耗' as item_name_tc  \r\n  ,'Electricity Consumption Per Unit Of Water Pump Station' as item_name_en  \r\n  ,t.kwh_qty                       as item_value\r\n  ,'kwh/Ml'                             as unit\r\n  ,localtimestamp                    as dm_update_time\r\n  ,localtimestamp                    as dm_load_time\r\n  ,t.mh                              as mh\r\nfrom t_ar t\r\n\r\nunion all\r\nselect\r\n  uuid()                             as id\r\n  ,region                           as region\r\n  ,'IT_PS_000021'                        as item_code\r\n  ,'海水抽水站单位电耗' as item_name_cn\r\n  ,'海水抽水站單位電耗' as item_name_tc  \r\n  ,'Electricity Consumption Per Unit Of Salt Water Pumping Stations' as item_name_en  \r\n  ,t.kwh_qty                       as item_value\r\n  ,'kwh/Ml'                             as unit\r\n  ,localtimestamp                    as dm_update_time\r\n  ,localtimestamp                    as dm_load_time\r\n  ,t.mh                              as mh\r\nfrom t_bs t\r\n\r\nunion all\r\nselect\r\n  uuid()                             as id\r\n  ,region                           as region\r\n  ,'IT_PS_000021'                        as item_code\r\n  ,'海水抽水站单位电耗' as item_name_cn\r\n  ,'海水抽水站單位電耗' as item_name_tc  \r\n  ,'Electricity Consumption Per Unit Of Salt Water Pumping Stations' as item_name_en  \r\n  ,t.kwh_qty                       as item_value\r\n  ,'kwh/Ml'                             as unit\r\n  ,localtimestamp                    as dm_update_time\r\n  ,localtimestamp                    as dm_load_time\r\n  ,t.mh                              as mh\r\nfrom t_as t\r\n\r\nunion all\r\nselect\r\n  uuid()                             as id\r\n  ,region                           as region\r\n  ,'IT_PS_000023'                        as item_code\r\n  ,'食水海水抽水站单位电耗' as item_name_cn\r\n  ,'食水海水抽水站單位電耗' as item_name_tc  \r\n  ,'Electricity Consumption Per Unit  Of Fresh&Salt Water Pumping Stations' as item_name_en  \r\n  ,t.kwh_qty                       as item_value\r\n  ,'kwh/Ml'                             as unit\r\n  ,localtimestamp                    as dm_update_time\r\n  ,localtimestamp                    as dm_load_time\r\n  ,t.mh                              as mh\r\nfrom t_bfs t\r\n\r\nunion all\r\nselect\r\n  uuid()                             as id\r\n  ,region                           as region\r\n  ,'IT_PS_000023'                        as item_code\r\n  ,'食水海水抽水站单位电耗' as item_name_cn\r\n  ,'食水海水抽水站單位電耗' as item_name_tc  \r\n  ,'Electricity Consumption Per Unit Of Fresh&Salt Water Pumping Stations' as item_name_en  \r\n  ,t.kwh_qty                       as item_value\r\n  ,'kwh/Ml'                             as unit\r\n  ,localtimestamp                    as dm_update_time\r\n  ,localtimestamp                    as dm_load_time\r\n  ,t.mh                              as mh\r\nfrom t_afs t\r\n)","sqlType":"1","preStatements":[],"postStatements":[],"segmentSeparator":";","displayRows":10},"taskParamList":[],"taskParamMap":null,"flag":"YES","taskPriority":"MEDIUM","userName":null,"projectName":null,"workerGroup":"default","environmentCode":17270889904672,"failRetryTimes":0,"failRetryInterval":1,"timeoutFlag":"CLOSE","timeoutNotifyStrategy":null,"timeout":0,"delayTime":0,"resourceIds":"","createTime":"2025-11-06 18:25:47","updateTime":"2025-11-06 18:25:47","modifyBy":null,"taskGroupId":0,"taskGroupPriority":0,"cpuQuota":-1,"memoryMax":-1,"taskExecuteType":"BATCH","operator":2,"operateTime":"2025-11-06 18:25:47"},{"id":2322,"code":19583276496292,"name":"dm_psr_report_bill_etl_day_sql_dm_psr_monthly_ps_running_item_di_add","version":2,"description":"","projectCode":18796782717216,"userId":2,"taskType":"SQL","taskParams":{"localParams":[],"resourceList":[],"type":"POSTGRESQL","datasource":4,"sql":";delete from coss_dm.dm_psr_monthly_ps_running_item_di where statistical_month >= ${mh1}\r\n;with t_a as (\r\nselect\r\n  asset_id                  as asset_id\r\n  ,mh                       as mh\r\n  ,sum(if(run_hours>0,1,0)) as running_pumps\r\n  ,count(1)                 as total_pumps\r\nfrom coss_dwd.dwd_psr_pump_running_details_di_year\r\nwhere mh >= ${mh1}\r\ngroup by\r\n  asset_id\r\n  ,mh\r\n), t_b as(\r\nselect\r\n  asset_id            as asset_id\r\n  ,mh                 as mh\r\n  ,sum(total_kwh)/sum(pump_qty) as kwh_ml\r\n  from coss_dws.dws_psr_eng_cons_billing_details_di_year \r\n  where pump_qty is not null and pump_qty != 0\r\n   and  mh >= ${mh1}\r\n  group by\r\n  asset_id\r\n  ,mh\r\n)\r\ninsert into coss_dm.dm_psr_monthly_ps_running_item_di\r\nselect \r\n  uuid() id\r\n  ,t2.asset_id\r\n  ,t2.region_abbr\r\n  ,t2.sub_region\r\n  ,t2.i_code installation_no\r\n  ,t2.ps_en\r\n  ,t2.ps_cn\r\n  ,t2.address_en\r\n  ,t2.address_cn\r\n  ,t1.kwh_ml\r\n  ,t.running_pumps\r\n  ,t.total_pumps \r\n  ,t.mh statistical_month\r\n  ,localtimestamp dm_update_time\r\n  ,localtimestamp dm_load_time\r\nfrom \r\nt_a t inner join t_b t1 on t.asset_id = t1.asset_id and t.mh = t1.mh\r\ninner join coss_dim.dim_ps_installation_info t2 on t.asset_id = t2.asset_id\r\n","sqlType":"1","preStatements":[],"postStatements":[],"segmentSeparator":";","displayRows":10},"taskParamList":[],"taskParamMap":null,"flag":"YES","taskPriority":"MEDIUM","userName":null,"projectName":null,"workerGroup":"default","environmentCode":17270889904672,"failRetryTimes":0,"failRetryInterval":1,"timeoutFlag":"CLOSE","timeoutNotifyStrategy":null,"timeout":0,"delayTime":0,"resourceIds":"","createTime":"2025-11-06 18:25:47","updateTime":"2025-11-11 15:45:16","modifyBy":null,"taskGroupId":0,"taskGroupPriority":0,"cpuQuota":-1,"memoryMax":-1,"taskExecuteType":"BATCH","operator":2,"operateTime":"2025-11-11 15:45:16"},{"id":2039,"code":19583276496293,"name":"dm_psr_report_bill_etl_day_sql_dm_psr_annual_pump_station_item_di_1.1","version":1,"description":"","projectCode":18796782717216,"userId":2,"taskType":"SQL","taskParams":{"localParams":[],"resourceList":[],"type":"POSTGRESQL","datasource":4,"sql":"/**\r\n * 入参：当年的1月1号,例如：202501\r\n * 功能：统计当年各种类型抽水站的累计抽水两和累计电耗量\r\n */\r\n;delete \r\nfrom \r\ncoss_dm.dm_psr_annual_pump_station_item_di\r\nwhere \r\ninter_item_code in(\r\n-- water pumped\r\n 'IT_PS_000001'\r\n,'IT_PS_000002'\r\n,'IT_PS_000003'\r\n,'IT_PS_000005'\r\n-- pump consumption of power \r\n,'IT_PS_000007'\r\n,'IT_PS_000008'\r\n,'IT_PS_000009'\r\n,'IT_PS_000011'\r\n) \r\nand statistical_year >= round(${mh1}/100,0)\r\n\r\n;with t_af as(\r\nselect \r\n  round(mh/100) as yr\r\n  ,region_rpt region\r\n  ,sum(total_kwh) total_kwh\r\n  ,sum(pump_qty)/1000  pump_qty  --convert ML to mcm\r\nfrom coss_dws.dws_psr_eng_cons_billing_details_di_year \r\nwhere i_type_code = 'FW'\r\n  and mh >= ${mh1}\r\ngroup by \r\n  yr\r\n  ,region_rpt\r\n), t_ar as(\r\nselect \r\n  round(mh/100) as yr\r\n  ,region_rpt region\r\n  ,sum(total_kwh) total_kwh\r\n  ,sum(pump_qty)/1000  pump_qty  --convert ML to mcm\r\nfrom coss_dws.dws_psr_eng_cons_billing_details_di_year \r\nwhere i_type_code = 'RW'\r\n  and mh >= ${mh1}\r\ngroup by \r\n  yr\r\n  ,region_rpt\r\n),t_as as(\r\nselect \r\n  round(mh/100) as yr\r\n  ,region_rpt region\r\n  ,sum(total_kwh) total_kwh\r\n  ,sum(pump_qty)/1000  pump_qty  --convert ML to mcm\r\nfrom coss_dws.dws_psr_eng_cons_billing_details_di_year \r\nwhere i_type_code = 'SW'\r\n  and mh >= ${mh1}\r\ngroup by \r\n  yr\r\n  ,region_rpt\r\n),t_afs as(\r\nselect \r\n  round(mh/100) as yr\r\n  ,region_rpt region\r\n  ,sum(total_kwh) total_kwh\r\n  ,sum(pump_qty)/1000  pump_qty  --convert ML to mcm\r\nfrom coss_dws.dws_psr_eng_cons_billing_details_di_year \r\nwhere i_type_code = 'Combine'\r\n  and mh >= ${mh1}\r\ngroup by \r\n  yr\r\n  ,region_rpt\r\n),\r\nt_bf as(\r\nselect \r\n  round(mh/100) as yr\r\n  ,'HKSAR'     region\r\n  ,sum(total_kwh) total_kwh\r\n  ,sum(pump_qty)/1000  pump_qty  --convert ML to mcm\r\nfrom coss_dws.dws_psr_eng_cons_billing_details_di_year \r\nwhere i_type_code = 'FW'\r\n  and mh >= ${mh1}\r\ngroup by \r\n  yr\r\n),\r\nt_br as(\r\nselect \r\n  round(mh/100) as yr\r\n  ,'HKSAR'     region\r\n  ,sum(total_kwh) total_kwh\r\n  ,sum(pump_qty)/1000  pump_qty  --convert ML to mcm\r\nfrom coss_dws.dws_psr_eng_cons_billing_details_di_year \r\nwhere i_type_code = 'RW'\r\n  and mh >= ${mh1}\r\ngroup by \r\n  yr\r\n),\r\nt_bs as(\r\nselect \r\n  round(mh/100) as yr\r\n  ,'HKSAR' region\r\n  ,sum(total_kwh) total_kwh\r\n  ,sum(pump_qty)/1000  pump_qty  --convert ML to mcm\r\nfrom coss_dws.dws_psr_eng_cons_billing_details_di_year \r\nwhere i_type_code = 'SW'\r\n  and mh >= ${mh1}\r\ngroup by \r\n  yr\r\n),t_bfs as(\r\nselect \r\n  round(mh/100) as yr\r\n  ,'HKSAR' region\r\n  ,sum(total_kwh) total_kwh\r\n  ,sum(pump_qty)/1000  pump_qty  --convert ML to mcm\r\nfrom coss_dws.dws_psr_eng_cons_billing_details_di_year\r\nwhere i_type_code = 'Combine'\r\n  and mh >= ${mh1}\r\ngroup by \r\n  yr\r\n)\r\ninsert into coss_dm.dm_psr_annual_pump_station_item_di\r\nselect \r\nid\r\n,yr statistical_year\r\n,region region_abbr\r\n,item_code inter_item_code\r\n,item_value\r\n,dm_update_time\r\n,dm_load_time\r\nfrom \r\n(\r\nselect\r\n  uuid()                             as id\r\n  ,region                           as region\r\n  ,'IT_PS_000001'                        as item_code\r\n  ,'食水抽水站电耗量' as item_name_cn\r\n  ,'食水抽水站電耗量' as item_name_tc  \r\n  ,'Power Consumption Of Fresh Water Pumping Stations' as item_name_en  \r\n  ,t.total_kwh                       as item_value\r\n  ,'kwh'                             as unit\r\n  ,localtimestamp                    as dm_update_time\r\n  ,localtimestamp                    as dm_load_time\r\n  ,t.yr                              as yr\r\nfrom t_bf t\r\n\r\nunion all\r\nselect\r\n  uuid()                             as id\r\n  ,region                           as region\r\n  ,'IT_PS_000001'                        as item_code\r\n  ,'食水抽水站电耗量' as item_name_cn\r\n  ,'食水抽水站電耗量' as item_name_tc  \r\n  ,'Power Consumption Of Fresh Water Pumping Stations' as item_name_en  \r\n  ,t.total_kwh                       as item_value\r\n  ,'kwh'                             as unit\r\n  ,localtimestamp                    as dm_update_time\r\n  ,localtimestamp                    as dm_load_time\r\n  ,t.yr                              as yr\r\nfrom t_af t\r\nunion all \r\nselect\r\n  uuid()                             as id\r\n  ,region                           as region\r\n  ,'IT_PS_000002'                        as item_code\r\n  ,'原水抽水站电耗量' as item_name_cn\r\n  ,'原水抽水站電耗量' as item_name_tc  \r\n  ,'Power Consumption Of Raw Water Pumping Stations' as item_name_en  \r\n  ,t.total_kwh                       as item_value\r\n  ,'kwh'                             as unit\r\n  ,localtimestamp                    as dm_update_time\r\n  ,localtimestamp                    as dm_load_time\r\n  ,t.yr                              as yr\r\nfrom t_br t\r\nunion all\r\nselect\r\n  uuid()                             as id\r\n  ,region                           as region\r\n  ,'IT_PS_000002'                        as item_code\r\n  ,'原水站电耗量' as item_name_cn\r\n  ,'原水食水抽水站電耗量' as item_name_tc  \r\n  ,'Power Consumption Of Raw Water Pumping Stations' as item_name_en  \r\n  ,t.total_kwh                       as item_value\r\n  ,'kwh'                             as unit\r\n  ,localtimestamp                    as dm_update_time\r\n  ,localtimestamp                    as dm_load_time\r\n  ,t.yr                              as yr\r\nfrom t_ar t\r\nunion all\r\nselect\r\n  uuid()                             as id\r\n  ,region                           as region\r\n  ,'IT_PS_000003'                        as item_code\r\n  ,'海水抽水站电耗量' as item_name_cn\r\n  ,'海水抽水站電耗量' as item_name_tc  \r\n  ,'Power Consumption Of Salt Water Pumping Stations' as item_name_en  \r\n  ,t.total_kwh                       as item_value\r\n  ,'kwh'                             as unit\r\n  ,localtimestamp                    as dm_update_time\r\n  ,localtimestamp                    as dm_load_time\r\n  ,t.yr                              as yr\r\nfrom t_bs t\r\n\r\nunion all\r\nselect\r\n  uuid()                             as id\r\n  ,region                           as region\r\n  ,'IT_PS_000003'                        as item_code\r\n  ,'海水抽水站电耗量' as item_name_cn\r\n  ,'海水抽水站電耗量' as item_name_tc  \r\n  ,'Power Consumption Of Salt Water Pumping Stations' as item_name_en  \r\n  ,t.total_kwh                       as item_value\r\n  ,'kwh'                             as unit\r\n  ,localtimestamp                    as dm_update_time\r\n  ,localtimestamp                    as dm_load_time\r\n  ,t.yr                              as yr\r\nfrom t_as t\r\n\r\nunion all\r\nselect\r\n  uuid()                             as id\r\n  ,region                           as region\r\n  ,'IT_PS_000005'                        as item_code\r\n  ,'其他(combine)抽水站电耗量' as item_name_cn\r\n  ,'其他(combine)抽水站電耗量' as item_name_tc  \r\n  ,'Power Consumption Of Fresh&Salt Water Pumping Stations' as item_name_en  \r\n  ,t.total_kwh                       as item_value\r\n  ,'kwh'                             as unit\r\n  ,localtimestamp                    as dm_update_time\r\n  ,localtimestamp                    as dm_load_time\r\n  ,t.yr                              as yr\r\nfrom t_bfs t\r\n\r\nunion all\r\nselect\r\n  uuid()                             as id\r\n  ,region                           as region\r\n  ,'IT_PS_000005'                        as item_code\r\n  ,'其他(combine)抽水站电耗量' as item_name_cn\r\n  ,'其他(combine)抽水站電耗量' as item_name_tc  \r\n  ,'Power Consumption Of Fresh&Salt Water Pumping Stations' as item_name_en  \r\n  ,t.total_kwh                       as item_value\r\n  ,'kwh'                             as unit\r\n  ,localtimestamp                    as dm_update_time\r\n  ,localtimestamp                    as dm_load_time\r\n  ,t.yr                              as yr\r\nfrom t_afs t\r\n\r\nunion all \r\nselect\r\n  uuid()                             as id\r\n  ,region                           as region\r\n  ,'IT_PS_000007'                        as item_code\r\n  ,'食水抽水站抽水量' as item_name_cn\r\n  ,'食水抽水站抽水量' as item_name_tc  \r\n  ,'Pumping Volume Of Fresh Water Pumping Stations' as item_name_en  \r\n  ,pump_qty                       as item_value\r\n  ,'mcm'                             as unit\r\n  ,localtimestamp                    as dm_update_time\r\n  ,localtimestamp                    as dm_load_time\r\n  ,t.yr                              as yr\r\nfrom t_bf t\r\n\r\nunion all\r\nselect\r\n  uuid()                             as id\r\n  ,region                           as region\r\n  ,'IT_PS_000007'                        as item_code\r\n  ,'食水抽水站抽水量' as item_name_cn\r\n  ,'食水抽水站抽水量' as item_name_tc  \r\n  ,'Pumping Volume Of Fresh Water Pumping Stations' as item_name_en  \r\n  ,pump_qty                       as item_value\r\n  ,'mcm'                             as unit\r\n  ,localtimestamp                    as dm_update_time\r\n  ,localtimestamp                    as dm_load_time\r\n  ,t.yr                              as yr\r\nfrom t_af t\r\n\r\nunion all \r\nselect\r\n  uuid()                             as id\r\n  ,region                           as region\r\n  ,'IT_PS_000008'                        as item_code\r\n  ,'原水抽水站抽水量' as item_name_cn\r\n  ,'原水抽水站抽水量' as item_name_tc  \r\n  ,'Pumping Volume Of Raw Water Pumping Stations' as item_name_en  \r\n  ,pump_qty                       as item_value\r\n  ,'mcm'                             as unit\r\n  ,localtimestamp                    as dm_update_time\r\n  ,localtimestamp                    as dm_load_time\r\n  ,t.yr                              as yr\r\nfrom t_br t\r\n\r\nunion all\r\nselect\r\n  uuid()                             as id\r\n  ,region                           as region\r\n  ,'IT_PS_000008'                        as item_code\r\n  ,'原水抽水站抽水量' as item_name_cn\r\n  ,'原水抽水站抽水量' as item_name_tc  \r\n  ,'Pumping Volume Of Raw Water Pumping Stations' as item_name_en  \r\n  ,pump_qty                       as item_value\r\n  ,'mcm'                             as unit\r\n  ,localtimestamp                    as dm_update_time\r\n  ,localtimestamp                    as dm_load_time\r\n  ,t.yr                              as yr\r\nfrom t_ar t\r\n\r\nunion all\r\nselect\r\n  uuid()                             as id\r\n  ,region                           as region\r\n  ,'IT_PS_000009'                        as item_code\r\n  ,'海水抽水站抽水量' as item_name_cn\r\n  ,'海水抽水站抽水量' as item_name_tc  \r\n  ,'Pumping Volume Of Salt Water Pumping Stations' as item_name_en  \r\n  ,pump_qty                       as item_value\r\n  ,'mcm'                             as unit\r\n  ,localtimestamp                    as dm_update_time\r\n  ,localtimestamp                    as dm_load_time\r\n  ,t.yr                              as yr\r\nfrom t_bs t\r\n\r\nunion all\r\nselect\r\n  uuid()                             as id\r\n  ,region                           as region\r\n  ,'IT_PS_000009'                        as item_code\r\n  ,'海水抽水站抽水量' as item_name_cn\r\n  ,'海水抽水站抽水量' as item_name_tc  \r\n  ,'Pumping Volume Of Salt Water Pumping Stations' as item_name_en  \r\n  ,pump_qty                       as item_value\r\n  ,'mcm'                             as unit\r\n  ,localtimestamp                    as dm_update_time\r\n  ,localtimestamp                    as dm_load_time\r\n  ,t.yr                              as yr\r\nfrom t_as t\r\n\r\nunion all\r\nselect\r\n  uuid()                             as id\r\n  ,region                           as region\r\n  ,'IT_PS_000011'                        as item_code\r\n  ,'食水海水抽水站抽水量' as item_name_cn\r\n  ,'食水海水抽水站抽水量' as item_name_tc  \r\n  ,'Pumping Volume Of Fresh&Salt Water Pumping Stations' as item_name_en  \r\n  ,pump_qty                       as item_value\r\n  ,'mcm'                             as unit\r\n  ,localtimestamp                    as dm_update_time\r\n  ,localtimestamp                    as dm_load_time\r\n  ,t.yr                              as yr\r\nfrom t_bfs t\r\n\r\nunion all\r\nselect\r\n  uuid()                             as id\r\n  ,region                           as region\r\n  ,'IT_PS_000011'                        as item_code\r\n  ,'食水海水抽水站抽水量' as item_name_cn\r\n  ,'食水海水抽水站抽水量' as item_name_tc  \r\n  ,'Pumping Volume Of Fresh&Salt Water Pumping Stations' as item_name_en  \r\n  ,pump_qty                       as item_value\r\n  ,'mcm'                             as unit\r\n  ,localtimestamp                    as dm_update_time\r\n  ,localtimestamp                    as dm_load_time\r\n  ,t.yr                              as yr\r\nfrom t_afs t\r\n)","sqlType":"1","preStatements":[],"postStatements":[],"segmentSeparator":";","displayRows":10},"taskParamList":[],"taskParamMap":null,"flag":"YES","taskPriority":"MEDIUM","userName":null,"projectName":null,"workerGroup":"default","environmentCode":17270889904672,"failRetryTimes":0,"failRetryInterval":1,"timeoutFlag":"CLOSE","timeoutNotifyStrategy":null,"timeout":0,"delayTime":0,"resourceIds":"","createTime":"2025-11-06 18:25:47","updateTime":"2025-11-06 18:25:47","modifyBy":null,"taskGroupId":0,"taskGroupPriority":0,"cpuQuota":-1,"memoryMax":-1,"taskExecuteType":"BATCH","operator":2,"operateTime":"2025-11-06 18:25:47"},{"id":2166,"code":19583276496289,"name":"dm_to_dm_wtw_report_bill_etl_day","version":2,"description":"","projectCode":18796782717216,"userId":2,"taskType":"SUB_PROCESS","taskParams":{"localParams":[],"resourceList":[],"processDefinitionCode":19583277343008},"taskParamList":[],"taskParamMap":null,"flag":"YES","taskPriority":"MEDIUM","userName":null,"projectName":null,"workerGroup":"default","environmentCode":17270889904672,"failRetryTimes":0,"failRetryInterval":1,"timeoutFlag":"CLOSE","timeoutNotifyStrategy":null,"timeout":0,"delayTime":0,"resourceIds":"","createTime":"2025-11-06 18:25:47","updateTime":"2025-11-07 15:19:16","modifyBy":null,"taskGroupId":0,"taskGroupPriority":0,"cpuQuota":-1,"memoryMax":-1,"taskExecuteType":"BATCH","operator":2,"operateTime":"2025-11-07 15:19:16"}],"schedule":null}]