[{"processDefinition":{"id":538,"code":19583273371296,"name":"dwd_psr_report_bill_etl_day","version":5,"releaseState":"ONLINE","projectCode":18796782717216,"description":"Clean and load pump stations report and bill data in the ods layer","globalParams":"[{\"prop\":\"mh1\",\"value\":\"202501\",\"direct\":\"IN\",\"type\":\"VARCHAR\"}]","globalParamList":[{"prop":"mh1","direct":"IN","type":"VARCHAR","value":"202501"}],"globalParamMap":{"mh1":"202501"},"createTime":"2025-11-06 18:25:23","updateTime":"2025-11-07 14:47:01","flag":"YES","userId":2,"userName":null,"projectName":null,"locations":"[{\"taskCode\":19583273371299,\"x\":430,\"y\":160},{\"taskCode\":19583273371297,\"x\":379,\"y\":-80},{\"taskCode\":19583273371298,\"x\":814,\"y\":176}]","scheduleReleaseState":null,"timeout":0,"tenantId":-1,"tenantCode":null,"modifyBy":null,"warningGroupId":0,"executionType":"PARALLEL"},"processTaskRelationList":[{"id":4915,"name":"","processDefinitionVersion":5,"projectCode":18796782717216,"processDefinitionCode":19583273371296,"preTaskCode":19583273371299,"preTaskVersion":1,"postTaskCode":19583273371298,"postTaskVersion":2,"conditionType":"NONE","conditionParams":{},"createTime":"2025-11-07 14:47:01","updateTime":"2025-11-07 14:47:01","operator":2,"operateTime":"2025-11-07 14:47:01"},{"id":4914,"name":"","processDefinitionVersion":5,"projectCode":18796782717216,"processDefinitionCode":19583273371296,"preTaskCode":19583273371297,"preTaskVersion":1,"postTaskCode":19583273371298,"postTaskVersion":2,"conditionType":"NONE","conditionParams":{},"createTime":"2025-11-07 14:47:01","updateTime":"2025-11-07 14:47:01","operator":2,"operateTime":"2025-11-07 14:47:01"},{"id":4912,"name":"","processDefinitionVersion":5,"projectCode":18796782717216,"processDefinitionCode":19583273371296,"preTaskCode":0,"preTaskVersion":0,"postTaskCode":19583273371299,"postTaskVersion":1,"conditionType":"NONE","conditionParams":{},"createTime":"2025-11-07 14:47:01","updateTime":"2025-11-07 14:47:01","operator":2,"operateTime":"2025-11-07 14:47:01"},{"id":4913,"name":"","processDefinitionVersion":5,"projectCode":18796782717216,"processDefinitionCode":19583273371296,"preTaskCode":0,"preTaskVersion":0,"postTaskCode":19583273371297,"postTaskVersion":1,"conditionType":"NONE","conditionParams":{},"createTime":"2025-11-07 14:47:01","updateTime":"2025-11-07 14:47:01","operator":2,"operateTime":"2025-11-07 14:47:01"}],"taskDefinitionList":[{"id":2046,"code":19583273371298,"name":"dwd_to_dws","version":2,"description":"","projectCode":18796782717216,"userId":2,"taskType":"SUB_PROCESS","taskParams":{"localParams":[],"resourceList":[],"processDefinitionCode":19583274724640},"taskParamList":[],"taskParamMap":null,"flag":"YES","taskPriority":"MEDIUM","userName":null,"projectName":null,"workerGroup":"default","environmentCode":17270889904672,"failRetryTimes":0,"failRetryInterval":1,"timeoutFlag":"CLOSE","timeoutNotifyStrategy":null,"timeout":0,"delayTime":0,"resourceIds":"","createTime":"2025-11-06 18:25:23","updateTime":"2025-11-06 18:29:53","modifyBy":null,"taskGroupId":0,"taskGroupPriority":0,"cpuQuota":-1,"memoryMax":-1,"taskExecuteType":"BATCH","operator":2,"operateTime":"2025-11-06 18:29:53"},{"id":2030,"code":19583273371299,"name":"dwd_psr_report_bill_etl_day_sql_dwd_psr_pump_running_details_di_year_add","version":1,"description":"","projectCode":18796782717216,"userId":2,"taskType":"SQL","taskParams":{"localParams":[],"resourceList":[],"type":"POSTGRESQL","datasource":4,"sql":";delete from coss_dwd.dwd_psr_pump_running_details_di_year where mh>=${mh1}\r\n;insert into coss_dwd.dwd_psr_pump_running_details_di_year\r\nselect \r\n  uuid()                   as rpt_id            -- report pump id\r\n  ,asset_id                as asset_id          -- assert id\r\n  ,pump_num                as pump_num          -- pump number\r\n  ,null                    as cat_id            -- category id\r\n  ,cat_name                as cat_name          -- category name\r\n  ,null                    as drive_id          -- drive id\r\n  ,drive_name              as drive_name        -- drive name\r\n  ,null                    as del_id            -- delivery to id\r\n  ,del_name                as del_name          -- delivery to name\r\n  ,del__asset_id           as del__asset_id     -- delivery to asset id\r\n  ,null                    as design_flow       -- flow rate design\r\n  ,run_hours               as run_hours         -- hours run this month\r\n  ,pump_qty                as pump_qty          -- water pumped this month\r\n  ,avg_suct                as avg_suct          -- average head suction\r\n  ,avg_del                 as avg_del           -- average head delivery\r\n  ,null                    as design_flow_flag  -- flow rate design flag\r\n  ,null                    as run_hours_flag    -- hours run this month flag\r\n  ,null                    as pump_qty_flag     -- water pumped this month flag\r\n  ,null                    as avg_suct_flag     -- average head suction flag\r\n  ,null                    as avg_del_flag      -- average head delivery flag\r\n  ,localtimestamp          as dwd_update_time   -- Data Update Time\r\n  ,localtimestamp          as dwd_load_time     -- Data Loading Time\r\n  ,to_date(mh, 'yyyyMM')   as rpt_date          -- report date\r\n  ,mh                      as mh                -- partitions for report month\r\nfrom coss_ods.ods_emis_report_di_year\r\nwhere mh>=${mh1}","sqlType":"1","preStatements":[],"postStatements":[],"segmentSeparator":";","displayRows":10},"taskParamList":[],"taskParamMap":null,"flag":"YES","taskPriority":"MEDIUM","userName":null,"projectName":null,"workerGroup":"default","environmentCode":17270889904672,"failRetryTimes":0,"failRetryInterval":1,"timeoutFlag":"CLOSE","timeoutNotifyStrategy":null,"timeout":0,"delayTime":0,"resourceIds":"","createTime":"2025-11-06 18:25:23","updateTime":"2025-11-06 18:25:23","modifyBy":null,"taskGroupId":0,"taskGroupPriority":0,"cpuQuota":-1,"memoryMax":-1,"taskExecuteType":"BATCH","operator":2,"operateTime":"2025-11-06 18:25:23"},{"id":2028,"code":19583273371297,"name":"dwd_psr_report_bill_etl_day_sql_dwd_psr_billing_details_di_year_add","version":1,"description":"","projectCode":18796782717216,"userId":2,"taskType":"SQL","taskParams":{"localParams":[],"resourceList":[],"type":"POSTGRESQL","datasource":4,"sql":";delete from coss_dwd.dwd_psr_billing_details_di_year where mh >= ${mh1}\r\n;insert into coss_dwd.dwd_psr_billing_details_di_year\r\nselect\r\n  uuid()                                  as bill_id              -- pump station billing details\r\n  ,bill_date                              as bill_date            -- bill_id\r\n  ,asset_id                               as asset_id             -- bill date\r\n  ,null                                   as tariff_id            -- asset id\r\n  ,traiff                                 as tariff_name          -- tariff id\r\n  ,traiff_desc                            as tariff_desc          -- tariff name\r\n  ,null                                   as utility_id           -- tariff description\r\n  ,null                                   as utility_name         -- utility id\r\n  ,null                                   as utility_desc         -- utility name\r\n  ,on_peak_kwh                            as kwh_on_peak          -- utility description\r\n  ,off_peak_kwh                           as kwh_off_peak         -- power consumption of on peak (kwh)\r\n  ,on_peak_kva                            as kva_on_peak          -- power consumption of off peak (kwh)\r\n  ,off_peak_kva                           as kva_off_peak         -- capacity of on peak (kva)\r\n  ,null                                   as flow_volume          -- capacity of off peak (kva)\r\n  ,null                                   as avg_pressure         -- flow volume\r\n  ,bill_amount                            as payout               -- average pressure\r\n  ,localtimestamp                         as dwd_update_time      -- pay out\r\n  ,localtimestamp                         as dwd_load_time        -- Data Update Time\r\n  ,to_char(to_date(bill_date), 'yyyyMM')  as mh                   -- Data Loading Time\r\nfrom coss_ods.ods_emis_bills_di_year\r\nwhere mh >= ${mh1}","sqlType":"1","preStatements":[],"postStatements":[],"segmentSeparator":";","displayRows":10},"taskParamList":[],"taskParamMap":null,"flag":"YES","taskPriority":"MEDIUM","userName":null,"projectName":null,"workerGroup":"default","environmentCode":17270889904672,"failRetryTimes":0,"failRetryInterval":1,"timeoutFlag":"CLOSE","timeoutNotifyStrategy":null,"timeout":0,"delayTime":0,"resourceIds":"","createTime":"2025-11-06 18:25:23","updateTime":"2025-11-06 18:25:23","modifyBy":null,"taskGroupId":0,"taskGroupPriority":0,"cpuQuota":-1,"memoryMax":-1,"taskExecuteType":"BATCH","operator":2,"operateTime":"2025-11-06 18:25:23"}],"schedule":null}]