[{"processDefinition":{"id":20438,"code":19713684352928,"name":"ods_labconnect_extract_water_quality_day","version":4,"releaseState":"ONLINE","projectCode":18796782717216,"description":"Extract labconnect system water quality data","globalParams":"[]","globalParamList":[],"globalParamMap":{},"createTime":"2025-11-18 13:25:59","updateTime":"2025-11-18 15:05:22","flag":"YES","userId":2,"userName":null,"projectName":null,"locations":"[{\"taskCode\":19713684353059,\"x\":-920,\"y\":-70},{\"taskCode\":19713684353065,\"x\":-920,\"y\":-230},{\"taskCode\":19713684353061,\"x\":-910,\"y\":-730},{\"taskCode\":19713684353056,\"x\":-910,\"y\":-421.70001220703125},{\"taskCode\":19713684353058,\"x\":-270,\"y\":-590.6999969482422},{\"taskCode\":19713684353060,\"x\":-573.5999145507812,\"y\":-890},{\"taskCode\":19713684353074,\"x\":-584.7999877929688,\"y\":-421.70001220703125},{\"taskCode\":19713684352929,\"x\":-910,\"y\":-590.6999969482422},{\"taskCode\":19713684353062,\"x\":-584.7999877929688,\"y\":-590.6999969482422},{\"taskCode\":19713684353057,\"x\":-270,\"y\":-730},{\"taskCode\":19713684353073,\"x\":-584.7999877929688,\"y\":-70},{\"taskCode\":19713684353071,\"x\":-584.7999877929688,\"y\":-730},{\"taskCode\":19713684353069,\"x\":-910,\"y\":-890},{\"taskCode\":19713684353075,\"x\":44.79998779296875,\"y\":-890},{\"taskCode\":19713684353076,\"x\":-584.7999877929688,\"y\":-1160},{\"taskCode\":19713684353063,\"x\":-270,\"y\":-230},{\"taskCode\":19713684353066,\"x\":-270,\"y\":-70},{\"taskCode\":19713684353067,\"x\":-890,\"y\":-1160},{\"taskCode\":19713684353068,\"x\":-175.20001220703125,\"y\":-1160},{\"taskCode\":19713684353072,\"x\":-270,\"y\":-421.70001220703125},{\"taskCode\":19713684353070,\"x\":-263.59991455078125,\"y\":-890},{\"taskCode\":19713684353064,\"x\":-584.7999877929688,\"y\":-230},{\"taskCode\":19714420406944,\"x\":780,\"y\":-510}]","scheduleReleaseState":null,"timeout":0,"tenantId":-1,"tenantCode":null,"modifyBy":null,"warningGroupId":0,"executionType":"PARALLEL"},"processTaskRelationList":[{"id":23961,"name":"","processDefinitionVersion":4,"projectCode":18796782717216,"processDefinitionCode":19713684352928,"preTaskCode":0,"preTaskVersion":0,"postTaskCode":19713684353059,"postTaskVersion":1,"conditionType":"NONE","conditionParams":{},"createTime":"2025-11-18 15:05:22","updateTime":"2025-11-18 15:05:22","operator":2,"operateTime":"2025-11-18 15:05:22"},{"id":23966,"name":"","processDefinitionVersion":4,"projectCode":18796782717216,"processDefinitionCode":19713684352928,"preTaskCode":0,"preTaskVersion":0,"postTaskCode":19713684353069,"postTaskVersion":1,"conditionType":"NONE","conditionParams":{},"createTime":"2025-11-18 15:05:22","updateTime":"2025-11-18 15:05:22","operator":2,"operateTime":"2025-11-18 15:05:22"},{"id":23980,"name":"","processDefinitionVersion":4,"projectCode":18796782717216,"processDefinitionCode":19713684352928,"preTaskCode":19713684353062,"preTaskVersion":2,"postTaskCode":19713684353058,"postTaskVersion":1,"conditionType":"NONE","conditionParams":{},"createTime":"2025-11-18 15:05:22","updateTime":"2025-11-18 15:05:22","operator":2,"operateTime":"2025-11-18 15:05:22"},{"id":23983,"name":"","processDefinitionVersion":4,"projectCode":18796782717216,"processDefinitionCode":19713684352928,"preTaskCode":19713684353075,"preTaskVersion":2,"postTaskCode":19714420406944,"postTaskVersion":1,"conditionType":"NONE","conditionParams":{},"createTime":"2025-11-18 15:05:22","updateTime":"2025-11-18 15:05:22","operator":2,"operateTime":"2025-11-18 15:05:22"},{"id":23963,"name":"","processDefinitionVersion":4,"projectCode":18796782717216,"processDefinitionCode":19713684352928,"preTaskCode":0,"preTaskVersion":0,"postTaskCode":19713684353061,"postTaskVersion":2,"conditionType":"NONE","conditionParams":{},"createTime":"2025-11-18 15:05:22","updateTime":"2025-11-18 15:05:22","operator":2,"operateTime":"2025-11-18 15:05:22"},{"id":23968,"name":"","processDefinitionVersion":4,"projectCode":18796782717216,"processDefinitionCode":19713684352928,"preTaskCode":19713684353067,"preTaskVersion":1,"postTaskCode":19713684353076,"postTaskVersion":1,"conditionType":"NONE","conditionParams":{},"createTime":"2025-11-18 15:05:22","updateTime":"2025-11-18 15:05:22","operator":2,"operateTime":"2025-11-18 15:05:22"},{"id":23977,"name":"","processDefinitionVersion":4,"projectCode":18796782717216,"processDefinitionCode":19713684352928,"preTaskCode":19713684353059,"preTaskVersion":1,"postTaskCode":19713684353073,"postTaskVersion":2,"conditionType":"NONE","conditionParams":{},"createTime":"2025-11-18 15:05:22","updateTime":"2025-11-18 15:05:22","operator":2,"operateTime":"2025-11-18 15:05:22"},{"id":23981,"name":"","processDefinitionVersion":4,"projectCode":18796782717216,"processDefinitionCode":19713684352928,"preTaskCode":19713684353074,"preTaskVersion":2,"postTaskCode":19713684353072,"postTaskVersion":1,"conditionType":"NONE","conditionParams":{},"createTime":"2025-11-18 15:05:22","updateTime":"2025-11-18 15:05:22","operator":2,"operateTime":"2025-11-18 15:05:22"},{"id":23987,"name":"","processDefinitionVersion":4,"projectCode":18796782717216,"processDefinitionCode":19713684352928,"preTaskCode":19713684353063,"preTaskVersion":1,"postTaskCode":19714420406944,"postTaskVersion":1,"conditionType":"NONE","conditionParams":{},"createTime":"2025-11-18 15:05:22","updateTime":"2025-11-18 15:05:22","operator":2,"operateTime":"2025-11-18 15:05:22"},{"id":23969,"name":"","processDefinitionVersion":4,"projectCode":18796782717216,"processDefinitionCode":19713684352928,"preTaskCode":19713684353076,"preTaskVersion":1,"postTaskCode":19713684353068,"postTaskVersion":1,"conditionType":"NONE","conditionParams":{},"createTime":"2025-11-18 15:05:22","updateTime":"2025-11-18 15:05:22","operator":2,"operateTime":"2025-11-18 15:05:22"},{"id":23970,"name":"","processDefinitionVersion":4,"projectCode":18796782717216,"processDefinitionCode":19713684352928,"preTaskCode":19713684353069,"preTaskVersion":1,"postTaskCode":19713684353060,"postTaskVersion":1,"conditionType":"NONE","conditionParams":{},"createTime":"2025-11-18 15:05:22","updateTime":"2025-11-18 15:05:22","operator":2,"operateTime":"2025-11-18 15:05:22"},{"id":23974,"name":"","processDefinitionVersion":4,"projectCode":18796782717216,"processDefinitionCode":19713684352928,"preTaskCode":19713684353056,"preTaskVersion":1,"postTaskCode":19713684353074,"postTaskVersion":2,"conditionType":"NONE","conditionParams":{},"createTime":"2025-11-18 15:05:22","updateTime":"2025-11-18 15:05:22","operator":2,"operateTime":"2025-11-18 15:05:22"},{"id":23975,"name":"","processDefinitionVersion":4,"projectCode":18796782717216,"processDefinitionCode":19713684352928,"preTaskCode":19713684353060,"preTaskVersion":1,"postTaskCode":19713684353070,"postTaskVersion":2,"conditionType":"NONE","conditionParams":{},"createTime":"2025-11-18 15:05:22","updateTime":"2025-11-18 15:05:22","operator":2,"operateTime":"2025-11-18 15:05:22"},{"id":23976,"name":"","processDefinitionVersion":4,"projectCode":18796782717216,"processDefinitionCode":19713684352928,"preTaskCode":19713684352929,"preTaskVersion":1,"postTaskCode":19713684353062,"postTaskVersion":2,"conditionType":"NONE","conditionParams":{},"createTime":"2025-11-18 15:05:22","updateTime":"2025-11-18 15:05:22","operator":2,"operateTime":"2025-11-18 15:05:22"},{"id":23979,"name":"","processDefinitionVersion":4,"projectCode":18796782717216,"processDefinitionCode":19713684352928,"preTaskCode":19713684353071,"preTaskVersion":2,"postTaskCode":19713684353057,"postTaskVersion":1,"conditionType":"NONE","conditionParams":{},"createTime":"2025-11-18 15:05:22","updateTime":"2025-11-18 15:05:22","operator":2,"operateTime":"2025-11-18 15:05:22"},{"id":23982,"name":"","processDefinitionVersion":4,"projectCode":18796782717216,"processDefinitionCode":19713684352928,"preTaskCode":19713684353064,"preTaskVersion":2,"postTaskCode":19713684353063,"postTaskVersion":1,"conditionType":"NONE","conditionParams":{},"createTime":"2025-11-18 15:05:22","updateTime":"2025-11-18 15:05:22","operator":2,"operateTime":"2025-11-18 15:05:22"},{"id":23985,"name":"","processDefinitionVersion":4,"projectCode":18796782717216,"processDefinitionCode":19713684352928,"preTaskCode":19713684353058,"preTaskVersion":1,"postTaskCode":19714420406944,"postTaskVersion":1,"conditionType":"NONE","conditionParams":{},"createTime":"2025-11-18 15:05:22","updateTime":"2025-11-18 15:05:22","operator":2,"operateTime":"2025-11-18 15:05:22"},{"id":23986,"name":"","processDefinitionVersion":4,"projectCode":18796782717216,"processDefinitionCode":19713684352928,"preTaskCode":19713684353072,"preTaskVersion":1,"postTaskCode":19714420406944,"postTaskVersion":1,"conditionType":"NONE","conditionParams":{},"createTime":"2025-11-18 15:05:22","updateTime":"2025-11-18 15:05:22","operator":2,"operateTime":"2025-11-18 15:05:22"},{"id":23988,"name":"","processDefinitionVersion":4,"projectCode":18796782717216,"processDefinitionCode":19713684352928,"preTaskCode":19713684353066,"preTaskVersion":1,"postTaskCode":19714420406944,"postTaskVersion":1,"conditionType":"NONE","conditionParams":{},"createTime":"2025-11-18 15:05:22","updateTime":"2025-11-18 15:05:22","operator":2,"operateTime":"2025-11-18 15:05:22"},{"id":23962,"name":"","processDefinitionVersion":4,"projectCode":18796782717216,"processDefinitionCode":19713684352928,"preTaskCode":0,"preTaskVersion":0,"postTaskCode":19713684353065,"postTaskVersion":1,"conditionType":"NONE","conditionParams":{},"createTime":"2025-11-18 15:05:22","updateTime":"2025-11-18 15:05:22","operator":2,"operateTime":"2025-11-18 15:05:22"},{"id":23964,"name":"","processDefinitionVersion":4,"projectCode":18796782717216,"processDefinitionCode":19713684352928,"preTaskCode":0,"preTaskVersion":0,"postTaskCode":19713684353056,"postTaskVersion":1,"conditionType":"NONE","conditionParams":{},"createTime":"2025-11-18 15:05:22","updateTime":"2025-11-18 15:05:22","operator":2,"operateTime":"2025-11-18 15:05:22"},{"id":23965,"name":"","processDefinitionVersion":4,"projectCode":18796782717216,"processDefinitionCode":19713684352928,"preTaskCode":0,"preTaskVersion":0,"postTaskCode":19713684352929,"postTaskVersion":1,"conditionType":"NONE","conditionParams":{},"createTime":"2025-11-18 15:05:22","updateTime":"2025-11-18 15:05:22","operator":2,"operateTime":"2025-11-18 15:05:22"},{"id":23967,"name":"","processDefinitionVersion":4,"projectCode":18796782717216,"processDefinitionCode":19713684352928,"preTaskCode":0,"preTaskVersion":0,"postTaskCode":19713684353067,"postTaskVersion":1,"conditionType":"NONE","conditionParams":{},"createTime":"2025-11-18 15:05:22","updateTime":"2025-11-18 15:05:22","operator":2,"operateTime":"2025-11-18 15:05:22"},{"id":23971,"name":"","processDefinitionVersion":4,"projectCode":18796782717216,"processDefinitionCode":19713684352928,"preTaskCode":19713684353065,"preTaskVersion":1,"postTaskCode":19713684353064,"postTaskVersion":2,"conditionType":"NONE","conditionParams":{},"createTime":"2025-11-18 15:05:22","updateTime":"2025-11-18 15:05:22","operator":2,"operateTime":"2025-11-18 15:05:22"},{"id":23972,"name":"","processDefinitionVersion":4,"projectCode":18796782717216,"processDefinitionCode":19713684352928,"preTaskCode":19713684353073,"preTaskVersion":2,"postTaskCode":19713684353066,"postTaskVersion":1,"conditionType":"NONE","conditionParams":{},"createTime":"2025-11-18 15:05:22","updateTime":"2025-11-18 15:05:22","operator":2,"operateTime":"2025-11-18 15:05:22"},{"id":23973,"name":"","processDefinitionVersion":4,"projectCode":18796782717216,"processDefinitionCode":19713684352928,"preTaskCode":19713684353061,"preTaskVersion":2,"postTaskCode":19713684353071,"postTaskVersion":2,"conditionType":"NONE","conditionParams":{},"createTime":"2025-11-18 15:05:22","updateTime":"2025-11-18 15:05:22","operator":2,"operateTime":"2025-11-18 15:05:22"},{"id":23978,"name":"","processDefinitionVersion":4,"projectCode":18796782717216,"processDefinitionCode":19713684352928,"preTaskCode":19713684353070,"preTaskVersion":2,"postTaskCode":19713684353075,"postTaskVersion":2,"conditionType":"NONE","conditionParams":{},"createTime":"2025-11-18 15:05:22","updateTime":"2025-11-18 15:05:22","operator":2,"operateTime":"2025-11-18 15:05:22"},{"id":23984,"name":"","processDefinitionVersion":4,"projectCode":18796782717216,"processDefinitionCode":19713684352928,"preTaskCode":19713684353057,"preTaskVersion":1,"postTaskCode":19714420406944,"postTaskVersion":1,"conditionType":"NONE","conditionParams":{},"createTime":"2025-11-18 15:05:22","updateTime":"2025-11-18 15:05:22","operator":2,"operateTime":"2025-11-18 15:05:22"}],"taskDefinitionList":[{"id":21569,"code":19713684353056,"name":"ods_labconnect_extract_water_quality_day_sql_ods_labconnect_wtw_wqmm_location_df_tmp_create","version":1,"description":"","projectCode":18796782717216,"userId":2,"taskType":"SQL","taskParams":{"localParams":[],"resourceList":[],"type":"POSTGRESQL","datasource":4,"sql":"DROP TABLE if exists coss_ods.ods_labconnect_wtw_wqmm_location_df_tmp;\r\nCREATE TABLE if not exists coss_ods.ods_labconnect_wtw_wqmm_location_df_tmp (\r\n\tloc_id serial4 NOT NULL,\r\n\tloc_full_name text NULL,\r\n\tloc_name text NULL,\r\n\tloc_suffix text NULL,\r\n\tloc_name_chi text NULL,\r\n\tloc_color_pri text NULL,\r\n\tloc_color_sec text NULL,\r\n    ods_update_time timestamp(6) default current_timestamp,\r\n    ods_load_time timestamp(6) default current_timestamp\r\n)\r\nWITH (\r\n\torientation=row,\r\n\tcompression=no,\r\n\tstorage_type=ustore,\r\n\tsegment=off\r\n)\r\ndistribute by hash (loc_id);","sqlType":"1","preStatements":[],"postStatements":[],"segmentSeparator":";","displayRows":10},"taskParamList":[],"taskParamMap":null,"flag":"YES","taskPriority":"MEDIUM","userName":null,"projectName":null,"workerGroup":"default","environmentCode":18266283102112,"failRetryTimes":0,"failRetryInterval":1,"timeoutFlag":"CLOSE","timeoutNotifyStrategy":null,"timeout":0,"delayTime":0,"resourceIds":"","createTime":"2025-11-18 13:25:59","updateTime":"2025-11-18 13:25:59","modifyBy":null,"taskGroupId":0,"taskGroupPriority":0,"cpuQuota":-1,"memoryMax":-1,"taskExecuteType":"BATCH","operator":2,"operateTime":"2025-11-18 13:25:59"},{"id":21571,"code":19713684353058,"name":"ods_labconnect_extract_water_quality_day_sql_ods_labconnect_wtw_wqmm_config_df_all","version":1,"description":"","projectCode":18796782717216,"userId":2,"taskType":"SQL","taskParams":{"localParams":[],"resourceList":[],"type":"POSTGRESQL","datasource":4,"sql":"-- ****************************************************************************************\r\n-- subject     areas: Water Treatment Works\r\n-- function describe: Water Treatment Works Water Quality\r\n-- create         by: dongmaochen\r\n-- create       date: 2025-11-17\r\n-- modify date                modify by                    modify content\r\n-- None                       None                         None\r\n-- source table\r\n-- labcon_hki.wqmm_config\r\n-- target table\r\n-- coss_ods.ods_labconnect_wtw_wqmm_config_df\r\n-- ****************************************************************************************\r\ninsert into coss_ods.ods_labconnect_wtw_wqmm_config_df\r\nselect\r\n    config_id,                          -- ID of each parameter set\r\n    wtw_id,                             -- ID of the corresponding WTW\r\n    config_type,                        -- Configuration Type 0: parameters for water quality monitoring; 1: parameters for online analyzer verification; 2: sampling frequency\r\n    created_date,                       -- Datetime when the record is created\r\n    created_by,                         -- User who creates the records\r\n    created_role,                       -- User role who creates the records\r\n    effective_date,                     -- Datetime when the parameter set is effective. The parameter set is effective on or after the effective_date. If there are multiple effective records, choose the one with the latest effective date, tie-break by latest created_date\r\n    verification_interval_hr,           -- This field only has meaning if config_type = 2.The interval (hrs) in which the online analyzer verification test is performed. If this field is empty, no online analyzer verification test is required for the specific WTW.\r\n    jar_test_interval_hr,               -- This field only has meaning if config_type = 2.The interval (hrs) in which the jar test is performed. If this field is empty, no jar test is required for the specific WTW.\r\n    jar_measure_type,                   -- (if config_type <> 2, use default value 0) 0: the jar test measurement is \"絮凝大小\"; 1: the jar test measurement is \"沉澱速度\"\r\n    require_to_test,                    -- (if config_type <> 2, use default value false)True: perform taste & odour test;False: no need to perform taste & odour test\r\n    localtimestamp ods_update_time,                                    \r\n    localtimestamp ods_load_time                                    \r\nfrom coss_ods.ods_labconnect_wtw_wqmm_config_df_tmp --labcon_hki.wqmm_config\r\nON DUPLICATE KEY update\r\n    wtw_id = values(wtw_id),\r\n    config_type = values(config_type),\r\n    created_date = values(created_date),\r\n    created_by = values(created_by),\r\n    created_role = values(created_role),\r\n    effective_date = values(effective_date),\r\n    verification_interval_hr = values(verification_interval_hr),\r\n    jar_test_interval_hr = values(jar_test_interval_hr),\r\n    jar_measure_type = values(jar_measure_type),\r\n    require_to_test = values(require_to_test),\r\n    ods_update_time = values(ods_update_time)","sqlType":"1","preStatements":[],"postStatements":[],"segmentSeparator":";","displayRows":10},"taskParamList":[],"taskParamMap":null,"flag":"YES","taskPriority":"MEDIUM","userName":null,"projectName":null,"workerGroup":"default","environmentCode":18266283102112,"failRetryTimes":0,"failRetryInterval":1,"timeoutFlag":"CLOSE","timeoutNotifyStrategy":null,"timeout":0,"delayTime":0,"resourceIds":"","createTime":"2025-11-18 13:25:59","updateTime":"2025-11-18 13:25:59","modifyBy":null,"taskGroupId":0,"taskGroupPriority":0,"cpuQuota":-1,"memoryMax":-1,"taskExecuteType":"BATCH","operator":2,"operateTime":"2025-11-18 13:25:59"},{"id":21573,"code":19713684353060,"name":"ods_labconnect_extract_water_quality_day_sql_ods_labconnect_wtw_wqmm_analyzer_verification_di_year_update_time","version":1,"description":"","projectCode":18796782717216,"userId":2,"taskType":"SQL","taskParams":{"localParams":[{"prop":"last_updated_date","direct":"OUT","type":"VARCHAR","value":""}],"resourceList":[],"type":"POSTGRESQL","datasource":4,"sql":"select\r\n    coalesce(max(last_updated_date), '1900-01-01 00:00:00') as last_updated_date\r\nfrom\r\n    coss_ods.ods_labconnect_wtw_wqmm_analyzer_verification_di_year","sqlType":"0","preStatements":[],"postStatements":[],"segmentSeparator":";","displayRows":10},"taskParamList":[{"prop":"last_updated_date","direct":"OUT","type":"VARCHAR","value":""}],"taskParamMap":{"last_updated_date":""},"flag":"YES","taskPriority":"MEDIUM","userName":null,"projectName":null,"workerGroup":"default","environmentCode":18266283102112,"failRetryTimes":0,"failRetryInterval":1,"timeoutFlag":"CLOSE","timeoutNotifyStrategy":null,"timeout":0,"delayTime":0,"resourceIds":"","createTime":"2025-11-18 13:25:59","updateTime":"2025-11-18 13:25:59","modifyBy":null,"taskGroupId":0,"taskGroupPriority":0,"cpuQuota":-1,"memoryMax":-1,"taskExecuteType":"BATCH","operator":2,"operateTime":"2025-11-18 13:25:59"},{"id":21593,"code":19713684353074,"name":"ods_labconnect_extract_water_quality_day_datax_ods_labconnect_wtw_wqmm_location_df_tmp_all","version":2,"description":"","projectCode":18796782717216,"userId":2,"taskType":"DATAX","taskParams":{"localParams":[],"resourceList":[],"customConfig":0,"dsType":"POSTGRESQL","dataSource":12,"dtType":"POSTGRESQL","dataTarget":4,"sql":"select\r\n    loc_id,              -- ID of the location\r\n    loc_full_name,       -- Location full name (including suffices). This field can also be used for translation in UI and labeling in reports.\r\n    loc_name,            -- Name of the location\r\n    loc_suffix,          -- Suffix of the location\r\n    loc_name_chi,        -- Name of the location in Chinese (for reporting)\r\n    loc_color_pri,       -- Primary Display color (in RGBA),Primary color is used for text and section border\r\n    loc_color_sec,       -- Secondary Display color (in RGBA),Secondary color is used for highlight and section shading\r\n    localtimestamp ods_update_time,\r\n    localtimestamp ods_load_time\r\nfrom\r\nlabcon_hki_p2_uat.wqmm_location","targetTable":"coss_ods.ods_labconnect_wtw_wqmm_location_df_tmp","jobSpeedByte":0,"jobSpeedRecord":1000,"preStatements":[],"postStatements":[],"xms":1,"xmx":1},"taskParamList":[],"taskParamMap":null,"flag":"YES","taskPriority":"MEDIUM","userName":null,"projectName":null,"workerGroup":"default","environmentCode":18266283102112,"failRetryTimes":0,"failRetryInterval":1,"timeoutFlag":"CLOSE","timeoutNotifyStrategy":null,"timeout":0,"delayTime":0,"resourceIds":"","createTime":"2025-11-18 13:25:59","updateTime":"2025-11-18 13:32:24","modifyBy":null,"taskGroupId":0,"taskGroupPriority":0,"cpuQuota":-1,"memoryMax":-1,"taskExecuteType":"BATCH","operator":2,"operateTime":"2025-11-18 13:32:24"},{"id":21568,"code":19713684352929,"name":"ods_labconnect_extract_water_quality_day_sql_ods_labconnect_wtw_wqmm_config_df_tmp_create","version":1,"description":"","projectCode":18796782717216,"userId":2,"taskType":"SQL","taskParams":{"localParams":[],"resourceList":[],"type":"POSTGRESQL","datasource":4,"sql":"DROP TABLE if exists coss_ods.ods_labconnect_wtw_wqmm_config_df_tmp;\r\nCREATE TABLE if not exists coss_ods.ods_labconnect_wtw_wqmm_config_df_tmp (\r\n\tconfig_id serial4 NOT NULL,\r\n\twtw_id int4 NOT NULL,\r\n\tconfig_type int2 NULL,\r\n\tcreated_date timestamp NULL,\r\n\tcreated_by int4 NULL,\r\n\tcreated_role int4 NULL,\r\n\teffective_date timestamp NULL,\r\n\tverification_interval_hr int2 NULL,\r\n\tjar_test_interval_hr int2 NULL,\r\n\tjar_measure_type int2 NULL,\r\n\trequire_to_test bool NULL,\r\n\tods_update_time timestamp(6) default current_timestamp,\r\n    ods_load_time timestamp(6) default current_timestamp\r\n)\r\nWITH (\r\n\torientation=row,\r\n\tcompression=no,\r\n\tstorage_type=ustore,\r\n\tsegment=off\r\n)\r\ndistribute by hash (config_id);","sqlType":"1","preStatements":[],"postStatements":[],"segmentSeparator":";","displayRows":10},"taskParamList":[],"taskParamMap":null,"flag":"YES","taskPriority":"MEDIUM","userName":null,"projectName":null,"workerGroup":"default","environmentCode":18266283102112,"failRetryTimes":0,"failRetryInterval":1,"timeoutFlag":"CLOSE","timeoutNotifyStrategy":null,"timeout":0,"delayTime":0,"resourceIds":"","createTime":"2025-11-18 13:25:59","updateTime":"2025-11-18 13:25:59","modifyBy":null,"taskGroupId":0,"taskGroupPriority":0,"cpuQuota":-1,"memoryMax":-1,"taskExecuteType":"BATCH","operator":2,"operateTime":"2025-11-18 13:25:59"},{"id":21570,"code":19713684353057,"name":"ods_labconnect_extract_water_quality_day_sql_ods_labconnect_wtw_wqmm_analyzer_verification_item_df_all","version":1,"description":"","projectCode":18796782717216,"userId":2,"taskType":"SQL","taskParams":{"localParams":[],"resourceList":[],"type":"POSTGRESQL","datasource":4,"sql":"-- ****************************************************************************************\r\n-- subject     areas: Water Treatment Works\r\n-- function describe: Water Treatment Works Water Quality\r\n-- create         by: dongmaochen\r\n-- create       date: 2025-11-17\r\n-- modify date                modify by                    modify content\r\n-- None                       None                         None\r\n-- source table\r\n-- labcon_hki.wqmm_analyzer_verification_item\r\n-- target table\r\n-- coss_ods.ods_labconnect_wtw_wqmm_analyzer_verification_item_df\r\n-- ****************************************************************************************\r\ninsert into coss_ods.ods_labconnect_wtw_wqmm_analyzer_verification_item_df\r\nselect\r\n    verification_item_id,         -- ID of each record item\r\n    verification_id,              -- ID of the corresponding record\r\n    loc_id,                       -- ID of the sampling location\r\n    ph_manual,                    -- Sample value of pH from manual test\r\n    ph_analyzer,                  -- Sample value of pH from online analyzer\r\n    ph_manual_dp,                 -- No. of decimal places required for the value from manual test\r\n    ph_analyzer_dp,               -- No. of decimal places required for the value from online analyzer\r\n    ph_remarks,                   -- Remarks on the pH sample\r\n    turb_manual,                  -- Sample value of Turbidity from manual test\r\n    turb_analyzer,                -- Sample value of Turbidity from online analyzer\r\n    turb_manual_dp,               -- No. of decimal places required for the value from manual test\r\n    turb_analyzer_dp,             -- No. of decimal places required for the value from online analyzer\r\n    turb_remarks,                 -- Remarks on the Turbidity sample\r\n    rcl2_manual,                  -- Sample value of Residual Chlorine from manual test\r\n    rcl2_analyzer,                -- Sample value of Residual Chlorine from online analyzer\r\n    rcl2_manual_dp,               -- No. of decimal places required for the value from manual test\r\n    rcl2_analyzer_dp,             -- No. of decimal places required for the value from online analyzer\r\n    rcl2_remarks,                 -- Remarks on the sample of Residual Chlorine\r\n    fluoride_manual,              -- Sample value of Fluoride from manual test\r\n    fluoride_analyzer,            -- Sample value of Fluoride from online analyzer\r\n    fluoride_manual_dp,           -- No. of decimal places required for the value from manual test\r\n    fluoride_analyzer_dp,         -- No. of decimal places required for the value from online analyzer\r\n    fluoride_remarks,             -- Remarks on the sample of Fluoride\r\n    mn_manual,                    -- Sample value of Mangenese from manual test\r\n    mn_analyzer,                  -- Sample value of Mangenese from online analyzer\r\n    mn_manual_dp,                 -- No. of decimal places required for the value from manual test\r\n    mn_analyzer_dp,               -- No. of decimal places required for the value from online analyzer\r\n    mn_remarks,                   -- Remarks on the sample of Mangenese\r\n    nh3_manual,                   -- Sample value of Ammonia from manual test\r\n    nh3_analyzer,                 -- Sample value of Ammonia from online analyzer\r\n    nh3_manual_dp,                -- No. of decimal places required for the value from manual test\r\n    nh3_analyzer_dp,              -- No. of decimal places required for the value from online analyzer\r\n    nh3_remarks,                  -- Remarks on the sample of Ammonia\r\n    uv_manual,                    -- Sample value of UV light from manual test\r\n    uv_analyzer,                  -- Sample value of UV light from online analyzer\r\n    uv_manual_dp,                 -- No. of decimal places required for the value from manual test\r\n    uv_analyzer_dp,               -- No. of decimal places required for the value from online analyzer\r\n    uv_remarks,                   -- Remarks on the sample of UV light\r\n    localtimestamp ods_update_time,                                 \r\n    localtimestamp ods_load_time      \r\nfrom coss_ods.ods_labconnect_wtw_wqmm_analyzer_verification_item_df_tmp  --labcon_hki.wqmm_analyzer_verification_item\r\nON DUPLICATE KEY update\r\n    verification_id =values(verification_id),\r\n    loc_id =values(loc_id),\r\n    ph_manual =values(ph_manual),\r\n    ph_analyzer =values(ph_analyzer),\r\n    ph_manual_dp =values(ph_manual_dp),\r\n    ph_analyzer_dp =values(ph_analyzer_dp),\r\n    ph_remarks =values(ph_remarks),\r\n    turb_manual =values(turb_manual),\r\n    turb_analyzer =values(turb_analyzer),\r\n    turb_manual_dp =values(turb_manual_dp),\r\n    turb_analyzer_dp =values(turb_analyzer_dp),\r\n    turb_remarks =values(turb_remarks),\r\n    rcl2_manual =values(rcl2_manual),\r\n    rcl2_analyzer =values(rcl2_analyzer),\r\n    rcl2_manual_dp =values(rcl2_manual_dp),\r\n    rcl2_analyzer_dp =values(rcl2_analyzer_dp),\r\n    rcl2_remarks =values(rcl2_remarks),\r\n    fluoride_manual =values(fluoride_manual),\r\n    fluoride_analyzer =values(fluoride_analyzer),\r\n    fluoride_manual_dp =values(fluoride_manual_dp),\r\n    fluoride_analyzer_dp =values(fluoride_analyzer_dp),\r\n    fluoride_remarks =values(fluoride_remarks),\r\n    mn_manual =values(mn_manual),\r\n    mn_analyzer =values(mn_analyzer),\r\n    mn_manual_dp =values(mn_manual_dp),\r\n    mn_analyzer_dp =values(mn_analyzer_dp),\r\n    mn_remarks =values(mn_remarks),\r\n    nh3_manual =values(nh3_manual),\r\n    nh3_analyzer =values(nh3_analyzer),\r\n    nh3_manual_dp =values(nh3_manual_dp),\r\n    nh3_analyzer_dp =values(nh3_analyzer_dp),\r\n    nh3_remarks =values(nh3_remarks),\r\n    uv_manual =values(uv_manual),\r\n    uv_analyzer =values(uv_analyzer),\r\n    uv_manual_dp =values(uv_manual_dp),\r\n    uv_analyzer_dp =values(uv_analyzer_dp),\r\n    uv_remarks =values(uv_remarks),\r\n    ods_update_time =values(ods_update_time)","sqlType":"1","preStatements":[],"postStatements":[],"segmentSeparator":";","displayRows":10},"taskParamList":[],"taskParamMap":null,"flag":"YES","taskPriority":"MEDIUM","userName":null,"projectName":null,"workerGroup":"default","environmentCode":18266283102112,"failRetryTimes":0,"failRetryInterval":1,"timeoutFlag":"CLOSE","timeoutNotifyStrategy":null,"timeout":0,"delayTime":0,"resourceIds":"","createTime":"2025-11-18 13:25:59","updateTime":"2025-11-18 13:25:59","modifyBy":null,"taskGroupId":0,"taskGroupPriority":0,"cpuQuota":-1,"memoryMax":-1,"taskExecuteType":"BATCH","operator":2,"operateTime":"2025-11-18 13:25:59"},{"id":21594,"code":19713684353073,"name":"ods_labconnect_extract_water_quality_day_datax_ods_labconnect_wtw_wtw_unit_df_tmp_all","version":2,"description":"","projectCode":18796782717216,"userId":2,"taskType":"DATAX","taskParams":{"localParams":[],"resourceList":[],"customConfig":0,"dsType":"POSTGRESQL","dataSource":12,"dtType":"POSTGRESQL","dataTarget":4,"sql":"select\r\n  wtw_id,\r\n  wtw_code,\r\n  wtw_name,\r\n  wtw_name_chi,\r\n--  wtw_transfer_order,\r\n--  wtw_lab,\r\n--  wtcc_report_cus,\r\n  phase_1,\r\n  phase_2,\r\n  phase_3,\r\n  localtimestamp ods_update_time,\r\n  localtimestamp ods_load_time\r\nfrom\r\nlabcon_hki_p2_uat.wtw_unit\r\n","targetTable":"coss_ods.ods_labconnect_wtw_wtw_unit_df_tmp","jobSpeedByte":0,"jobSpeedRecord":1000,"preStatements":[],"postStatements":[],"xms":1,"xmx":1},"taskParamList":[],"taskParamMap":null,"flag":"YES","taskPriority":"MEDIUM","userName":null,"projectName":null,"workerGroup":"default","environmentCode":18266283102112,"failRetryTimes":0,"failRetryInterval":1,"timeoutFlag":"CLOSE","timeoutNotifyStrategy":null,"timeout":0,"delayTime":0,"resourceIds":"","createTime":"2025-11-18 13:25:59","updateTime":"2025-11-18 13:32:24","modifyBy":null,"taskGroupId":0,"taskGroupPriority":0,"cpuQuota":-1,"memoryMax":-1,"taskExecuteType":"BATCH","operator":2,"operateTime":"2025-11-18 13:32:24"},{"id":21596,"code":19713684353071,"name":"ods_labconnect_extract_water_quality_day_datax_coss_ods.ods_labconnect_wtw_wqmm_analyzer_verification_item_df_tmp_all","version":2,"description":"","projectCode":18796782717216,"userId":2,"taskType":"DATAX","taskParams":{"localParams":[],"resourceList":[],"customConfig":0,"dsType":"POSTGRESQL","dataSource":12,"dtType":"POSTGRESQL","dataTarget":4,"sql":"select\r\n    verification_item_id,         -- ID of each record item\r\n    verification_id,              -- ID of the corresponding record\r\n    loc_id,                       -- ID of the sampling location\r\n    ph_manual,                    -- Sample value of pH from manual test\r\n    ph_analyzer,                  -- Sample value of pH from online analyzer\r\n    ph_manual_dp,                 -- No. of decimal places required for the value from manual test\r\n    ph_analyzer_dp,               -- No. of decimal places required for the value from online analyzer\r\n    ph_remarks,                   -- Remarks on the pH sample\r\n    turb_manual,                  -- Sample value of Turbidity from manual test\r\n    turb_analyzer,                -- Sample value of Turbidity from online analyzer\r\n    turb_manual_dp,               -- No. of decimal places required for the value from manual test\r\n    turb_analyzer_dp,             -- No. of decimal places required for the value from online analyzer\r\n    turb_remarks,                 -- Remarks on the Turbidity sample\r\n    rcl2_manual,                  -- Sample value of Residual Chlorine from manual test\r\n    rcl2_analyzer,                -- Sample value of Residual Chlorine from online analyzer\r\n    rcl2_manual_dp,               -- No. of decimal places required for the value from manual test\r\n    rcl2_analyzer_dp,             -- No. of decimal places required for the value from online analyzer\r\n    rcl2_remarks,                 -- Remarks on the sample of Residual Chlorine\r\n    fluoride_manual,              -- Sample value of Fluoride from manual test\r\n    fluoride_analyzer,            -- Sample value of Fluoride from online analyzer\r\n    fluoride_manual_dp,           -- No. of decimal places required for the value from manual test\r\n    fluoride_analyzer_dp,         -- No. of decimal places required for the value from online analyzer\r\n    fluoride_remarks,             -- Remarks on the sample of Fluoride\r\n    mn_manual,                    -- Sample value of Mangenese from manual test\r\n    mn_analyzer,                  -- Sample value of Mangenese from online analyzer\r\n    mn_manual_dp,                 -- No. of decimal places required for the value from manual test\r\n    mn_analyzer_dp,               -- No. of decimal places required for the value from online analyzer\r\n    mn_remarks,                   -- Remarks on the sample of Mangenese\r\n    nh3_manual,                   -- Sample value of Ammonia from manual test\r\n    nh3_analyzer,                 -- Sample value of Ammonia from online analyzer\r\n    nh3_manual_dp,                -- No. of decimal places required for the value from manual test\r\n    nh3_analyzer_dp,              -- No. of decimal places required for the value from online analyzer\r\n    nh3_remarks,                  -- Remarks on the sample of Ammonia\r\n    uv_manual,                    -- Sample value of UV light from manual test\r\n    uv_analyzer,                  -- Sample value of UV light from online analyzer\r\n    uv_manual_dp,                 -- No. of decimal places required for the value from manual test\r\n    uv_analyzer_dp,               -- No. of decimal places required for the value from online analyzer\r\n    uv_remarks,                   -- Remarks on the sample of UV light\r\n    localtimestamp ods_update_time,                                 \r\n    localtimestamp ods_load_time      \r\nfrom labcon_hki_p2_uat.wqmm_analyzer_verification_item","targetTable":"coss_ods.ods_labconnect_wtw_wqmm_analyzer_verification_item_df_tmp","jobSpeedByte":0,"jobSpeedRecord":1000,"preStatements":[],"postStatements":[],"xms":1,"xmx":1},"taskParamList":[],"taskParamMap":null,"flag":"YES","taskPriority":"MEDIUM","userName":null,"projectName":null,"workerGroup":"default","environmentCode":18266283102112,"failRetryTimes":0,"failRetryInterval":1,"timeoutFlag":"CLOSE","timeoutNotifyStrategy":null,"timeout":0,"delayTime":0,"resourceIds":"","createTime":"2025-11-18 13:25:59","updateTime":"2025-11-18 13:32:24","modifyBy":null,"taskGroupId":0,"taskGroupPriority":0,"cpuQuota":-1,"memoryMax":-1,"taskExecuteType":"BATCH","operator":2,"operateTime":"2025-11-18 13:32:24"},{"id":21572,"code":19713684353059,"name":"ods_labconnect_extract_water_quality_day_sql_ods_labconnect_wtw_wtw_unit_df_tmp_tmp_create","version":1,"description":"","projectCode":18796782717216,"userId":2,"taskType":"SQL","taskParams":{"localParams":[],"resourceList":[],"type":"POSTGRESQL","datasource":4,"sql":"DROP TABLE if exists coss_ods.ods_labconnect_wtw_wtw_unit_df_tmp;\r\nCREATE TABLE if not exists coss_ods.ods_labconnect_wtw_wtw_unit_df_tmp (\r\n\twtw_id serial4 NOT NULL,\r\n\twtw_code text NOT NULL,\r\n\twtw_name text NOT NULL,\r\n\twtw_name_chi text NOT NULL,\r\n\tphase_1 bool NOT NULL,\r\n\tphase_2 bool NOT NULL,\r\n\tphase_3 bool NOT NULL,\r\n    ods_update_time timestamp(6) default current_timestamp,\r\n    ods_load_time timestamp(6) default current_timestamp\r\n)\r\nWITH (\r\n\torientation=row,\r\n\tcompression=no,\r\n\tstorage_type=ustore,\r\n\tsegment=off\r\n)\r\ndistribute by hash (wtw_id)","sqlType":"1","preStatements":[],"postStatements":[],"segmentSeparator":";","displayRows":10},"taskParamList":[],"taskParamMap":null,"flag":"YES","taskPriority":"MEDIUM","userName":null,"projectName":null,"workerGroup":"default","environmentCode":18266283102112,"failRetryTimes":0,"failRetryInterval":1,"timeoutFlag":"CLOSE","timeoutNotifyStrategy":null,"timeout":0,"delayTime":0,"resourceIds":"","createTime":"2025-11-18 13:25:59","updateTime":"2025-11-18 13:25:59","modifyBy":null,"taskGroupId":0,"taskGroupPriority":0,"cpuQuota":-1,"memoryMax":-1,"taskExecuteType":"BATCH","operator":2,"operateTime":"2025-11-18 13:25:59"},{"id":21578,"code":19713684353065,"name":"ods_labconnect_extract_water_quality_day_sql_ods_labconnect_wtw_wqmm_parameter_limit_df_tmp_create","version":1,"description":"","projectCode":18796782717216,"userId":2,"taskType":"SQL","taskParams":{"localParams":[],"resourceList":[],"type":"POSTGRESQL","datasource":4,"sql":"DROP TABLE if exists coss_ods.ods_labconnect_wtw_wqmm_parameter_limit_df_tmp;\r\nCREATE TABLE if not exists coss_ods.ods_labconnect_wtw_wqmm_parameter_limit_df_tmp (\r\n\tparameter_limit_id serial4 NOT NULL,\r\n\tconfig_id int4 NULL,\r\n\tloc_id int4 NULL,\r\n\ttarget_type int2 NULL,\r\n\tph_compare text NULL,\r\n\tph_min_value numeric(8, 5) NULL,\r\n\tph_min_val_dp int4 NULL,\r\n\tph_max_value numeric(8, 5) NULL,\r\n\tph_max_val_dp int4 NULL,\r\n\tturb_compare text NULL,\r\n\tturb_min_value numeric(8, 5) NULL,\r\n\tturb_min_val_dp int4 NULL,\r\n\tturb_max_value numeric(8, 5) NULL,\r\n\tturb_max_val_dp int4 NULL,\r\n\trcl2_compare text NULL,\r\n\trcl2_min_value numeric(8, 5) NULL,\r\n\trcl2_min_val_dp int4 NULL,\r\n\trcl2_max_value numeric(8, 5) NULL,\r\n\trcl2_max_val_dp int4 NULL,\r\n\tuv_compare text NULL,\r\n\tuv_min_value numeric(8, 5) NULL,\r\n\tuv_min_val_dp int4 NULL,\r\n\tuv_max_value numeric(8, 5) NULL,\r\n\tuv_max_val_dp int4 NULL,\r\n\tfluoride_compare text NULL,\r\n\tfluoride_min_value numeric(8, 5) NULL,\r\n\tfluoride_min_val_dp int4 NULL,\r\n\tfluoride_max_value numeric(8, 5) NULL,\r\n\tfluoride_max_val_dp int4 NULL,\r\n\tmn_compare text NULL,\r\n\tmn_min_value numeric(8, 5) NULL,\r\n\tmn_min_val_dp int4 NULL,\r\n\tmn_max_value numeric(8, 5) NULL,\r\n\tmn_max_val_dp int4 NULL,\r\n\tnh3_compare text NULL,\r\n\tnh3_min_value numeric(8, 5) NULL,\r\n\tnh3_min_val_dp int4 NULL,\r\n\tnh3_max_value numeric(8, 5) NULL,\r\n\tnh3_max_val_dp int4 NULL,\r\n\tods_update_time timestamp(6) default current_timestamp,\r\n    ods_load_time timestamp(6) default current_timestamp\r\n)\r\nWITH (\r\n\torientation=row,\r\n\tcompression=no,\r\n\tstorage_type=ustore,\r\n\tsegment=off\r\n)\r\ndistribute by hash (parameter_limit_id);","sqlType":"1","preStatements":[],"postStatements":[],"segmentSeparator":";","displayRows":10},"taskParamList":[],"taskParamMap":null,"flag":"YES","taskPriority":"MEDIUM","userName":null,"projectName":null,"workerGroup":"default","environmentCode":18266283102112,"failRetryTimes":0,"failRetryInterval":1,"timeoutFlag":"CLOSE","timeoutNotifyStrategy":null,"timeout":0,"delayTime":0,"resourceIds":"","createTime":"2025-11-18 13:25:59","updateTime":"2025-11-18 13:25:59","modifyBy":null,"taskGroupId":0,"taskGroupPriority":0,"cpuQuota":-1,"memoryMax":-1,"taskExecuteType":"BATCH","operator":2,"operateTime":"2025-11-18 13:25:59"},{"id":21591,"code":19713684353061,"name":"ods_labconnect_extract_water_quality_day_sql_ods_labconnect_wtw_wqmm_analyzer_verification_item_df_tmp_create","version":2,"description":"","projectCode":18796782717216,"userId":2,"taskType":"SQL","taskParams":{"localParams":[],"resourceList":[],"type":"POSTGRESQL","datasource":4,"sql":"DROP TABLE if exists coss_ods.ods_labconnect_wtw_wqmm_analyzer_verification_item_df_tmp;\r\nCREATE TABLE if not exists coss_ods.ods_labconnect_wtw_wqmm_analyzer_verification_item_df_tmp (\r\n\tverification_item_id int4 NOT NULL,\r\n\tverification_id int4 NOT NULL,\r\n\tloc_id int4 NOT NULL,\r\n\tph_manual numeric(8, 5) NULL,\r\n\tph_manual_dp int2 NOT NULL,\r\n\tph_analyzer numeric(8, 5) NULL,\r\n\tph_analyzer_dp int2 NOT NULL,\r\n\tph_remarks text NULL,\r\n\tturb_manual numeric(8, 5) NULL,\r\n\tturb_manual_dp int2 NOT NULL,\r\n\tturb_analyzer numeric(8, 5) NULL,\r\n\tturb_analyzer_dp int2 NOT NULL,\r\n\tturb_remarks text NULL,\r\n\trcl2_manual numeric(8, 5) NULL,\r\n\trcl2_manual_dp int2 NOT NULL,\r\n\trcl2_analyzer numeric(8, 5) NULL,\r\n\trcl2_analyzer_dp int2 NOT NULL,\r\n\trcl2_remarks text NULL,\r\n\tfluoride_manual numeric(8, 5) NULL,\r\n\tfluoride_manual_dp int2 NOT NULL,\r\n\tfluoride_analyzer numeric(8, 5) NULL,\r\n\tfluoride_analyzer_dp int2 NOT NULL,\r\n\tfluoride_remarks text NULL,\r\n\tmn_manual numeric(8, 5) NULL,\r\n\tmn_manual_dp int2 NOT NULL,\r\n\tmn_analyzer numeric(8, 5) NULL,\r\n\tmn_analyzer_dp int2 NOT NULL,\r\n\tmn_remarks text NULL,\r\n\tnh3_manual numeric(8, 5) NULL,\r\n\tnh3_manual_dp int2 NOT NULL,\r\n\tnh3_analyzer int4 NULL,\r\n\tnh3_analyzer_dp int2 NOT NULL,\r\n\tnh3_remarks text NULL,\r\n\tuv_manual numeric(8, 5) NULL,\r\n\tuv_manual_dp int2 NOT NULL,\r\n\tuv_analyzer int4 NULL,\r\n\tuv_analyzer_dp int2 NOT NULL,\r\n\tuv_remarks text NULL,\r\n\tods_update_time timestamp(6) default current_timestamp,\r\n    ods_load_time timestamp(6) default current_timestamp\r\n)\r\nWITH (\r\n\torientation=row,\r\n\tcompression=no,\r\n\tstorage_type=ustore,\r\n\tsegment=off\r\n)\r\ndistribute by hash (verification_item_id);","sqlType":"1","preStatements":[],"postStatements":[],"segmentSeparator":";","displayRows":10},"taskParamList":[],"taskParamMap":null,"flag":"YES","taskPriority":"MEDIUM","userName":null,"projectName":null,"workerGroup":"default","environmentCode":18266283102112,"failRetryTimes":0,"failRetryInterval":1,"timeoutFlag":"CLOSE","timeoutNotifyStrategy":null,"timeout":0,"delayTime":0,"resourceIds":"","createTime":"2025-11-18 13:25:59","updateTime":"2025-11-18 13:32:24","modifyBy":null,"taskGroupId":0,"taskGroupPriority":0,"cpuQuota":-1,"memoryMax":-1,"taskExecuteType":"BATCH","operator":2,"operateTime":"2025-11-18 13:32:24"},{"id":21582,"code":19713684353069,"name":"ods_labconnect_extract_water_quality_day_sql_ods_labconnect_wtw_wqmm_analyzer_verification_di_year_tmp","version":1,"description":"","projectCode":18796782717216,"userId":2,"taskType":"SQL","taskParams":{"localParams":[],"resourceList":[],"type":"POSTGRESQL","datasource":4,"sql":"DROP TABLE if exists coss_ods.ods_labconnect_wtw_wqmm_analyzer_verification_di_year_tmp;\r\nCREATE TABLE if not exists coss_ods.ods_labconnect_wtw_wqmm_analyzer_verification_di_year_tmp (\r\n\tverification_id serial4 NOT NULL,\r\n\twtw_id int4 NOT NULL,\r\n\tstatus int2 NULL,\r\n\tlast_updated_date timestamp NULL,\r\n\tsample_date timestamp NULL,\r\n\treported_by int4 NULL,\r\n\treported_role int4 NULL,\r\n\treported_date timestamp NULL,\r\n\tno_record_reason text NULL,\r\n\tapproved_by int4 NULL,\r\n\tapproved_role int4 NULL,\r\n\tapproved_remarks text NULL,\r\n\tapproved_date timestamp NULL,\r\n\trequire_acknowledgement bool NULL,\r\n\tacknowledged_by int4 NULL,\r\n\tacknowledged_role int4 NULL,\r\n\tacknowledged_remarks text NULL,\r\n\tacknowledged_date timestamp NULL,\r\n\treviewed_by int4 NULL,\r\n\treviewed_role int4 NULL,\r\n\treviewed_remarks text NULL,\r\n\treviewed_date timestamp NULL,\r\n\trejected_by int4 NULL,\r\n\trejected_role int4 NULL,\r\n\trejected_remarks text NULL,\r\n\trejected_date timestamp NULL,\r\n    ods_update_time timestamp(6) default current_timestamp,\r\n    ods_load_time timestamp(6) default current_timestamp\r\n)\r\nWITH (\r\n\torientation=row,\r\n\tcompression=no,\r\n\tstorage_type=ustore,\r\n\tsegment=off\r\n)\r\ndistribute by hash (verification_id);","sqlType":"1","preStatements":[],"postStatements":[],"segmentSeparator":";","displayRows":10},"taskParamList":[],"taskParamMap":null,"flag":"YES","taskPriority":"MEDIUM","userName":null,"projectName":null,"workerGroup":"default","environmentCode":18266283102112,"failRetryTimes":0,"failRetryInterval":1,"timeoutFlag":"CLOSE","timeoutNotifyStrategy":null,"timeout":0,"delayTime":0,"resourceIds":"","createTime":"2025-11-18 13:25:59","updateTime":"2025-11-18 13:25:59","modifyBy":null,"taskGroupId":0,"taskGroupPriority":0,"cpuQuota":-1,"memoryMax":-1,"taskExecuteType":"BATCH","operator":2,"operateTime":"2025-11-18 13:25:59"},{"id":21589,"code":19713684353076,"name":"ods_labconnect_extract_water_quality_day_datax_ods_labconnect_wtw_wqmm_analyzer_verification_di_year_tmp_add","version":1,"description":"","projectCode":18796782717216,"userId":2,"taskType":"DATAX","taskParams":{"localParams":[],"resourceList":[],"customConfig":0,"dsType":"POSTGRESQL","dataSource":4,"dtType":"POSTGRESQL","dataTarget":4,"sql":"select\r\n    verification_id,                   -- ID of each online analyzer verification record\r\n    wtw_id,                            -- ID of the corresponding WTW\r\n    status,                            -- Status of the reminder:0: reported and not yet approved ;1: approved and require acknowledged.;2: approved/acknowledged and not yet reviewed;3: reviewed;-1: rejected\r\n    last_updated_date,                 -- Datetime when the record is updated\r\n    sample_date,                       -- Datetime when the sample is taken\r\n    reported_by,                       -- User who the sample record is created\r\n    reported_role,                     -- Role of the users who the sample record is created\r\n    reported_date,                     -- Datetime when the sample record is created\r\n    no_record_reason,                  -- Reason for not taking the sample\r\n    approved_by,                       -- User who has approved the record\r\n    approved_role,                     -- Role of the users who the sample record is approved\r\n    approved_remarks,                  -- Remarks from the approver\r\n    approved_date,                     -- Datetime when the analyzer is checked\r\n    require_acknowledgement,           -- True: the records need acknowledged instrument colleague;False: no need to acknowledged instrument colleague\r\n    acknowledged_by,                   -- Instrument colleague who has acknowledged.\r\n    acknowledged_role,                 -- Role of the users who has acknowledged.\r\n    acknowledged_remarks,              -- Remarks from the acknowledged instrument colleague\r\n    acknowledged_date,                 -- Datetime when the sample record is acknowledged\r\n    reviewed_by,                       -- User who has reviewed the record\r\n    reviewed_role,                     -- Role of the users who the sample record is reviewed\r\n    reviewed_remarks,                  -- Remarks from the reviewer\r\n    reviewed_date,                     -- Datetime when the sample record is reviewed\r\n    rejected_by,                       -- User who has rejected the record\r\n    rejected_role,                     -- Role of the users who the sample record is rejected\r\n    rejected_remarks,                  -- Remarks from the rejecter\r\n    rejected_date,                     -- Datetime when the sample record is rejected\r\n    localtimestamp ods_update_time,                                 \r\n    localtimestamp ods_load_time                                 \r\nfrom labcon_hki.wqmm_analyzer_verification","targetTable":"coss_ods.ods_labconnect_wtw_wqmm_analyzer_verification_di_year_tmp","jobSpeedByte":0,"jobSpeedRecord":1000,"preStatements":[],"postStatements":[],"xms":1,"xmx":1},"taskParamList":[],"taskParamMap":null,"flag":"NO","taskPriority":"MEDIUM","userName":null,"projectName":null,"workerGroup":"default","environmentCode":18266283102112,"failRetryTimes":0,"failRetryInterval":1,"timeoutFlag":"CLOSE","timeoutNotifyStrategy":null,"timeout":0,"delayTime":0,"resourceIds":"","createTime":"2025-11-18 13:25:59","updateTime":"2025-11-18 13:25:59","modifyBy":null,"taskGroupId":0,"taskGroupPriority":0,"cpuQuota":-1,"memoryMax":-1,"taskExecuteType":"BATCH","operator":2,"operateTime":"2025-11-18 13:25:59"},{"id":21595,"code":19713684353062,"name":"ods_labconnect_extract_water_quality_day_datax_ods_labconnect_wtw_wqmm_config_df_tmp_all","version":2,"description":"","projectCode":18796782717216,"userId":2,"taskType":"DATAX","taskParams":{"localParams":[],"resourceList":[],"customConfig":0,"dsType":"POSTGRESQL","dataSource":12,"dtType":"POSTGRESQL","dataTarget":4,"sql":"select\r\n    config_id,                          -- ID of each parameter set\r\n    wtw_id,                             -- ID of the corresponding WTW\r\n    config_type,                        -- Configuration Type 0: parameters for water quality monitoring; 1: parameters for online analyzer verification; 2: sampling frequency\r\n    created_date,                       -- Datetime when the record is created\r\n    created_by,                         -- User who creates the records\r\n    created_role,                       -- User role who creates the records\r\n    effective_date,                     -- Datetime when the parameter set is effective. The parameter set is effective on or after the effective_date. If there are multiple effective records, choose the one with the latest effective date, tie-break by latest created_date\r\n    verification_interval_hr,           -- This field only has meaning if config_type = 2.The interval (hrs) in which the online analyzer verification test is performed. If this field is empty, no online analyzer verification test is required for the specific WTW.\r\n    jar_test_interval_hr,               -- This field only has meaning if config_type = 2.The interval (hrs) in which the jar test is performed. If this field is empty, no jar test is required for the specific WTW.\r\n    jar_measure_type,                   -- (if config_type <> 2, use default value 0) 0: the jar test measurement is \"絮凝大小\"; 1: the jar test measurement is \"沉澱速度\"\r\n    require_to_test,                    -- (if config_type <> 2, use default value false)True: perform taste & odour test;False: no need to perform taste & odour test\r\n    localtimestamp ods_update_time,                                    \r\n    localtimestamp ods_load_time                                    \r\nfrom labcon_hki_p2_uat.wqmm_config","targetTable":"coss_ods.ods_labconnect_wtw_wqmm_config_df_tmp","jobSpeedByte":0,"jobSpeedRecord":1000,"preStatements":[],"postStatements":[],"xms":1,"xmx":1},"taskParamList":[],"taskParamMap":null,"flag":"YES","taskPriority":"MEDIUM","userName":null,"projectName":null,"workerGroup":"default","environmentCode":18266283102112,"failRetryTimes":0,"failRetryInterval":1,"timeoutFlag":"CLOSE","timeoutNotifyStrategy":null,"timeout":0,"delayTime":0,"resourceIds":"","createTime":"2025-11-18 13:25:59","updateTime":"2025-11-18 13:32:24","modifyBy":null,"taskGroupId":0,"taskGroupPriority":0,"cpuQuota":-1,"memoryMax":-1,"taskExecuteType":"BATCH","operator":2,"operateTime":"2025-11-18 13:32:24"},{"id":21611,"code":19714420406944,"name":"ods_to_dwd","version":1,"description":"","projectCode":18796782717216,"userId":2,"taskType":"SUB_PROCESS","taskParams":{"localParams":[],"resourceList":[],"processDefinitionCode":19713789436579},"taskParamList":[],"taskParamMap":null,"flag":"YES","taskPriority":"MEDIUM","userName":null,"projectName":null,"workerGroup":"default","environmentCode":17270889904672,"failRetryTimes":0,"failRetryInterval":1,"timeoutFlag":"CLOSE","timeoutNotifyStrategy":null,"timeout":0,"delayTime":0,"resourceIds":"","createTime":"2025-11-18 15:05:22","updateTime":"2025-11-18 15:05:22","modifyBy":null,"taskGroupId":0,"taskGroupPriority":0,"cpuQuota":-1,"memoryMax":-1,"taskExecuteType":"BATCH","operator":2,"operateTime":"2025-11-18 15:05:22"},{"id":21612,"code":19713684353075,"name":"ods_labconnect_extract_water_quality_day_sql_ods_labconnect_wtw_wqmm_analyzer_verification_di_year_add","version":2,"description":"","projectCode":18796782717216,"userId":2,"taskType":"SQL","taskParams":{"localParams":[],"resourceList":[],"type":"POSTGRESQL","datasource":4,"sql":"-- ****************************************************************************************\r\n-- subject     areas: Water Treatment Works\r\n-- function describe: Water Treatment Works Water Quality\r\n-- create         by: dongmaochen\r\n-- create       date: 2025-11-17\r\n-- modify date                modify by                    modify content\r\n-- None                       None                         None\r\n-- source table\r\n-- coss_ods.ods_labconnect_wtw_wqmm_analyzer_verification_di_year\r\n-- target table\r\n-- labcon_hki.wqmm_analyzer_verification\r\n-- ****************************************************************************************\r\ninsert into coss_ods.ods_labconnect_wtw_wqmm_analyzer_verification_di_year\r\nselect\r\n    verification_id,                   -- ID of each online analyzer verification record\r\n    wtw_id,                            -- ID of the corresponding WTW\r\n    status,                            -- Status of the reminder:0: reported and not yet approved ;1: approved and require acknowledged.;2: approved/acknowledged and not yet reviewed;3: reviewed;-1: rejected\r\n    last_updated_date,                 -- Datetime when the record is updated\r\n    sample_date,                       -- Datetime when the sample is taken\r\n    reported_by,                       -- User who the sample record is created\r\n    reported_role,                     -- Role of the users who the sample record is created\r\n    reported_date,                     -- Datetime when the sample record is created\r\n    no_record_reason,                  -- Reason for not taking the sample\r\n    approved_by,                       -- User who has approved the record\r\n    approved_role,                     -- Role of the users who the sample record is approved\r\n    approved_remarks,                  -- Remarks from the approver\r\n    approved_date,                     -- Datetime when the analyzer is checked\r\n    require_acknowledgement,           -- True: the records need acknowledged instrument colleague;False: no need to acknowledged instrument colleague\r\n    acknowledged_by,                   -- Instrument colleague who has acknowledged.\r\n    acknowledged_role,                 -- Role of the users who has acknowledged.\r\n    acknowledged_remarks,              -- Remarks from the acknowledged instrument colleague\r\n    acknowledged_date,                 -- Datetime when the sample record is acknowledged\r\n    reviewed_by,                       -- User who has reviewed the record\r\n    reviewed_role,                     -- Role of the users who the sample record is reviewed\r\n    reviewed_remarks,                  -- Remarks from the reviewer\r\n    reviewed_date,                     -- Datetime when the sample record is reviewed\r\n    rejected_by,                       -- User who has rejected the record\r\n    rejected_role,                     -- Role of the users who the sample record is rejected\r\n    rejected_remarks,                  -- Remarks from the rejecter\r\n    rejected_date,                     -- Datetime when the sample record is rejected\r\n    localtimestamp ods_update_time,                                 \r\n    localtimestamp ods_load_time                                 \r\nfrom coss_ods.ods_labconnect_wtw_wqmm_analyzer_verification_di_year_tmp --labcon_hki.wqmm_analyzer_verification\r\nON DUPLICATE KEY update\r\n    wtw_id = values(wtw_id),\r\n    status = values(status),\r\n    last_updated_date = values(last_updated_date),\r\n    sample_date = values(sample_date),\r\n    reported_by = values(reported_by),\r\n    reported_role = values(reported_role),\r\n    reported_date = values(reported_date),\r\n    no_record_reason = values(no_record_reason),\r\n    approved_by = values(approved_by),\r\n    approved_role = values(approved_role),\r\n    approved_remarks = values(approved_remarks),\r\n    approved_date   = values(approved_date),\r\n    require_acknowledgement = values(require_acknowledgement),\r\n    acknowledged_by = values(acknowledged_by),\r\n    acknowledged_role = values(acknowledged_role),\r\n    acknowledged_remarks = values(acknowledged_remarks),\r\n    acknowledged_date = values(acknowledged_date),\r\n    reviewed_by = values(reviewed_by),\r\n    reviewed_role = values(reviewed_role),\r\n    reviewed_remarks = values(reviewed_remarks),\r\n    reviewed_date = values(reviewed_date),\r\n    rejected_by = values(rejected_by),\r\n    rejected_role = values(rejected_role),\r\n    rejected_remarks = values(rejected_remarks),\r\n    rejected_date = values(rejected_date),\r\n    ods_update_time = values(ods_update_time)","sqlType":"1","preStatements":[],"postStatements":[],"segmentSeparator":";","displayRows":10},"taskParamList":[],"taskParamMap":null,"flag":"YES","taskPriority":"MEDIUM","userName":null,"projectName":null,"workerGroup":"default","environmentCode":18266283102112,"failRetryTimes":0,"failRetryInterval":1,"timeoutFlag":"CLOSE","timeoutNotifyStrategy":null,"timeout":0,"delayTime":0,"resourceIds":"","createTime":"2025-11-18 13:25:59","updateTime":"2025-11-18 15:05:22","modifyBy":null,"taskGroupId":0,"taskGroupPriority":0,"cpuQuota":-1,"memoryMax":-1,"taskExecuteType":"BATCH","operator":2,"operateTime":"2025-11-18 15:05:22"},{"id":21576,"code":19713684353063,"name":"ods_labconnect_extract_water_quality_day_sql_ods_labconnect_wtw_wqmm_parameter_limit_df_all","version":1,"description":"","projectCode":18796782717216,"userId":2,"taskType":"SQL","taskParams":{"localParams":[],"resourceList":[],"type":"POSTGRESQL","datasource":4,"sql":"\r\n-- ****************************************************************************************\r\n-- subject     areas: Water Treatment Works\r\n-- function describe: Water Treatment Works Water Quality\r\n-- create         by: dongmaochen\r\n-- create       date: 2025-11-17\r\n-- modify date                modify by                    modify content\r\n-- None                       None                         None\r\n-- source table\r\n-- labcon_hki.wqmm_parameter_limit\r\n-- target table\r\n-- coss_ods.ods_labconnect_wtw_wqmm_parameter_limit_df\r\n-- ****************************************************************************************\r\ninsert into coss_ods.ods_labconnect_wtw_wqmm_parameter_limit_df\r\nselect \r\n    parameter_limit_id,        -- ID of each item in the parameters\r\n    config_id,                 -- Configuration ID\r\n    loc_id,                    -- ID of the corresponding sampling location\r\n    target_type,               -- Target type: 0: operational target; 1: critical limit\r\n    ph_compare,                -- Define whether pH value is acceptable or not\r\n    ph_min_value,              -- Define whether pH value is acceptable or not\r\n    ph_max_value,              -- Define whether pH value is acceptable or not\r\n    ph_min_val_dp,             -- No. of decimal places for min value,-1: if the value is null\r\n    ph_max_val_dp,             -- No. of decimal places for max value,-1: if the value is null\r\n    turb_compare,              -- Define whether Turbidity value is acceptable or not\r\n    turb_min_value,            -- Define whether Turbidity value is acceptable or not\r\n    turb_max_value,            -- Define whether Turbidity value is acceptable or not\r\n    turb_min_val_dp,           -- No. of decimal places for min value,-1: if the value is null\r\n    turb_max_val_dp,           -- No. of decimal places for max value,-1: if the value is null\r\n    rcl2_compare,              -- Define whether Residual Chlorine is acceptable or not\r\n    rcl2_min_value,            -- Define whether Residual Chlorine is acceptable or not\r\n    rcl2_max_value,            -- Define whether Residual Chlorine is acceptable or not\r\n    rcl2_min_val_dp,           -- No. of decimal places for min value,-1: if the value is null\r\n    rcl2_max_val_dp,           -- No. of decimal places for max value,-1: if the value is null\r\n    fluoride_compare,          -- Define whether Fluoride is acceptable or not\r\n    fluoride_min_value,        -- Define whether Fluoride is acceptable or not\r\n    fluoride_max_value,        -- Define whether Fluoride is acceptable or not\r\n    fluoride_min_val_dp,       -- No. of decimal places for min value,-1: if the value is null\r\n    fluoride_max_val_dp,       -- No. of decimal places for max value,-1: if the value is null\r\n    mn_compare,                -- Define whether Manganese is acceptable or not\r\n    mn_min_value,              -- Define whether Manganese is acceptable or not\r\n    mn_max_value,              -- Define whether Manganese is acceptable or not\r\n    mn_min_val_dp,             -- No. of decimal places for min value,-1: if the value is null\r\n    mn_max_val_dp,             -- No. of decimal places for max value,-1: if the value is null\r\n    nh3_compare,               -- Define whether Ammonia is acceptable or not\r\n    nh3_min_value,             -- Define whether Ammonia is acceptable or not\r\n    nh3_max_value,             -- Define whether Ammonia is acceptable or not\r\n    nh3_min_val_dp,            -- No. of decimal places for min value,-1: if the value is null\r\n    nh3_max_val_dp,            -- No. of decimal places for max value,-1: if the value is null\r\n    uv_compare,                -- Define whether UV light is acceptable or not\r\n    uv_min_value,              -- Define whether UV light is acceptable or not\r\n    uv_max_value,              -- Define whether UV light is acceptable or not\r\n    uv_min_val_dp,             -- No. of decimal places for min value,-1: if the value is null\r\n    uv_max_val_dp,             -- No. of decimal places for max value,-1: if the value is null\r\n    localtimestamp ods_update_time,\r\n    localtimestamp ods_load_time\r\nfrom coss_ods.ods_labconnect_wtw_wqmm_parameter_limit_df_tmp -- labcon_hki.wqmm_parameter_limit\r\nON DUPLICATE KEY update\r\n    config_id = values(config_id),\r\n    loc_id = values(loc_id),\r\n    target_type = values(target_type),\r\n    ph_compare = values(ph_compare),\r\n    ph_min_value = values(ph_min_value),\r\n    ph_max_value = values(ph_max_value),\r\n    ph_min_val_dp = values(ph_min_val_dp),\r\n    ph_max_val_dp = values(ph_max_val_dp),\r\n    turb_compare = values(turb_compare),\r\n    turb_min_value = values(turb_min_value),\r\n    turb_max_value = values(turb_max_value),\r\n    turb_min_val_dp = values(turb_min_val_dp),\r\n    turb_max_val_dp = values(turb_max_val_dp),\r\n    rcl2_compare = values(rcl2_compare),\r\n    rcl2_min_value = values(rcl2_min_value),\r\n    rcl2_max_value = values(rcl2_max_value),\r\n    rcl2_min_val_dp = values(rcl2_min_val_dp),\r\n    rcl2_max_val_dp = values(rcl2_max_val_dp),\r\n    fluoride_compare = values(fluoride_compare),\r\n    fluoride_min_value = values(fluoride_min_value),\r\n    fluoride_max_value = values(fluoride_max_value),\r\n    fluoride_min_val_dp = values(fluoride_min_val_dp),\r\n    fluoride_max_val_dp = values(fluoride_max_val_dp),\r\n    mn_compare = values(mn_compare),\r\n    mn_min_value = values(mn_min_value),\r\n    mn_max_value = values(mn_max_value),\r\n    mn_min_val_dp = values(mn_min_val_dp),\r\n    mn_max_val_dp = values(mn_max_val_dp),\r\n    nh3_compare = values(nh3_compare),\r\n    nh3_min_value = values(nh3_min_value),\r\n    nh3_max_value = values(nh3_max_value),\r\n    nh3_min_val_dp = values(nh3_min_val_dp),\r\n    nh3_max_val_dp = values(nh3_max_val_dp),\r\n    uv_compare = values(uv_compare),\r\n    uv_min_value = values(uv_min_value),\r\n    uv_max_value = values(uv_max_value),\r\n    uv_min_val_dp = values(uv_min_val_dp),\r\n    uv_max_val_dp = values(uv_max_val_dp),\r\n    ods_update_time = values(ods_update_time)","sqlType":"1","preStatements":[],"postStatements":[],"segmentSeparator":";","displayRows":10},"taskParamList":[],"taskParamMap":null,"flag":"YES","taskPriority":"MEDIUM","userName":null,"projectName":null,"workerGroup":"default","environmentCode":18266283102112,"failRetryTimes":0,"failRetryInterval":1,"timeoutFlag":"CLOSE","timeoutNotifyStrategy":null,"timeout":0,"delayTime":0,"resourceIds":"","createTime":"2025-11-18 13:25:59","updateTime":"2025-11-18 13:25:59","modifyBy":null,"taskGroupId":0,"taskGroupPriority":0,"cpuQuota":-1,"memoryMax":-1,"taskExecuteType":"BATCH","operator":2,"operateTime":"2025-11-18 13:25:59"},{"id":21579,"code":19713684353066,"name":"ods_labconnect_extract_water_quality_day_sql_ods_labconnect_wtw_wtw_unit_df_all","version":1,"description":"","projectCode":18796782717216,"userId":2,"taskType":"SQL","taskParams":{"localParams":[],"resourceList":[],"type":"POSTGRESQL","datasource":4,"sql":"-- ****************************************************************************************\r\n-- subject     areas: Water Treatment Works\r\n-- function describe: Water Treatment Works Water Quality\r\n-- create         by: dongmaochen\r\n-- create       date: 2025-11-17\r\n-- modify date                modify by                    modify content\r\n-- None                       None                         None\r\n-- source table\r\n-- labcon_hki.wtw_unit\r\n-- target table\r\n-- coss_ods.ods_labconnect_wtw_wtw_unit_df\r\n-- ****************************************************************************************\r\ninsert into coss_ods.ods_labconnect_wtw_wtw_unit_df\r\nselect\r\n  wtw_id,\r\n  wtw_code,\r\n  wtw_name,\r\n  wtw_name_chi,\r\n--  wtw_transfer_order,\r\n--  wtw_lab,\r\n--  wtcc_report_cus,\r\n  phase_1,\r\n  phase_2,\r\n  phase_3,\r\n  localtimestamp ods_update_time,\r\n  localtimestamp ods_load_time\r\nfrom coss_ods.ods_labconnect_wtw_wtw_unit_df_tmp --labcon_hki.wtw_unit\r\nON DUPLICATE KEY update\r\n    wtw_code = values(wtw_code),\r\n    wtw_name = values(wtw_name),\r\n    wtw_name_chi = values(wtw_name_chi),\r\n--    wtw_transfer_order = values(wtw_transfer_order),\r\n--    wtw_lab = values(wtw_lab),\r\n--    wtcc_report_cus = values(wtcc_report_cus),\r\n    phase_1 = values(phase_1),\r\n    phase_2 = values(phase_2),\r\n    phase_3 = values(phase_3),\r\n    ods_update_time = values(ods_update_time)\r\n","sqlType":"1","preStatements":[],"postStatements":[],"segmentSeparator":";","displayRows":10},"taskParamList":[],"taskParamMap":null,"flag":"YES","taskPriority":"MEDIUM","userName":null,"projectName":null,"workerGroup":"default","environmentCode":18266283102112,"failRetryTimes":0,"failRetryInterval":1,"timeoutFlag":"CLOSE","timeoutNotifyStrategy":null,"timeout":0,"delayTime":0,"resourceIds":"","createTime":"2025-11-18 13:25:59","updateTime":"2025-11-18 13:25:59","modifyBy":null,"taskGroupId":0,"taskGroupPriority":0,"cpuQuota":-1,"memoryMax":-1,"taskExecuteType":"BATCH","operator":2,"operateTime":"2025-11-18 13:25:59"},{"id":21580,"code":19713684353067,"name":"ods_labconnect_extract_water_quality_day_sql_ods_labconnect_wtw_wqmm_analyzer_verification_di_year_tmp_create","version":1,"description":"","projectCode":18796782717216,"userId":2,"taskType":"SQL","taskParams":{"localParams":[],"resourceList":[],"type":"POSTGRESQL","datasource":4,"sql":"DROP TABLE if exists coss_ods.ods_labconnect_wtw_wqmm_analyzer_verification_di_year_tmp;\r\nCREATE TABLE if not exists coss_ods.ods_labconnect_wtw_wqmm_analyzer_verification_di_year_tmp (\r\n\tverification_id serial4 NOT NULL,\r\n\twtw_id int4 NOT NULL,\r\n\tstatus int2 NULL,\r\n\tlast_updated_date timestamp NULL,\r\n\tsample_date timestamp NULL,\r\n\treported_by int4 NULL,\r\n\treported_role int4 NULL,\r\n\treported_date timestamp NULL,\r\n\tno_record_reason text NULL,\r\n\tapproved_by int4 NULL,\r\n\tapproved_role int4 NULL,\r\n\tapproved_remarks text NULL,\r\n\tapproved_date timestamp NULL,\r\n\trequire_acknowledgement bool NULL,\r\n\tacknowledged_by int4 NULL,\r\n\tacknowledged_role int4 NULL,\r\n\tacknowledged_remarks text NULL,\r\n\tacknowledged_date timestamp NULL,\r\n\treviewed_by int4 NULL,\r\n\treviewed_role int4 NULL,\r\n\treviewed_remarks text NULL,\r\n\treviewed_date timestamp NULL,\r\n\trejected_by int4 NULL,\r\n\trejected_role int4 NULL,\r\n\trejected_remarks text NULL,\r\n\trejected_date timestamp NULL,\r\n    ods_update_time timestamp(6) default current_timestamp,\r\n    ods_load_time timestamp(6) default current_timestamp\r\n)\r\nWITH (\r\n\torientation=row,\r\n\tcompression=no,\r\n\tstorage_type=ustore,\r\n\tsegment=off\r\n)\r\ndistribute by hash (verification_id);","sqlType":"1","preStatements":[],"postStatements":[],"segmentSeparator":";","displayRows":10},"taskParamList":[],"taskParamMap":null,"flag":"NO","taskPriority":"MEDIUM","userName":null,"projectName":null,"workerGroup":"default","environmentCode":18266283102112,"failRetryTimes":0,"failRetryInterval":1,"timeoutFlag":"CLOSE","timeoutNotifyStrategy":null,"timeout":0,"delayTime":0,"resourceIds":"","createTime":"2025-11-18 13:25:59","updateTime":"2025-11-18 13:25:59","modifyBy":null,"taskGroupId":0,"taskGroupPriority":0,"cpuQuota":-1,"memoryMax":-1,"taskExecuteType":"BATCH","operator":2,"operateTime":"2025-11-18 13:25:59"},{"id":21581,"code":19713684353068,"name":"ods_labconnect_extract_water_quality_day_sql_ods_labconnect_wtw_wqmm_analyzer_verification_di_year_add","version":1,"description":"","projectCode":18796782717216,"userId":2,"taskType":"SQL","taskParams":{"localParams":[],"resourceList":[],"type":"POSTGRESQL","datasource":4,"sql":"-- ****************************************************************************************\r\n-- subject     areas: Water Treatment Works\r\n-- function describe: Water Treatment Works Water Quality\r\n-- create         by: dongmaochen\r\n-- create       date: 2025-11-17\r\n-- modify date                modify by                    modify content\r\n-- None                       None                         None\r\n-- source table\r\n-- coss_ods.ods_labconnect_wtw_wqmm_analyzer_verification_di_year\r\n-- target table\r\n-- labcon_hki.wqmm_analyzer_verification\r\n-- ****************************************************************************************\r\ninsert into coss_ods.ods_labconnect_wtw_wqmm_analyzer_verification_di_year\r\nselect\r\n    verification_id,                   -- ID of each online analyzer verification record\r\n    wtw_id,                            -- ID of the corresponding WTW\r\n    status,                            -- Status of the reminder:0: reported and not yet approved ;1: approved and require acknowledged.;2: approved/acknowledged and not yet reviewed;3: reviewed;-1: rejected\r\n    last_updated_date,                 -- Datetime when the record is updated\r\n    sample_date,                       -- Datetime when the sample is taken\r\n    reported_by,                       -- User who the sample record is created\r\n    reported_role,                     -- Role of the users who the sample record is created\r\n    reported_date,                     -- Datetime when the sample record is created\r\n    no_record_reason,                  -- Reason for not taking the sample\r\n    approved_by,                       -- User who has approved the record\r\n    approved_role,                     -- Role of the users who the sample record is approved\r\n    approved_remarks,                  -- Remarks from the approver\r\n    approved_date,                     -- Datetime when the analyzer is checked\r\n    require_acknowledgement,           -- True: the records need acknowledged instrument colleague;False: no need to acknowledged instrument colleague\r\n    acknowledged_by,                   -- Instrument colleague who has acknowledged.\r\n    acknowledged_role,                 -- Role of the users who has acknowledged.\r\n    acknowledged_remarks,              -- Remarks from the acknowledged instrument colleague\r\n    acknowledged_date,                 -- Datetime when the sample record is acknowledged\r\n    reviewed_by,                       -- User who has reviewed the record\r\n    reviewed_role,                     -- Role of the users who the sample record is reviewed\r\n    reviewed_remarks,                  -- Remarks from the reviewer\r\n    reviewed_date,                     -- Datetime when the sample record is reviewed\r\n    rejected_by,                       -- User who has rejected the record\r\n    rejected_role,                     -- Role of the users who the sample record is rejected\r\n    rejected_remarks,                  -- Remarks from the rejecter\r\n    rejected_date,                     -- Datetime when the sample record is rejected\r\n    localtimestamp ods_update_time,                                 \r\n    localtimestamp ods_load_time                                 \r\nfrom coss_ods.ods_labconnect_wtw_wqmm_analyzer_verification_di_year_tmp --labcon_hki.wqmm_analyzer_verification\r\nON DUPLICATE KEY update\r\n    wtw_id = values(wtw_id),\r\n    status = values(status),\r\n    last_updated_date = values(last_updated_date),\r\n    sample_date = values(sample_date),\r\n    reported_by = values(reported_by),\r\n    reported_role = values(reported_role),\r\n    reported_date = values(reported_date),\r\n    no_record_reason = values(no_record_reason),\r\n    approved_by = values(approved_by),\r\n    approved_role = values(approved_role),\r\n    approved_remarks = values(approved_remarks),\r\n    approved_date   = values(approved_date),\r\n    require_acknowledgement = values(require_acknowledgement),\r\n    acknowledged_by = values(acknowledged_by),\r\n    acknowledged_role = values(acknowledged_role),\r\n    acknowledged_remarks = values(acknowledged_remarks),\r\n    acknowledged_date = values(acknowledged_date),\r\n    reviewed_by = values(reviewed_by),\r\n    reviewed_role = values(reviewed_role),\r\n    reviewed_remarks = values(reviewed_remarks),\r\n    reviewed_date = values(reviewed_date),\r\n    rejected_by = values(rejected_by),\r\n    rejected_role = values(rejected_role),\r\n    rejected_remarks = values(rejected_remarks),\r\n    rejected_date = values(rejected_date),\r\n    ods_update_time = values(ods_update_time)","sqlType":"1","preStatements":[],"postStatements":[],"segmentSeparator":";","displayRows":10},"taskParamList":[],"taskParamMap":null,"flag":"NO","taskPriority":"MEDIUM","userName":null,"projectName":null,"workerGroup":"default","environmentCode":18266283102112,"failRetryTimes":0,"failRetryInterval":1,"timeoutFlag":"CLOSE","timeoutNotifyStrategy":null,"timeout":0,"delayTime":0,"resourceIds":"","createTime":"2025-11-18 13:25:59","updateTime":"2025-11-18 13:25:59","modifyBy":null,"taskGroupId":0,"taskGroupPriority":0,"cpuQuota":-1,"memoryMax":-1,"taskExecuteType":"BATCH","operator":2,"operateTime":"2025-11-18 13:25:59"},{"id":21585,"code":19713684353072,"name":"ods_labconnect_extract_water_quality_day_sql_coss_ods.ods_labconnect_wtw_wqmm_location_df_all","version":1,"description":"","projectCode":18796782717216,"userId":2,"taskType":"SQL","taskParams":{"localParams":[],"resourceList":[],"type":"POSTGRESQL","datasource":4,"sql":"-- ****************************************************************************************\r\n-- subject     areas: Water Treatment Works\r\n-- function describe: Water Treatment Works Water Quality\r\n-- create         by: dongmaochen\r\n-- create       date: 2025-11-17\r\n-- modify date                modify by                    modify content\r\n-- None                       None                         None\r\n-- source table\r\n-- labcon_hki.wqmm_location\r\n-- target table\r\n-- coss_ods.ods_labconnect_wtw_wqmm_location_df\r\n-- ****************************************************************************************\r\ninsert into coss_ods.ods_labconnect_wtw_wqmm_location_df\r\nselect\r\n    loc_id,              -- ID of the location\r\n    loc_full_name,       -- Location full name (including suffices). This field can also be used for translation in UI and labeling in reports.\r\n    loc_name,            -- Name of the location\r\n    loc_suffix,          -- Suffix of the location\r\n    loc_name_chi,        -- Name of the location in Chinese (for reporting)\r\n    loc_color_pri,       -- Primary Display color (in RGBA),Primary color is used for text and section border\r\n    loc_color_sec,       -- Secondary Display color (in RGBA),Secondary color is used for highlight and section shading\r\n    localtimestamp ods_update_time,\r\n    localtimestamp ods_load_time\r\nfrom coss_ods.ods_labconnect_wtw_wqmm_location_df_tmp --labcon_hki.wqmm_location\r\nON DUPLICATE KEY update\r\n    loc_full_name = values(loc_full_name),\r\n    loc_name = values(loc_name),\r\n    loc_suffix = values(loc_suffix),\r\n    loc_name_chi = values(loc_name_chi),\r\n    loc_color_pri = values(loc_color_pri),\r\n    loc_color_sec = values(loc_color_sec),\r\n    ods_update_time = values(ods_update_time)","sqlType":"1","preStatements":[],"postStatements":[],"segmentSeparator":";","displayRows":10},"taskParamList":[],"taskParamMap":null,"flag":"YES","taskPriority":"MEDIUM","userName":null,"projectName":null,"workerGroup":"default","environmentCode":18266283102112,"failRetryTimes":0,"failRetryInterval":1,"timeoutFlag":"CLOSE","timeoutNotifyStrategy":null,"timeout":0,"delayTime":0,"resourceIds":"","createTime":"2025-11-18 13:25:59","updateTime":"2025-11-18 13:25:59","modifyBy":null,"taskGroupId":0,"taskGroupPriority":0,"cpuQuota":-1,"memoryMax":-1,"taskExecuteType":"BATCH","operator":2,"operateTime":"2025-11-18 13:25:59"},{"id":21590,"code":19713684353070,"name":"ods_labconnect_extract_water_quality_day_datax_ods_labconnect_wtw_wqmm_analyzer_verification_di_year_tmp_add_2r","version":2,"description":"","projectCode":18796782717216,"userId":2,"taskType":"DATAX","taskParams":{"localParams":[],"resourceList":[],"customConfig":0,"dsType":"POSTGRESQL","dataSource":12,"dtType":"POSTGRESQL","dataTarget":4,"sql":"select\r\n    verification_id,                   -- ID of each online analyzer verification record\r\n    wtw_id,                            -- ID of the corresponding WTW\r\n    status,                            -- Status of the reminder:0: reported and not yet approved ;1: approved and require acknowledged.;2: approved/acknowledged and not yet reviewed;3: reviewed;-1: rejected\r\n    last_updated_date,                 -- Datetime when the record is updated\r\n    sample_date,                       -- Datetime when the sample is taken\r\n    reported_by,                       -- User who the sample record is created\r\n    reported_role,                     -- Role of the users who the sample record is created\r\n    reported_date,                     -- Datetime when the sample record is created\r\n    no_record_reason,                  -- Reason for not taking the sample\r\n    approved_by,                       -- User who has approved the record\r\n    approved_role,                     -- Role of the users who the sample record is approved\r\n    approved_remarks,                  -- Remarks from the approver\r\n    approved_date,                     -- Datetime when the analyzer is checked\r\n    require_acknowledgement,           -- True: the records need acknowledged instrument colleague;False: no need to acknowledged instrument colleague\r\n    acknowledged_by,                   -- Instrument colleague who has acknowledged.\r\n    acknowledged_role,                 -- Role of the users who has acknowledged.\r\n    acknowledged_remarks,              -- Remarks from the acknowledged instrument colleague\r\n    acknowledged_date,                 -- Datetime when the sample record is acknowledged\r\n    reviewed_by,                       -- User who has reviewed the record\r\n    reviewed_role,                     -- Role of the users who the sample record is reviewed\r\n    reviewed_remarks,                  -- Remarks from the reviewer\r\n    reviewed_date,                     -- Datetime when the sample record is reviewed\r\n    rejected_by,                       -- User who has rejected the record\r\n    rejected_role,                     -- Role of the users who the sample record is rejected\r\n    rejected_remarks,                  -- Remarks from the rejecter\r\n    rejected_date,                     -- Datetime when the sample record is rejected\r\n    localtimestamp ods_update_time,                                 \r\n    localtimestamp ods_load_time                                 \r\nfrom labcon_hki_p2_uat.wqmm_analyzer_verification\r\n  where last_updated_date>= '${last_updated_date}'","targetTable":"coss_ods.ods_labconnect_wtw_wqmm_analyzer_verification_di_year_tmp","jobSpeedByte":0,"jobSpeedRecord":1000,"preStatements":[],"postStatements":[],"xms":1,"xmx":1},"taskParamList":[],"taskParamMap":null,"flag":"YES","taskPriority":"MEDIUM","userName":null,"projectName":null,"workerGroup":"default","environmentCode":18266283102112,"failRetryTimes":0,"failRetryInterval":1,"timeoutFlag":"CLOSE","timeoutNotifyStrategy":null,"timeout":0,"delayTime":0,"resourceIds":"","createTime":"2025-11-18 13:25:59","updateTime":"2025-11-18 13:28:26","modifyBy":null,"taskGroupId":0,"taskGroupPriority":0,"cpuQuota":-1,"memoryMax":-1,"taskExecuteType":"BATCH","operator":2,"operateTime":"2025-11-18 13:28:26"},{"id":21592,"code":19713684353064,"name":"ods_labconnect_extract_water_quality_day_datax_ods_labconnect_wtw_wqmm_parameter_limit_df_tmp_all","version":2,"description":"","projectCode":18796782717216,"userId":2,"taskType":"DATAX","taskParams":{"localParams":[],"resourceList":[],"customConfig":0,"dsType":"POSTGRESQL","dataSource":12,"dtType":"POSTGRESQL","dataTarget":4,"sql":"select \r\n    parameter_limit_id,        -- ID of each item in the parameters\r\n    config_id,                 -- Configuration ID\r\n    loc_id,                    -- ID of the corresponding sampling location\r\n    target_type,               -- Target type: 0: operational target; 1: critical limit\r\n    ph_compare,                -- Define whether pH value is acceptable or not\r\n    ph_min_value,              -- Define whether pH value is acceptable or not\r\n    ph_max_value,              -- Define whether pH value is acceptable or not\r\n    ph_min_val_dp,             -- No. of decimal places for min value,-1: if the value is null\r\n    ph_max_val_dp,             -- No. of decimal places for max value,-1: if the value is null\r\n    turb_compare,              -- Define whether Turbidity value is acceptable or not\r\n    turb_min_value,            -- Define whether Turbidity value is acceptable or not\r\n    turb_max_value,            -- Define whether Turbidity value is acceptable or not\r\n    turb_min_val_dp,           -- No. of decimal places for min value,-1: if the value is null\r\n    turb_max_val_dp,           -- No. of decimal places for max value,-1: if the value is null\r\n    rcl2_compare,              -- Define whether Residual Chlorine is acceptable or not\r\n    rcl2_min_value,            -- Define whether Residual Chlorine is acceptable or not\r\n    rcl2_max_value,            -- Define whether Residual Chlorine is acceptable or not\r\n    rcl2_min_val_dp,           -- No. of decimal places for min value,-1: if the value is null\r\n    rcl2_max_val_dp,           -- No. of decimal places for max value,-1: if the value is null\r\n    fluoride_compare,          -- Define whether Fluoride is acceptable or not\r\n    fluoride_min_value,        -- Define whether Fluoride is acceptable or not\r\n    fluoride_max_value,        -- Define whether Fluoride is acceptable or not\r\n    fluoride_min_val_dp,       -- No. of decimal places for min value,-1: if the value is null\r\n    fluoride_max_val_dp,       -- No. of decimal places for max value,-1: if the value is null\r\n    mn_compare,                -- Define whether Manganese is acceptable or not\r\n    mn_min_value,              -- Define whether Manganese is acceptable or not\r\n    mn_max_value,              -- Define whether Manganese is acceptable or not\r\n    mn_min_val_dp,             -- No. of decimal places for min value,-1: if the value is null\r\n    mn_max_val_dp,             -- No. of decimal places for max value,-1: if the value is null\r\n    nh3_compare,               -- Define whether Ammonia is acceptable or not\r\n    nh3_min_value,             -- Define whether Ammonia is acceptable or not\r\n    nh3_max_value,             -- Define whether Ammonia is acceptable or not\r\n    nh3_min_val_dp,            -- No. of decimal places for min value,-1: if the value is null\r\n    nh3_max_val_dp,            -- No. of decimal places for max value,-1: if the value is null\r\n    uv_compare,                -- Define whether UV light is acceptable or not\r\n    uv_min_value,              -- Define whether UV light is acceptable or not\r\n    uv_max_value,              -- Define whether UV light is acceptable or not\r\n    uv_min_val_dp,             -- No. of decimal places for min value,-1: if the value is null\r\n    uv_max_val_dp,             -- No. of decimal places for max value,-1: if the value is null\r\n    localtimestamp ods_update_time,\r\n    localtimestamp ods_load_time\r\nfrom labcon_hki_p2_uat.wqmm_parameter_limit","targetTable":"coss_ods.ods_labconnect_wtw_wqmm_parameter_limit_df_tmp","jobSpeedByte":0,"jobSpeedRecord":1000,"preStatements":[],"postStatements":[],"xms":1,"xmx":1},"taskParamList":[],"taskParamMap":null,"flag":"YES","taskPriority":"MEDIUM","userName":null,"projectName":null,"workerGroup":"default","environmentCode":18266283102112,"failRetryTimes":0,"failRetryInterval":1,"timeoutFlag":"CLOSE","timeoutNotifyStrategy":null,"timeout":0,"delayTime":0,"resourceIds":"","createTime":"2025-11-18 13:25:59","updateTime":"2025-11-18 13:32:24","modifyBy":null,"taskGroupId":0,"taskGroupPriority":0,"cpuQuota":-1,"memoryMax":-1,"taskExecuteType":"BATCH","operator":2,"operateTime":"2025-11-18 13:32:24"}],"schedule":{"id":20109,"processDefinitionCode":19713684352928,"processDefinitionName":null,"projectName":null,"definitionDescription":null,"startTime":"2025-10-11 00:00:00","endTime":"2135-10-11 00:00:00","timezoneId":"Asia/Shanghai","crontab":"59 59 23 * * ? *","failureStrategy":"CONTINUE","warningType":"NONE","createTime":"2025-11-18 13:25:59","updateTime":"2025-11-18 13:25:59","userId":2,"userName":null,"releaseState":"OFFLINE","warningGroupId":0,"processInstancePriority":"MEDIUM","workerGroup":"default","environmentCode":-1}}]