[{"processDefinition":{"id":20455,"code":19716514595492,"name":"dm_wtw_etl_water_quality_day","version":4,"releaseState":"ONLINE","projectCode":18796782717216,"description":"Clean and load water quality data in the dm layer","globalParams":"[]","globalParamList":[],"globalParamMap":{},"createTime":"2025-11-18 19:34:30","updateTime":"2025-11-18 19:43:15","flag":"YES","userId":2,"userName":null,"projectName":null,"locations":"[{\"taskCode\":19716514595488,\"x\":390,\"y\":523.9914779663086},{\"taskCode\":19716527676960,\"x\":90,\"y\":656},{\"taskCode\":19716526409760,\"x\":90,\"y\":523.9914779663086},{\"taskCode\":19716519606688,\"x\":90,\"y\":420},{\"taskCode\":19716528160416,\"x\":90,\"y\":786},{\"taskCode\":19716514595489,\"x\":390,\"y\":420},{\"taskCode\":19716514595490,\"x\":400,\"y\":786},{\"taskCode\":19716514595491,\"x\":400,\"y\":656}]","scheduleReleaseState":null,"timeout":0,"tenantId":-1,"tenantCode":null,"modifyBy":null,"warningGroupId":0,"executionType":"PARALLEL"},"processTaskRelationList":[{"id":24028,"name":"","processDefinitionVersion":4,"projectCode":18796782717216,"processDefinitionCode":19716514595492,"preTaskCode":19716528160416,"preTaskVersion":1,"postTaskCode":19716514595490,"postTaskVersion":1,"conditionType":"NONE","conditionParams":{},"createTime":"2025-11-18 19:43:15","updateTime":"2025-11-18 19:43:15","operator":2,"operateTime":"2025-11-18 19:43:15"},{"id":24029,"name":"","processDefinitionVersion":4,"projectCode":18796782717216,"processDefinitionCode":19716514595492,"preTaskCode":19716519606688,"preTaskVersion":1,"postTaskCode":19716514595489,"postTaskVersion":1,"conditionType":"NONE","conditionParams":{},"createTime":"2025-11-18 19:43:15","updateTime":"2025-11-18 19:43:15","operator":2,"operateTime":"2025-11-18 19:43:15"},{"id":24030,"name":"","processDefinitionVersion":4,"projectCode":18796782717216,"processDefinitionCode":19716514595492,"preTaskCode":19716527676960,"preTaskVersion":1,"postTaskCode":19716514595491,"postTaskVersion":1,"conditionType":"NONE","conditionParams":{},"createTime":"2025-11-18 19:43:15","updateTime":"2025-11-18 19:43:15","operator":2,"operateTime":"2025-11-18 19:43:15"},{"id":24023,"name":"","processDefinitionVersion":4,"projectCode":18796782717216,"processDefinitionCode":19716514595492,"preTaskCode":0,"preTaskVersion":0,"postTaskCode":19716527676960,"postTaskVersion":1,"conditionType":"NONE","conditionParams":{},"createTime":"2025-11-18 19:43:15","updateTime":"2025-11-18 19:43:15","operator":2,"operateTime":"2025-11-18 19:43:15"},{"id":24025,"name":"","processDefinitionVersion":4,"projectCode":18796782717216,"processDefinitionCode":19716514595492,"preTaskCode":0,"preTaskVersion":0,"postTaskCode":19716519606688,"postTaskVersion":1,"conditionType":"NONE","conditionParams":{},"createTime":"2025-11-18 19:43:15","updateTime":"2025-11-18 19:43:15","operator":2,"operateTime":"2025-11-18 19:43:15"},{"id":24026,"name":"","processDefinitionVersion":4,"projectCode":18796782717216,"processDefinitionCode":19716514595492,"preTaskCode":0,"preTaskVersion":0,"postTaskCode":19716528160416,"postTaskVersion":1,"conditionType":"NONE","conditionParams":{},"createTime":"2025-11-18 19:43:15","updateTime":"2025-11-18 19:43:15","operator":2,"operateTime":"2025-11-18 19:43:15"},{"id":24024,"name":"","processDefinitionVersion":4,"projectCode":18796782717216,"processDefinitionCode":19716514595492,"preTaskCode":0,"preTaskVersion":0,"postTaskCode":19716526409760,"postTaskVersion":1,"conditionType":"NONE","conditionParams":{},"createTime":"2025-11-18 19:43:15","updateTime":"2025-11-18 19:43:15","operator":2,"operateTime":"2025-11-18 19:43:15"},{"id":24027,"name":"","processDefinitionVersion":4,"projectCode":18796782717216,"processDefinitionCode":19716514595492,"preTaskCode":19716526409760,"preTaskVersion":1,"postTaskCode":19716514595488,"postTaskVersion":1,"conditionType":"NONE","conditionParams":{},"createTime":"2025-11-18 19:43:15","updateTime":"2025-11-18 19:43:15","operator":2,"operateTime":"2025-11-18 19:43:15"}],"taskDefinitionList":[{"id":21621,"code":19716526409760,"name":"dm_wtw_etl_water_quality_day_sql_dm_wtw_dosed_water_quality_di_update_time","version":1,"description":"","projectCode":18796782717216,"userId":2,"taskType":"SQL","taskParams":{"localParams":[{"prop":"dm_update_time","direct":"OUT","type":"VARCHAR","value":""}],"resourceList":[],"type":"POSTGRESQL","datasource":4,"sql":"select\r\n    coalesce(max(dm_update_time), '1900-01-01 00:00:00') as dm_update_time\r\nfrom\r\n    coss_dm.dm_wtw_dosed_water_quality_di","sqlType":"0","preStatements":[],"postStatements":[],"segmentSeparator":";","displayRows":10},"taskParamList":[{"prop":"dm_update_time","direct":"OUT","type":"VARCHAR","value":""}],"taskParamMap":{"dm_update_time":""},"flag":"YES","taskPriority":"MEDIUM","userName":null,"projectName":null,"workerGroup":"default","environmentCode":17270889904672,"failRetryTimes":0,"failRetryInterval":1,"timeoutFlag":"CLOSE","timeoutNotifyStrategy":null,"timeout":0,"delayTime":0,"resourceIds":"","createTime":"2025-11-18 19:41:50","updateTime":"2025-11-18 19:41:50","modifyBy":null,"taskGroupId":0,"taskGroupPriority":0,"cpuQuota":-1,"memoryMax":-1,"taskExecuteType":"BATCH","operator":2,"operateTime":"2025-11-18 19:41:50"},{"id":21622,"code":19716527676960,"name":"dm_wtw_etl_water_quality_day_sql_dm_wtw_filtered_water_quality_di_update_time","version":1,"description":"","projectCode":18796782717216,"userId":2,"taskType":"SQL","taskParams":{"localParams":[{"prop":"dm_update_time","direct":"OUT","type":"VARCHAR","value":""}],"resourceList":[],"type":"POSTGRESQL","datasource":4,"sql":"select\r\n    coalesce(max(dm_update_time), '1900-01-01 00:00:00') as dm_update_time\r\nfrom\r\n    coss_dm.dm_wtw_filtered_water_quality_di","sqlType":"0","preStatements":[],"postStatements":[],"segmentSeparator":";","displayRows":10},"taskParamList":[{"prop":"dm_update_time","direct":"OUT","type":"VARCHAR","value":""}],"taskParamMap":{"dm_update_time":""},"flag":"YES","taskPriority":"MEDIUM","userName":null,"projectName":null,"workerGroup":"default","environmentCode":17270889904672,"failRetryTimes":0,"failRetryInterval":1,"timeoutFlag":"CLOSE","timeoutNotifyStrategy":null,"timeout":0,"delayTime":0,"resourceIds":"","createTime":"2025-11-18 19:41:50","updateTime":"2025-11-18 19:41:50","modifyBy":null,"taskGroupId":0,"taskGroupPriority":0,"cpuQuota":-1,"memoryMax":-1,"taskExecuteType":"BATCH","operator":2,"operateTime":"2025-11-18 19:41:50"},{"id":21620,"code":19716519606688,"name":"dm_wtw_etl_water_quality_day_sql_dm_wtw_raw_water_quality_di_update_time","version":1,"description":"","projectCode":18796782717216,"userId":2,"taskType":"SQL","taskParams":{"localParams":[{"prop":"dm_update_time","direct":"OUT","type":"VARCHAR","value":""}],"resourceList":[],"type":"POSTGRESQL","datasource":4,"sql":"select\r\n    coalesce(max(dm_update_time), '1900-01-01 00:00:00') as dm_update_time\r\nfrom\r\n    coss_dm.dm_wtw_raw_water_quality_di","sqlType":"0","preStatements":[],"postStatements":[],"segmentSeparator":";","displayRows":10},"taskParamList":[{"prop":"dm_update_time","direct":"OUT","type":"VARCHAR","value":""}],"taskParamMap":{"dm_update_time":""},"flag":"YES","taskPriority":"MEDIUM","userName":null,"projectName":null,"workerGroup":"default","environmentCode":17270889904672,"failRetryTimes":0,"failRetryInterval":1,"timeoutFlag":"CLOSE","timeoutNotifyStrategy":null,"timeout":0,"delayTime":0,"resourceIds":"","createTime":"2025-11-18 19:41:50","updateTime":"2025-11-18 19:41:50","modifyBy":null,"taskGroupId":0,"taskGroupPriority":0,"cpuQuota":-1,"memoryMax":-1,"taskExecuteType":"BATCH","operator":2,"operateTime":"2025-11-18 19:41:50"},{"id":21623,"code":19716528160416,"name":"dm_wtw_etl_water_quality_day_sql_dm_wtw_final_water_quality_di_update_time","version":1,"description":"","projectCode":18796782717216,"userId":2,"taskType":"SQL","taskParams":{"localParams":[{"prop":"dm_update_time","direct":"OUT","type":"VARCHAR","value":""}],"resourceList":[],"type":"POSTGRESQL","datasource":4,"sql":"select\r\n    coalesce(max(dm_update_time), '1900-01-01 00:00:00') as dm_update_time\r\nfrom\r\n    coss_dm.dm_wtw_final_water_quality_di","sqlType":"0","preStatements":[],"postStatements":[],"segmentSeparator":";","displayRows":10},"taskParamList":[{"prop":"dm_update_time","direct":"OUT","type":"VARCHAR","value":""}],"taskParamMap":{"dm_update_time":""},"flag":"YES","taskPriority":"MEDIUM","userName":null,"projectName":null,"workerGroup":"default","environmentCode":17270889904672,"failRetryTimes":0,"failRetryInterval":1,"timeoutFlag":"CLOSE","timeoutNotifyStrategy":null,"timeout":0,"delayTime":0,"resourceIds":"","createTime":"2025-11-18 19:41:50","updateTime":"2025-11-18 19:41:50","modifyBy":null,"taskGroupId":0,"taskGroupPriority":0,"cpuQuota":-1,"memoryMax":-1,"taskExecuteType":"BATCH","operator":2,"operateTime":"2025-11-18 19:41:50"},{"id":21616,"code":19716514595488,"name":"dm_wtw_etl_water_quality_day_sql_dm_wtw_dosed_water_quality_di_add","version":1,"description":"","projectCode":18796782717216,"userId":2,"taskType":"SQL","taskParams":{"localParams":[],"resourceList":[],"type":"POSTGRESQL","datasource":4,"sql":";delete from coss_dm.dm_wtw_dosed_water_quality_di\r\n;insert into coss_dm.dm_wtw_dosed_water_quality_di\r\nselect \r\n    t.wtw_id\r\n    ,t.loc_id\r\n    ,t1.i_code\r\n    ,t.sample_date\r\n    ,t.ph_manual\r\n    ,t.ph_analyzer\r\n    ,if(t.ph_manual>= t1.ph_min_value and t.ph_manual<= t1.ph_max_value,1,0) ph_is_pass\r\n    ,t.rcl2_manual\r\n    ,t.rcl2_analyzer\r\n    ,if(true ,1,0) rcl2_is_pass\r\n    ,if((if(t.ph_manual>= t1.ph_min_value and t.ph_manual<= t1.ph_max_value,1,0))+if(true ,1,0)=2, 1, 0) dosed_is_pass\r\n    ,t1.ph_compare\r\n    ,t1.ph_min_value\r\n    ,t1.ph_max_value\r\n    ,t1.rcl2_compare\r\n    ,t1.rcl2_min_value\r\n    ,t1.rcl2_max_value \t\r\n    ,now() as dm_update_time\r\n    ,now() as dm_load_time\r\nfrom \r\n(\r\nselect \r\n    wtw_id\r\n    ,loc_id\r\n    ,sample_date\r\n    ,ph_manual\r\n    ,ph_analyzer\r\n    ,rcl2_manual\r\n    ,rcl2_analyzer \r\nfrom \r\n    coss_dws.dws_wtw_verification_item_di_year \r\n\twhere wtw_id =1\r\n    and loc_id = 20\r\n)t \r\n\tinner join \r\n(\r\nselect \r\n    wtw_id\r\n    ,loc_id\r\n    ,i_code  \r\n    ,ph_compare\r\n    ,ph_min_value\r\n    ,ph_max_value\r\n    ,rcl2_compare\r\n    ,rcl2_min_value\r\n    ,rcl2_max_value \r\nfrom coss_dim.dim_wtw_water_quality_paramaters \r\n    where wtw_id = 1\r\n    and loc_id =20\r\n    and parameter_limit_id = 21\r\n)t1 on t.wtw_id = t1.wtw_id and t.loc_id = t1.loc_id\r\n\r\nunion all \r\n\r\nselect \r\n    t.wtw_id\r\n    ,t.loc_id\r\n    ,t1.i_code\r\n    ,t.sample_date\r\n    ,t.ph_manual\r\n    ,t.ph_analyzer\r\n    ,if(t.ph_manual>= t1.ph_min_value and t.ph_manual<= t1.ph_max_value,1,0) ph_is_pass\r\n    ,t.rcl2_manual\r\n    ,t.rcl2_analyzer\r\n    ,if(true ,1,0) rcl2_is_pass\r\n    ,if((if(t.ph_manual>= t1.ph_min_value and t.ph_manual<= t1.ph_max_value,1,0))+if(true ,1,0)=2, 1, 0) dosed_is_pass\r\n    ,t1.ph_compare\r\n    ,t1.ph_min_value\r\n    ,t1.ph_max_value\r\n    ,t1.rcl2_compare\r\n    ,t1.rcl2_min_value\r\n    ,t1.rcl2_max_value \t\r\n    ,now() as dm_update_time\r\n    ,now() as dm_load_time\r\nfrom \r\n(\r\nselect \r\n    wtw_id\r\n    ,loc_id\r\n    ,sample_date\r\n    ,ph_manual\r\n    ,ph_analyzer\r\n    ,rcl2_manual\r\n    ,rcl2_analyzer \r\nfrom \r\n    coss_dws.dws_wtw_verification_item_di_year \r\n\twhere wtw_id =2\r\n    and loc_id = 20\r\n)t \r\n\tinner join \r\n(\r\nselect \r\n    wtw_id\r\n    ,loc_id\r\n    ,i_code\r\n    ,ph_compare\r\n    ,ph_min_value\r\n    ,ph_max_value\r\n    ,rcl2_compare\r\n    ,rcl2_min_value\r\n    ,rcl2_max_value \r\nfrom coss_dim.dim_wtw_water_quality_paramaters \r\n    where wtw_id = 2\r\n    and loc_id =20\r\n    and parameter_limit_id = 37\r\n)t1 on t.wtw_id = t1.wtw_id and t.loc_id = t1.loc_id\r\n\r\nunion all \r\n\r\nselect \r\n    t.wtw_id\r\n    ,t.loc_id\r\n    ,t1.i_code\r\n    ,t.sample_date\r\n    ,t.ph_manual\r\n    ,t.ph_analyzer\r\n    ,if(t.ph_manual>= t1.ph_min_value and t.ph_manual<= t1.ph_max_value,1,0) ph_is_pass\r\n    ,t.rcl2_manual\r\n    ,t.rcl2_analyzer\r\n    ,if(t.rcl2_manual>= t1.rcl2_min_value and t.rcl2_manual<= t1.rcl2_max_value,1,0) rcl2_is_pass\r\n    ,if((if(t.ph_manual>= t1.ph_min_value and t.ph_manual<= t1.ph_max_value,1,0))+if(t.rcl2_manual>= t1.rcl2_min_value and t.rcl2_manual<= t1.rcl2_max_value,1,0)=2, 1, 0) dosed_is_pass\r\n    ,t1.ph_compare\r\n    ,t1.ph_min_value\r\n    ,t1.ph_max_value\r\n    ,t1.rcl2_compare\r\n    ,t1.rcl2_min_value\r\n    ,t1.rcl2_max_value \t\r\n    ,now() as dm_update_time\r\n    ,now() as dm_load_time\r\nfrom \r\n(\r\nselect \r\n    wtw_id\r\n    ,loc_id\r\n    ,sample_date\r\n    ,ph_manual\r\n    ,ph_analyzer\r\n    ,rcl2_manual\r\n    ,rcl2_analyzer \r\nfrom \r\n    coss_dws.dws_wtw_verification_item_di_year \r\n\twhere wtw_id =3\r\n    and loc_id = 20\r\n)t \r\n\tinner join \r\n(\r\nselect \r\n    wtw_id\r\n    ,loc_id\r\n    ,i_code\r\n    ,ph_compare\r\n    ,ph_min_value\r\n    ,ph_max_value\r\n    ,rcl2_compare\r\n    ,rcl2_min_value\r\n    ,rcl2_max_value \r\nfrom coss_dim.dim_wtw_water_quality_paramaters \r\n    where wtw_id = 3\r\n    and loc_id =20\r\n    and parameter_limit_id = 11\r\n)t1 on t.wtw_id = t1.wtw_id and t.loc_id = t1.loc_id\r\n\r\nunion all \r\n\r\nselect \r\n    t.wtw_id\r\n    ,t.loc_id\r\n    ,t1.i_code\r\n    ,t.sample_date\r\n    ,t.ph_manual\r\n    ,t.ph_analyzer\r\n    ,if(t.ph_manual>= t1.ph_min_value and t.ph_manual<= t1.ph_max_value,1,0) ph_is_pass\r\n    ,t.rcl2_manual\r\n    ,t.rcl2_analyzer\r\n    ,if(t.rcl2_manual>= t1.rcl2_min_value and t.rcl2_manual<= t1.rcl2_max_value,1,0) rcl2_is_pass\r\n    ,if((if(t.ph_manual>= t1.ph_min_value and t.ph_manual<= t1.ph_max_value,1,0))+if(t.rcl2_manual>= t1.rcl2_min_value and t.rcl2_manual<= t1.rcl2_max_value,1,0)=2, 1, 0) dosed_is_pass\r\n    ,t1.ph_compare\r\n    ,t1.ph_min_value\r\n    ,t1.ph_max_value\r\n    ,t1.rcl2_compare\r\n    ,t1.rcl2_min_value\r\n    ,t1.rcl2_max_value \t\r\n    ,now() as dm_update_time\r\n    ,now() as dm_load_time\r\nfrom \r\n(\r\nselect \r\n    wtw_id\r\n    ,loc_id\r\n    ,sample_date\r\n    ,ph_manual\r\n    ,ph_analyzer\r\n    ,rcl2_manual\r\n    ,rcl2_analyzer \r\nfrom \r\n    coss_dws.dws_wtw_verification_item_di_year \r\n\twhere wtw_id =4\r\n    and loc_id = 20\r\n)t \r\n\tinner join \r\n(\r\nselect \r\n    wtw_id\r\n    ,loc_id\r\n    ,i_code\r\n    ,ph_compare\r\n    ,ph_min_value\r\n    ,ph_max_value\r\n    ,rcl2_compare\r\n    ,rcl2_min_value\r\n    ,rcl2_max_value \r\nfrom coss_dim.dim_wtw_water_quality_paramaters \r\n    where wtw_id = 4\r\n    and loc_id =20\r\n    and parameter_limit_id = 3\r\n)t1 on t.wtw_id = t1.wtw_id and t.loc_id = t1.loc_id\r\n\r\nunion all \r\n\r\nselect \r\n    t.wtw_id\r\n    ,t.loc_id\r\n    ,t1.i_code\r\n    ,t.sample_date\r\n    ,t.ph_manual\r\n    ,t.ph_analyzer\r\n    ,if(t.ph_manual>= t1.ph_min_value and t.ph_manual<= t1.ph_max_value,1,0) ph_is_pass\r\n    ,t.rcl2_manual\r\n    ,t.rcl2_analyzer\r\n    ,if(true ,1,0) rcl2_is_pass\r\n    ,if((if(t.ph_manual>= t1.ph_min_value and t.ph_manual<= t1.ph_max_value,1,0))+if(true ,1,0)=2, 1, 0) dosed_is_pass\r\n    ,t1.ph_compare\r\n    ,t1.ph_min_value\r\n    ,t1.ph_max_value\r\n    ,t1.rcl2_compare\r\n    ,t1.rcl2_min_value\r\n    ,t1.rcl2_max_value \t\r\n    ,now() as dm_update_time\r\n    ,now() as dm_load_time\r\nfrom \r\n(\r\nselect \r\n    wtw_id\r\n    ,loc_id\r\n    ,sample_date\r\n    ,ph_manual\r\n    ,ph_analyzer\r\n    ,rcl2_manual\r\n    ,rcl2_analyzer \r\nfrom \r\n    coss_dws.dws_wtw_verification_item_di_year \r\n\twhere wtw_id =5\r\n    and loc_id = 20\r\n)t \r\n\tinner join \r\n(\r\nselect \r\n    wtw_id\r\n    ,loc_id\r\n    ,i_code\r\n    ,ph_compare\r\n    ,ph_min_value\r\n    ,ph_max_value\r\n    ,rcl2_compare\r\n    ,rcl2_min_value\r\n    ,rcl2_max_value \r\nfrom coss_dim.dim_wtw_water_quality_paramaters \r\n    where wtw_id = 5\r\n    and loc_id =20\r\n    and parameter_limit_id = 47\r\n)t1 on t.wtw_id = t1.wtw_id and t.loc_id = t1.loc_id","sqlType":"1","preStatements":[],"postStatements":[],"segmentSeparator":";","displayRows":10},"taskParamList":[],"taskParamMap":null,"flag":"YES","taskPriority":"MEDIUM","userName":null,"projectName":null,"workerGroup":"default","environmentCode":17270889904672,"failRetryTimes":0,"failRetryInterval":1,"timeoutFlag":"CLOSE","timeoutNotifyStrategy":null,"timeout":0,"delayTime":0,"resourceIds":"","createTime":"2025-11-18 19:34:30","updateTime":"2025-11-18 19:34:30","modifyBy":null,"taskGroupId":0,"taskGroupPriority":0,"cpuQuota":-1,"memoryMax":-1,"taskExecuteType":"BATCH","operator":2,"operateTime":"2025-11-18 19:34:30"},{"id":21617,"code":19716514595489,"name":"dm_wtw_etl_water_quality_day_sql_dm_wtw_raw_water_quality_di_add","version":1,"description":"","projectCode":18796782717216,"userId":2,"taskType":"SQL","taskParams":{"localParams":[],"resourceList":[],"type":"POSTGRESQL","datasource":4,"sql":";delete from coss_dm.dm_wtw_raw_water_quality_di\r\n;insert into coss_dm.dm_wtw_raw_water_quality_di\r\nselect \r\n    t.wtw_id\r\n    ,t.loc_id\r\n    ,t1.i_code\r\n    ,t.sample_date\r\n    ,t.ph_manual\r\n    ,t.ph_analyzer\r\n    ,if(t.ph_manual<= t1.ph_max_value,1,0) ph_is_pass\r\n    ,t.turb_manual\r\n    ,t.turb_analyzer\r\n    ,if(t.turb_manual<= t1.turb_max_value,1,0) turb_is_pass\r\n    ,if((if(t.ph_manual<= t1.ph_max_value,1,0)+if(t.turb_manual<= t1.turb_max_value,1,0))=2, 1, 0) raw_is_pass\r\n    ,t1.ph_compare\r\n    ,t1.ph_min_value\r\n    ,t1.ph_max_value\r\n    ,t1.turb_compare\r\n    ,t1.turb_min_value\r\n    ,t1.turb_max_value \r\n    ,now() as dm_update_time\r\n    ,now() as dm_load_time\r\nfrom \r\n(\r\nselect \r\n    wtw_id\r\n    ,loc_id\r\n    ,sample_date\r\n    ,ph_manual\r\n    ,ph_analyzer\r\n    ,turb_manual\r\n    ,turb_analyzer \r\nfrom \r\n    coss_dws.dws_wtw_verification_item_di_year \r\n\twhere wtw_id =1\r\n    and loc_id = 0\r\n)t \r\n\tinner join \r\n(\r\nselect \r\n    wtw_id\r\n    ,loc_id\r\n    ,i_code\r\n    ,ph_compare\r\n    ,ph_min_value\r\n    ,ph_max_value\r\n    ,turb_compare\r\n    ,turb_min_value\r\n    ,turb_max_value \r\nfrom coss_dim.dim_wtw_water_quality_paramaters \r\n    where wtw_id = 1 and loc_id =0\r\n    and parameter_limit_id = 19\r\n)t1 on t.wtw_id = t1.wtw_id and t.loc_id = t1.loc_id\r\n\r\nunion all \r\n\r\nselect \r\n    t.wtw_id\r\n    ,t.loc_id\r\n    ,t1.i_code\r\n    ,t.sample_date\r\n    ,t.ph_manual\r\n    ,t.ph_analyzer\r\n    ,if(t.ph_manual<= t1.ph_max_value,1,0) ph_is_pass\r\n    ,t.turb_manual\r\n    ,t.turb_analyzer\r\n    ,if(t.turb_manual<= t1.turb_max_value,1,0) turb_is_pass\r\n    ,if((if(t.ph_manual<= t1.ph_max_value,1,0)+if(t.turb_manual<= t1.turb_max_value,1,0))=2, 1, 0) raw_is_pass\r\n    ,t1.ph_compare\r\n    ,t1.ph_min_value\r\n    ,t1.ph_max_value\r\n    ,t1.turb_compare\r\n    ,t1.turb_min_value\r\n    ,t1.turb_max_value \r\n    ,now() as dm_update_time\r\n    ,now() as dm_load_time\r\nfrom \r\n(\r\nselect \r\n    wtw_id\r\n    ,loc_id\r\n    ,sample_date\r\n    ,ph_manual\r\n    ,ph_analyzer\r\n    ,turb_manual\r\n    ,turb_analyzer \r\nfrom \r\n    coss_dws.dws_wtw_verification_item_di_year \r\n\twhere wtw_id =2\r\n    and loc_id = 0\r\n)t \r\n\tinner join \r\n(\r\nselect \r\n    wtw_id\r\n    ,loc_id\r\n    ,i_code\r\n    ,ph_compare\r\n    ,ph_min_value\r\n    ,ph_max_value\r\n    ,turb_compare\r\n    ,turb_min_value\r\n    ,turb_max_value \r\nfrom coss_dim.dim_wtw_water_quality_paramaters \r\n    where wtw_id = 2 \r\n    and loc_id =0\r\n    and parameter_limit_id = 35\r\n)t1 on t.wtw_id = t1.wtw_id and t.loc_id = t1.loc_id\r\n\r\nunion all \r\n\r\nselect \r\n    t.wtw_id\r\n    ,t.loc_id\r\n    ,t1.i_code\r\n    ,t.sample_date\r\n    ,t.ph_manual\r\n    ,t.ph_analyzer\r\n    ,if(t.ph_manual<= t1.ph_max_value,1,0) ph_is_pass\r\n    ,t.turb_manual\r\n    ,t.turb_analyzer\r\n    ,if(t.turb_manual<= t1.turb_max_value,1,0) turb_is_pass\r\n    ,if((if(t.ph_manual<= t1.ph_max_value,1,0)+if(t.turb_manual<= t1.turb_max_value,1,0))=2, 1, 0) raw_is_pass\r\n    ,t1.ph_compare\r\n    ,t1.ph_min_value\r\n    ,t1.ph_max_value\r\n    ,t1.turb_compare\r\n    ,t1.turb_min_value\r\n    ,t1.turb_max_value \t\r\n    ,now() as dm_update_time\r\n    ,now() as dm_load_time\r\nfrom \r\n(\r\nselect \r\n    wtw_id\r\n    ,loc_id\r\n    ,sample_date\r\n    ,ph_manual\r\n    ,ph_analyzer\r\n    ,turb_manual\r\n    ,turb_analyzer \r\nfrom \r\n    coss_dws.dws_wtw_verification_item_di_year \r\n\twhere wtw_id =3\r\n    and loc_id = 0\r\n)t \r\n\tinner join \r\n(\r\nselect \r\n    wtw_id\r\n    ,loc_id\r\n    ,i_code\r\n    ,ph_compare\r\n    ,ph_min_value\r\n    ,ph_max_value\r\n    ,turb_compare\r\n    ,turb_min_value\r\n    ,turb_max_value \r\nfrom coss_dim.dim_wtw_water_quality_paramaters \r\n    where wtw_id = 3 \r\n    and loc_id =0\r\n    and parameter_limit_id = 9\r\n)t1 on t.wtw_id = t1.wtw_id and t.loc_id = t1.loc_id\r\n\r\nunion all \r\n\r\nselect \r\n    t.wtw_id\r\n    ,t.loc_id\r\n    ,t1.i_code\r\n    ,t.sample_date\r\n    ,t.ph_manual\r\n    ,t.ph_analyzer\r\n    ,if(t.ph_manual<= t1.ph_max_value,1,0) ph_is_pass\r\n    ,t.turb_manual\r\n    ,t.turb_analyzer\r\n    ,if(t.turb_manual<= t1.turb_max_value,1,0) turb_is_pass\r\n    ,if((if(t.ph_manual<= t1.ph_max_value,1,0)+if(t.turb_manual<= t1.turb_max_value,1,0))=2, 1, 0) raw_is_pass\r\n    ,t1.ph_compare\r\n    ,t1.ph_min_value\r\n    ,t1.ph_max_value\r\n    ,t1.turb_compare\r\n    ,t1.turb_min_value\r\n    ,t1.turb_max_value \r\n    ,now() as dm_update_time\r\n    ,now() as dm_load_time\r\nfrom \r\n(\r\nselect \r\n    wtw_id\r\n    ,loc_id\r\n    ,sample_date\r\n    ,ph_manual\r\n    ,ph_analyzer\r\n    ,turb_manual\r\n    ,turb_analyzer \r\nfrom \r\n    coss_dws.dws_wtw_verification_item_di_year \r\n\twhere wtw_id =4\r\n    and loc_id = 0\r\n)t \r\n\tinner join \r\n(\r\nselect \r\n    wtw_id\r\n    ,loc_id\r\n    ,i_code\r\n    ,ph_compare\r\n    ,ph_min_value\r\n    ,ph_max_value\r\n    ,turb_compare\r\n    ,turb_min_value\r\n    ,turb_max_value \r\nfrom coss_dim.dim_wtw_water_quality_paramaters \r\n    where wtw_id = 4 \r\n    and loc_id =0\r\n    and parameter_limit_id = 1\r\n)t1 on t.wtw_id = t1.wtw_id and t.loc_id = t1.loc_id\r\n\r\nunion all \r\n\r\nselect \r\n    t.wtw_id\r\n    ,t.loc_id\r\n    ,t1.i_code\r\n    ,t.sample_date\r\n    ,t.ph_manual\r\n    ,t.ph_analyzer\r\n    ,if(t.ph_manual<= t1.ph_max_value,1,0) ph_is_pass\r\n    ,t.turb_manual\r\n    ,t.turb_analyzer\r\n    ,if(t.turb_manual<= t1.turb_max_value,1,0) turb_is_pass\r\n    ,if((if(t.ph_manual<= t1.ph_max_value,1,0)+if(t.turb_manual<= t1.turb_max_value,1,0))=2, 1, 0) raw_is_pass\r\n    ,t1.ph_compare\r\n    ,t1.ph_min_value\r\n    ,t1.ph_max_value\r\n    ,t1.turb_compare\r\n    ,t1.turb_min_value\r\n    ,t1.turb_max_value \t\r\n    ,now() as dm_update_time\r\n    ,now() as dm_load_time\r\nfrom \r\n(\r\nselect \r\n    wtw_id\r\n    ,0 as loc_id\r\n    ,sample_date\r\n    ,ph_manual\r\n    ,ph_analyzer\r\n    ,turb_manual\r\n    ,turb_analyzer \r\nfrom \r\n    coss_dws.dws_wtw_verification_item_di_year \r\n\twhere wtw_id =5\r\n    and loc_id in(1,2)\r\n)t \r\n\tinner join \r\n(\r\nselect \r\n    wtw_id\r\n    ,loc_id\r\n    ,i_code\r\n    ,ph_compare\r\n    ,ph_min_value\r\n    ,ph_max_value\r\n    ,turb_compare\r\n    ,turb_min_value\r\n    ,turb_max_value \r\nfrom coss_dim.dim_wtw_water_quality_paramaters \r\n    where wtw_id = 5\r\n    and loc_id  = 0\r\n    and parameter_limit_id = 45\r\n)t1 on t.wtw_id = t1.wtw_id and t.loc_id = t1.loc_id\r\n","sqlType":"1","preStatements":[],"postStatements":[],"segmentSeparator":";","displayRows":10},"taskParamList":[],"taskParamMap":null,"flag":"YES","taskPriority":"MEDIUM","userName":null,"projectName":null,"workerGroup":"default","environmentCode":17270889904672,"failRetryTimes":0,"failRetryInterval":1,"timeoutFlag":"CLOSE","timeoutNotifyStrategy":null,"timeout":0,"delayTime":0,"resourceIds":"","createTime":"2025-11-18 19:34:30","updateTime":"2025-11-18 19:34:30","modifyBy":null,"taskGroupId":0,"taskGroupPriority":0,"cpuQuota":-1,"memoryMax":-1,"taskExecuteType":"BATCH","operator":2,"operateTime":"2025-11-18 19:34:30"},{"id":21618,"code":19716514595490,"name":"dm_wtw_etl_water_quality_day_sql_dm_wtw_final_water_quality_di_add","version":1,"description":"","projectCode":18796782717216,"userId":2,"taskType":"SQL","taskParams":{"localParams":[],"resourceList":[],"type":"POSTGRESQL","datasource":4,"sql":";delete from coss_dm.dm_wtw_final_water_quality_di\r\n;insert into coss_dm.dm_wtw_final_water_quality_di\r\nselect \r\n    t.wtw_id\r\n    ,t.loc_id\r\n    ,t1.i_code\r\n    ,t.sample_date\r\n    ,t.ph_manual\r\n    ,t.ph_analyzer\r\n    ,if(t.ph_manual>= t1.ph_min_value and t.ph_manual<= t1.ph_max_value,1,0) ph_is_pass\r\n    ,t.turb_manual\r\n    ,t.turb_analyzer\r\n    ,if(t.turb_manual<= t1.turb_max_value,1,0) turb_is_pass\r\n    ,t.rcl2_manual\r\n    ,t.rcl2_analyzer\r\n    ,if(t.rcl2_manual<= t1.rcl2_max_value,1,0) rcl2_is_pass\r\n    ,t.fluoride_manual\r\n    ,t.fluoride_analyzer\r\n    ,if(t.fluoride_manual<= t1.fluoride_max_value,1,0) fluoride_is_pass\r\n    ,t.mn_manual\r\n    ,t.mn_analyzer\r\n    ,1 as mn_is_pass\r\n    ,if(if(t.ph_manual>= t1.ph_min_value and t.ph_manual<= t1.ph_max_value,1,0)+if(t.turb_manual<= t1.turb_max_value,1,0)+if(t.rcl2_manual<= t1.rcl2_max_value,1,0)+if(t.fluoride_manual<= t1.fluoride_max_value,1,0)+ 1=5, 1, 0) final_is_pass\r\n    ,t1.ph_compare\r\n    ,t1.ph_min_value\r\n    ,t1.ph_max_value\r\n    ,t1.turb_compare\r\n    ,t1.turb_min_value\r\n    ,t1.turb_max_value\r\n    ,t1.rcl2_compare\r\n    ,t1.rcl2_min_value\r\n    ,t1.rcl2_max_value \r\n    ,t1.fluoride_compare\r\n    ,t1.fluoride_min_value\r\n    ,t1.fluoride_max_value \r\n    ,t1.mn_compare\r\n    ,t1.mn_min_value\r\n    ,t1.mn_max_value\r\n    ,now() as dm_update_time\r\n    ,now() as dm_load_time\r\nfrom \r\n(\r\nselect \r\n    wtw_id\r\n    ,loc_id\r\n    ,sample_date\r\n    ,ph_manual\r\n    ,ph_analyzer\r\n    ,turb_manual\r\n    ,turb_analyzer\r\n    ,rcl2_manual\r\n    ,rcl2_analyzer \r\n    ,fluoride_manual\r\n    ,fluoride_analyzer \r\n    ,mn_manual\r\n    ,mn_analyzer \r\nfrom \r\n    coss_dws.dws_wtw_verification_item_di_year \r\n\twhere wtw_id =1\r\n    and loc_id = 100\r\n)t \r\n\tinner join \r\n(\r\nselect \r\n    wtw_id\r\n    ,loc_id\r\n    ,i_code\r\n    ,ph_compare\r\n    ,ph_min_value\r\n    ,ph_max_value\r\n    ,turb_compare\r\n    ,turb_min_value\r\n    ,turb_max_value\r\n    ,rcl2_compare\r\n    ,rcl2_min_value\r\n    ,rcl2_max_value \r\n    ,fluoride_compare\r\n    ,fluoride_min_value\r\n    ,fluoride_max_value \r\n    ,mn_compare\r\n    ,mn_min_value\r\n    ,mn_max_value \r\nfrom coss_dim.dim_wtw_water_quality_paramaters \r\n    where wtw_id = 1\r\n    and loc_id = 100\r\n    and parameter_limit_id = 34\r\n)t1 on t.wtw_id = t1.wtw_id and t.loc_id = t1.loc_id\r\n \r\nunion all \r\n\r\nselect \r\n    t.wtw_id\r\n    ,t.loc_id\r\n    ,t1.i_code\r\n    ,t.sample_date\r\n    ,t.ph_manual\r\n    ,t.ph_analyzer\r\n    ,if(t.ph_manual>= t1.ph_min_value and t.ph_manual<= t1.ph_max_value,1,0) ph_is_pass\r\n    ,t.turb_manual\r\n    ,t.turb_analyzer\r\n    ,if(t.turb_manual<= t1.turb_max_value,1,0) turb_is_pass\r\n    ,t.rcl2_manual\r\n    ,t.rcl2_analyzer\r\n    ,if(t.rcl2_manual>= t1.rcl2_min_value and t.rcl2_manual<= t1.rcl2_max_value,1,0) rcl2_is_pass\r\n    ,t.fluoride_manual\r\n    ,t.fluoride_analyzer\r\n    ,if(t.fluoride_manual>= t1.fluoride_min_value and t.fluoride_manual<= t1.fluoride_max_value,1,0) fluoride_is_pass\r\n    ,t.mn_manual\r\n    ,t.mn_analyzer\r\n    ,1 as mn_is_pass\r\n    ,if(if(t.ph_manual>= t1.ph_min_value and t.ph_manual<= t1.ph_max_value,1,0)+if(t.turb_manual<= t1.turb_max_value,1,0)+if(t.rcl2_manual>= t1.rcl2_min_value and t.rcl2_manual<= t1.rcl2_max_value,1,0)+if(t.fluoride_manual>= t1.fluoride_min_value and t.fluoride_manual<= t1.fluoride_max_value,1,0)+ 1=5, 1, 0) final_is_pass\r\n    ,t1.ph_compare\r\n    ,t1.ph_min_value\r\n    ,t1.ph_max_value\r\n    ,t1.turb_compare\r\n    ,t1.turb_min_value\r\n    ,t1.turb_max_value\r\n    ,t1.rcl2_compare\r\n    ,t1.rcl2_min_value\r\n    ,t1.rcl2_max_value \r\n    ,t1.fluoride_compare\r\n    ,t1.fluoride_min_value\r\n    ,t1.fluoride_max_value \r\n    ,t1.mn_compare\r\n    ,t1.mn_min_value\r\n    ,t1.mn_max_value \r\n    ,now() as dm_update_time\r\n    ,now() as dm_load_time\r\nfrom \r\n(\r\nselect \r\n    wtw_id\r\n    ,loc_id\r\n    ,sample_date\r\n    ,ph_manual\r\n    ,ph_analyzer\r\n    ,turb_manual\r\n    ,turb_analyzer\r\n    ,rcl2_manual\r\n    ,rcl2_analyzer \r\n    ,fluoride_manual\r\n    ,fluoride_analyzer \r\n    ,mn_manual\r\n    ,mn_analyzer \r\nfrom \r\n    coss_dws.dws_wtw_verification_item_di_year \r\n\twhere wtw_id =2\r\n    and loc_id = 100\r\n)t \r\n\tinner join \r\n(\r\nselect \r\n    wtw_id\r\n    ,loc_id\r\n    ,i_code\r\n    ,ph_compare\r\n    ,ph_min_value\r\n    ,ph_max_value\r\n    ,turb_compare\r\n    ,turb_min_value\r\n    ,turb_max_value\r\n    ,rcl2_compare\r\n    ,rcl2_min_value\r\n    ,rcl2_max_value \r\n    ,fluoride_compare\r\n    ,fluoride_min_value\r\n    ,fluoride_max_value \r\n    ,mn_compare\r\n    ,mn_min_value\r\n    ,mn_max_value \r\nfrom coss_dim.dim_wtw_water_quality_paramaters \r\n    where wtw_id = 2\r\n    and loc_id = 100\r\n    and parameter_limit_id = 43\r\n)t1 on t.wtw_id = t1.wtw_id and t.loc_id = t1.loc_id\r\n\r\nunion all \r\n\r\nselect \r\n    t.wtw_id\r\n    ,t.loc_id\r\n    ,t1.i_code\r\n    ,t.sample_date\r\n    ,t.ph_manual\r\n    ,t.ph_analyzer\r\n    ,if(t.ph_manual>= t1.ph_min_value and t.ph_manual<= t1.ph_max_value,1,0) ph_is_pass\r\n    ,t.turb_manual\r\n    ,t.turb_analyzer\r\n    ,if(t.turb_manual<= t1.turb_max_value,1,0) turb_is_pass\r\n    ,t.rcl2_manual\r\n    ,t.rcl2_analyzer\r\n    ,if(t.rcl2_manual>= t1.rcl2_min_value and t.rcl2_manual<= t1.rcl2_max_value,1,0) rcl2_is_pass\r\n    ,t.fluoride_manual\r\n    ,t.fluoride_analyzer\r\n    ,if(t.fluoride_manual>= t1.fluoride_min_value and t.fluoride_manual<= t1.fluoride_max_value,1,0) fluoride_is_pass\r\n    ,t.mn_manual\r\n    ,t.mn_analyzer\r\n    ,1 as mn_is_pass\r\n    ,if(if(t.ph_manual>= t1.ph_min_value and t.ph_manual<= t1.ph_max_value,1,0)+if(t.turb_manual<= t1.turb_max_value,1,0)+if(t.rcl2_manual>= t1.rcl2_min_value and t.rcl2_manual<= t1.rcl2_max_value,1,0)+if(t.fluoride_manual>= t1.fluoride_min_value and t.fluoride_manual<= t1.fluoride_max_value,1,0)+ 1=5, 1, 0) final_is_pass\r\n    ,t1.ph_compare\r\n    ,t1.ph_min_value\r\n    ,t1.ph_max_value\r\n    ,t1.turb_compare\r\n    ,t1.turb_min_value\r\n    ,t1.turb_max_value\r\n    ,t1.rcl2_compare\r\n    ,t1.rcl2_min_value\r\n    ,t1.rcl2_max_value \r\n    ,t1.fluoride_compare\r\n    ,t1.fluoride_min_value\r\n    ,t1.fluoride_max_value \r\n    ,t1.mn_compare\r\n    ,t1.mn_min_value\r\n    ,t1.mn_max_value \r\n    ,now() as dm_update_time\r\n    ,now() as dm_load_time\r\nfrom \r\n(\r\nselect \r\n    wtw_id\r\n    ,loc_id\r\n    ,sample_date\r\n    ,ph_manual\r\n    ,ph_analyzer\r\n    ,turb_manual\r\n    ,turb_analyzer\r\n    ,rcl2_manual\r\n    ,rcl2_analyzer \r\n    ,fluoride_manual\r\n    ,fluoride_analyzer \r\n    ,mn_manual\r\n    ,mn_analyzer \r\nfrom \r\n    coss_dws.dws_wtw_verification_item_di_year \r\n\twhere wtw_id =3\r\n    and loc_id = 100\r\n)t \r\n\tinner join \r\n(\r\nselect \r\n    wtw_id\r\n    ,loc_id\r\n    ,i_code\r\n    ,ph_compare\r\n    ,ph_min_value\r\n    ,ph_max_value\r\n    ,turb_compare\r\n    ,turb_min_value\r\n    ,turb_max_value\r\n    ,rcl2_compare\r\n    ,rcl2_min_value\r\n    ,rcl2_max_value \r\n    ,fluoride_compare\r\n    ,fluoride_min_value\r\n    ,fluoride_max_value \r\n    ,mn_compare\r\n    ,mn_min_value\r\n    ,mn_max_value \r\nfrom coss_dim.dim_wtw_water_quality_paramaters \r\n    where wtw_id = 3\r\n    and loc_id = 100\r\n    and parameter_limit_id = 17\r\n)t1 on t.wtw_id = t1.wtw_id and t.loc_id = t1.loc_id\r\n\r\nunion all\r\n\r\nselect \r\n    t.wtw_id\r\n    ,t.loc_id\r\n    ,t1.i_code\r\n    ,t.sample_date\r\n    ,t.ph_manual\r\n    ,t.ph_analyzer\r\n    ,if(t.ph_manual>= t1.ph_min_value and t.ph_manual<= t1.ph_max_value,1,0) ph_is_pass\r\n    ,t.turb_manual\r\n    ,t.turb_analyzer\r\n    ,if(t.turb_manual<= t1.turb_max_value,1,0) turb_is_pass\r\n    ,t.rcl2_manual\r\n    ,t.rcl2_analyzer\r\n    ,if(t.rcl2_manual>= t1.rcl2_min_value and t.rcl2_manual<= t1.rcl2_max_value,1,0) rcl2_is_pass\r\n    ,t.fluoride_manual\r\n    ,t.fluoride_analyzer\r\n    ,if(t.fluoride_manual>= t1.fluoride_min_value and t.fluoride_manual<= t1.fluoride_max_value,1,0) fluoride_is_pass\r\n    ,t.mn_manual\r\n    ,t.mn_analyzer\r\n    ,1 as mn_is_pass\r\n    ,if(if(t.ph_manual>= t1.ph_min_value and t.ph_manual<= t1.ph_max_value,1,0)+if(t.turb_manual<= t1.turb_max_value,1,0)+if(t.rcl2_manual>= t1.rcl2_min_value and t.rcl2_manual<= t1.rcl2_max_value,1,0)+if(t.fluoride_manual>= t1.fluoride_min_value and t.fluoride_manual<= t1.fluoride_max_value,1,0)+ 1=5, 1, 0) final_is_pass\r\n    ,t1.ph_compare\r\n    ,t1.ph_min_value\r\n    ,t1.ph_max_value\r\n    ,t1.turb_compare\r\n    ,t1.turb_min_value\r\n    ,t1.turb_max_value\r\n    ,t1.rcl2_compare\r\n    ,t1.rcl2_min_value\r\n    ,t1.rcl2_max_value \r\n    ,t1.fluoride_compare\r\n    ,t1.fluoride_min_value\r\n    ,t1.fluoride_max_value \r\n    ,t1.mn_compare\r\n    ,t1.mn_min_value\r\n    ,t1.mn_max_value \r\n    ,now() as dm_update_time\r\n    ,now() as dm_load_time\r\nfrom \r\n(\r\nselect \r\n    wtw_id\r\n    ,loc_id\r\n    ,sample_date\r\n    ,ph_manual\r\n    ,ph_analyzer\r\n    ,turb_manual\r\n    ,turb_analyzer\r\n    ,rcl2_manual\r\n    ,rcl2_analyzer \r\n    ,fluoride_manual\r\n    ,fluoride_analyzer \r\n    ,mn_manual\r\n    ,mn_analyzer \r\nfrom \r\n    coss_dws.dws_wtw_verification_item_di_year \r\n\twhere wtw_id =4\r\n    and loc_id = 100\r\n)t \r\n\tinner join \r\n(\r\nselect \r\n    wtw_id\r\n    ,loc_id\r\n    ,i_code\r\n    ,ph_compare\r\n    ,ph_min_value\r\n    ,ph_max_value\r\n    ,turb_compare\r\n    ,turb_min_value\r\n    ,turb_max_value\r\n    ,rcl2_compare\r\n    ,rcl2_min_value\r\n    ,rcl2_max_value \r\n    ,fluoride_compare\r\n    ,fluoride_min_value\r\n    ,fluoride_max_value \r\n    ,mn_compare\r\n    ,mn_min_value\r\n    ,mn_max_value \r\nfrom coss_dim.dim_wtw_water_quality_paramaters \r\n    where wtw_id = 4\r\n    and loc_id = 100\r\n    and parameter_limit_id = 7\r\n)t1 on t.wtw_id = t1.wtw_id and t.loc_id = t1.loc_id\r\n\r\nunion all \r\n\r\nselect \r\n    t.wtw_id\r\n    ,t.loc_id\r\n    ,t1.i_code\r\n    ,t.sample_date\r\n    ,t.ph_manual\r\n    ,t.ph_analyzer\r\n    ,if(t.ph_manual>= t1.ph_min_value and t.ph_manual<= t1.ph_max_value,1,0) ph_is_pass\r\n    ,t.turb_manual\r\n    ,t.turb_analyzer\r\n    ,if(t.turb_manual<= t1.turb_max_value,1,0) turb_is_pass\r\n    ,t.rcl2_manual\r\n    ,t.rcl2_analyzer\r\n    ,if(t.rcl2_manual>= t1.rcl2_min_value and t.rcl2_manual<= t1.rcl2_max_value,1,0) rcl2_is_pass\r\n    ,t.fluoride_manual\r\n    ,t.fluoride_analyzer\r\n    ,if(t.fluoride_manual>= t1.fluoride_min_value and t.fluoride_manual<= t1.fluoride_max_value,1,0) fluoride_is_pass\r\n    ,t.mn_manual\r\n    ,t.mn_analyzer\r\n    ,1 as mn_is_pass\r\n    ,if(if(t.ph_manual>= t1.ph_min_value and t.ph_manual<= t1.ph_max_value,1,0)+if(t.turb_manual<= t1.turb_max_value,1,0)+if(t.rcl2_manual>= t1.rcl2_min_value and t.rcl2_manual<= t1.rcl2_max_value,1,0)+if(t.fluoride_manual>= t1.fluoride_min_value and t.fluoride_manual<= t1.fluoride_max_value,1,0)+ 1=5, 1, 0) final_is_pass\r\n    ,t1.ph_compare\r\n    ,t1.ph_min_value\r\n    ,t1.ph_max_value\r\n    ,t1.turb_compare\r\n    ,t1.turb_min_value\r\n    ,t1.turb_max_value\r\n    ,t1.rcl2_compare\r\n    ,t1.rcl2_min_value\r\n    ,t1.rcl2_max_value \r\n    ,t1.fluoride_compare\r\n    ,t1.fluoride_min_value\r\n    ,t1.fluoride_max_value \r\n    ,t1.mn_compare\r\n    ,t1.mn_min_value\r\n    ,t1.mn_max_value \r\n    ,now() as dm_update_time\r\n    ,now() as dm_load_time\r\nfrom \r\n(\r\nselect \r\n    wtw_id\r\n    ,loc_id\r\n    ,sample_date\r\n    ,ph_manual\r\n    ,ph_analyzer\r\n    ,turb_manual\r\n    ,turb_analyzer\r\n    ,rcl2_manual\r\n    ,rcl2_analyzer \r\n    ,fluoride_manual\r\n    ,fluoride_analyzer \r\n    ,mn_manual\r\n    ,mn_analyzer \r\nfrom \r\n    coss_dws.dws_wtw_verification_item_di_year \r\n\twhere wtw_id =5\r\n    and loc_id = 100\r\n)t \r\n\tinner join \r\n(\r\nselect \r\n    wtw_id\r\n    ,loc_id\r\n    ,i_code\r\n    ,ph_compare\r\n    ,ph_min_value\r\n    ,ph_max_value\r\n    ,turb_compare\r\n    ,turb_min_value\r\n    ,turb_max_value\r\n    ,rcl2_compare\r\n    ,rcl2_min_value\r\n    ,rcl2_max_value \r\n    ,fluoride_compare\r\n    ,fluoride_min_value\r\n    ,fluoride_max_value \r\n    ,mn_compare\r\n    ,mn_min_value\r\n    ,mn_max_value \r\nfrom coss_dim.dim_wtw_water_quality_paramaters \r\n    where wtw_id = 5\r\n    and loc_id = 100\r\n    and parameter_limit_id = 51\r\n)t1 on t.wtw_id = t1.wtw_id and t.loc_id = t1.loc_id","sqlType":"1","preStatements":[],"postStatements":[],"segmentSeparator":";","displayRows":10},"taskParamList":[],"taskParamMap":null,"flag":"YES","taskPriority":"MEDIUM","userName":null,"projectName":null,"workerGroup":"default","environmentCode":17270889904672,"failRetryTimes":0,"failRetryInterval":1,"timeoutFlag":"CLOSE","timeoutNotifyStrategy":null,"timeout":0,"delayTime":0,"resourceIds":"","createTime":"2025-11-18 19:34:30","updateTime":"2025-11-18 19:34:30","modifyBy":null,"taskGroupId":0,"taskGroupPriority":0,"cpuQuota":-1,"memoryMax":-1,"taskExecuteType":"BATCH","operator":2,"operateTime":"2025-11-18 19:34:30"},{"id":21619,"code":19716514595491,"name":"dm_wtw_etl_water_quality_day_sql_dm_wtw_filtered_water_quality_di_add","version":1,"description":"","projectCode":18796782717216,"userId":2,"taskType":"SQL","taskParams":{"localParams":[],"resourceList":[],"type":"POSTGRESQL","datasource":4,"sql":";delete from coss_dm.dm_wtw_filtered_water_quality_di \r\n;insert into coss_dm.dm_wtw_filtered_water_quality_di \r\nselect \r\n    t.wtw_id\r\n    ,t.loc_id\r\n    ,t1.i_code\r\n    ,t.sample_date\r\n    ,t.turb_manual\r\n    ,t.turb_analyzer\r\n    ,if(t.turb_manual<= t1.turb_max_value,1,0) turb_is_pass\r\n    ,t.rcl2_manual\r\n    ,t.rcl2_analyzer\r\n    ,if(t.rcl2_manual>= t1.rcl2_min_value and t.rcl2_manual<= t1.rcl2_max_value,1,0) rcl2_is_pass\r\n    ,if(if(t.turb_manual<= t1.turb_max_value,1,0)+if(t.rcl2_manual>= t1.rcl2_min_value and t.rcl2_manual<= t1.rcl2_max_value,1,0)=2, 1, 0) filtered_is_pass\r\n    ,t1.turb_compare\r\n    ,t1.turb_min_value\r\n    ,t1.turb_max_value\r\n    ,t1.rcl2_compare\r\n    ,t1.rcl2_min_value\r\n    ,t1.rcl2_max_value \t\r\n    ,now() as dm_update_time\r\n    ,now() as dm_load_time\r\nfrom \r\n(\r\nselect \r\n    wtw_id\r\n    ,loc_id\r\n    ,sample_date\r\n    ,turb_manual\r\n    ,turb_analyzer\r\n    ,rcl2_manual\r\n    ,rcl2_analyzer \r\nfrom \r\n    coss_dws.dws_wtw_verification_item_di_year \r\n\twhere wtw_id =1\r\n    and loc_id = 40\r\n)t \r\n\tinner join \r\n(\r\nselect \r\n    wtw_id\r\n    ,loc_id\r\n    ,i_code\r\n    ,turb_compare\r\n    ,turb_min_value\r\n    ,turb_max_value\r\n    ,rcl2_compare\r\n    ,rcl2_min_value\r\n    ,rcl2_max_value \r\nfrom coss_dim.dim_wtw_water_quality_paramaters \r\n    where wtw_id = 1\r\n    and loc_id =40\r\n    and parameter_limit_id = 27\r\n)t1 on t.wtw_id = t1.wtw_id and t.loc_id = t1.loc_id\r\n\r\nunion all \r\n\r\nselect \r\n    t.wtw_id\r\n    ,t.loc_id\r\n    ,t1.i_code\r\n    ,t.sample_date\r\n    ,t.turb_manual\r\n    ,t.turb_analyzer\r\n    ,if(t.turb_manual<= t1.turb_max_value,1,0) turb_is_pass\r\n    ,t.rcl2_manual\r\n    ,t.rcl2_analyzer\r\n    ,if(t.rcl2_manual>= t1.rcl2_min_value and t.rcl2_manual<= t1.rcl2_max_value,1,0) rcl2_is_pass\r\n    ,if(if(t.turb_manual<= t1.turb_max_value,1,0)+if(t.rcl2_manual>= t1.rcl2_min_value and t.rcl2_manual<= t1.rcl2_max_value,1,0)=2, 1, 0) filtered_is_pass\r\n    ,t1.turb_compare\r\n    ,t1.turb_min_value\r\n    ,t1.turb_max_value\r\n    ,t1.rcl2_compare\r\n    ,t1.rcl2_min_value\r\n    ,t1.rcl2_max_value \t\r\n    ,now() as dm_update_time\r\n    ,now() as dm_load_time\r\nfrom \r\n(\r\nselect \r\n    wtw_id\r\n    ,loc_id\r\n    ,sample_date\r\n    ,turb_manual\r\n    ,turb_analyzer\r\n    ,rcl2_manual\r\n    ,rcl2_analyzer \r\nfrom \r\n    coss_dws.dws_wtw_verification_item_di_year \r\n\twhere wtw_id =2\r\n    and loc_id = 40\r\n)t \r\n\tinner join \r\n(\r\nselect \r\n    wtw_id\r\n    ,loc_id\r\n    ,i_code\r\n    ,turb_compare\r\n    ,turb_min_value\r\n    ,turb_max_value\r\n    ,rcl2_compare\r\n    ,rcl2_min_value\r\n    ,rcl2_max_value \r\nfrom coss_dim.dim_wtw_water_quality_paramaters \r\n    where wtw_id = 2\r\n    and loc_id =40\r\n    and parameter_limit_id = 41\r\n)t1 on t.wtw_id = t1.wtw_id and t.loc_id = t1.loc_id\r\n\r\nunion all \r\n\r\nselect \r\n    t.wtw_id\r\n    ,t.loc_id\r\n    ,t1.i_code\r\n    ,t.sample_date\r\n    ,t.turb_manual\r\n    ,t.turb_analyzer\r\n    ,if(t.turb_manual<= t1.turb_max_value,1,0) turb_is_pass\r\n    ,t.rcl2_manual\r\n    ,t.rcl2_analyzer\r\n    ,if(t.rcl2_manual>= t1.rcl2_min_value and t.rcl2_manual<= t1.rcl2_max_value,1,0) rcl2_is_pass\r\n    ,if(if(t.turb_manual<= t1.turb_max_value,1,0)+if(t.rcl2_manual>= t1.rcl2_min_value and t.rcl2_manual<= t1.rcl2_max_value,1,0)=2, 1, 0) filtered_is_pass\r\n    ,t1.turb_compare\r\n    ,t1.turb_min_value\r\n    ,t1.turb_max_value\r\n    ,t1.rcl2_compare\r\n    ,t1.rcl2_min_value\r\n    ,t1.rcl2_max_value \r\n    ,now() as dm_update_time\r\n    ,now() as dm_load_time\r\nfrom \r\n(\r\nselect \r\n    wtw_id\r\n    ,loc_id\r\n    ,sample_date\r\n    ,turb_manual\r\n    ,turb_analyzer\r\n    ,rcl2_manual\r\n    ,rcl2_analyzer \r\nfrom \r\n    coss_dws.dws_wtw_verification_item_di_year \r\n\twhere wtw_id =3\r\n    and loc_id in (44, 45)\r\n)t \r\n\tinner join \r\n(\r\nselect \r\n    wtw_id\r\n    ,loc_id\r\n    ,i_code\r\n    ,turb_compare\r\n    ,turb_min_value\r\n    ,turb_max_value\r\n    ,rcl2_compare\r\n    ,rcl2_min_value\r\n    ,rcl2_max_value \r\nfrom coss_dim.dim_wtw_water_quality_paramaters \r\n    where wtw_id = 3\r\n    and loc_id in (44, 45)\r\n    and parameter_limit_id in(13, 15)\r\n)t1 on t.wtw_id = t1.wtw_id and t.loc_id = t1.loc_id\r\n\r\nunion all \r\n\r\nselect \r\n    t.wtw_id\r\n    ,t.loc_id\r\n    ,t1.i_code\r\n    ,t.sample_date\r\n    ,t.turb_manual\r\n    ,t.turb_analyzer\r\n    ,if(t.turb_manual<= t1.turb_max_value,1,0) turb_is_pass\r\n    ,t.rcl2_manual\r\n    ,t.rcl2_analyzer\r\n    ,if(t.rcl2_manual>= t1.rcl2_min_value and t.rcl2_manual<= t1.rcl2_max_value,1,0) rcl2_is_pass\r\n    ,if(if(t.turb_manual<= t1.turb_max_value,1,0)+if(t.rcl2_manual>= t1.rcl2_min_value and t.rcl2_manual<= t1.rcl2_max_value,1,0)=2, 1, 0) filtered_is_pass\r\n    ,t1.turb_compare\r\n    ,t1.turb_min_value\r\n    ,t1.turb_max_value\r\n    ,t1.rcl2_compare\r\n    ,t1.rcl2_min_value\r\n    ,t1.rcl2_max_value \r\n    ,now() as dm_update_time\r\n    ,now() as dm_load_time\r\nfrom \r\n(\r\nselect \r\n    wtw_id\r\n    ,loc_id\r\n    ,sample_date\r\n    ,turb_manual\r\n    ,turb_analyzer\r\n    ,rcl2_manual\r\n    ,rcl2_analyzer \r\nfrom \r\n    coss_dws.dws_wtw_verification_item_di_year \r\n\twhere wtw_id =4\r\n    and loc_id = 40\r\n)t \r\n\tinner join \r\n(\r\nselect \r\n    wtw_id\r\n    ,loc_id\r\n    ,i_code\r\n    ,turb_compare\r\n    ,turb_min_value\r\n    ,turb_max_value\r\n    ,rcl2_compare\r\n    ,rcl2_min_value\r\n    ,rcl2_max_value \r\nfrom coss_dim.dim_wtw_water_quality_paramaters \r\n    where wtw_id = 4\r\n    and loc_id =40\r\n    and parameter_limit_id = 5\r\n)t1 on t.wtw_id = t1.wtw_id and t.loc_id = t1.loc_id\r\n\r\n","sqlType":"1","preStatements":[],"postStatements":[],"segmentSeparator":";","displayRows":10},"taskParamList":[],"taskParamMap":null,"flag":"YES","taskPriority":"MEDIUM","userName":null,"projectName":null,"workerGroup":"default","environmentCode":17270889904672,"failRetryTimes":0,"failRetryInterval":1,"timeoutFlag":"CLOSE","timeoutNotifyStrategy":null,"timeout":0,"delayTime":0,"resourceIds":"","createTime":"2025-11-18 19:34:30","updateTime":"2025-11-18 19:34:30","modifyBy":null,"taskGroupId":0,"taskGroupPriority":0,"cpuQuota":-1,"memoryMax":-1,"taskExecuteType":"BATCH","operator":2,"operateTime":"2025-11-18 19:34:30"}],"schedule":null}]