[{"processDefinition":{"id":20444,"code":19714042627234,"name":"dim_wtw_etl_water_quality_day","version":4,"releaseState":"ONLINE","projectCode":18796782717216,"description":"Clean and load water quality data in the dim layer","globalParams":"[]","globalParamList":[],"globalParamMap":{},"createTime":"2025-11-18 14:12:38","updateTime":"2025-11-18 15:20:24","flag":"YES","userId":2,"userName":null,"projectName":null,"locations":"[{\"taskCode\":19714042627232,\"x\":300,\"y\":180},{\"taskCode\":19714467496608,\"x\":578.03125,\"y\":180}]","scheduleReleaseState":null,"timeout":0,"tenantId":-1,"tenantCode":null,"modifyBy":null,"warningGroupId":0,"executionType":"PARALLEL"},"processTaskRelationList":[{"id":24005,"name":"","processDefinitionVersion":4,"projectCode":18796782717216,"processDefinitionCode":19714042627234,"preTaskCode":0,"preTaskVersion":0,"postTaskCode":19714042627232,"postTaskVersion":3,"conditionType":"NONE","conditionParams":{},"createTime":"2025-11-18 15:20:24","updateTime":"2025-11-18 15:20:24","operator":2,"operateTime":"2025-11-18 15:20:24"},{"id":24006,"name":"","processDefinitionVersion":4,"projectCode":18796782717216,"processDefinitionCode":19714042627234,"preTaskCode":19714042627232,"preTaskVersion":3,"postTaskCode":19714467496608,"postTaskVersion":1,"conditionType":"NONE","conditionParams":{},"createTime":"2025-11-18 15:20:24","updateTime":"2025-11-18 15:20:24","operator":2,"operateTime":"2025-11-18 15:20:24"}],"taskDefinitionList":[{"id":21615,"code":19714042627232,"name":"dim_wtw_etl_water_quality_day_sql_dim_wtw_water_quality_paramaters_all","version":3,"description":"","projectCode":18796782717216,"userId":2,"taskType":"SQL","taskParams":{"localParams":[],"resourceList":[],"type":"POSTGRESQL","datasource":4,"sql":"\r\n-- ****************************************************************************************\r\n-- subject     areas: Water Treatment Works\r\n-- function describe: Water Treatment Works Water Quality\r\n-- create         by: dongmaochen\r\n-- create       date: 2025-11-17\r\n-- modify date                modify by                    modify content\r\n-- None                       None                         None\r\n-- source table\r\n-- coss_ods.ods_labconnect_wtw_wqmm_config_df\r\n-- coss_ods.ods_labconnect_wtw_wqmm_parameter_limit_df\r\n-- coss_ods.ods_labconnect_wtw_wqmm_location_df\r\n-- target table\r\n-- coss_dim.dim_wtw_water_quality_paramaters\r\n-- ****************************************************************************************\r\n;insert into coss_dim.dim_wtw_water_quality_paramaters\r\nselect\r\n    t.config_id,                              -- ID of each parameter set\r\n    t.wtw_id,                                 -- ID of the corresponding WTW\r\n    case\r\n        when wtw_id = 1 then 'TW025'\r\n        when wtw_id = 2 then 'TW009'\r\n        when wtw_id = 3 then 'TW015'\r\n        when wtw_id = 4 then 'TW019'\r\n        when wtw_id = 5 then 'TW011'\r\n\t      else '10000'\r\n    end as i_code,                            -- installations code\r\n    t.config_type,                            -- Configuration Type 0: parameters for water quality monitoring; 1: parameters for online analyzer verification; 2: sampling frequency\r\n    t.effective_date,                         -- Datetime when the record is created\r\n    t.verification_interval_hr,               -- This field only has meaning if config_type = 2.The interval (hrs) in which the online analyzer verification test is performed. If this field is empty, no online analyzer verification test is required for the specific WTW.\r\n    t.jar_test_interval_hr,                   -- This field only has meaning if config_type = 2.The interval (hrs) in which the jar test is performed. If this field is empty, no jar test is required for the specific WTW.\r\n    t.jar_measure_type,                       -- (if config_type <> 2, use default value 0) 0: the jar test measurement is \"絮凝大小\"; 1: the jar test measurement is \"沉澱速度\"\r\n    t.require_to_test,                        -- (if config_type <> 2, use default value false)True: perform taste & odour test;False: no need to perform taste & odour test\r\n    t1.parameter_limit_id,                    -- ID of each item in the parameters\r\n    t1.ph_compare,                            -- ID of each item in the parameters\r\n    t1.ph_min_value,                          -- ID of the corresponding sampling location\r\n    t1.ph_min_val_dp,                         -- Target type: 0: operational target; 1: critical limit\r\n    t1.ph_max_value,                          -- Define whether pH value is acceptable or not\r\n    t1.ph_max_val_dp,                         -- Define whether pH value is acceptable or not\r\n    t1.turb_compare,                          -- No. of decimal places for min value,-1: if the value is null\r\n    t1.turb_min_value,                        -- Define whether pH value is acceptable or not\r\n    t1.turb_min_val_dp,                       -- No. of decimal places for max value,-1: if the value is null\r\n    t1.turb_max_value,                        -- Define whether Turbidity value is acceptable or not\r\n    t1.turb_max_val_dp,                       -- Define whether Turbidity value is acceptable or not\r\n    t1.rcl2_compare,                          -- No. of decimal places for min value,-1: if the value is null\r\n    t1.rcl2_min_value,                        -- Define whether Turbidity value is acceptable or not\r\n    t1.rcl2_min_val_dp,                       -- No. of decimal places for max value,-1: if the value is null\r\n    t1.rcl2_max_value,                        -- Define whether Residual Chlorine is acceptable or not\r\n    t1.rcl2_max_val_dp,                       -- Define whether Residual Chlorine is acceptable or not\r\n    t1.uv_compare,                            -- No. of decimal places for min value,-1: if the value is null\r\n    t1.uv_min_value,                          -- Define whether Residual Chlorine is acceptable or not\r\n    t1.uv_min_val_dp,                         -- No. of decimal places for max value,-1: if the value is null\r\n    t1.uv_max_value,                          -- Define whether UV light is acceptable or not\r\n    t1.uv_max_val_dp,                         -- Define whether UV light is acceptable or not\r\n    t1.fluoride_compare,                      -- No. of decimal places for min value,-1: if the value is null\r\n    t1.fluoride_min_value,                    -- Define whether UV light is acceptable or not\r\n    t1.fluoride_min_val_dp,                   -- No. of decimal places for max value,-1: if the value is null\r\n    t1.fluoride_max_value,                    -- Define whether Fluoride is acceptable or not\r\n    t1.fluoride_max_val_dp,                   -- Define whether Fluoride is acceptable or not\r\n    t1.mn_compare,                            -- No. of decimal places for min value,-1: if the value is null\r\n    t1.mn_min_value,                          -- Define whether Fluoride is acceptable or not\r\n    t1.mn_min_val_dp,                         -- No. of decimal places for max value,-1: if the value is null\r\n    t1.mn_max_value,                          -- Define whether Manganese is acceptable or not\r\n    t1.mn_max_val_dp,                         -- Define whether Manganese is acceptable or not\r\n    t1.nh3_compare,                           -- No. of decimal places for min value,-1: if the value is null\r\n    t1.nh3_min_value,                         -- Define whether Manganese is acceptable or not\r\n    t1.nh3_min_val_dp,                        -- No. of decimal places for max value,-1: if the value is null\r\n    t1.nh3_max_value,                         -- Define whether Ammonia is acceptable or not\r\n    t1.nh3_max_val_dp,                        -- Define whether Ammonia is acceptable or not\r\n    t2.loc_full_name,                         -- No. of decimal places for min value,-1: if the value is null\r\n    t2.loc_name,                              -- Define whether Ammonia is acceptable or not\r\n    t2.loc_suffix,                            -- No. of decimal places for max value,-1: if the value is null\r\n    t2.loc_name_chi,                          -- Location full name (including suffices). This field can also be used for translation in UI and labeling in reports.\r\n    now() as dim_update_time,\r\n    now() as dim_load_time\r\nfrom\r\n    coss_ods.ods_labconnect_wtw_wqmm_config_df t\r\n    inner join coss_ods.ods_labconnect_wtw_wqmm_parameter_limit_df t1 on t.config_id  = t1.config_id\r\n    inner join coss_ods.ods_labconnect_wtw_wqmm_location_df t2 on t1.loc_id = t2.loc_id\r\nON DUPLICATE KEY update\r\n    config_id = values(config_id),\r\n    wtw_id = values(wtw_id),\r\n    i_code = values(i_code),\r\n    config_type = values(config_type),\r\n    created_date = values(created_date),\r\n    verification_interval_hr = values(verification_interval_hr),\r\n    jar_test_interval_hr = values(jar_test_interval_hr),\r\n    jar_measure_type = values(jar_measure_type),\r\n    require_to_test = values(require_to_test),\r\n    loc_id = values(loc_id),\r\n    target_type = values(target_type),\r\n    ph_compare = values(ph_compare),\r\n    ph_min_value = values(ph_min_value),\r\n    ph_min_val_dp = values(ph_min_val_dp),\r\n    ph_max_value = values(ph_max_value),\r\n    ph_max_val_dp = values(ph_max_val_dp),\r\n    turb_compare = values(turb_compare),\r\n    turb_min_value = values(turb_min_value),\r\n    turb_min_val_dp = values(turb_min_val_dp),\r\n    turb_max_value = values(turb_max_value),\r\n    turb_max_val_dp = values(turb_max_val_dp),\r\n    rcl2_compare = values(rcl2_compare),\r\n    rcl2_min_value = values(rcl2_min_value),\r\n    rcl2_min_val_dp = values(rcl2_min_val_dp),\r\n    rcl2_max_value = values(rcl2_max_value),\r\n    rcl2_max_val_dp = values(rcl2_max_val_dp),\r\n    uv_compare = values(uv_compare),\r\n    uv_min_value = values(uv_min_value),\r\n    uv_min_val_dp = values(uv_min_val_dp),\r\n    uv_max_value = values(uv_max_value),\r\n    uv_max_val_dp = values(uv_max_val_dp),\r\n    fluoride_compare = values(fluoride_compare),\r\n    fluoride_min_value = values(fluoride_min_value),\r\n    fluoride_min_val_dp = values(fluoride_min_val_dp),\r\n    fluoride_max_value = values(fluoride_max_value),\r\n    fluoride_max_val_dp = values(fluoride_max_val_dp),\r\n    mn_compare = values(mn_compare),\r\n    mn_min_value = values(mn_min_value),\r\n    mn_min_val_dp = values(mn_min_val_dp),\r\n    mn_max_value = values(mn_max_value),\r\n    mn_max_val_dp = values(mn_max_val_dp),\r\n    nh3_compare = values(nh3_compare),\r\n    nh3_min_value = values(nh3_min_value),\r\n    nh3_min_val_dp = values(nh3_min_val_dp),\r\n    nh3_max_value = values(nh3_max_value),\r\n    nh3_max_val_dp = values(nh3_max_val_dp),\r\n    loc_full_name = values(loc_full_name),\r\n    loc_name = values(loc_name),\r\n    loc_suffix = values(loc_suffix),\r\n    loc_name_chi = values(loc_name_chi),\r\n    dim_update_time = values(dim_update_time)","sqlType":"1","preStatements":[],"postStatements":[],"segmentSeparator":";","displayRows":10},"taskParamList":[],"taskParamMap":null,"flag":"YES","taskPriority":"MEDIUM","userName":null,"projectName":null,"workerGroup":"default","environmentCode":17270889904672,"failRetryTimes":0,"failRetryInterval":1,"timeoutFlag":"CLOSE","timeoutNotifyStrategy":null,"timeout":0,"delayTime":0,"resourceIds":"","createTime":"2025-11-18 14:12:38","updateTime":"2025-11-18 15:20:24","modifyBy":null,"taskGroupId":0,"taskGroupPriority":0,"cpuQuota":-1,"memoryMax":-1,"taskExecuteType":"BATCH","operator":2,"operateTime":"2025-11-18 15:20:24"},{"id":21614,"code":19714467496608,"name":"dim_to_dws","version":1,"description":"","projectCode":18796782717216,"userId":2,"taskType":"SUB_PROCESS","taskParams":{"localParams":[],"resourceList":[],"processDefinitionCode":19714074897570},"taskParamList":[],"taskParamMap":null,"flag":"YES","taskPriority":"MEDIUM","userName":null,"projectName":null,"workerGroup":"default","environmentCode":17270889904672,"failRetryTimes":0,"failRetryInterval":1,"timeoutFlag":"CLOSE","timeoutNotifyStrategy":null,"timeout":0,"delayTime":0,"resourceIds":"","createTime":"2025-11-18 15:08:32","updateTime":"2025-11-18 15:08:32","modifyBy":null,"taskGroupId":0,"taskGroupPriority":0,"cpuQuota":-1,"memoryMax":-1,"taskExecuteType":"BATCH","operator":2,"operateTime":"2025-11-18 15:08:32"}],"schedule":null}]