[{"processDefinition":{"id":588,"code":19624227889952,"name":"dwd_wtw_etl_water_quality_day","version":2,"releaseState":"OFFLINE","projectCode":18796782717216,"description":"Clean and load water quality data in the dwd layer","globalParams":"[]","globalParamList":[],"globalParamMap":{},"createTime":"2025-11-10 11:18:00","updateTime":"2025-11-10 13:52:51","flag":"YES","userId":2,"userName":null,"projectName":null,"locations":"[{\"taskCode\":19624227889954,\"x\":321,\"y\":330},{\"taskCode\":19624227889953,\"x\":321,\"y\":182},{\"taskCode\":19624227889955,\"x\":321,\"y\":463}]","scheduleReleaseState":null,"timeout":0,"tenantId":-1,"tenantCode":null,"modifyBy":null,"warningGroupId":0,"executionType":"PARALLEL"},"processTaskRelationList":[{"id":5139,"name":"","processDefinitionVersion":2,"projectCode":18796782717216,"processDefinitionCode":19624227889952,"preTaskCode":0,"preTaskVersion":0,"postTaskCode":19624227889953,"postTaskVersion":1,"conditionType":"NONE","conditionParams":{},"createTime":"2025-11-10 13:52:51","updateTime":"2025-11-10 13:52:51","operator":2,"operateTime":"2025-11-10 13:52:51"},{"id":5140,"name":"","processDefinitionVersion":2,"projectCode":18796782717216,"processDefinitionCode":19624227889952,"preTaskCode":19624227889953,"preTaskVersion":1,"postTaskCode":19624227889954,"postTaskVersion":1,"conditionType":"NONE","conditionParams":{},"createTime":"2025-11-10 13:52:51","updateTime":"2025-11-10 13:52:51","operator":2,"operateTime":"2025-11-10 13:52:51"},{"id":5141,"name":"","processDefinitionVersion":2,"projectCode":18796782717216,"processDefinitionCode":19624227889952,"preTaskCode":19624227889954,"preTaskVersion":1,"postTaskCode":19624227889955,"postTaskVersion":2,"conditionType":"NONE","conditionParams":{},"createTime":"2025-11-10 13:52:51","updateTime":"2025-11-10 13:52:51","operator":2,"operateTime":"2025-11-10 13:52:51"}],"taskDefinitionList":[{"id":2188,"code":19624227889953,"name":"dws_wtw_etl_water_quality_day_sql_dwd_wtw_verification_di_year_add","version":1,"description":"","projectCode":18796782717216,"userId":2,"taskType":"SQL","taskParams":{"localParams":[],"resourceList":[],"type":"POSTGRESQL","datasource":4,"sql":";delete from  coss_dwd.dwd_wtw_verification_di_year\r\n;insert into coss_dwd.dwd_wtw_verification_di_year\r\nselect \r\n    t.verification_id\r\n    ,t.wtw_id\r\n    ,t.status\r\n    ,t.last_updated_date\r\n    ,t.sample_date\r\n    ,t.reviewed_date\r\n    ,t1.wtw_code\r\n    ,t1.wtw_name\r\n    ,t1.wtw_name_chi\r\n    ,t1.phase_1\r\n    ,t1.phase_2\r\n    ,t1.phase_3\r\n    ,now() as dwd_update_time\r\n    ,now() as dwd_load_time\r\nfrom \r\n    coss_ods.ods_labconnect_labcon_hki_wtw_wqmm_analyzer_verification_di_year t\r\n    inner join coss_ods.ods_labconnect_labcon_hki_wtw_wtw_unit_df   t1 on t.wtw_id = t1.wtw_id ","sqlType":"1","preStatements":[],"postStatements":[],"segmentSeparator":";","displayRows":10},"taskParamList":[],"taskParamMap":null,"flag":"YES","taskPriority":"MEDIUM","userName":null,"projectName":null,"workerGroup":"default","environmentCode":17270889904672,"failRetryTimes":0,"failRetryInterval":1,"timeoutFlag":"CLOSE","timeoutNotifyStrategy":null,"timeout":0,"delayTime":0,"resourceIds":"","createTime":"2025-11-10 11:18:00","updateTime":"2025-11-10 11:18:00","modifyBy":null,"taskGroupId":0,"taskGroupPriority":0,"cpuQuota":-1,"memoryMax":-1,"taskExecuteType":"BATCH","operator":2,"operateTime":"2025-11-10 11:18:00"},{"id":2189,"code":19624227889954,"name":"dws_wtw_etl_water_quality_day_sql_dwd_wtw_verification_item_di_year_add","version":1,"description":"","projectCode":18796782717216,"userId":2,"taskType":"SQL","taskParams":{"localParams":[],"resourceList":[],"type":"POSTGRESQL","datasource":4,"sql":";delete from coss_dwd.dwd_wtw_verification_item_di_year\r\n;insert into coss_dwd.dwd_wtw_verification_item_di_year\r\nselect \r\n    t1.verification_item_id\r\n    ,t1.verification_id\r\n    ,t1.loc_id\r\n    ,t2.loc_full_name\r\n    ,t2.loc_name\r\n    ,t2.loc_suffix\r\n    ,t2.loc_name_chi\r\n    ,t.sample_date\r\n    ,t1.ph_manual\r\n    ,t1.ph_analyzer\r\n    ,t1.ph_remarks\r\n    ,t1.turb_manual\r\n    ,t1.turb_analyzer\r\n    ,t1.turb_remarks\r\n    ,t1.rcl2_manual\r\n    ,t1.rcl2_analyzer\r\n    ,t1.rcl2_remarks\r\n    ,t1.fluoride_manual\r\n    ,t1.fluoride_analyzer\r\n    ,t1.fluoride_remarks\r\n    ,t1.mn_manual\r\n    ,t1.mn_analyzer\r\n    ,t1.mn_remarks\r\n    ,t1.nh3_manual\r\n    ,t1.nh3_analyzer\r\n    ,t1.nh3_remarks\r\n    ,t1.uv_manual\r\n    ,t1.uv_analyzer\r\n    ,t1.uv_remarks\r\n    ,now() as dwd_update_time\r\n    ,now() as dwd_load_time\r\nfrom \r\n    coss_ods.ods_labconnect_labcon_hki_wtw_wqmm_analyzer_verification_di_year  t\r\n    inner join coss_ods.ods_labconnect_labcon_hki_wtw_wqmm_analyzer_verification_item_df  t1 on t.verification_id = t1.verification_id\r\n    inner join coss_ods.ods_labconnect_labcon_hki_wtw_wqmm_location_df t2 on t1.loc_id = t2.loc_id ","sqlType":"1","preStatements":[],"postStatements":[],"segmentSeparator":";","displayRows":10},"taskParamList":[],"taskParamMap":null,"flag":"YES","taskPriority":"MEDIUM","userName":null,"projectName":null,"workerGroup":"default","environmentCode":17270889904672,"failRetryTimes":0,"failRetryInterval":1,"timeoutFlag":"CLOSE","timeoutNotifyStrategy":null,"timeout":0,"delayTime":0,"resourceIds":"","createTime":"2025-11-10 11:18:00","updateTime":"2025-11-10 11:18:00","modifyBy":null,"taskGroupId":0,"taskGroupPriority":0,"cpuQuota":-1,"memoryMax":-1,"taskExecuteType":"BATCH","operator":2,"operateTime":"2025-11-10 11:18:00"},{"id":2247,"code":19624227889955,"name":"dwd_to_dim","version":2,"description":"","projectCode":18796782717216,"userId":2,"taskType":"SUB_PROCESS","taskParams":{"localParams":[],"resourceList":[],"processDefinitionCode":19624227231776},"taskParamList":[],"taskParamMap":null,"flag":"YES","taskPriority":"MEDIUM","userName":null,"projectName":null,"workerGroup":"default","environmentCode":17270889904672,"failRetryTimes":0,"failRetryInterval":1,"timeoutFlag":"CLOSE","timeoutNotifyStrategy":null,"timeout":0,"delayTime":0,"resourceIds":"","createTime":"2025-11-10 11:18:00","updateTime":"2025-11-10 13:52:51","modifyBy":null,"taskGroupId":0,"taskGroupPriority":0,"cpuQuota":-1,"memoryMax":-1,"taskExecuteType":"BATCH","operator":2,"operateTime":"2025-11-10 13:52:51"}],"schedule":null}]