[{"processDefinition":{"id":589,"code":19624228687648,"name":"ods_labconnect_extract_water_quality_day","version":3,"releaseState":"ONLINE","projectCode":18796782717216,"description":"Extract labconnect system water quality data","globalParams":"[]","globalParamList":[],"globalParamMap":{},"createTime":"2025-11-10 11:18:06","updateTime":"2025-11-10 13:52:06","flag":"YES","userId":2,"userName":null,"projectName":null,"locations":"[{\"taskCode\":19624228687659,\"x\":175,\"y\":-888},{\"taskCode\":19624228687650,\"x\":-1060,\"y\":-1350},{\"taskCode\":19624228687653,\"x\":185,\"y\":-1195.75},{\"taskCode\":19624228687649,\"x\":-205,\"y\":-1340},{\"taskCode\":19624228687657,\"x\":-1060,\"y\":-888},{\"taskCode\":19624228687663,\"x\":-620,\"y\":-888},{\"taskCode\":19624228687655,\"x\":-205,\"y\":-1020},{\"taskCode\":19624228687661,\"x\":-1060,\"y\":-1195.75},{\"taskCode\":19624228687665,\"x\":834,\"y\":-968},{\"taskCode\":19624228687654,\"x\":-205,\"y\":-888},{\"taskCode\":19624228687664,\"x\":-205,\"y\":-1195.75},{\"taskCode\":19624228687651,\"x\":-1060,\"y\":-1048},{\"taskCode\":19624228687662,\"x\":175,\"y\":-1020},{\"taskCode\":19624228687660,\"x\":-630,\"y\":-1048},{\"taskCode\":19624228687658,\"x\":-630,\"y\":-1195.75},{\"taskCode\":19624228687652,\"x\":-620,\"y\":-1340},{\"taskCode\":19624228687656,\"x\":175,\"y\":-1340}]","scheduleReleaseState":null,"timeout":0,"tenantId":-1,"tenantCode":null,"modifyBy":null,"warningGroupId":0,"executionType":"PARALLEL"},"processTaskRelationList":[{"id":5109,"name":"","processDefinitionVersion":3,"projectCode":18796782717216,"processDefinitionCode":19624228687648,"preTaskCode":0,"preTaskVersion":0,"postTaskCode":19624228687653,"postTaskVersion":2,"conditionType":"NONE","conditionParams":{},"createTime":"2025-11-10 13:52:07","updateTime":"2025-11-10 13:52:07","operator":2,"operateTime":"2025-11-10 13:52:07"},{"id":5112,"name":"","processDefinitionVersion":3,"projectCode":18796782717216,"processDefinitionCode":19624228687648,"preTaskCode":0,"preTaskVersion":0,"postTaskCode":19624228687663,"postTaskVersion":2,"conditionType":"NONE","conditionParams":{},"createTime":"2025-11-10 13:52:07","updateTime":"2025-11-10 13:52:07","operator":2,"operateTime":"2025-11-10 13:52:07"},{"id":5115,"name":"","processDefinitionVersion":3,"projectCode":18796782717216,"processDefinitionCode":19624228687648,"preTaskCode":0,"preTaskVersion":0,"postTaskCode":19624228687654,"postTaskVersion":2,"conditionType":"NONE","conditionParams":{},"createTime":"2025-11-10 13:52:07","updateTime":"2025-11-10 13:52:07","operator":2,"operateTime":"2025-11-10 13:52:07"},{"id":5118,"name":"","processDefinitionVersion":3,"projectCode":18796782717216,"processDefinitionCode":19624228687648,"preTaskCode":0,"preTaskVersion":0,"postTaskCode":19624228687662,"postTaskVersion":2,"conditionType":"NONE","conditionParams":{},"createTime":"2025-11-10 13:52:07","updateTime":"2025-11-10 13:52:07","operator":2,"operateTime":"2025-11-10 13:52:07"},{"id":5119,"name":"","processDefinitionVersion":3,"projectCode":18796782717216,"processDefinitionCode":19624228687648,"preTaskCode":0,"preTaskVersion":0,"postTaskCode":19624228687660,"postTaskVersion":2,"conditionType":"NONE","conditionParams":{},"createTime":"2025-11-10 13:52:07","updateTime":"2025-11-10 13:52:07","operator":2,"operateTime":"2025-11-10 13:52:07"},{"id":5124,"name":"","processDefinitionVersion":3,"projectCode":18796782717216,"processDefinitionCode":19624228687648,"preTaskCode":19624228687657,"preTaskVersion":2,"postTaskCode":19624228687665,"postTaskVersion":2,"conditionType":"NONE","conditionParams":{},"createTime":"2025-11-10 13:52:07","updateTime":"2025-11-10 13:52:07","operator":2,"operateTime":"2025-11-10 13:52:07"},{"id":5126,"name":"","processDefinitionVersion":3,"projectCode":18796782717216,"processDefinitionCode":19624228687648,"preTaskCode":19624228687656,"preTaskVersion":2,"postTaskCode":19624228687665,"postTaskVersion":2,"conditionType":"NONE","conditionParams":{},"createTime":"2025-11-10 13:52:07","updateTime":"2025-11-10 13:52:07","operator":2,"operateTime":"2025-11-10 13:52:07"},{"id":5127,"name":"","processDefinitionVersion":3,"projectCode":18796782717216,"processDefinitionCode":19624228687648,"preTaskCode":19624228687659,"preTaskVersion":2,"postTaskCode":19624228687665,"postTaskVersion":2,"conditionType":"NONE","conditionParams":{},"createTime":"2025-11-10 13:52:07","updateTime":"2025-11-10 13:52:07","operator":2,"operateTime":"2025-11-10 13:52:07"},{"id":5131,"name":"","processDefinitionVersion":3,"projectCode":18796782717216,"processDefinitionCode":19624228687648,"preTaskCode":19624228687650,"preTaskVersion":2,"postTaskCode":19624228687665,"postTaskVersion":2,"conditionType":"NONE","conditionParams":{},"createTime":"2025-11-10 13:52:07","updateTime":"2025-11-10 13:52:07","operator":2,"operateTime":"2025-11-10 13:52:07"},{"id":5134,"name":"","processDefinitionVersion":3,"projectCode":18796782717216,"processDefinitionCode":19624228687648,"preTaskCode":19624228687660,"preTaskVersion":2,"postTaskCode":19624228687665,"postTaskVersion":2,"conditionType":"NONE","conditionParams":{},"createTime":"2025-11-10 13:52:07","updateTime":"2025-11-10 13:52:07","operator":2,"operateTime":"2025-11-10 13:52:07"},{"id":5137,"name":"","processDefinitionVersion":3,"projectCode":18796782717216,"processDefinitionCode":19624228687648,"preTaskCode":19624228687651,"preTaskVersion":2,"postTaskCode":19624228687665,"postTaskVersion":2,"conditionType":"NONE","conditionParams":{},"createTime":"2025-11-10 13:52:07","updateTime":"2025-11-10 13:52:07","operator":2,"operateTime":"2025-11-10 13:52:07"},{"id":5107,"name":"","processDefinitionVersion":3,"projectCode":18796782717216,"processDefinitionCode":19624228687648,"preTaskCode":0,"preTaskVersion":0,"postTaskCode":19624228687659,"postTaskVersion":2,"conditionType":"NONE","conditionParams":{},"createTime":"2025-11-10 13:52:07","updateTime":"2025-11-10 13:52:07","operator":2,"operateTime":"2025-11-10 13:52:07"},{"id":5122,"name":"","processDefinitionVersion":3,"projectCode":18796782717216,"processDefinitionCode":19624228687648,"preTaskCode":0,"preTaskVersion":0,"postTaskCode":19624228687656,"postTaskVersion":2,"conditionType":"NONE","conditionParams":{},"createTime":"2025-11-10 13:52:07","updateTime":"2025-11-10 13:52:07","operator":2,"operateTime":"2025-11-10 13:52:07"},{"id":5123,"name":"","processDefinitionVersion":3,"projectCode":18796782717216,"processDefinitionCode":19624228687648,"preTaskCode":19624228687664,"preTaskVersion":2,"postTaskCode":19624228687665,"postTaskVersion":2,"conditionType":"NONE","conditionParams":{},"createTime":"2025-11-10 13:52:07","updateTime":"2025-11-10 13:52:07","operator":2,"operateTime":"2025-11-10 13:52:07"},{"id":5125,"name":"","processDefinitionVersion":3,"projectCode":18796782717216,"processDefinitionCode":19624228687648,"preTaskCode":19624228687649,"preTaskVersion":2,"postTaskCode":19624228687665,"postTaskVersion":2,"conditionType":"NONE","conditionParams":{},"createTime":"2025-11-10 13:52:07","updateTime":"2025-11-10 13:52:07","operator":2,"operateTime":"2025-11-10 13:52:07"},{"id":5132,"name":"","processDefinitionVersion":3,"projectCode":18796782717216,"processDefinitionCode":19624228687648,"preTaskCode":19624228687658,"preTaskVersion":2,"postTaskCode":19624228687665,"postTaskVersion":2,"conditionType":"NONE","conditionParams":{},"createTime":"2025-11-10 13:52:07","updateTime":"2025-11-10 13:52:07","operator":2,"operateTime":"2025-11-10 13:52:07"},{"id":5110,"name":"","processDefinitionVersion":3,"projectCode":18796782717216,"processDefinitionCode":19624228687648,"preTaskCode":0,"preTaskVersion":0,"postTaskCode":19624228687649,"postTaskVersion":2,"conditionType":"NONE","conditionParams":{},"createTime":"2025-11-10 13:52:07","updateTime":"2025-11-10 13:52:07","operator":2,"operateTime":"2025-11-10 13:52:07"},{"id":5111,"name":"","processDefinitionVersion":3,"projectCode":18796782717216,"processDefinitionCode":19624228687648,"preTaskCode":0,"preTaskVersion":0,"postTaskCode":19624228687657,"postTaskVersion":2,"conditionType":"NONE","conditionParams":{},"createTime":"2025-11-10 13:52:07","updateTime":"2025-11-10 13:52:07","operator":2,"operateTime":"2025-11-10 13:52:07"},{"id":5114,"name":"","processDefinitionVersion":3,"projectCode":18796782717216,"processDefinitionCode":19624228687648,"preTaskCode":0,"preTaskVersion":0,"postTaskCode":19624228687661,"postTaskVersion":2,"conditionType":"NONE","conditionParams":{},"createTime":"2025-11-10 13:52:07","updateTime":"2025-11-10 13:52:07","operator":2,"operateTime":"2025-11-10 13:52:07"},{"id":5120,"name":"","processDefinitionVersion":3,"projectCode":18796782717216,"processDefinitionCode":19624228687648,"preTaskCode":0,"preTaskVersion":0,"postTaskCode":19624228687658,"postTaskVersion":2,"conditionType":"NONE","conditionParams":{},"createTime":"2025-11-10 13:52:07","updateTime":"2025-11-10 13:52:07","operator":2,"operateTime":"2025-11-10 13:52:07"},{"id":5135,"name":"","processDefinitionVersion":3,"projectCode":18796782717216,"processDefinitionCode":19624228687648,"preTaskCode":19624228687663,"preTaskVersion":2,"postTaskCode":19624228687665,"postTaskVersion":2,"conditionType":"NONE","conditionParams":{},"createTime":"2025-11-10 13:52:07","updateTime":"2025-11-10 13:52:07","operator":2,"operateTime":"2025-11-10 13:52:07"},{"id":5108,"name":"","processDefinitionVersion":3,"projectCode":18796782717216,"processDefinitionCode":19624228687648,"preTaskCode":0,"preTaskVersion":0,"postTaskCode":19624228687650,"postTaskVersion":2,"conditionType":"NONE","conditionParams":{},"createTime":"2025-11-10 13:52:07","updateTime":"2025-11-10 13:52:07","operator":2,"operateTime":"2025-11-10 13:52:07"},{"id":5113,"name":"","processDefinitionVersion":3,"projectCode":18796782717216,"processDefinitionCode":19624228687648,"preTaskCode":0,"preTaskVersion":0,"postTaskCode":19624228687655,"postTaskVersion":2,"conditionType":"NONE","conditionParams":{},"createTime":"2025-11-10 13:52:07","updateTime":"2025-11-10 13:52:07","operator":2,"operateTime":"2025-11-10 13:52:07"},{"id":5116,"name":"","processDefinitionVersion":3,"projectCode":18796782717216,"processDefinitionCode":19624228687648,"preTaskCode":0,"preTaskVersion":0,"postTaskCode":19624228687664,"postTaskVersion":2,"conditionType":"NONE","conditionParams":{},"createTime":"2025-11-10 13:52:07","updateTime":"2025-11-10 13:52:07","operator":2,"operateTime":"2025-11-10 13:52:07"},{"id":5117,"name":"","processDefinitionVersion":3,"projectCode":18796782717216,"processDefinitionCode":19624228687648,"preTaskCode":0,"preTaskVersion":0,"postTaskCode":19624228687651,"postTaskVersion":2,"conditionType":"NONE","conditionParams":{},"createTime":"2025-11-10 13:52:07","updateTime":"2025-11-10 13:52:07","operator":2,"operateTime":"2025-11-10 13:52:07"},{"id":5121,"name":"","processDefinitionVersion":3,"projectCode":18796782717216,"processDefinitionCode":19624228687648,"preTaskCode":0,"preTaskVersion":0,"postTaskCode":19624228687652,"postTaskVersion":2,"conditionType":"NONE","conditionParams":{},"createTime":"2025-11-10 13:52:07","updateTime":"2025-11-10 13:52:07","operator":2,"operateTime":"2025-11-10 13:52:07"},{"id":5128,"name":"","processDefinitionVersion":3,"projectCode":18796782717216,"processDefinitionCode":19624228687648,"preTaskCode":19624228687653,"preTaskVersion":2,"postTaskCode":19624228687665,"postTaskVersion":2,"conditionType":"NONE","conditionParams":{},"createTime":"2025-11-10 13:52:07","updateTime":"2025-11-10 13:52:07","operator":2,"operateTime":"2025-11-10 13:52:07"},{"id":5129,"name":"","processDefinitionVersion":3,"projectCode":18796782717216,"processDefinitionCode":19624228687648,"preTaskCode":19624228687662,"preTaskVersion":2,"postTaskCode":19624228687665,"postTaskVersion":2,"conditionType":"NONE","conditionParams":{},"createTime":"2025-11-10 13:52:07","updateTime":"2025-11-10 13:52:07","operator":2,"operateTime":"2025-11-10 13:52:07"},{"id":5130,"name":"","processDefinitionVersion":3,"projectCode":18796782717216,"processDefinitionCode":19624228687648,"preTaskCode":19624228687661,"preTaskVersion":2,"postTaskCode":19624228687665,"postTaskVersion":2,"conditionType":"NONE","conditionParams":{},"createTime":"2025-11-10 13:52:07","updateTime":"2025-11-10 13:52:07","operator":2,"operateTime":"2025-11-10 13:52:07"},{"id":5133,"name":"","processDefinitionVersion":3,"projectCode":18796782717216,"processDefinitionCode":19624228687648,"preTaskCode":19624228687655,"preTaskVersion":2,"postTaskCode":19624228687665,"postTaskVersion":2,"conditionType":"NONE","conditionParams":{},"createTime":"2025-11-10 13:52:07","updateTime":"2025-11-10 13:52:07","operator":2,"operateTime":"2025-11-10 13:52:07"},{"id":5136,"name":"","processDefinitionVersion":3,"projectCode":18796782717216,"processDefinitionCode":19624228687648,"preTaskCode":19624228687652,"preTaskVersion":2,"postTaskCode":19624228687665,"postTaskVersion":2,"conditionType":"NONE","conditionParams":{},"createTime":"2025-11-10 13:52:07","updateTime":"2025-11-10 13:52:07","operator":2,"operateTime":"2025-11-10 13:52:07"},{"id":5138,"name":"","processDefinitionVersion":3,"projectCode":18796782717216,"processDefinitionCode":19624228687648,"preTaskCode":19624228687654,"preTaskVersion":2,"postTaskCode":19624228687665,"postTaskVersion":2,"conditionType":"NONE","conditionParams":{},"createTime":"2025-11-10 13:52:07","updateTime":"2025-11-10 13:52:07","operator":2,"operateTime":"2025-11-10 13:52:07"}],"taskDefinitionList":[{"id":2230,"code":19624228687649,"name":"ods_labconnect_extract_water_quality_day_datax_ods_labconnect_labcon_hki_wqmm_location_df_all","version":2,"description":"","projectCode":18796782717216,"userId":2,"taskType":"DATAX","taskParams":{"localParams":[],"resourceList":[],"customConfig":0,"dsType":"POSTGRESQL","dataSource":12,"dtType":"POSTGRESQL","dataTarget":4,"sql":"select\r\n  loc_id\r\n  ,loc_full_name\r\n  ,loc_name\r\n  ,loc_suffix\r\n  ,loc_name_chi\r\n  ,loc_color_pri\r\n  ,loc_color_sec\r\n  ,localtimestamp ods_update_time\r\n  ,localtimestamp ods_load_time\r\nfrom\r\nlabcon_hki.wqmm_location","targetTable":"coss_ods.ods_labconnect_labcon_hki_wtw_wqmm_location_df","jobSpeedByte":0,"jobSpeedRecord":1000,"preStatements":["delete from coss_ods.ods_labconnect_labcon_hki_wtw_wqmm_location_df"],"postStatements":[],"xms":1,"xmx":1},"taskParamList":[],"taskParamMap":null,"flag":"YES","taskPriority":"MEDIUM","userName":null,"projectName":null,"workerGroup":"default","environmentCode":17270889904672,"failRetryTimes":0,"failRetryInterval":1,"timeoutFlag":"CLOSE","timeoutNotifyStrategy":null,"timeout":0,"delayTime":0,"resourceIds":"","createTime":"2025-11-10 11:18:06","updateTime":"2025-11-10 11:38:59","modifyBy":null,"taskGroupId":0,"taskGroupPriority":0,"cpuQuota":-1,"memoryMax":-1,"taskExecuteType":"BATCH","operator":2,"operateTime":"2025-11-10 11:38:59"},{"id":2231,"code":19624228687657,"name":"ods_labconnect_extract_water_quality_day_datax_ods_labconnect_labcon_hki_wqmm_chem_parameter_df_all","version":2,"description":"","projectCode":18796782717216,"userId":2,"taskType":"DATAX","taskParams":{"localParams":[],"resourceList":[],"customConfig":0,"dsType":"POSTGRESQL","dataSource":12,"dtType":"POSTGRESQL","dataTarget":4,"sql":"select\r\n  ch_para\r\n  ,ch_para_unit\r\n  ,ch_para_order\r\n  ,ch_round_dp\r\n  ,ch_name_chi\r\n  ,localtimestamp ods_update_time\r\n  ,localtimestamp ods_load_time\r\nfrom\r\nlabcon_hki.wqmm_chem_parameter","targetTable":"coss_ods.ods_labconnect_labcon_hki_wtw_wqmm_chem_parameter_df","jobSpeedByte":0,"jobSpeedRecord":1000,"preStatements":["delete from coss_ods.ods_labconnect_labcon_hki_wtw_wqmm_chem_parameter_df"],"postStatements":[],"xms":1,"xmx":1},"taskParamList":[],"taskParamMap":null,"flag":"YES","taskPriority":"MEDIUM","userName":null,"projectName":null,"workerGroup":"default","environmentCode":17270889904672,"failRetryTimes":0,"failRetryInterval":1,"timeoutFlag":"CLOSE","timeoutNotifyStrategy":null,"timeout":0,"delayTime":0,"resourceIds":"","createTime":"2025-11-10 11:18:06","updateTime":"2025-11-10 11:38:59","modifyBy":null,"taskGroupId":0,"taskGroupPriority":0,"cpuQuota":-1,"memoryMax":-1,"taskExecuteType":"BATCH","operator":2,"operateTime":"2025-11-10 11:38:59"},{"id":2236,"code":19624228687663,"name":"ods_labconnect_extract_water_quality_day_datax_ods_labconnect_labcon_hki_wqmm_jar_test_item_df_all","version":2,"description":"","projectCode":18796782717216,"userId":2,"taskType":"DATAX","taskParams":{"localParams":[],"resourceList":[],"customConfig":0,"dsType":"POSTGRESQL","dataSource":12,"dtType":"POSTGRESQL","dataTarget":4,"sql":"select\r\n  jar_test_item_id\r\n  ,jar_test_id\r\n  ,jar_id\r\n  ,test_dosage_alum\r\n  ,test_dosage_hlime\r\n  ,precipitation\r\n  ,result_turb\r\n  ,result_ph\r\n  ,localtimestamp ods_update_time\r\n  ,localtimestamp ods_load_time\r\nfrom\r\nlabcon_hki.wqmm_jar_test_item","targetTable":"coss_ods.ods_labconnect_labcon_hki_wtw_wqmm_jar_test_item_df","jobSpeedByte":0,"jobSpeedRecord":1000,"preStatements":["delete from coss_ods.ods_labconnect_labcon_hki_wtw_wqmm_jar_test_item_df"],"postStatements":[],"xms":1,"xmx":1},"taskParamList":[],"taskParamMap":null,"flag":"YES","taskPriority":"MEDIUM","userName":null,"projectName":null,"workerGroup":"default","environmentCode":17270889904672,"failRetryTimes":0,"failRetryInterval":1,"timeoutFlag":"CLOSE","timeoutNotifyStrategy":null,"timeout":0,"delayTime":0,"resourceIds":"","createTime":"2025-11-10 11:18:06","updateTime":"2025-11-10 11:38:59","modifyBy":null,"taskGroupId":0,"taskGroupPriority":0,"cpuQuota":-1,"memoryMax":-1,"taskExecuteType":"BATCH","operator":2,"operateTime":"2025-11-10 11:38:59"},{"id":2240,"code":19624228687655,"name":"ods_labconnect_extract_water_quality_day_datax_ods_labconnect_labcon_hki_wqmm_process_handling_df_all","version":2,"description":"","projectCode":18796782717216,"userId":2,"taskType":"DATAX","taskParams":{"localParams":[],"resourceList":[],"customConfig":0,"dsType":"POSTGRESQL","dataSource":12,"dtType":"POSTGRESQL","dataTarget":4,"sql":"select\r\n  process\r\n  ,status\r\n  ,user_group_id\r\n  ,localtimestamp ods_update_time\r\n  ,localtimestamp ods_load_time\r\nfrom\r\nlabcon_hki.wqmm_process_handling","targetTable":"coss_ods.ods_labconnect_labcon_hki_wtw_wqmm_process_handling_df","jobSpeedByte":0,"jobSpeedRecord":1000,"preStatements":["delete from coss_ods.ods_labconnect_labcon_hki_wtw_wqmm_process_handling_df"],"postStatements":[],"xms":1,"xmx":1},"taskParamList":[],"taskParamMap":null,"flag":"YES","taskPriority":"MEDIUM","userName":null,"projectName":null,"workerGroup":"default","environmentCode":17270889904672,"failRetryTimes":0,"failRetryInterval":1,"timeoutFlag":"CLOSE","timeoutNotifyStrategy":null,"timeout":0,"delayTime":0,"resourceIds":"","createTime":"2025-11-10 11:18:06","updateTime":"2025-11-10 11:38:59","modifyBy":null,"taskGroupId":0,"taskGroupPriority":0,"cpuQuota":-1,"memoryMax":-1,"taskExecuteType":"BATCH","operator":2,"operateTime":"2025-11-10 11:38:59"},{"id":2241,"code":19624228687661,"name":"ods_labconnect_extract_water_quality_day_datax_ods_labconnect_labcon_hki_wqmm_analyzer_verification_di_year_add","version":2,"description":"","projectCode":18796782717216,"userId":2,"taskType":"DATAX","taskParams":{"localParams":[],"resourceList":[],"customConfig":0,"dsType":"POSTGRESQL","dataSource":12,"dtType":"POSTGRESQL","dataTarget":4,"sql":"select\r\n  verification_id\r\n  ,wtw_id\r\n  ,status\r\n  ,last_updated_date\r\n  ,sample_date\r\n  ,reported_by\r\n  ,reported_role\r\n  ,reported_date\r\n  ,no_record_reason\r\n  ,approved_by\r\n  ,approved_role\r\n  ,approved_remarks\r\n  ,approved_date\r\n  ,require_acknowledgement\r\n  ,acknowledged_by\r\n  ,acknowledged_role\r\n  ,acknowledged_remarks\r\n  ,acknowledged_date\r\n  ,reviewed_by\r\n  ,reviewed_role\r\n  ,reviewed_remarks\r\n  ,reviewed_date\r\n  ,localtimestamp ods_update_time\r\n  ,localtimestamp ods_load_time\r\nfrom\r\nlabcon_hki.wqmm_analyzer_verification","targetTable":"coss_ods.ods_labconnect_labcon_hki_wtw_wqmm_analyzer_verification_di_year","jobSpeedByte":0,"jobSpeedRecord":1000,"preStatements":["delete from coss_ods.ods_labconnect_labcon_hki_wtw_wqmm_analyzer_verification_di_year"],"postStatements":[],"xms":1,"xmx":1},"taskParamList":[],"taskParamMap":null,"flag":"YES","taskPriority":"MEDIUM","userName":null,"projectName":null,"workerGroup":"default","environmentCode":17270889904672,"failRetryTimes":0,"failRetryInterval":1,"timeoutFlag":"CLOSE","timeoutNotifyStrategy":null,"timeout":0,"delayTime":0,"resourceIds":"","createTime":"2025-11-10 11:18:06","updateTime":"2025-11-10 11:38:59","modifyBy":null,"taskGroupId":0,"taskGroupPriority":0,"cpuQuota":-1,"memoryMax":-1,"taskExecuteType":"BATCH","operator":2,"operateTime":"2025-11-10 11:38:59"},{"id":2246,"code":19624228687665,"name":"ods_to_dwd","version":2,"description":"","projectCode":18796782717216,"userId":2,"taskType":"SUB_PROCESS","taskParams":{"localParams":[],"resourceList":[],"processDefinitionCode":19624227889952},"taskParamList":[],"taskParamMap":null,"flag":"YES","taskPriority":"MEDIUM","userName":null,"projectName":null,"workerGroup":"default","environmentCode":17270889904672,"failRetryTimes":0,"failRetryInterval":1,"timeoutFlag":"CLOSE","timeoutNotifyStrategy":null,"timeout":0,"delayTime":0,"resourceIds":"","createTime":"2025-11-10 11:18:06","updateTime":"2025-11-10 13:52:06","modifyBy":null,"taskGroupId":0,"taskGroupPriority":0,"cpuQuota":-1,"memoryMax":-1,"taskExecuteType":"BATCH","operator":2,"operateTime":"2025-11-10 13:52:06"},{"id":2232,"code":19624228687660,"name":"ods_labconnect_extract_water_quality_day_datax_ods_labconnect_labcon_hki_wqmm_jar_test_df_all","version":2,"description":"","projectCode":18796782717216,"userId":2,"taskType":"DATAX","taskParams":{"localParams":[],"resourceList":[],"customConfig":0,"dsType":"POSTGRESQL","dataSource":12,"dtType":"POSTGRESQL","dataTarget":4,"sql":"select\r\n  jar_test_id\r\n  ,wtw_id\r\n  ,status\r\n  ,last_updated_date\r\n  ,sample_date\r\n  ,reported_by\r\n  ,reported_role\r\n  ,reported_date\r\n  ,reported_remarks\r\n  ,no_record_reason\r\n  ,approved_by\r\n  ,approved_role\r\n  ,approved_remarks\r\n  ,approved_date\r\n  ,reviewed_by\r\n  ,reviewed_role\r\n  ,reviewed_remarks\r\n  ,reviewed_date\r\n  ,raw_water_turb\r\n  ,raw_water_ph\r\n  ,current_dosage_alum\r\n  ,current_dosage_hlime\r\n  ,best_dosage_alum\r\n  ,best_dosage_hlime\r\n  ,need_adjust\r\n  ,localtimestamp ods_update_time\r\n  ,localtimestamp ods_load_time\r\nfrom\r\nlabcon_hki.wqmm_jar_test","targetTable":"coss_ods.ods_labconnect_labcon_hki_wtw_wqmm_jar_test_df","jobSpeedByte":0,"jobSpeedRecord":1000,"preStatements":["delete from coss_ods.ods_labconnect_labcon_hki_wtw_wqmm_jar_test_df"],"postStatements":[],"xms":1,"xmx":1},"taskParamList":[],"taskParamMap":null,"flag":"YES","taskPriority":"MEDIUM","userName":null,"projectName":null,"workerGroup":"default","environmentCode":17270889904672,"failRetryTimes":0,"failRetryInterval":1,"timeoutFlag":"CLOSE","timeoutNotifyStrategy":null,"timeout":0,"delayTime":0,"resourceIds":"","createTime":"2025-11-10 11:18:06","updateTime":"2025-11-10 11:38:59","modifyBy":null,"taskGroupId":0,"taskGroupPriority":0,"cpuQuota":-1,"memoryMax":-1,"taskExecuteType":"BATCH","operator":2,"operateTime":"2025-11-10 11:38:59"},{"id":2234,"code":19624228687658,"name":"ods_labconnect_extract_water_quality_day_datax_ods_labconnect_labcon_hki_wqmm_frequency_df_all","version":2,"description":"","projectCode":18796782717216,"userId":2,"taskType":"DATAX","taskParams":{"localParams":[],"resourceList":[],"customConfig":0,"dsType":"POSTGRESQL","dataSource":12,"dtType":"POSTGRESQL","dataTarget":4,"sql":"select\r\n  parameter_item_id\r\n  ,config_id\r\n  ,loc_id\r\n  ,ph_frequency\r\n  ,turb_frequency\r\n  ,rcl2_frequency\r\n  ,mn_frequency\r\n  ,nh3_frequency\r\n  ,uv_frequency\r\n  ,taste_frequency\r\n  ,odour_frequency\r\n  ,localtimestamp ods_update_time\r\n  ,localtimestamp ods_load_time\r\nfrom\r\nlabcon_hki.wqmm_frequency","targetTable":"coss_ods.ods_labconnect_labcon_hki_wtw_wqmm_frequency_df","jobSpeedByte":0,"jobSpeedRecord":1000,"preStatements":["delete from coss_ods.ods_labconnect_labcon_hki_wtw_wqmm_frequency_df"],"postStatements":[],"xms":1,"xmx":1},"taskParamList":[],"taskParamMap":null,"flag":"YES","taskPriority":"MEDIUM","userName":null,"projectName":null,"workerGroup":"default","environmentCode":17270889904672,"failRetryTimes":0,"failRetryInterval":1,"timeoutFlag":"CLOSE","timeoutNotifyStrategy":null,"timeout":0,"delayTime":0,"resourceIds":"","createTime":"2025-11-10 11:18:06","updateTime":"2025-11-10 11:38:59","modifyBy":null,"taskGroupId":0,"taskGroupPriority":0,"cpuQuota":-1,"memoryMax":-1,"taskExecuteType":"BATCH","operator":2,"operateTime":"2025-11-10 11:38:59"},{"id":2243,"code":19624228687652,"name":"ods_labconnect_extract_water_quality_day_datax_ods_labconnect_labcon_hki_wqmm_config_df_all","version":2,"description":"","projectCode":18796782717216,"userId":2,"taskType":"DATAX","taskParams":{"localParams":[],"resourceList":[],"customConfig":0,"dsType":"POSTGRESQL","dataSource":12,"dtType":"POSTGRESQL","dataTarget":4,"sql":"select\r\n  config_id\r\n  ,wtw_id\r\n  ,config_type\r\n  ,created_date\r\n  ,created_by\r\n  ,created_role\r\n  ,effective_date\r\n  ,verification_interval_hr\r\n  ,jar_test_interval_hr\r\n  ,jar_measure_type\r\n  ,require_to_test\r\n  ,localtimestamp ods_update_time\r\n  ,localtimestamp ods_load_time\r\nfrom\r\nlabcon_hki.wqmm_config","targetTable":"coss_ods.ods_labconnect_labcon_hki_wtw_wqmm_config_df","jobSpeedByte":0,"jobSpeedRecord":1000,"preStatements":["delete from coss_ods.ods_labconnect_labcon_hki_wtw_wqmm_config_df"],"postStatements":[],"xms":1,"xmx":1},"taskParamList":[],"taskParamMap":null,"flag":"YES","taskPriority":"MEDIUM","userName":null,"projectName":null,"workerGroup":"default","environmentCode":17270889904672,"failRetryTimes":0,"failRetryInterval":1,"timeoutFlag":"CLOSE","timeoutNotifyStrategy":null,"timeout":0,"delayTime":0,"resourceIds":"","createTime":"2025-11-10 11:18:06","updateTime":"2025-11-10 11:38:59","modifyBy":null,"taskGroupId":0,"taskGroupPriority":0,"cpuQuota":-1,"memoryMax":-1,"taskExecuteType":"BATCH","operator":2,"operateTime":"2025-11-10 11:38:59"},{"id":2245,"code":19624228687656,"name":"ods_labconnect_extract_water_quality_day_datax_ods_labconnect_labcon_hki_wqmm_taste_odour_df_all","version":2,"description":"","projectCode":18796782717216,"userId":2,"taskType":"DATAX","taskParams":{"localParams":[],"resourceList":[],"customConfig":0,"dsType":"POSTGRESQL","dataSource":12,"dtType":"POSTGRESQL","dataTarget":4,"sql":"select\r\n  to_test_id\r\n  ,wtw_id\r\n  ,status\r\n  ,last_updated_date\r\n  ,sample_date\r\n  ,reported_by\r\n  ,reported_role\r\n  ,reported_date\r\n  ,reported_remarks\r\n  ,no_record_reason\r\n  ,approved_by\r\n  ,approved_role\r\n  ,approved_remarks\r\n  ,approved_date\r\n  ,raw_water_odour\r\n  ,final_water_odour\r\n  ,final_water_taste\r\n  ,localtimestamp ods_update_time\r\n  ,localtimestamp ods_load_time\r\nfrom\r\nlabcon_hki.wqmm_taste_odour","targetTable":"coss_ods.ods_labconnect_labcon_hki_wtw_wqmm_taste_odour_df","jobSpeedByte":0,"jobSpeedRecord":1000,"preStatements":["delete from coss_ods.ods_labconnect_labcon_hki_wtw_wqmm_taste_odour_df"],"postStatements":[],"xms":1,"xmx":1},"taskParamList":[],"taskParamMap":null,"flag":"YES","taskPriority":"MEDIUM","userName":null,"projectName":null,"workerGroup":"default","environmentCode":17270889904672,"failRetryTimes":0,"failRetryInterval":1,"timeoutFlag":"CLOSE","timeoutNotifyStrategy":null,"timeout":0,"delayTime":0,"resourceIds":"","createTime":"2025-11-10 11:18:06","updateTime":"2025-11-10 11:38:59","modifyBy":null,"taskGroupId":0,"taskGroupPriority":0,"cpuQuota":-1,"memoryMax":-1,"taskExecuteType":"BATCH","operator":2,"operateTime":"2025-11-10 11:38:59"},{"id":2244,"code":19624228687654,"name":"ods_labconnect_extract_water_quality_day_datax_ods_labconnect_labcon_hki_wqmm_reminder_df_all","version":2,"description":"","projectCode":18796782717216,"userId":2,"taskType":"DATAX","taskParams":{"localParams":[],"resourceList":[],"customConfig":0,"dsType":"POSTGRESQL","dataSource":12,"dtType":"POSTGRESQL","dataTarget":4,"sql":"select\r\n  reminder_id\r\n  ,wtw_id\r\n  ,status\r\n  ,created_date\r\n  ,completed_date\r\n  ,completed_by\r\n  ,process\r\n  ,loc_id\r\n  ,parameter\r\n  ,next_sample_time\r\n  ,localtimestamp ods_update_time\r\n  ,localtimestamp ods_load_time\r\nfrom\r\nlabcon_hki.wqmm_reminder","targetTable":"coss_ods.ods_labconnect_labcon_hki_wtw_wqmm_reminder_df","jobSpeedByte":0,"jobSpeedRecord":1000,"preStatements":["delete from coss_ods.ods_labconnect_labcon_hki_wtw_wqmm_reminder_df"],"postStatements":[],"xms":1,"xmx":1},"taskParamList":[],"taskParamMap":null,"flag":"YES","taskPriority":"MEDIUM","userName":null,"projectName":null,"workerGroup":"default","environmentCode":17270889904672,"failRetryTimes":0,"failRetryInterval":1,"timeoutFlag":"CLOSE","timeoutNotifyStrategy":null,"timeout":0,"delayTime":0,"resourceIds":"","createTime":"2025-11-10 11:18:06","updateTime":"2025-11-10 11:38:59","modifyBy":null,"taskGroupId":0,"taskGroupPriority":0,"cpuQuota":-1,"memoryMax":-1,"taskExecuteType":"BATCH","operator":2,"operateTime":"2025-11-10 11:38:59"},{"id":2233,"code":19624228687664,"name":"ods_labconnect_extract_water_quality_day_datax_ods_labconnect_labcon_hki_wqmm_parameter_limit_df_all","version":2,"description":"","projectCode":18796782717216,"userId":2,"taskType":"DATAX","taskParams":{"localParams":[],"resourceList":[],"customConfig":0,"dsType":"POSTGRESQL","dataSource":12,"dtType":"POSTGRESQL","dataTarget":4,"sql":"select\r\n  parameter_limit_id\r\n  ,config_id\r\n  ,loc_id\r\n  ,target_type\r\n  ,ph_compare\r\n  ,ph_min_value\r\n  ,ph_max_value\r\n  ,turb_compare\r\n  ,turb_min_value\r\n  ,turb_max_value\r\n  ,rcl2_compare\r\n  ,rcl2_min_value\r\n  ,rcl2_max_value\r\n  ,uv_compare\r\n  ,uv_min_value\r\n  ,uv_max_value\r\n  ,fluoride_compare\r\n  ,fluoride_min_value\r\n  ,fluoride_max_value\r\n  ,mn_compare\r\n  ,mn_min_value\r\n  ,mn_max_value\r\n  ,nh3_compare\r\n  ,nh3_min_value\r\n  ,nh3_max_value\r\n  ,localtimestamp ods_update_time\r\n  ,localtimestamp ods_load_time\r\nfrom\r\nlabcon_hki.wqmm_parameter_limit","targetTable":"coss_ods.ods_labconnect_labcon_hki_wtw_wqmm_parameter_limit_df","jobSpeedByte":0,"jobSpeedRecord":1000,"preStatements":["delete from coss_ods.ods_labconnect_labcon_hki_wtw_wqmm_parameter_limit_df"],"postStatements":[],"xms":1,"xmx":1},"taskParamList":[],"taskParamMap":null,"flag":"YES","taskPriority":"MEDIUM","userName":null,"projectName":null,"workerGroup":"default","environmentCode":17270889904672,"failRetryTimes":0,"failRetryInterval":1,"timeoutFlag":"CLOSE","timeoutNotifyStrategy":null,"timeout":0,"delayTime":0,"resourceIds":"","createTime":"2025-11-10 11:18:06","updateTime":"2025-11-10 11:38:59","modifyBy":null,"taskGroupId":0,"taskGroupPriority":0,"cpuQuota":-1,"memoryMax":-1,"taskExecuteType":"BATCH","operator":2,"operateTime":"2025-11-10 11:38:59"},{"id":2238,"code":19624228687651,"name":"ods_labconnect_extract_water_quality_day_datax_ods_labconnect_labcon_hki_wqmm_analyzer_verification_item_df_all","version":2,"description":"","projectCode":18796782717216,"userId":2,"taskType":"DATAX","taskParams":{"localParams":[],"resourceList":[],"customConfig":0,"dsType":"POSTGRESQL","dataSource":12,"dtType":"POSTGRESQL","dataTarget":4,"sql":"select\r\n  verification_item_id\r\n  ,verification_id\r\n  ,loc_id\r\n  ,ph_manual\r\n  ,ph_analyzer\r\n  ,ph_remarks\r\n  ,turb_manual\r\n  ,turb_analyzer\r\n  ,turb_remarks\r\n  ,rcl2_manual\r\n  ,rcl2_analyzer\r\n  ,rcl2_remarks\r\n  ,fluoride_manual\r\n  ,fluoride_analyzer\r\n  ,fluoride_remarks\r\n  ,mn_manual\r\n  ,mn_analyzer\r\n  ,mn_remarks\r\n  ,nh3_manual\r\n  ,nh3_analyzer\r\n  ,nh3_remarks\r\n  ,uv_manual\r\n  ,uv_analyzer\r\n  ,uv_remarks\r\n  ,localtimestamp ods_update_time\r\n  ,localtimestamp ods_load_time\r\nfrom\r\nlabcon_hki.wqmm_analyzer_verification_item","targetTable":"coss_ods.ods_labconnect_labcon_hki_wtw_wqmm_analyzer_verification_item_df","jobSpeedByte":0,"jobSpeedRecord":1000,"preStatements":["delete from coss_ods.ods_labconnect_labcon_hki_wtw_wqmm_analyzer_verification_item_df"],"postStatements":[],"xms":1,"xmx":1},"taskParamList":[],"taskParamMap":null,"flag":"YES","taskPriority":"MEDIUM","userName":null,"projectName":null,"workerGroup":"default","environmentCode":17270889904672,"failRetryTimes":0,"failRetryInterval":1,"timeoutFlag":"CLOSE","timeoutNotifyStrategy":null,"timeout":0,"delayTime":0,"resourceIds":"","createTime":"2025-11-10 11:18:06","updateTime":"2025-11-10 11:38:59","modifyBy":null,"taskGroupId":0,"taskGroupPriority":0,"cpuQuota":-1,"memoryMax":-1,"taskExecuteType":"BATCH","operator":2,"operateTime":"2025-11-10 11:38:59"},{"id":2242,"code":19624228687662,"name":"ods_labconnect_extract_water_quality_day_datax_ods_labconnect_labcon_hki_wqmm_water_quality_item_df_all","version":2,"description":"","projectCode":18796782717216,"userId":2,"taskType":"DATAX","taskParams":{"localParams":[],"resourceList":[],"customConfig":0,"dsType":"POSTGRESQL","dataSource":12,"dtType":"POSTGRESQL","dataTarget":4,"sql":"select\r\n  water_quality_item_id\r\n  ,water_quality_id\r\n  ,loc_id\r\n  ,ph\r\n  ,ph_src\r\n  ,ph_remarks\r\n  ,turb\r\n  ,turb_src\r\n  ,turb_remarks\r\n  ,rcl2\r\n  ,rcl2_src\r\n  ,rcl2_remarks\r\n  ,fluoride\r\n  ,fluoride_src\r\n  ,fluoride_remarks\r\n  ,mn\r\n  ,mn_src\r\n  ,mn_remarks\r\n  ,nh3\r\n  ,nh3_src\r\n  ,nh3_remarks\r\n  ,uv\r\n  ,uv_src\r\n  ,uv_remarks\r\n  ,localtimestamp ods_update_time\r\n  ,localtimestamp ods_load_time\r\nfrom\r\nlabcon_hki.wqmm_water_quality_item","targetTable":"coss_ods.ods_labconnect_labcon_hki_wtw_wqmm_water_quality_item_df","jobSpeedByte":0,"jobSpeedRecord":1000,"preStatements":["delete from coss_ods.ods_labconnect_labcon_hki_wtw_wqmm_water_quality_item_df"],"postStatements":[],"xms":1,"xmx":1},"taskParamList":[],"taskParamMap":null,"flag":"YES","taskPriority":"MEDIUM","userName":null,"projectName":null,"workerGroup":"default","environmentCode":17270889904672,"failRetryTimes":0,"failRetryInterval":1,"timeoutFlag":"CLOSE","timeoutNotifyStrategy":null,"timeout":0,"delayTime":0,"resourceIds":"","createTime":"2025-11-10 11:18:06","updateTime":"2025-11-10 11:38:59","modifyBy":null,"taskGroupId":0,"taskGroupPriority":0,"cpuQuota":-1,"memoryMax":-1,"taskExecuteType":"BATCH","operator":2,"operateTime":"2025-11-10 11:38:59"},{"id":2235,"code":19624228687659,"name":"ods_labconnect_extract_water_quality_day_datax_ods_labconnect_labcon_hki_wtw_unit_df_all","version":2,"description":"","projectCode":18796782717216,"userId":2,"taskType":"DATAX","taskParams":{"localParams":[],"resourceList":[],"customConfig":0,"dsType":"POSTGRESQL","dataSource":12,"dtType":"POSTGRESQL","dataTarget":4,"sql":"select\r\n  wtw_id\r\n  ,wtw_code\r\n  ,wtw_name\r\n  ,wtw_name_chi\r\n  ,phase_1\r\n  ,phase_2\r\n  ,phase_3\r\n  ,localtimestamp ods_update_time\r\n  ,localtimestamp ods_load_time\r\nfrom\r\nlabcon_hki.wtw_unit\r\n\r\n","targetTable":"coss_ods.ods_labconnect_labcon_hki_wtw_wtw_unit_df","jobSpeedByte":0,"jobSpeedRecord":1000,"preStatements":["delete from coss_ods.ods_labconnect_labcon_hki_wtw_wtw_unit_df"],"postStatements":[],"xms":1,"xmx":1},"taskParamList":[],"taskParamMap":null,"flag":"YES","taskPriority":"MEDIUM","userName":null,"projectName":null,"workerGroup":"default","environmentCode":17270889904672,"failRetryTimes":0,"failRetryInterval":1,"timeoutFlag":"CLOSE","timeoutNotifyStrategy":null,"timeout":0,"delayTime":0,"resourceIds":"","createTime":"2025-11-10 11:18:06","updateTime":"2025-11-10 11:38:59","modifyBy":null,"taskGroupId":0,"taskGroupPriority":0,"cpuQuota":-1,"memoryMax":-1,"taskExecuteType":"BATCH","operator":2,"operateTime":"2025-11-10 11:38:59"},{"id":2237,"code":19624228687650,"name":"ods_labconnect_extract_water_quality_day_datax_ods_labconnect_labcon_hki_wqmm_acceptable_diff_df_all","version":2,"description":"","projectCode":18796782717216,"userId":2,"taskType":"DATAX","taskParams":{"localParams":[],"resourceList":[],"customConfig":0,"dsType":"POSTGRESQL","dataSource":12,"dtType":"POSTGRESQL","dataTarget":4,"sql":"select \r\n  acceptable_diff_id\r\n  ,config_id\r\n  ,loc_id\r\n  ,ph_abs_diff\r\n  ,ph_percent_diff\r\n  ,turb_abs_diff\r\n  ,turb_percent_diff\r\n  ,rcl2_abs_diff\r\n  ,rcl2_percent_diff\r\n  ,fluoride_abs_diff\r\n  ,fluoride_percent_diff\r\n  ,mn_abs_diff\r\n  ,mn_percent_diff\r\n  ,nh3_abs_diff\r\n  ,nh3_percent_diff\r\n  ,uv_abs_diff\r\n  ,uv_percent_diff\r\n  ,localtimestamp ods_update_time\r\n  ,localtimestamp ods_load_time\r\nfrom \r\nlabcon_hki.wqmm_acceptable_diff","targetTable":"coss_ods.ods_labconnect_labcon_hki_wtw_wqmm_acceptable_diff_df","jobSpeedByte":0,"jobSpeedRecord":1000,"preStatements":["delete from coss_ods.ods_labconnect_labcon_hki_wtw_wqmm_acceptable_diff_df"],"postStatements":[],"xms":1,"xmx":1},"taskParamList":[],"taskParamMap":null,"flag":"YES","taskPriority":"MEDIUM","userName":null,"projectName":null,"workerGroup":"default","environmentCode":17270889904672,"failRetryTimes":0,"failRetryInterval":1,"timeoutFlag":"CLOSE","timeoutNotifyStrategy":null,"timeout":0,"delayTime":0,"resourceIds":"","createTime":"2025-11-10 11:18:06","updateTime":"2025-11-10 11:38:59","modifyBy":null,"taskGroupId":0,"taskGroupPriority":0,"cpuQuota":-1,"memoryMax":-1,"taskExecuteType":"BATCH","operator":2,"operateTime":"2025-11-10 11:38:59"},{"id":2239,"code":19624228687653,"name":"ods_labconnect_extract_water_quality_day_datax_ods_labconnect_labcon_hki_wqmm_water_quality_df_all","version":2,"description":"","projectCode":18796782717216,"userId":2,"taskType":"DATAX","taskParams":{"localParams":[],"resourceList":[],"customConfig":0,"dsType":"POSTGRESQL","dataSource":12,"dtType":"POSTGRESQL","dataTarget":4,"sql":"select\r\n  water_quality_id\r\n  ,wtw_id\r\n  ,status\r\n  ,last_updated_date\r\n  ,sample_date\r\n  ,visual_inspect_status\r\n  ,abnormal_observed_at\r\n  ,abnormal_reported_to\r\n  ,abnormal_reported_to_role\r\n  ,abnormal_reported_date\r\n  ,reported_by\r\n  ,reported_role\r\n  ,reported_date\r\n  ,no_record_reason\r\n  ,approved_by\r\n  ,approved_role\r\n  ,approved_remarks\r\n  ,approved_date\r\n  ,reviewed_by\r\n  ,reviewed_role\r\n  ,reviewed_remarks\r\n  ,reviewed_date\r\n  ,localtimestamp ods_update_time\r\n  ,localtimestamp ods_load_time\r\nfrom\r\nlabcon_hki.wqmm_water_quality","targetTable":"coss_ods.ods_labconnect_labcon_hki_wtw_wqmm_water_quality_df","jobSpeedByte":0,"jobSpeedRecord":1000,"preStatements":["delete from coss_ods.ods_labconnect_labcon_hki_wtw_wqmm_water_quality_df"],"postStatements":[],"xms":1,"xmx":1},"taskParamList":[],"taskParamMap":null,"flag":"YES","taskPriority":"MEDIUM","userName":null,"projectName":null,"workerGroup":"default","environmentCode":17270889904672,"failRetryTimes":0,"failRetryInterval":1,"timeoutFlag":"CLOSE","timeoutNotifyStrategy":null,"timeout":0,"delayTime":0,"resourceIds":"","createTime":"2025-11-10 11:18:06","updateTime":"2025-11-10 11:38:59","modifyBy":null,"taskGroupId":0,"taskGroupPriority":0,"cpuQuota":-1,"memoryMax":-1,"taskExecuteType":"BATCH","operator":2,"operateTime":"2025-11-10 11:38:59"}],"schedule":{"id":134,"processDefinitionCode":19624228687648,"processDefinitionName":null,"projectName":null,"definitionDescription":null,"startTime":"2025-10-11 00:00:00","endTime":"2135-10-11 00:00:00","timezoneId":"Asia/Shanghai","crontab":"59 59 23 * * ? *","failureStrategy":"CONTINUE","warningType":"NONE","createTime":"2025-11-10 11:18:06","updateTime":"2025-11-10 11:18:06","userId":2,"userName":null,"releaseState":"OFFLINE","warningGroupId":0,"processInstancePriority":"MEDIUM","workerGroup":"default","environmentCode":-1}}]