[{"processDefinition":{"id":585,"code":19624225566624,"name":"dm_wtw_etl_water_quality_day","version":2,"releaseState":"ONLINE","projectCode":18796782717216,"description":"Clean and load water quality data in the dm layer","globalParams":"[]","globalParamList":[],"globalParamMap":{},"createTime":"2025-11-10 11:17:42","updateTime":"2025-11-10 13:59:23","flag":"YES","userId":2,"userName":null,"projectName":null,"locations":"[{\"taskCode\":19624225566625,\"x\":400,\"y\":536},{\"taskCode\":19624225566627,\"x\":400,\"y\":786},{\"taskCode\":19624225566628,\"x\":400,\"y\":656},{\"taskCode\":19624225566626,\"x\":400,\"y\":430}]","scheduleReleaseState":null,"timeout":0,"tenantId":-1,"tenantCode":null,"modifyBy":null,"warningGroupId":0,"executionType":"PARALLEL"},"processTaskRelationList":[{"id":5146,"name":"","processDefinitionVersion":2,"projectCode":18796782717216,"processDefinitionCode":19624225566624,"preTaskCode":0,"preTaskVersion":0,"postTaskCode":19624225566626,"postTaskVersion":1,"conditionType":"NONE","conditionParams":{},"createTime":"2025-11-10 13:59:23","updateTime":"2025-11-10 13:59:23","operator":2,"operateTime":"2025-11-10 13:59:23"},{"id":5147,"name":"","processDefinitionVersion":2,"projectCode":18796782717216,"processDefinitionCode":19624225566624,"preTaskCode":19624225566628,"preTaskVersion":1,"postTaskCode":19624225566627,"postTaskVersion":1,"conditionType":"NONE","conditionParams":{},"createTime":"2025-11-10 13:59:23","updateTime":"2025-11-10 13:59:23","operator":2,"operateTime":"2025-11-10 13:59:23"},{"id":5148,"name":"","processDefinitionVersion":2,"projectCode":18796782717216,"processDefinitionCode":19624225566624,"preTaskCode":19624225566625,"preTaskVersion":1,"postTaskCode":19624225566628,"postTaskVersion":1,"conditionType":"NONE","conditionParams":{},"createTime":"2025-11-10 13:59:23","updateTime":"2025-11-10 13:59:23","operator":2,"operateTime":"2025-11-10 13:59:23"},{"id":5149,"name":"","processDefinitionVersion":2,"projectCode":18796782717216,"processDefinitionCode":19624225566624,"preTaskCode":19624225566626,"preTaskVersion":1,"postTaskCode":19624225566625,"postTaskVersion":1,"conditionType":"NONE","conditionParams":{},"createTime":"2025-11-10 13:59:23","updateTime":"2025-11-10 13:59:23","operator":2,"operateTime":"2025-11-10 13:59:23"}],"taskDefinitionList":[{"id":2180,"code":19624225566625,"name":"dm_wtw_etl_water_quality_day_sql_dm_wtw_dosed_water_quality_di_add","version":1,"description":"","projectCode":18796782717216,"userId":2,"taskType":"SQL","taskParams":{"localParams":[],"resourceList":[],"type":"POSTGRESQL","datasource":4,"sql":";delete from coss_dm.dm_wtw_dosed_water_quality_di\r\n;insert into coss_dm.dm_wtw_dosed_water_quality_di\r\nselect \r\n    t.wtw_id\r\n    ,t.loc_id\r\n    ,t1.i_code\r\n    ,t.sample_date\r\n    ,t.ph_manual\r\n    ,t.ph_analyzer\r\n    ,if(t.ph_manual>= t1.ph_min_value and t.ph_manual<= t1.ph_max_value,1,0) ph_is_pass\r\n    ,t.rcl2_manual\r\n    ,t.rcl2_analyzer\r\n    ,if(true ,1,0) rcl2_is_pass\r\n    ,if((if(t.ph_manual>= t1.ph_min_value and t.ph_manual<= t1.ph_max_value,1,0))+if(true ,1,0)=2, 1, 0) dosed_is_pass\r\n    ,t1.ph_compare\r\n    ,t1.ph_min_value\r\n    ,t1.ph_max_value\r\n    ,t1.rcl2_compare\r\n    ,t1.rcl2_min_value\r\n    ,t1.rcl2_max_value \t\r\n    ,now() as dm_update_time\r\n    ,now() as dm_load_time\r\nfrom \r\n(\r\nselect \r\n    wtw_id\r\n    ,loc_id\r\n    ,sample_date\r\n    ,ph_manual\r\n    ,ph_analyzer\r\n    ,rcl2_manual\r\n    ,rcl2_analyzer \r\nfrom \r\n    coss_dws.dws_wtw_verification_item_di_year \r\n\twhere wtw_id =1\r\n    and loc_id = 20\r\n)t \r\n\tinner join \r\n(\r\nselect \r\n    wtw_id\r\n    ,loc_id\r\n    ,i_code  \r\n    ,ph_compare\r\n    ,ph_min_value\r\n    ,ph_max_value\r\n    ,rcl2_compare\r\n    ,rcl2_min_value\r\n    ,rcl2_max_value \r\nfrom coss_dim.dim_wtw_water_quality_paramaters \r\n    where wtw_id = 1\r\n    and loc_id =20\r\n    and parameter_limit_id = 21\r\n)t1 on t.wtw_id = t1.wtw_id and t.loc_id = t1.loc_id\r\n\r\nunion all \r\n\r\nselect \r\n    t.wtw_id\r\n    ,t.loc_id\r\n    ,t1.i_code\r\n    ,t.sample_date\r\n    ,t.ph_manual\r\n    ,t.ph_analyzer\r\n    ,if(t.ph_manual>= t1.ph_min_value and t.ph_manual<= t1.ph_max_value,1,0) ph_is_pass\r\n    ,t.rcl2_manual\r\n    ,t.rcl2_analyzer\r\n    ,if(true ,1,0) rcl2_is_pass\r\n    ,if((if(t.ph_manual>= t1.ph_min_value and t.ph_manual<= t1.ph_max_value,1,0))+if(true ,1,0)=2, 1, 0) dosed_is_pass\r\n    ,t1.ph_compare\r\n    ,t1.ph_min_value\r\n    ,t1.ph_max_value\r\n    ,t1.rcl2_compare\r\n    ,t1.rcl2_min_value\r\n    ,t1.rcl2_max_value \t\r\n    ,now() as dm_update_time\r\n    ,now() as dm_load_time\r\nfrom \r\n(\r\nselect \r\n    wtw_id\r\n    ,loc_id\r\n    ,sample_date\r\n    ,ph_manual\r\n    ,ph_analyzer\r\n    ,rcl2_manual\r\n    ,rcl2_analyzer \r\nfrom \r\n    coss_dws.dws_wtw_verification_item_di_year \r\n\twhere wtw_id =2\r\n    and loc_id = 20\r\n)t \r\n\tinner join \r\n(\r\nselect \r\n    wtw_id\r\n    ,loc_id\r\n    ,i_code\r\n    ,ph_compare\r\n    ,ph_min_value\r\n    ,ph_max_value\r\n    ,rcl2_compare\r\n    ,rcl2_min_value\r\n    ,rcl2_max_value \r\nfrom coss_dim.dim_wtw_water_quality_paramaters \r\n    where wtw_id = 2\r\n    and loc_id =20\r\n    and parameter_limit_id = 37\r\n)t1 on t.wtw_id = t1.wtw_id and t.loc_id = t1.loc_id\r\n\r\nunion all \r\n\r\nselect \r\n    t.wtw_id\r\n    ,t.loc_id\r\n    ,t1.i_code\r\n    ,t.sample_date\r\n    ,t.ph_manual\r\n    ,t.ph_analyzer\r\n    ,if(t.ph_manual>= t1.ph_min_value and t.ph_manual<= t1.ph_max_value,1,0) ph_is_pass\r\n    ,t.rcl2_manual\r\n    ,t.rcl2_analyzer\r\n    ,if(t.rcl2_manual>= t1.rcl2_min_value and t.rcl2_manual<= t1.rcl2_max_value,1,0) rcl2_is_pass\r\n    ,if((if(t.ph_manual>= t1.ph_min_value and t.ph_manual<= t1.ph_max_value,1,0))+if(t.rcl2_manual>= t1.rcl2_min_value and t.rcl2_manual<= t1.rcl2_max_value,1,0)=2, 1, 0) dosed_is_pass\r\n    ,t1.ph_compare\r\n    ,t1.ph_min_value\r\n    ,t1.ph_max_value\r\n    ,t1.rcl2_compare\r\n    ,t1.rcl2_min_value\r\n    ,t1.rcl2_max_value \t\r\n    ,now() as dm_update_time\r\n    ,now() as dm_load_time\r\nfrom \r\n(\r\nselect \r\n    wtw_id\r\n    ,loc_id\r\n    ,sample_date\r\n    ,ph_manual\r\n    ,ph_analyzer\r\n    ,rcl2_manual\r\n    ,rcl2_analyzer \r\nfrom \r\n    coss_dws.dws_wtw_verification_item_di_year \r\n\twhere wtw_id =3\r\n    and loc_id = 20\r\n)t \r\n\tinner join \r\n(\r\nselect \r\n    wtw_id\r\n    ,loc_id\r\n    ,i_code\r\n    ,ph_compare\r\n    ,ph_min_value\r\n    ,ph_max_value\r\n    ,rcl2_compare\r\n    ,rcl2_min_value\r\n    ,rcl2_max_value \r\nfrom coss_dim.dim_wtw_water_quality_paramaters \r\n    where wtw_id = 3\r\n    and loc_id =20\r\n    and parameter_limit_id = 11\r\n)t1 on t.wtw_id = t1.wtw_id and t.loc_id = t1.loc_id\r\n\r\nunion all \r\n\r\nselect \r\n    t.wtw_id\r\n    ,t.loc_id\r\n    ,t1.i_code\r\n    ,t.sample_date\r\n    ,t.ph_manual\r\n    ,t.ph_analyzer\r\n    ,if(t.ph_manual>= t1.ph_min_value and t.ph_manual<= t1.ph_max_value,1,0) ph_is_pass\r\n    ,t.rcl2_manual\r\n    ,t.rcl2_analyzer\r\n    ,if(t.rcl2_manual>= t1.rcl2_min_value and t.rcl2_manual<= t1.rcl2_max_value,1,0) rcl2_is_pass\r\n    ,if((if(t.ph_manual>= t1.ph_min_value and t.ph_manual<= t1.ph_max_value,1,0))+if(t.rcl2_manual>= t1.rcl2_min_value and t.rcl2_manual<= t1.rcl2_max_value,1,0)=2, 1, 0) dosed_is_pass\r\n    ,t1.ph_compare\r\n    ,t1.ph_min_value\r\n    ,t1.ph_max_value\r\n    ,t1.rcl2_compare\r\n    ,t1.rcl2_min_value\r\n    ,t1.rcl2_max_value \t\r\n    ,now() as dm_update_time\r\n    ,now() as dm_load_time\r\nfrom \r\n(\r\nselect \r\n    wtw_id\r\n    ,loc_id\r\n    ,sample_date\r\n    ,ph_manual\r\n    ,ph_analyzer\r\n    ,rcl2_manual\r\n    ,rcl2_analyzer \r\nfrom \r\n    coss_dws.dws_wtw_verification_item_di_year \r\n\twhere wtw_id =4\r\n    and loc_id = 20\r\n)t \r\n\tinner join \r\n(\r\nselect \r\n    wtw_id\r\n    ,loc_id\r\n    ,i_code\r\n    ,ph_compare\r\n    ,ph_min_value\r\n    ,ph_max_value\r\n    ,rcl2_compare\r\n    ,rcl2_min_value\r\n    ,rcl2_max_value \r\nfrom coss_dim.dim_wtw_water_quality_paramaters \r\n    where wtw_id = 4\r\n    and loc_id =20\r\n    and parameter_limit_id = 3\r\n)t1 on t.wtw_id = t1.wtw_id and t.loc_id = t1.loc_id\r\n\r\nunion all \r\n\r\nselect \r\n    t.wtw_id\r\n    ,t.loc_id\r\n    ,t1.i_code\r\n    ,t.sample_date\r\n    ,t.ph_manual\r\n    ,t.ph_analyzer\r\n    ,if(t.ph_manual>= t1.ph_min_value and t.ph_manual<= t1.ph_max_value,1,0) ph_is_pass\r\n    ,t.rcl2_manual\r\n    ,t.rcl2_analyzer\r\n    ,if(true ,1,0) rcl2_is_pass\r\n    ,if((if(t.ph_manual>= t1.ph_min_value and t.ph_manual<= t1.ph_max_value,1,0))+if(true ,1,0)=2, 1, 0) dosed_is_pass\r\n    ,t1.ph_compare\r\n    ,t1.ph_min_value\r\n    ,t1.ph_max_value\r\n    ,t1.rcl2_compare\r\n    ,t1.rcl2_min_value\r\n    ,t1.rcl2_max_value \t\r\n    ,now() as dm_update_time\r\n    ,now() as dm_load_time\r\nfrom \r\n(\r\nselect \r\n    wtw_id\r\n    ,loc_id\r\n    ,sample_date\r\n    ,ph_manual\r\n    ,ph_analyzer\r\n    ,rcl2_manual\r\n    ,rcl2_analyzer \r\nfrom \r\n    coss_dws.dws_wtw_verification_item_di_year \r\n\twhere wtw_id =5\r\n    and loc_id = 20\r\n)t \r\n\tinner join \r\n(\r\nselect \r\n    wtw_id\r\n    ,loc_id\r\n    ,i_code\r\n    ,ph_compare\r\n    ,ph_min_value\r\n    ,ph_max_value\r\n    ,rcl2_compare\r\n    ,rcl2_min_value\r\n    ,rcl2_max_value \r\nfrom coss_dim.dim_wtw_water_quality_paramaters \r\n    where wtw_id = 5\r\n    and loc_id =20\r\n    and parameter_limit_id = 47\r\n)t1 on t.wtw_id = t1.wtw_id and t.loc_id = t1.loc_id","sqlType":"1","preStatements":[],"postStatements":[],"segmentSeparator":";","displayRows":10},"taskParamList":[],"taskParamMap":null,"flag":"YES","taskPriority":"MEDIUM","userName":null,"projectName":null,"workerGroup":"default","environmentCode":17270889904672,"failRetryTimes":0,"failRetryInterval":1,"timeoutFlag":"CLOSE","timeoutNotifyStrategy":null,"timeout":0,"delayTime":0,"resourceIds":"","createTime":"2025-11-10 11:17:42","updateTime":"2025-11-10 11:17:42","modifyBy":null,"taskGroupId":0,"taskGroupPriority":0,"cpuQuota":-1,"memoryMax":-1,"taskExecuteType":"BATCH","operator":2,"operateTime":"2025-11-10 11:17:42"},{"id":2181,"code":19624225566626,"name":"dm_wtw_etl_water_quality_day_sql_dm_wtw_raw_water_quality_di_add","version":1,"description":"","projectCode":18796782717216,"userId":2,"taskType":"SQL","taskParams":{"localParams":[],"resourceList":[],"type":"POSTGRESQL","datasource":4,"sql":";delete from coss_dm.dm_wtw_raw_water_quality_di\r\n;insert into coss_dm.dm_wtw_raw_water_quality_di\r\nselect \r\n    t.wtw_id\r\n    ,t.loc_id\r\n    ,t1.i_code\r\n    ,t.sample_date\r\n    ,t.ph_manual\r\n    ,t.ph_analyzer\r\n    ,if(t.ph_manual<= t1.ph_max_value,1,0) ph_is_pass\r\n    ,t.turb_manual\r\n    ,t.turb_analyzer\r\n    ,if(t.turb_manual<= t1.turb_max_value,1,0) turb_is_pass\r\n    ,if((if(t.ph_manual<= t1.ph_max_value,1,0)+if(t.turb_manual<= t1.turb_max_value,1,0))=2, 1, 0) raw_is_pass\r\n    ,t1.ph_compare\r\n    ,t1.ph_min_value\r\n    ,t1.ph_max_value\r\n    ,t1.turb_compare\r\n    ,t1.turb_min_value\r\n    ,t1.turb_max_value \r\n    ,now() as dm_update_time\r\n    ,now() as dm_load_time\r\nfrom \r\n(\r\nselect \r\n    wtw_id\r\n    ,loc_id\r\n    ,sample_date\r\n    ,ph_manual\r\n    ,ph_analyzer\r\n    ,turb_manual\r\n    ,turb_analyzer \r\nfrom \r\n    coss_dws.dws_wtw_verification_item_di_year \r\n\twhere wtw_id =1\r\n    and loc_id = 0\r\n)t \r\n\tinner join \r\n(\r\nselect \r\n    wtw_id\r\n    ,loc_id\r\n    ,i_code\r\n    ,ph_compare\r\n    ,ph_min_value\r\n    ,ph_max_value\r\n    ,turb_compare\r\n    ,turb_min_value\r\n    ,turb_max_value \r\nfrom coss_dim.dim_wtw_water_quality_paramaters \r\n    where wtw_id = 1 and loc_id =0\r\n    and parameter_limit_id = 19\r\n)t1 on t.wtw_id = t1.wtw_id and t.loc_id = t1.loc_id\r\n\r\nunion all \r\n\r\nselect \r\n    t.wtw_id\r\n    ,t.loc_id\r\n    ,t1.i_code\r\n    ,t.sample_date\r\n    ,t.ph_manual\r\n    ,t.ph_analyzer\r\n    ,if(t.ph_manual<= t1.ph_max_value,1,0) ph_is_pass\r\n    ,t.turb_manual\r\n    ,t.turb_analyzer\r\n    ,if(t.turb_manual<= t1.turb_max_value,1,0) turb_is_pass\r\n    ,if((if(t.ph_manual<= t1.ph_max_value,1,0)+if(t.turb_manual<= t1.turb_max_value,1,0))=2, 1, 0) raw_is_pass\r\n    ,t1.ph_compare\r\n    ,t1.ph_min_value\r\n    ,t1.ph_max_value\r\n    ,t1.turb_compare\r\n    ,t1.turb_min_value\r\n    ,t1.turb_max_value \r\n    ,now() as dm_update_time\r\n    ,now() as dm_load_time\r\nfrom \r\n(\r\nselect \r\n    wtw_id\r\n    ,loc_id\r\n    ,sample_date\r\n    ,ph_manual\r\n    ,ph_analyzer\r\n    ,turb_manual\r\n    ,turb_analyzer \r\nfrom \r\n    coss_dws.dws_wtw_verification_item_di_year \r\n\twhere wtw_id =2\r\n    and loc_id = 0\r\n)t \r\n\tinner join \r\n(\r\nselect \r\n    wtw_id\r\n    ,loc_id\r\n    ,i_code\r\n    ,ph_compare\r\n    ,ph_min_value\r\n    ,ph_max_value\r\n    ,turb_compare\r\n    ,turb_min_value\r\n    ,turb_max_value \r\nfrom coss_dim.dim_wtw_water_quality_paramaters \r\n    where wtw_id = 2 \r\n    and loc_id =0\r\n    and parameter_limit_id = 35\r\n)t1 on t.wtw_id = t1.wtw_id and t.loc_id = t1.loc_id\r\n\r\nunion all \r\n\r\nselect \r\n    t.wtw_id\r\n    ,t.loc_id\r\n    ,t1.i_code\r\n    ,t.sample_date\r\n    ,t.ph_manual\r\n    ,t.ph_analyzer\r\n    ,if(t.ph_manual<= t1.ph_max_value,1,0) ph_is_pass\r\n    ,t.turb_manual\r\n    ,t.turb_analyzer\r\n    ,if(t.turb_manual<= t1.turb_max_value,1,0) turb_is_pass\r\n    ,if((if(t.ph_manual<= t1.ph_max_value,1,0)+if(t.turb_manual<= t1.turb_max_value,1,0))=2, 1, 0) raw_is_pass\r\n    ,t1.ph_compare\r\n    ,t1.ph_min_value\r\n    ,t1.ph_max_value\r\n    ,t1.turb_compare\r\n    ,t1.turb_min_value\r\n    ,t1.turb_max_value \t\r\n    ,now() as dm_update_time\r\n    ,now() as dm_load_time\r\nfrom \r\n(\r\nselect \r\n    wtw_id\r\n    ,loc_id\r\n    ,sample_date\r\n    ,ph_manual\r\n    ,ph_analyzer\r\n    ,turb_manual\r\n    ,turb_analyzer \r\nfrom \r\n    coss_dws.dws_wtw_verification_item_di_year \r\n\twhere wtw_id =3\r\n    and loc_id = 0\r\n)t \r\n\tinner join \r\n(\r\nselect \r\n    wtw_id\r\n    ,loc_id\r\n    ,i_code\r\n    ,ph_compare\r\n    ,ph_min_value\r\n    ,ph_max_value\r\n    ,turb_compare\r\n    ,turb_min_value\r\n    ,turb_max_value \r\nfrom coss_dim.dim_wtw_water_quality_paramaters \r\n    where wtw_id = 3 \r\n    and loc_id =0\r\n    and parameter_limit_id = 9\r\n)t1 on t.wtw_id = t1.wtw_id and t.loc_id = t1.loc_id\r\n\r\nunion all \r\n\r\nselect \r\n    t.wtw_id\r\n    ,t.loc_id\r\n    ,t1.i_code\r\n    ,t.sample_date\r\n    ,t.ph_manual\r\n    ,t.ph_analyzer\r\n    ,if(t.ph_manual<= t1.ph_max_value,1,0) ph_is_pass\r\n    ,t.turb_manual\r\n    ,t.turb_analyzer\r\n    ,if(t.turb_manual<= t1.turb_max_value,1,0) turb_is_pass\r\n    ,if((if(t.ph_manual<= t1.ph_max_value,1,0)+if(t.turb_manual<= t1.turb_max_value,1,0))=2, 1, 0) raw_is_pass\r\n    ,t1.ph_compare\r\n    ,t1.ph_min_value\r\n    ,t1.ph_max_value\r\n    ,t1.turb_compare\r\n    ,t1.turb_min_value\r\n    ,t1.turb_max_value \r\n    ,now() as dm_update_time\r\n    ,now() as dm_load_time\r\nfrom \r\n(\r\nselect \r\n    wtw_id\r\n    ,loc_id\r\n    ,sample_date\r\n    ,ph_manual\r\n    ,ph_analyzer\r\n    ,turb_manual\r\n    ,turb_analyzer \r\nfrom \r\n    coss_dws.dws_wtw_verification_item_di_year \r\n\twhere wtw_id =4\r\n    and loc_id = 0\r\n)t \r\n\tinner join \r\n(\r\nselect \r\n    wtw_id\r\n    ,loc_id\r\n    ,i_code\r\n    ,ph_compare\r\n    ,ph_min_value\r\n    ,ph_max_value\r\n    ,turb_compare\r\n    ,turb_min_value\r\n    ,turb_max_value \r\nfrom coss_dim.dim_wtw_water_quality_paramaters \r\n    where wtw_id = 4 \r\n    and loc_id =0\r\n    and parameter_limit_id = 1\r\n)t1 on t.wtw_id = t1.wtw_id and t.loc_id = t1.loc_id\r\n\r\nunion all \r\n\r\nselect \r\n    t.wtw_id\r\n    ,t.loc_id\r\n    ,t1.i_code\r\n    ,t.sample_date\r\n    ,t.ph_manual\r\n    ,t.ph_analyzer\r\n    ,if(t.ph_manual<= t1.ph_max_value,1,0) ph_is_pass\r\n    ,t.turb_manual\r\n    ,t.turb_analyzer\r\n    ,if(t.turb_manual<= t1.turb_max_value,1,0) turb_is_pass\r\n    ,if((if(t.ph_manual<= t1.ph_max_value,1,0)+if(t.turb_manual<= t1.turb_max_value,1,0))=2, 1, 0) raw_is_pass\r\n    ,t1.ph_compare\r\n    ,t1.ph_min_value\r\n    ,t1.ph_max_value\r\n    ,t1.turb_compare\r\n    ,t1.turb_min_value\r\n    ,t1.turb_max_value \t\r\n    ,now() as dm_update_time\r\n    ,now() as dm_load_time\r\nfrom \r\n(\r\nselect \r\n    wtw_id\r\n    ,0 as loc_id\r\n    ,sample_date\r\n    ,ph_manual\r\n    ,ph_analyzer\r\n    ,turb_manual\r\n    ,turb_analyzer \r\nfrom \r\n    coss_dws.dws_wtw_verification_item_di_year \r\n\twhere wtw_id =5\r\n    and loc_id in(1,2)\r\n)t \r\n\tinner join \r\n(\r\nselect \r\n    wtw_id\r\n    ,loc_id\r\n    ,i_code\r\n    ,ph_compare\r\n    ,ph_min_value\r\n    ,ph_max_value\r\n    ,turb_compare\r\n    ,turb_min_value\r\n    ,turb_max_value \r\nfrom coss_dim.dim_wtw_water_quality_paramaters \r\n    where wtw_id = 5\r\n    and loc_id  = 0\r\n    and parameter_limit_id = 45\r\n)t1 on t.wtw_id = t1.wtw_id and t.loc_id = t1.loc_id\r\n","sqlType":"1","preStatements":[],"postStatements":[],"segmentSeparator":";","displayRows":10},"taskParamList":[],"taskParamMap":null,"flag":"YES","taskPriority":"MEDIUM","userName":null,"projectName":null,"workerGroup":"default","environmentCode":17270889904672,"failRetryTimes":0,"failRetryInterval":1,"timeoutFlag":"CLOSE","timeoutNotifyStrategy":null,"timeout":0,"delayTime":0,"resourceIds":"","createTime":"2025-11-10 11:17:42","updateTime":"2025-11-10 11:17:42","modifyBy":null,"taskGroupId":0,"taskGroupPriority":0,"cpuQuota":-1,"memoryMax":-1,"taskExecuteType":"BATCH","operator":2,"operateTime":"2025-11-10 11:17:42"},{"id":2182,"code":19624225566627,"name":"dm_wtw_etl_water_quality_day_sql_dm_wtw_final_water_quality_di_add","version":1,"description":"","projectCode":18796782717216,"userId":2,"taskType":"SQL","taskParams":{"localParams":[],"resourceList":[],"type":"POSTGRESQL","datasource":4,"sql":";delete from coss_dm.dm_wtw_final_water_quality_di\r\n;insert into coss_dm.dm_wtw_final_water_quality_di\r\nselect \r\n    t.wtw_id\r\n    ,t.loc_id\r\n    ,t1.i_code\r\n    ,t.sample_date\r\n    ,t.ph_manual\r\n    ,t.ph_analyzer\r\n    ,if(t.ph_manual>= t1.ph_min_value and t.ph_manual<= t1.ph_max_value,1,0) ph_is_pass\r\n    ,t.turb_manual\r\n    ,t.turb_analyzer\r\n    ,if(t.turb_manual<= t1.turb_max_value,1,0) turb_is_pass\r\n    ,t.rcl2_manual\r\n    ,t.rcl2_analyzer\r\n    ,if(t.rcl2_manual<= t1.rcl2_max_value,1,0) rcl2_is_pass\r\n    ,t.fluoride_manual\r\n    ,t.fluoride_analyzer\r\n    ,if(t.fluoride_manual<= t1.fluoride_max_value,1,0) fluoride_is_pass\r\n    ,t.mn_manual\r\n    ,t.mn_analyzer\r\n    ,1 as mn_is_pass\r\n    ,if(if(t.ph_manual>= t1.ph_min_value and t.ph_manual<= t1.ph_max_value,1,0)+if(t.turb_manual<= t1.turb_max_value,1,0)+if(t.rcl2_manual<= t1.rcl2_max_value,1,0)+if(t.fluoride_manual<= t1.fluoride_max_value,1,0)+ 1=5, 1, 0) final_is_pass\r\n    ,t1.ph_compare\r\n    ,t1.ph_min_value\r\n    ,t1.ph_max_value\r\n    ,t1.turb_compare\r\n    ,t1.turb_min_value\r\n    ,t1.turb_max_value\r\n    ,t1.rcl2_compare\r\n    ,t1.rcl2_min_value\r\n    ,t1.rcl2_max_value \r\n    ,t1.fluoride_compare\r\n    ,t1.fluoride_min_value\r\n    ,t1.fluoride_max_value \r\n    ,t1.mn_compare\r\n    ,t1.mn_min_value\r\n    ,t1.mn_max_value\r\n    ,now() as dm_update_time\r\n    ,now() as dm_load_time\r\nfrom \r\n(\r\nselect \r\n    wtw_id\r\n    ,loc_id\r\n    ,sample_date\r\n    ,ph_manual\r\n    ,ph_analyzer\r\n    ,turb_manual\r\n    ,turb_analyzer\r\n    ,rcl2_manual\r\n    ,rcl2_analyzer \r\n    ,fluoride_manual\r\n    ,fluoride_analyzer \r\n    ,mn_manual\r\n    ,mn_analyzer \r\nfrom \r\n    coss_dws.dws_wtw_verification_item_di_year \r\n\twhere wtw_id =1\r\n    and loc_id = 100\r\n)t \r\n\tinner join \r\n(\r\nselect \r\n    wtw_id\r\n    ,loc_id\r\n    ,i_code\r\n    ,ph_compare\r\n    ,ph_min_value\r\n    ,ph_max_value\r\n    ,turb_compare\r\n    ,turb_min_value\r\n    ,turb_max_value\r\n    ,rcl2_compare\r\n    ,rcl2_min_value\r\n    ,rcl2_max_value \r\n    ,fluoride_compare\r\n    ,fluoride_min_value\r\n    ,fluoride_max_value \r\n    ,mn_compare\r\n    ,mn_min_value\r\n    ,mn_max_value \r\nfrom coss_dim.dim_wtw_water_quality_paramaters \r\n    where wtw_id = 1\r\n    and loc_id = 100\r\n    and parameter_limit_id = 34\r\n)t1 on t.wtw_id = t1.wtw_id and t.loc_id = t1.loc_id\r\n \r\nunion all \r\n\r\nselect \r\n    t.wtw_id\r\n    ,t.loc_id\r\n    ,t1.i_code\r\n    ,t.sample_date\r\n    ,t.ph_manual\r\n    ,t.ph_analyzer\r\n    ,if(t.ph_manual>= t1.ph_min_value and t.ph_manual<= t1.ph_max_value,1,0) ph_is_pass\r\n    ,t.turb_manual\r\n    ,t.turb_analyzer\r\n    ,if(t.turb_manual<= t1.turb_max_value,1,0) turb_is_pass\r\n    ,t.rcl2_manual\r\n    ,t.rcl2_analyzer\r\n    ,if(t.rcl2_manual>= t1.rcl2_min_value and t.rcl2_manual<= t1.rcl2_max_value,1,0) rcl2_is_pass\r\n    ,t.fluoride_manual\r\n    ,t.fluoride_analyzer\r\n    ,if(t.fluoride_manual>= t1.fluoride_min_value and t.fluoride_manual<= t1.fluoride_max_value,1,0) fluoride_is_pass\r\n    ,t.mn_manual\r\n    ,t.mn_analyzer\r\n    ,1 as mn_is_pass\r\n    ,if(if(t.ph_manual>= t1.ph_min_value and t.ph_manual<= t1.ph_max_value,1,0)+if(t.turb_manual<= t1.turb_max_value,1,0)+if(t.rcl2_manual>= t1.rcl2_min_value and t.rcl2_manual<= t1.rcl2_max_value,1,0)+if(t.fluoride_manual>= t1.fluoride_min_value and t.fluoride_manual<= t1.fluoride_max_value,1,0)+ 1=5, 1, 0) final_is_pass\r\n    ,t1.ph_compare\r\n    ,t1.ph_min_value\r\n    ,t1.ph_max_value\r\n    ,t1.turb_compare\r\n    ,t1.turb_min_value\r\n    ,t1.turb_max_value\r\n    ,t1.rcl2_compare\r\n    ,t1.rcl2_min_value\r\n    ,t1.rcl2_max_value \r\n    ,t1.fluoride_compare\r\n    ,t1.fluoride_min_value\r\n    ,t1.fluoride_max_value \r\n    ,t1.mn_compare\r\n    ,t1.mn_min_value\r\n    ,t1.mn_max_value \r\n    ,now() as dm_update_time\r\n    ,now() as dm_load_time\r\nfrom \r\n(\r\nselect \r\n    wtw_id\r\n    ,loc_id\r\n    ,sample_date\r\n    ,ph_manual\r\n    ,ph_analyzer\r\n    ,turb_manual\r\n    ,turb_analyzer\r\n    ,rcl2_manual\r\n    ,rcl2_analyzer \r\n    ,fluoride_manual\r\n    ,fluoride_analyzer \r\n    ,mn_manual\r\n    ,mn_analyzer \r\nfrom \r\n    coss_dws.dws_wtw_verification_item_di_year \r\n\twhere wtw_id =2\r\n    and loc_id = 100\r\n)t \r\n\tinner join \r\n(\r\nselect \r\n    wtw_id\r\n    ,loc_id\r\n    ,i_code\r\n    ,ph_compare\r\n    ,ph_min_value\r\n    ,ph_max_value\r\n    ,turb_compare\r\n    ,turb_min_value\r\n    ,turb_max_value\r\n    ,rcl2_compare\r\n    ,rcl2_min_value\r\n    ,rcl2_max_value \r\n    ,fluoride_compare\r\n    ,fluoride_min_value\r\n    ,fluoride_max_value \r\n    ,mn_compare\r\n    ,mn_min_value\r\n    ,mn_max_value \r\nfrom coss_dim.dim_wtw_water_quality_paramaters \r\n    where wtw_id = 2\r\n    and loc_id = 100\r\n    and parameter_limit_id = 43\r\n)t1 on t.wtw_id = t1.wtw_id and t.loc_id = t1.loc_id\r\n\r\nunion all \r\n\r\nselect \r\n    t.wtw_id\r\n    ,t.loc_id\r\n    ,t1.i_code\r\n    ,t.sample_date\r\n    ,t.ph_manual\r\n    ,t.ph_analyzer\r\n    ,if(t.ph_manual>= t1.ph_min_value and t.ph_manual<= t1.ph_max_value,1,0) ph_is_pass\r\n    ,t.turb_manual\r\n    ,t.turb_analyzer\r\n    ,if(t.turb_manual<= t1.turb_max_value,1,0) turb_is_pass\r\n    ,t.rcl2_manual\r\n    ,t.rcl2_analyzer\r\n    ,if(t.rcl2_manual>= t1.rcl2_min_value and t.rcl2_manual<= t1.rcl2_max_value,1,0) rcl2_is_pass\r\n    ,t.fluoride_manual\r\n    ,t.fluoride_analyzer\r\n    ,if(t.fluoride_manual>= t1.fluoride_min_value and t.fluoride_manual<= t1.fluoride_max_value,1,0) fluoride_is_pass\r\n    ,t.mn_manual\r\n    ,t.mn_analyzer\r\n    ,1 as mn_is_pass\r\n    ,if(if(t.ph_manual>= t1.ph_min_value and t.ph_manual<= t1.ph_max_value,1,0)+if(t.turb_manual<= t1.turb_max_value,1,0)+if(t.rcl2_manual>= t1.rcl2_min_value and t.rcl2_manual<= t1.rcl2_max_value,1,0)+if(t.fluoride_manual>= t1.fluoride_min_value and t.fluoride_manual<= t1.fluoride_max_value,1,0)+ 1=5, 1, 0) final_is_pass\r\n    ,t1.ph_compare\r\n    ,t1.ph_min_value\r\n    ,t1.ph_max_value\r\n    ,t1.turb_compare\r\n    ,t1.turb_min_value\r\n    ,t1.turb_max_value\r\n    ,t1.rcl2_compare\r\n    ,t1.rcl2_min_value\r\n    ,t1.rcl2_max_value \r\n    ,t1.fluoride_compare\r\n    ,t1.fluoride_min_value\r\n    ,t1.fluoride_max_value \r\n    ,t1.mn_compare\r\n    ,t1.mn_min_value\r\n    ,t1.mn_max_value \r\n    ,now() as dm_update_time\r\n    ,now() as dm_load_time\r\nfrom \r\n(\r\nselect \r\n    wtw_id\r\n    ,loc_id\r\n    ,sample_date\r\n    ,ph_manual\r\n    ,ph_analyzer\r\n    ,turb_manual\r\n    ,turb_analyzer\r\n    ,rcl2_manual\r\n    ,rcl2_analyzer \r\n    ,fluoride_manual\r\n    ,fluoride_analyzer \r\n    ,mn_manual\r\n    ,mn_analyzer \r\nfrom \r\n    coss_dws.dws_wtw_verification_item_di_year \r\n\twhere wtw_id =3\r\n    and loc_id = 100\r\n)t \r\n\tinner join \r\n(\r\nselect \r\n    wtw_id\r\n    ,loc_id\r\n    ,i_code\r\n    ,ph_compare\r\n    ,ph_min_value\r\n    ,ph_max_value\r\n    ,turb_compare\r\n    ,turb_min_value\r\n    ,turb_max_value\r\n    ,rcl2_compare\r\n    ,rcl2_min_value\r\n    ,rcl2_max_value \r\n    ,fluoride_compare\r\n    ,fluoride_min_value\r\n    ,fluoride_max_value \r\n    ,mn_compare\r\n    ,mn_min_value\r\n    ,mn_max_value \r\nfrom coss_dim.dim_wtw_water_quality_paramaters \r\n    where wtw_id = 3\r\n    and loc_id = 100\r\n    and parameter_limit_id = 17\r\n)t1 on t.wtw_id = t1.wtw_id and t.loc_id = t1.loc_id\r\n\r\nunion all\r\n\r\nselect \r\n    t.wtw_id\r\n    ,t.loc_id\r\n    ,t1.i_code\r\n    ,t.sample_date\r\n    ,t.ph_manual\r\n    ,t.ph_analyzer\r\n    ,if(t.ph_manual>= t1.ph_min_value and t.ph_manual<= t1.ph_max_value,1,0) ph_is_pass\r\n    ,t.turb_manual\r\n    ,t.turb_analyzer\r\n    ,if(t.turb_manual<= t1.turb_max_value,1,0) turb_is_pass\r\n    ,t.rcl2_manual\r\n    ,t.rcl2_analyzer\r\n    ,if(t.rcl2_manual>= t1.rcl2_min_value and t.rcl2_manual<= t1.rcl2_max_value,1,0) rcl2_is_pass\r\n    ,t.fluoride_manual\r\n    ,t.fluoride_analyzer\r\n    ,if(t.fluoride_manual>= t1.fluoride_min_value and t.fluoride_manual<= t1.fluoride_max_value,1,0) fluoride_is_pass\r\n    ,t.mn_manual\r\n    ,t.mn_analyzer\r\n    ,1 as mn_is_pass\r\n    ,if(if(t.ph_manual>= t1.ph_min_value and t.ph_manual<= t1.ph_max_value,1,0)+if(t.turb_manual<= t1.turb_max_value,1,0)+if(t.rcl2_manual>= t1.rcl2_min_value and t.rcl2_manual<= t1.rcl2_max_value,1,0)+if(t.fluoride_manual>= t1.fluoride_min_value and t.fluoride_manual<= t1.fluoride_max_value,1,0)+ 1=5, 1, 0) final_is_pass\r\n    ,t1.ph_compare\r\n    ,t1.ph_min_value\r\n    ,t1.ph_max_value\r\n    ,t1.turb_compare\r\n    ,t1.turb_min_value\r\n    ,t1.turb_max_value\r\n    ,t1.rcl2_compare\r\n    ,t1.rcl2_min_value\r\n    ,t1.rcl2_max_value \r\n    ,t1.fluoride_compare\r\n    ,t1.fluoride_min_value\r\n    ,t1.fluoride_max_value \r\n    ,t1.mn_compare\r\n    ,t1.mn_min_value\r\n    ,t1.mn_max_value \r\n    ,now() as dm_update_time\r\n    ,now() as dm_load_time\r\nfrom \r\n(\r\nselect \r\n    wtw_id\r\n    ,loc_id\r\n    ,sample_date\r\n    ,ph_manual\r\n    ,ph_analyzer\r\n    ,turb_manual\r\n    ,turb_analyzer\r\n    ,rcl2_manual\r\n    ,rcl2_analyzer \r\n    ,fluoride_manual\r\n    ,fluoride_analyzer \r\n    ,mn_manual\r\n    ,mn_analyzer \r\nfrom \r\n    coss_dws.dws_wtw_verification_item_di_year \r\n\twhere wtw_id =4\r\n    and loc_id = 100\r\n)t \r\n\tinner join \r\n(\r\nselect \r\n    wtw_id\r\n    ,loc_id\r\n    ,i_code\r\n    ,ph_compare\r\n    ,ph_min_value\r\n    ,ph_max_value\r\n    ,turb_compare\r\n    ,turb_min_value\r\n    ,turb_max_value\r\n    ,rcl2_compare\r\n    ,rcl2_min_value\r\n    ,rcl2_max_value \r\n    ,fluoride_compare\r\n    ,fluoride_min_value\r\n    ,fluoride_max_value \r\n    ,mn_compare\r\n    ,mn_min_value\r\n    ,mn_max_value \r\nfrom coss_dim.dim_wtw_water_quality_paramaters \r\n    where wtw_id = 4\r\n    and loc_id = 100\r\n    and parameter_limit_id = 7\r\n)t1 on t.wtw_id = t1.wtw_id and t.loc_id = t1.loc_id\r\n\r\nunion all \r\n\r\nselect \r\n    t.wtw_id\r\n    ,t.loc_id\r\n    ,t1.i_code\r\n    ,t.sample_date\r\n    ,t.ph_manual\r\n    ,t.ph_analyzer\r\n    ,if(t.ph_manual>= t1.ph_min_value and t.ph_manual<= t1.ph_max_value,1,0) ph_is_pass\r\n    ,t.turb_manual\r\n    ,t.turb_analyzer\r\n    ,if(t.turb_manual<= t1.turb_max_value,1,0) turb_is_pass\r\n    ,t.rcl2_manual\r\n    ,t.rcl2_analyzer\r\n    ,if(t.rcl2_manual>= t1.rcl2_min_value and t.rcl2_manual<= t1.rcl2_max_value,1,0) rcl2_is_pass\r\n    ,t.fluoride_manual\r\n    ,t.fluoride_analyzer\r\n    ,if(t.fluoride_manual>= t1.fluoride_min_value and t.fluoride_manual<= t1.fluoride_max_value,1,0) fluoride_is_pass\r\n    ,t.mn_manual\r\n    ,t.mn_analyzer\r\n    ,1 as mn_is_pass\r\n    ,if(if(t.ph_manual>= t1.ph_min_value and t.ph_manual<= t1.ph_max_value,1,0)+if(t.turb_manual<= t1.turb_max_value,1,0)+if(t.rcl2_manual>= t1.rcl2_min_value and t.rcl2_manual<= t1.rcl2_max_value,1,0)+if(t.fluoride_manual>= t1.fluoride_min_value and t.fluoride_manual<= t1.fluoride_max_value,1,0)+ 1=5, 1, 0) final_is_pass\r\n    ,t1.ph_compare\r\n    ,t1.ph_min_value\r\n    ,t1.ph_max_value\r\n    ,t1.turb_compare\r\n    ,t1.turb_min_value\r\n    ,t1.turb_max_value\r\n    ,t1.rcl2_compare\r\n    ,t1.rcl2_min_value\r\n    ,t1.rcl2_max_value \r\n    ,t1.fluoride_compare\r\n    ,t1.fluoride_min_value\r\n    ,t1.fluoride_max_value \r\n    ,t1.mn_compare\r\n    ,t1.mn_min_value\r\n    ,t1.mn_max_value \r\n    ,now() as dm_update_time\r\n    ,now() as dm_load_time\r\nfrom \r\n(\r\nselect \r\n    wtw_id\r\n    ,loc_id\r\n    ,sample_date\r\n    ,ph_manual\r\n    ,ph_analyzer\r\n    ,turb_manual\r\n    ,turb_analyzer\r\n    ,rcl2_manual\r\n    ,rcl2_analyzer \r\n    ,fluoride_manual\r\n    ,fluoride_analyzer \r\n    ,mn_manual\r\n    ,mn_analyzer \r\nfrom \r\n    coss_dws.dws_wtw_verification_item_di_year \r\n\twhere wtw_id =5\r\n    and loc_id = 100\r\n)t \r\n\tinner join \r\n(\r\nselect \r\n    wtw_id\r\n    ,loc_id\r\n    ,i_code\r\n    ,ph_compare\r\n    ,ph_min_value\r\n    ,ph_max_value\r\n    ,turb_compare\r\n    ,turb_min_value\r\n    ,turb_max_value\r\n    ,rcl2_compare\r\n    ,rcl2_min_value\r\n    ,rcl2_max_value \r\n    ,fluoride_compare\r\n    ,fluoride_min_value\r\n    ,fluoride_max_value \r\n    ,mn_compare\r\n    ,mn_min_value\r\n    ,mn_max_value \r\nfrom coss_dim.dim_wtw_water_quality_paramaters \r\n    where wtw_id = 5\r\n    and loc_id = 100\r\n    and parameter_limit_id = 51\r\n)t1 on t.wtw_id = t1.wtw_id and t.loc_id = t1.loc_id","sqlType":"1","preStatements":[],"postStatements":[],"segmentSeparator":";","displayRows":10},"taskParamList":[],"taskParamMap":null,"flag":"YES","taskPriority":"MEDIUM","userName":null,"projectName":null,"workerGroup":"default","environmentCode":17270889904672,"failRetryTimes":0,"failRetryInterval":1,"timeoutFlag":"CLOSE","timeoutNotifyStrategy":null,"timeout":0,"delayTime":0,"resourceIds":"","createTime":"2025-11-10 11:17:42","updateTime":"2025-11-10 11:17:42","modifyBy":null,"taskGroupId":0,"taskGroupPriority":0,"cpuQuota":-1,"memoryMax":-1,"taskExecuteType":"BATCH","operator":2,"operateTime":"2025-11-10 11:17:42"},{"id":2183,"code":19624225566628,"name":"dm_wtw_etl_water_quality_day_sql_dm_wtw_filtered_water_quality_di_add","version":1,"description":"","projectCode":18796782717216,"userId":2,"taskType":"SQL","taskParams":{"localParams":[],"resourceList":[],"type":"POSTGRESQL","datasource":4,"sql":";delete from coss_dm.dm_wtw_filtered_water_quality_di \r\n;insert into coss_dm.dm_wtw_filtered_water_quality_di \r\nselect \r\n    t.wtw_id\r\n    ,t.loc_id\r\n    ,t1.i_code\r\n    ,t.sample_date\r\n    ,t.turb_manual\r\n    ,t.turb_analyzer\r\n    ,if(t.turb_manual<= t1.turb_max_value,1,0) turb_is_pass\r\n    ,t.rcl2_manual\r\n    ,t.rcl2_analyzer\r\n    ,if(t.rcl2_manual>= t1.rcl2_min_value and t.rcl2_manual<= t1.rcl2_max_value,1,0) rcl2_is_pass\r\n    ,if(if(t.turb_manual<= t1.turb_max_value,1,0)+if(t.rcl2_manual>= t1.rcl2_min_value and t.rcl2_manual<= t1.rcl2_max_value,1,0)=2, 1, 0) filtered_is_pass\r\n    ,t1.turb_compare\r\n    ,t1.turb_min_value\r\n    ,t1.turb_max_value\r\n    ,t1.rcl2_compare\r\n    ,t1.rcl2_min_value\r\n    ,t1.rcl2_max_value \t\r\n    ,now() as dm_update_time\r\n    ,now() as dm_load_time\r\nfrom \r\n(\r\nselect \r\n    wtw_id\r\n    ,loc_id\r\n    ,sample_date\r\n    ,turb_manual\r\n    ,turb_analyzer\r\n    ,rcl2_manual\r\n    ,rcl2_analyzer \r\nfrom \r\n    coss_dws.dws_wtw_verification_item_di_year \r\n\twhere wtw_id =1\r\n    and loc_id = 40\r\n)t \r\n\tinner join \r\n(\r\nselect \r\n    wtw_id\r\n    ,loc_id\r\n    ,i_code\r\n    ,turb_compare\r\n    ,turb_min_value\r\n    ,turb_max_value\r\n    ,rcl2_compare\r\n    ,rcl2_min_value\r\n    ,rcl2_max_value \r\nfrom coss_dim.dim_wtw_water_quality_paramaters \r\n    where wtw_id = 1\r\n    and loc_id =40\r\n    and parameter_limit_id = 27\r\n)t1 on t.wtw_id = t1.wtw_id and t.loc_id = t1.loc_id\r\n\r\nunion all \r\n\r\nselect \r\n    t.wtw_id\r\n    ,t.loc_id\r\n    ,t1.i_code\r\n    ,t.sample_date\r\n    ,t.turb_manual\r\n    ,t.turb_analyzer\r\n    ,if(t.turb_manual<= t1.turb_max_value,1,0) turb_is_pass\r\n    ,t.rcl2_manual\r\n    ,t.rcl2_analyzer\r\n    ,if(t.rcl2_manual>= t1.rcl2_min_value and t.rcl2_manual<= t1.rcl2_max_value,1,0) rcl2_is_pass\r\n    ,if(if(t.turb_manual<= t1.turb_max_value,1,0)+if(t.rcl2_manual>= t1.rcl2_min_value and t.rcl2_manual<= t1.rcl2_max_value,1,0)=2, 1, 0) filtered_is_pass\r\n    ,t1.turb_compare\r\n    ,t1.turb_min_value\r\n    ,t1.turb_max_value\r\n    ,t1.rcl2_compare\r\n    ,t1.rcl2_min_value\r\n    ,t1.rcl2_max_value \t\r\n    ,now() as dm_update_time\r\n    ,now() as dm_load_time\r\nfrom \r\n(\r\nselect \r\n    wtw_id\r\n    ,loc_id\r\n    ,sample_date\r\n    ,turb_manual\r\n    ,turb_analyzer\r\n    ,rcl2_manual\r\n    ,rcl2_analyzer \r\nfrom \r\n    coss_dws.dws_wtw_verification_item_di_year \r\n\twhere wtw_id =2\r\n    and loc_id = 40\r\n)t \r\n\tinner join \r\n(\r\nselect \r\n    wtw_id\r\n    ,loc_id\r\n    ,i_code\r\n    ,turb_compare\r\n    ,turb_min_value\r\n    ,turb_max_value\r\n    ,rcl2_compare\r\n    ,rcl2_min_value\r\n    ,rcl2_max_value \r\nfrom coss_dim.dim_wtw_water_quality_paramaters \r\n    where wtw_id = 2\r\n    and loc_id =40\r\n    and parameter_limit_id = 41\r\n)t1 on t.wtw_id = t1.wtw_id and t.loc_id = t1.loc_id\r\n\r\nunion all \r\n\r\nselect \r\n    t.wtw_id\r\n    ,t.loc_id\r\n    ,t1.i_code\r\n    ,t.sample_date\r\n    ,t.turb_manual\r\n    ,t.turb_analyzer\r\n    ,if(t.turb_manual<= t1.turb_max_value,1,0) turb_is_pass\r\n    ,t.rcl2_manual\r\n    ,t.rcl2_analyzer\r\n    ,if(t.rcl2_manual>= t1.rcl2_min_value and t.rcl2_manual<= t1.rcl2_max_value,1,0) rcl2_is_pass\r\n    ,if(if(t.turb_manual<= t1.turb_max_value,1,0)+if(t.rcl2_manual>= t1.rcl2_min_value and t.rcl2_manual<= t1.rcl2_max_value,1,0)=2, 1, 0) filtered_is_pass\r\n    ,t1.turb_compare\r\n    ,t1.turb_min_value\r\n    ,t1.turb_max_value\r\n    ,t1.rcl2_compare\r\n    ,t1.rcl2_min_value\r\n    ,t1.rcl2_max_value \r\n    ,now() as dm_update_time\r\n    ,now() as dm_load_time\r\nfrom \r\n(\r\nselect \r\n    wtw_id\r\n    ,loc_id\r\n    ,sample_date\r\n    ,turb_manual\r\n    ,turb_analyzer\r\n    ,rcl2_manual\r\n    ,rcl2_analyzer \r\nfrom \r\n    coss_dws.dws_wtw_verification_item_di_year \r\n\twhere wtw_id =3\r\n    and loc_id in (44, 45)\r\n)t \r\n\tinner join \r\n(\r\nselect \r\n    wtw_id\r\n    ,loc_id\r\n    ,i_code\r\n    ,turb_compare\r\n    ,turb_min_value\r\n    ,turb_max_value\r\n    ,rcl2_compare\r\n    ,rcl2_min_value\r\n    ,rcl2_max_value \r\nfrom coss_dim.dim_wtw_water_quality_paramaters \r\n    where wtw_id = 3\r\n    and loc_id in (44, 45)\r\n    and parameter_limit_id in(13, 15)\r\n)t1 on t.wtw_id = t1.wtw_id and t.loc_id = t1.loc_id\r\n\r\nunion all \r\n\r\nselect \r\n    t.wtw_id\r\n    ,t.loc_id\r\n    ,t1.i_code\r\n    ,t.sample_date\r\n    ,t.turb_manual\r\n    ,t.turb_analyzer\r\n    ,if(t.turb_manual<= t1.turb_max_value,1,0) turb_is_pass\r\n    ,t.rcl2_manual\r\n    ,t.rcl2_analyzer\r\n    ,if(t.rcl2_manual>= t1.rcl2_min_value and t.rcl2_manual<= t1.rcl2_max_value,1,0) rcl2_is_pass\r\n    ,if(if(t.turb_manual<= t1.turb_max_value,1,0)+if(t.rcl2_manual>= t1.rcl2_min_value and t.rcl2_manual<= t1.rcl2_max_value,1,0)=2, 1, 0) filtered_is_pass\r\n    ,t1.turb_compare\r\n    ,t1.turb_min_value\r\n    ,t1.turb_max_value\r\n    ,t1.rcl2_compare\r\n    ,t1.rcl2_min_value\r\n    ,t1.rcl2_max_value \r\n    ,now() as dm_update_time\r\n    ,now() as dm_load_time\r\nfrom \r\n(\r\nselect \r\n    wtw_id\r\n    ,loc_id\r\n    ,sample_date\r\n    ,turb_manual\r\n    ,turb_analyzer\r\n    ,rcl2_manual\r\n    ,rcl2_analyzer \r\nfrom \r\n    coss_dws.dws_wtw_verification_item_di_year \r\n\twhere wtw_id =4\r\n    and loc_id = 40\r\n)t \r\n\tinner join \r\n(\r\nselect \r\n    wtw_id\r\n    ,loc_id\r\n    ,i_code\r\n    ,turb_compare\r\n    ,turb_min_value\r\n    ,turb_max_value\r\n    ,rcl2_compare\r\n    ,rcl2_min_value\r\n    ,rcl2_max_value \r\nfrom coss_dim.dim_wtw_water_quality_paramaters \r\n    where wtw_id = 4\r\n    and loc_id =40\r\n    and parameter_limit_id = 5\r\n)t1 on t.wtw_id = t1.wtw_id and t.loc_id = t1.loc_id\r\n\r\n","sqlType":"1","preStatements":[],"postStatements":[],"segmentSeparator":";","displayRows":10},"taskParamList":[],"taskParamMap":null,"flag":"YES","taskPriority":"MEDIUM","userName":null,"projectName":null,"workerGroup":"default","environmentCode":17270889904672,"failRetryTimes":0,"failRetryInterval":1,"timeoutFlag":"CLOSE","timeoutNotifyStrategy":null,"timeout":0,"delayTime":0,"resourceIds":"","createTime":"2025-11-10 11:17:42","updateTime":"2025-11-10 11:17:42","modifyBy":null,"taskGroupId":0,"taskGroupPriority":0,"cpuQuota":-1,"memoryMax":-1,"taskExecuteType":"BATCH","operator":2,"operateTime":"2025-11-10 11:17:42"}],"schedule":null}]