[{"processDefinition":{"id":586,"code":19624226493728,"name":"dws_wtw_etl_water_quality_day","version":2,"releaseState":"ONLINE","projectCode":18796782717216,"description":"Clean and load water quality data in the dws layer","globalParams":"[]","globalParamList":[],"globalParamMap":{},"createTime":"2025-11-10 11:17:49","updateTime":"2025-11-10 13:58:56","flag":"YES","userId":2,"userName":null,"projectName":null,"locations":"[{\"taskCode\":19624226493730,\"x\":353,\"y\":228},{\"taskCode\":19624226493729,\"x\":353,\"y\":130}]","scheduleReleaseState":null,"timeout":0,"tenantId":-1,"tenantCode":null,"modifyBy":null,"warningGroupId":0,"executionType":"PARALLEL"},"processTaskRelationList":[{"id":5144,"name":"","processDefinitionVersion":2,"projectCode":18796782717216,"processDefinitionCode":19624226493728,"preTaskCode":0,"preTaskVersion":0,"postTaskCode":19624226493729,"postTaskVersion":1,"conditionType":"NONE","conditionParams":{},"createTime":"2025-11-10 13:58:56","updateTime":"2025-11-10 13:58:56","operator":2,"operateTime":"2025-11-10 13:58:56"},{"id":5145,"name":"","processDefinitionVersion":2,"projectCode":18796782717216,"processDefinitionCode":19624226493728,"preTaskCode":19624226493729,"preTaskVersion":1,"postTaskCode":19624226493730,"postTaskVersion":2,"conditionType":"NONE","conditionParams":{},"createTime":"2025-11-10 13:58:56","updateTime":"2025-11-10 13:58:56","operator":2,"operateTime":"2025-11-10 13:58:56"}],"taskDefinitionList":[{"id":2249,"code":19624226493730,"name":"dws_to_dm","version":2,"description":"","projectCode":18796782717216,"userId":2,"taskType":"SUB_PROCESS","taskParams":{"localParams":[],"resourceList":[],"processDefinitionCode":19624225566624},"taskParamList":[],"taskParamMap":null,"flag":"YES","taskPriority":"MEDIUM","userName":null,"projectName":null,"workerGroup":"default","environmentCode":17270889904672,"failRetryTimes":0,"failRetryInterval":1,"timeoutFlag":"CLOSE","timeoutNotifyStrategy":null,"timeout":0,"delayTime":0,"resourceIds":"","createTime":"2025-11-10 11:17:49","updateTime":"2025-11-10 13:58:56","modifyBy":null,"taskGroupId":0,"taskGroupPriority":0,"cpuQuota":-1,"memoryMax":-1,"taskExecuteType":"BATCH","operator":2,"operateTime":"2025-11-10 13:58:56"},{"id":2184,"code":19624226493729,"name":"dws_wtw_etl_water_quality_day_sql_dws_wtw_verification_item_di_year_add","version":1,"description":"","projectCode":18796782717216,"userId":2,"taskType":"SQL","taskParams":{"localParams":[],"resourceList":[],"type":"POSTGRESQL","datasource":4,"sql":";delete from coss_dws.dws_wtw_verification_item_di_year\r\n;insert into coss_dws.dws_wtw_verification_item_di_year\r\nselect\r\n    t.verification_id\r\n    ,t.wtw_id\r\n    ,t.status\r\n    ,t.last_updated_date\r\n    ,t.sample_date\r\n    ,t.reviewed_date\r\n    ,t.wtw_code\r\n    ,t.wtw_name\r\n    ,t.wtw_name_chi\r\n    ,t.phase_1\r\n    ,t.phase_2\r\n    ,t.phase_3\r\n    ,t1.verification_item_id\r\n    ,t1.loc_id\r\n    ,t1.loc_full_name\r\n    ,t1.loc_name\r\n    ,t1.loc_suffix\r\n    ,t1.loc_name_chi\r\n    ,t1.ph_manual\r\n    ,t1.ph_analyzer\r\n    ,t1.ph_remarks\r\n    ,t1.turb_manual\r\n    ,t1.turb_analyzer\r\n    ,t1.turb_remarks\r\n    ,t1.rcl2_manual\r\n    ,t1.rcl2_analyzer\r\n    ,t1.rcl2_remarks\r\n    ,t1.fluoride_manual\r\n    ,t1.fluoride_analyzer\r\n    ,t1.fluoride_remarks\r\n    ,t1.mn_manual\r\n    ,t1.mn_analyzer\r\n    ,t1.mn_remarks\r\n    ,t1.nh3_manual\r\n    ,t1.nh3_analyzer\r\n    ,t1.nh3_remarks\r\n    ,t1.uv_manual\r\n    ,t1.uv_analyzer\r\n    ,t1.uv_remarks\r\n    ,now() as dim_update_time\r\n    ,now() as dim_load_time\r\nfrom \r\n    coss_dwd.dwd_wtw_verification_di_year t\r\n    inner join coss_dwd.dwd_wtw_verification_item_di_year t1 on t.verification_id = t1.verification_id","sqlType":"1","preStatements":[],"postStatements":[],"segmentSeparator":";","displayRows":10},"taskParamList":[],"taskParamMap":null,"flag":"YES","taskPriority":"MEDIUM","userName":null,"projectName":null,"workerGroup":"default","environmentCode":17270889904672,"failRetryTimes":0,"failRetryInterval":1,"timeoutFlag":"CLOSE","timeoutNotifyStrategy":null,"timeout":0,"delayTime":0,"resourceIds":"","createTime":"2025-11-10 11:17:49","updateTime":"2025-11-10 11:17:49","modifyBy":null,"taskGroupId":0,"taskGroupPriority":0,"cpuQuota":-1,"memoryMax":-1,"taskExecuteType":"BATCH","operator":2,"operateTime":"2025-11-10 11:17:49"}],"schedule":null}]