[{"processDefinition":{"id":587,"code":19624227231776,"name":"dim_wtw_etl_water_quality_day","version":2,"releaseState":"ONLINE","projectCode":18796782717216,"description":"Clean and load water quality data in the dim layer","globalParams":"[]","globalParamList":[],"globalParamMap":{},"createTime":"2025-11-10 11:17:55","updateTime":"2025-11-10 13:53:45","flag":"YES","userId":2,"userName":null,"projectName":null,"locations":"[{\"taskCode\":19624227231777,\"x\":280,\"y\":329},{\"taskCode\":19624227231778,\"x\":280,\"y\":180}]","scheduleReleaseState":null,"timeout":0,"tenantId":-1,"tenantCode":null,"modifyBy":null,"warningGroupId":0,"executionType":"PARALLEL"},"processTaskRelationList":[{"id":5143,"name":"","processDefinitionVersion":2,"projectCode":18796782717216,"processDefinitionCode":19624227231776,"preTaskCode":19624227231778,"preTaskVersion":1,"postTaskCode":19624227231777,"postTaskVersion":2,"conditionType":"NONE","conditionParams":{},"createTime":"2025-11-10 13:53:45","updateTime":"2025-11-10 13:53:45","operator":2,"operateTime":"2025-11-10 13:53:45"},{"id":5142,"name":"","processDefinitionVersion":2,"projectCode":18796782717216,"processDefinitionCode":19624227231776,"preTaskCode":0,"preTaskVersion":0,"postTaskCode":19624227231778,"postTaskVersion":1,"conditionType":"NONE","conditionParams":{},"createTime":"2025-11-10 13:53:45","updateTime":"2025-11-10 13:53:45","operator":2,"operateTime":"2025-11-10 13:53:45"}],"taskDefinitionList":[{"id":2248,"code":19624227231777,"name":"dim_to_dws","version":2,"description":"","projectCode":18796782717216,"userId":2,"taskType":"SUB_PROCESS","taskParams":{"localParams":[],"resourceList":[],"processDefinitionCode":19624226493728},"taskParamList":[],"taskParamMap":null,"flag":"YES","taskPriority":"MEDIUM","userName":null,"projectName":null,"workerGroup":"default","environmentCode":17270889904672,"failRetryTimes":0,"failRetryInterval":1,"timeoutFlag":"CLOSE","timeoutNotifyStrategy":null,"timeout":0,"delayTime":0,"resourceIds":"","createTime":"2025-11-10 11:17:55","updateTime":"2025-11-10 13:53:45","modifyBy":null,"taskGroupId":0,"taskGroupPriority":0,"cpuQuota":-1,"memoryMax":-1,"taskExecuteType":"BATCH","operator":2,"operateTime":"2025-11-10 13:53:45"},{"id":2187,"code":19624227231778,"name":"dim_wtw_etl_water_quality_day_sql_dim_wtw_water_quality_paramaters_all","version":1,"description":"","projectCode":18796782717216,"userId":2,"taskType":"SQL","taskParams":{"localParams":[],"resourceList":[],"type":"POSTGRESQL","datasource":4,"sql":";delete from coss_dim.dim_wtw_water_quality_paramaters\r\n;insert into coss_dim.dim_wtw_water_quality_paramaters\r\nselect \r\n    t.config_id\r\n    ,t.wtw_id\r\n    ,case \r\n        when wtw_id = 1 then 'TW025'\r\n        when wtw_id = 2 then 'TW009'\r\n        when wtw_id = 3 then 'TW015'\r\n        when wtw_id = 4 then 'TW019'\r\n        when wtw_id = 5 then 'TW011'\r\n\t      else '10000'\r\n    end as i_code \r\n    ,t.config_type\r\n    ,t.effective_date\r\n    ,t.verification_interval_hr\r\n    ,t.jar_test_interval_hr\r\n    ,t.jar_measure_type\r\n    ,t.require_to_test\r\n    ,t1.parameter_limit_id\r\n    ,t1.loc_id\r\n    ,t1.target_type\r\n    ,t1.ph_compare\r\n    ,t1.ph_min_value\r\n    ,t1.ph_max_value\r\n    ,t1.turb_compare\r\n    ,t1.turb_min_value\r\n    ,t1.turb_max_value\r\n    ,t1.rcl2_compare\r\n    ,t1.rcl2_min_value\r\n    ,t1.rcl2_max_value\r\n    ,t1.uv_compare\r\n    ,t1.uv_min_value\r\n    ,t1.uv_max_value\r\n    ,t1.fluoride_compare\r\n    ,t1.fluoride_min_value\r\n    ,t1.fluoride_max_value\r\n    ,t1.mn_compare\r\n    ,t1.mn_min_value\r\n    ,t1.mn_max_value\r\n    ,t1.nh3_compare\r\n    ,t1.nh3_min_value\r\n    ,t1.nh3_max_value\r\n    ,t2.loc_full_name\r\n    ,t2.loc_name\r\n    ,t2.loc_suffix\r\n    ,t2.loc_name_chi\r\n    ,now() as dim_update_time\r\n    ,now() as dim_load_time\r\nfrom \r\n    coss_ods.ods_labconnect_labcon_hki_wtw_wqmm_config_df t\r\n    inner join coss_ods.ods_labconnect_labcon_hki_wtw_wqmm_parameter_limit_df t1 on t.config_id  = t1.config_id \r\n    inner join coss_ods.ods_labconnect_labcon_hki_wtw_wqmm_location_df t2 on t1.loc_id = t2.loc_id ","sqlType":"1","preStatements":[],"postStatements":[],"segmentSeparator":";","displayRows":10},"taskParamList":[],"taskParamMap":null,"flag":"YES","taskPriority":"MEDIUM","userName":null,"projectName":null,"workerGroup":"default","environmentCode":17270889904672,"failRetryTimes":0,"failRetryInterval":1,"timeoutFlag":"CLOSE","timeoutNotifyStrategy":null,"timeout":0,"delayTime":0,"resourceIds":"","createTime":"2025-11-10 11:17:55","updateTime":"2025-11-10 11:17:55","modifyBy":null,"taskGroupId":0,"taskGroupPriority":0,"cpuQuota":-1,"memoryMax":-1,"taskExecuteType":"BATCH","operator":2,"operateTime":"2025-11-10 11:17:55"}],"schedule":null}]