Label,# Samples,Average,Median,90% Line,95% Line,99% Line,Min,Max,Error %,Throughput,Received KB/sec,Sent KB/sec
PC&APP:BurstPipe-search,248,32,33,44,47,59,14,67,0.000%,.42198,4.35,0.24
PC&APP:realTimeMonitoringpressure,227,40,40,51,55,66,24,98,0.000%,.38631,27.24,0.18
PC&APP:Supply Network-search,250,18,20,29,32,36,6,36,0.000%,.42581,0.30,0.23
PC&APP:waterQualitySample,862,28,28,40,45,51,12,138,0.000%,1.46651,1.29,0.67
PC&APP:waterPlantsEnergyConsumption,221,34,33,48,53,71,15,134,0.000%,.37632,0.44,0.18
PC&APP:woClassification,221,28,29,42,46,50,14,93,0.000%,.37616,0.43,0.17
PC&APP:waterConsumption,236,29,30,40,44,60,14,161,0.000%,.40241,0.44,0.18
PC&APP:pipelinedialog,224,26,29,37,39,47,13,50,0.000%,.38165,0.51,0.18
PC&APP:BurstPipe-result,238,31,31,43,48,70,14,79,0.000%,.40482,1.19,0.25
PC&APP:waterQualitySamplemonthly,227,29,29,42,46,75,15,112,0.000%,.38653,0.43,0.18
PC&APP:flushingWatersupplyStatus,213,24,24,34,37,47,10,111,0.000%,.36301,0.47,0.17
PC&APP:engineering works-contract search,219,29,31,40,44,49,12,81,0.000%,.37317,0.27,0.17
PC&APP:hotlineStatistics,240,30,31,41,43,50,15,69,0.000%,.40819,1.16,0.21
PC&APP:contractNetPayment,212,29,30,41,46,55,15,59,0.000%,.36106,0.32,0.17
PC&APP:waterQualityPassRate,221,29,31,41,44,52,15,61,0.000%,.37620,0.47,0.17
PC&APP:pondWaterLevelChangesTrend,470,58,46,99,105,121,13,150,0.000%,.79984,74.46,0.37
PC&APP:engineeringManagementIndicatorsmonthly,220,30,32,42,47,53,16,65,0.000%,.37464,0.92,0.18
PC&APP:Leakage-logger,248,55,52,82,89,101,27,117,0.000%,.42257,0.32,0.20
PC&APP:Inside service fault-detail,438,43,44,57,60,71,20,88,0.000%,.74600,4.17,0.33
PC&APP:pullDownList,233,34,35,48,51,55,9,81,0.000%,.39696,0.28,0.18
PC&APP:waterTreatmentWorkData,504,41,40,55,61,86,20,199,0.000%,.85697,0.86,0.39
PC&APP:Case Investigation-search,216,37,36,51,56,79,19,94,0.000%,.36834,0.37,0.19
PC&APP:waterTreatmentWork,209,25,26,35,38,50,12,108,0.000%,.35594,0.51,0.16
PC&APP:waterTypemonthly,218,28,29,41,45,49,15,73,0.000%,.37109,0.41,0.18
PC&APP:waterQualityParameterSituation,219,35,35,46,49,84,20,107,0.000%,.37303,0.48,0.18
PC&APP:rwSupplySituation,445,36,36,49,53,81,18,134,0.000%,.75846,0.98,0.35
PC&APP:rawWaterReservoirmonthly,214,28,28,39,42,82,15,106,0.000%,.36430,0.60,0.17
PC&APP:pipelineasset,218,32,33,44,47,54,15,62,0.000%,.37139,0.31,0.17
PC&APP:flushingWater,227,38,38,50,54,126,20,138,0.000%,.38665,0.37,0.18
PC&APP:waterTreatmentWorkDatamonthly,221,30,31,42,47,60,14,99,0.000%,.37646,0.44,0.18
PC&APP:Leakage-subregion,231,27,26,37,40,77,13,114,0.000%,.39357,1.16,0.18
PC&APP:pipelinedata,197,27,28,38,41,49,14,69,0.000%,.33545,0.60,0.16
PC&APP:woProcessingStatus,216,30,30,41,46,49,15,82,0.000%,.36793,0.39,0.17
PC&APP:waterQualityMonitoring,457,27,29,38,42,51,11,80,0.000%,.77829,1.30,0.37
PC&APP:engineering works-finanicial search,222,33,33,46,47,64,14,117,0.000%,.37816,0.25,0.19
PC&APP:topLabel,248,23,26,36,38,42,12,53,0.000%,.42268,0.45,0.19
PC&APP:engineering works-progress search,213,32,32,44,47,58,14,193,0.000%,.36272,0.24,0.18
PC&APP:Supply Network-flowdetail,228,99,98,116,125,156,77,202,0.000%,.38863,1.60,0.18
PC&APP:Application-result,209,24,25,35,38,43,9,70,0.000%,.35578,0.25,0.16
PC&APP:dwSwPumpingStationmonthly,224,33,35,43,46,62,17,97,0.000%,.38181,1.02,0.18
PC&APP:engineering works-warning search,237,32,33,44,47,59,15,74,0.000%,.40408,0.27,0.20
PC&APP:supplyCusService,414,29,29,41,44,60,12,99,0.000%,.70443,0.97,0.31
PC&APP:productSalesDiffTrend,452,36,36,48,52,63,18,113,0.000%,.76749,3.31,0.36
PC&APP:Complaint-result,206,41,42,53,59,66,23,150,0.000%,.35078,1.84,0.17
PC&APP:Complaint-search,238,36,37,48,51,55,19,64,0.000%,.40540,29.35,0.21
PC&APP:woStatistics,234,38,37,51,54,95,22,191,0.000%,.39866,0.67,0.18
PC&APP:woStatisticsdaily,223,43,45,54,57,77,29,90,0.000%,.38032,2.55,0.17
PC&APP:Application-search,485,103,39,197,206,233,7,280,0.000%,.82631,11.54,0.52
PC&APP:engineering works-compensation search,206,62,60,91,97,110,28,114,0.000%,.35076,0.23,0.18
PC&APP:wsoMonitoring,709,29,29,40,42,53,12,115,0.000%,1.20684,10.71,0.53
PC&APP:realTimeMonitoringflow,209,42,43,52,56,84,26,93,0.000%,.35507,22.52,0.17
PC&APP:woProcessingStatusdaily,268,42,43,54,56,64,27,78,0.000%,.45626,1.40,0.21
PC&APP:rwSupplySituationmonthly,251,32,32,42,46,57,17,132,0.000%,.42776,0.74,0.20
PC&APP:pumpHousePumpMachine,233,34,34,49,51,60,16,64,0.000%,.39703,0.44,0.19
PC&APP:deviceSituation,218,30,31,42,46,57,16,67,0.000%,.37133,0.47,0.17
PC&APP:houseMeterCount,205,32,34,43,49,67,16,78,0.000%,.34904,0.51,0.16
PC&APP:Supply Network-engineeringdetail,217,47,47,60,66,81,25,107,0.000%,.36957,1.69,0.17
PC&APP:waterType,221,25,27,36,39,47,12,53,0.000%,.37617,0.32,0.18
PC&APP:Complaint-detail,219,24,26,37,40,48,10,59,0.000%,.37274,0.42,0.18
PC&APP:engineeringManagementIndicators,220,28,28,39,42,50,15,66,0.000%,.37453,0.53,0.18
PC&APP:Application-detail,428,82,61,130,139,163,25,181,0.000%,.72763,3.71,0.33
PC&APP:energyConsumption,240,71,71,83,86,100,53,212,0.000%,.40865,0.48,0.20
PC&APP:seat,214,50,47,76,84,106,25,118,0.000%,.36474,3.44,0.16
PC&APP:wsoOverview,222,27,28,38,40,50,14,52,0.000%,.37810,0.32,0.17
PC&APP:userCategory,216,29,30,43,48,83,12,107,0.000%,.37505,0.33,0.17
PC&APP:waterFactoryEnergyConsumption,214,32,32,47,53,65,15,91,0.000%,.36501,0.40,0.17
PC&APP:complaintClassification,232,32,33,44,50,56,15,98,0.000%,.39521,0.33,0.19
PC&APP:proxyGroup,223,24,26,36,38,60,12,88,0.000%,.37967,0.62,0.16
PC&APP:dwSwPumpingStation,219,44,43,55,59,79,25,198,0.000%,.37346,0.72,0.17
PC&APP:woStatisticsmonthly,228,29,30,40,43,50,15,102,0.000%,.38861,1.14,0.18
PC&APP:Leakage-minNightFlow,218,54,55,67,73,85,18,146,0.000%,.37151,0.38,0.19
PC&APP:waterPlantsEnergyConsumptionmonthly,186,30,32,42,45,53,15,114,0.000%,.31658,0.37,0.15
PC&APP:workOrderAndCall,213,28,28,38,41,61,14,109,0.000%,.36256,0.56,0.18
PC&APP:Leakage-pipline,235,183,182,204,216,271,142,559,0.000%,.39983,0.51,0.20
PC&APP:supplyAnalysisdaily,219,39,40,49,53,63,25,72,0.000%,.37273,1.59,0.17
PC&APP:nightMinFlow,239,46,48,58,61,73,28,119,0.000%,.40745,0.68,0.19
PC&APP:workOrder,235,28,31,37,40,52,15,76,0.000%,.40087,0.70,0.18
PC&APP:pressureFlowMonitoring,234,30,31,41,45,68,14,80,0.000%,.39863,13.53,0.19
PC&APP:Leakage-condition,237,260,262,289,299,327,210,579,0.000%,.40323,0.92,0.20
PC&APP:waterQualityPassRatemonthly,211,33,34,45,50,59,19,108,0.000%,.35958,0.74,0.17
PC&APP:waterFee,228,29,31,41,47,62,14,65,0.000%,.38829,0.42,0.17
PC&APP:Leakage-detail,228,31,32,46,51,58,13,81,0.000%,.38782,0.32,0.18
PC&APP:dwSwReservoir,430,135,132,176,191,213,60,252,0.000%,.73236,0.63,0.33
PC&APP:waterOutput,240,237,233,258,269,412,202,533,0.000%,.40866,0.49,0.20
PC&APP:waterLevelChange,217,235,235,255,264,302,200,337,0.000%,.37039,0.45,0.19
PC&APP:delayStatistics,208,54,54,74,84,93,25,104,0.000%,.35429,0.54,0.16
PC&APP:userinfo,230,39,39,52,56,80,21,178,0.000%,.39202,0.42,0.17
PC&APP:waterMeterCondition,229,29,30,41,48,71,14,102,0.000%,.39009,0.29,0.18
PC&APP:Cockpit-mainAsset,220,239,234,259,270,451,201,650,0.000%,.37490,2.03,0.17
PC&APP:wsoMonitoringdata,213,34,35,46,51,61,20,98,0.000%,.36281,8.04,0.16
PC&APP:Mainpage,204,58,54,82,91,98,27,126,0.000%,.34806,7.45,0.15
PC&APP:pipelineNetworkAssets,248,35,36,46,51,69,18,176,0.000%,.42288,0.74,0.19
PC&APP:contractNetPaymentdialog,218,29,30,42,47,54,15,65,0.000%,.37156,0.43,0.17
PC&APP:Inside service fault-search,246,27,29,39,44,57,14,103,0.000%,.41965,2.04,0.20
PC&APP:rawWaterReservoirdaily,232,48,46,58,61,71,36,76,0.000%,.39568,1.11,0.18
PC&APP:supplyAnalysis,216,29,30,39,41,47,17,91,0.000%,.36815,0.47,0.17
PC&APP:woProcessingStatusmmonthly,216,30,29,41,46,63,16,101,0.000%,.36862,0.58,0.17
PC&APP:rwStorage,240,163,161,195,203,225,114,246,0.000%,.40945,0.51,0.18
PC&APP:waterQualityParametersTrendmonthly,240,55,56,66,72,85,39,104,0.000%,.40902,1.16,0.20
PC&APP:productSalesDiffTrendmonthly,217,47,48,58,64,80,31,170,0.000%,.36991,1.15,0.18
PC&APP:pipelinestatistics,238,27,28,39,42,59,14,110,0.000%,.40650,0.34,0.19
PC&APP:BurstPipe-detail,220,40,38,50,53,136,19,166,0.000%,.37521,0.78,0.17
PC&APP:rwSupplySituationDaily,238,377,377,397,407,415,337,415,0.000%,.40529,2.65,0.19
PC&APP:waterQualityParametersTrend,222,32,34,42,44,51,20,71,0.000%,.38567,0.63,0.19
PC&APP:Inside service fault-result,230,25,27,36,39,45,9,50,0.000%,.39952,0.28,0.18
TOTAL,27000,51,35,98,192,292,6,650,0.000%,45.82726,287.05,21.62
