Label,# Samples,Average,Min,Max,Std. Dev.,Error %,Throughput,Received KB/sec,Sent KB/sec,Avg. Bytes
PC&APP:BurstPipe-search,248,32,14,67,9.76,0.000%,.42198,4.35,0.24,10548.2
PC&APP:realTimeMonitoringpressure,227,40,24,98,9.42,0.000%,.38631,27.24,0.18,72211.3
PC&APP:Supply Network-search,250,18,6,36,8.09,0.000%,.42581,0.30,0.23,713.0
PC&APP:waterQualitySample,862,28,12,138,10.69,0.000%,1.46651,1.29,0.67,897.4
PC&APP:waterPlantsEnergyConsumption,221,34,15,134,12.60,0.000%,.37632,0.44,0.18,1185.1
PC&APP:woClassification,221,28,14,93,10.77,0.000%,.37616,0.43,0.17,1180.2
PC&APP:waterConsumption,236,29,14,161,12.61,0.000%,.40241,0.44,0.18,1124.1
PC&APP:pipelinedialog,224,26,13,50,8.34,0.000%,.38165,0.51,0.18,1359.1
PC&APP:BurstPipe-result,238,31,14,79,10.87,0.000%,.40482,1.19,0.25,3014.1
PC&APP:waterQualitySamplemonthly,227,29,15,112,11.94,0.000%,.38653,0.43,0.18,1138.1
PC&APP:flushingWatersupplyStatus,213,24,10,111,11.25,0.000%,.36301,0.47,0.17,1338.7
PC&APP:engineering works-contract search,219,29,12,81,9.27,0.000%,.37317,0.27,0.17,737.3
PC&APP:hotlineStatistics,240,30,15,69,8.88,0.000%,.40819,1.16,0.21,2900.3
PC&APP:contractNetPayment,212,29,15,59,8.94,0.000%,.36106,0.32,0.17,899.1
PC&APP:waterQualityPassRate,221,29,15,61,8.89,0.000%,.37620,0.47,0.17,1282.0
PC&APP:pondWaterLevelChangesTrend,470,58,13,150,33.71,0.000%,.79984,74.46,0.37,95329.6
PC&APP:engineeringManagementIndicatorsmonthly,220,30,16,65,9.30,0.000%,.37464,0.92,0.18,2517.8
PC&APP:Leakage-logger,248,55,27,117,17.77,0.000%,.42257,0.32,0.20,785.2
PC&APP:Inside service fault-detail,438,43,20,88,10.25,0.000%,.74600,4.17,0.33,5718.4
PC&APP:pullDownList,233,34,9,81,12.14,0.000%,.39696,0.28,0.18,713.0
PC&APP:waterTreatmentWorkData,504,41,20,199,16.39,0.000%,.85697,0.86,0.39,1026.2
PC&APP:Case Investigation-search,216,37,19,94,12.25,0.000%,.36834,0.37,0.19,1034.2
PC&APP:waterTreatmentWork,209,25,12,108,10.08,0.000%,.35594,0.51,0.16,1472.7
PC&APP:waterTypemonthly,218,28,15,73,9.59,0.000%,.37109,0.41,0.18,1138.1
PC&APP:waterQualityParameterSituation,219,35,20,107,11.06,0.000%,.37303,0.48,0.18,1308.8
PC&APP:rwSupplySituation,445,36,18,134,12.18,0.000%,.75846,0.98,0.35,1321.7
PC&APP:rawWaterReservoirmonthly,214,28,15,106,11.47,0.000%,.36430,0.60,0.17,1686.7
PC&APP:pipelineasset,218,32,15,62,9.46,0.000%,.37139,0.31,0.17,854.1
PC&APP:flushingWater,227,38,20,138,14.32,0.000%,.38665,0.37,0.18,974.2
PC&APP:waterTreatmentWorkDatamonthly,221,30,14,99,10.31,0.000%,.37646,0.44,0.18,1206.2
PC&APP:Leakage-subregion,231,27,13,114,10.97,0.000%,.39357,1.16,0.18,3024.4
PC&APP:pipelinedata,197,27,14,69,8.98,0.000%,.33545,0.60,0.16,1826.8
PC&APP:woProcessingStatus,216,30,15,82,9.30,0.000%,.36793,0.39,0.17,1078.1
PC&APP:waterQualityMonitoring,457,27,11,80,9.28,0.000%,.77829,1.30,0.37,1716.5
PC&APP:engineering works-finanicial search,222,33,14,117,11.70,0.000%,.37816,0.25,0.19,683.0
PC&APP:topLabel,248,23,12,53,8.82,0.000%,.42268,0.45,0.19,1086.2
PC&APP:engineering works-progress search,213,32,14,193,14.35,0.000%,.36272,0.24,0.18,683.0
PC&APP:Supply Network-flowdetail,228,99,77,202,15.71,0.000%,.38863,1.60,0.18,4207.6
PC&APP:Application-result,209,24,9,70,9.27,0.000%,.35578,0.25,0.16,713.0
PC&APP:dwSwPumpingStationmonthly,224,33,17,97,9.79,0.000%,.38181,1.02,0.18,2733.1
PC&APP:engineering works-warning search,237,32,15,74,10.16,0.000%,.40408,0.27,0.20,683.0
PC&APP:supplyCusService,414,29,12,99,10.38,0.000%,.70443,0.97,0.31,1416.9
PC&APP:productSalesDiffTrend,452,36,18,113,10.27,0.000%,.76749,3.31,0.36,4411.9
PC&APP:Complaint-result,206,41,23,150,12.04,0.000%,.35078,1.84,0.17,5373.3
PC&APP:Complaint-search,238,36,19,64,9.05,0.000%,.40540,29.35,0.21,74126.3
PC&APP:woStatistics,234,38,22,191,14.68,0.000%,.39866,0.67,0.18,1727.9
PC&APP:woStatisticsdaily,223,43,29,90,9.51,0.000%,.38032,2.55,0.17,6862.6
PC&APP:Application-search,485,103,7,280,85.46,0.000%,.82631,11.54,0.52,14305.3
PC&APP:engineering works-compensation search,206,62,28,114,17.94,0.000%,.35076,0.23,0.18,683.0
PC&APP:wsoMonitoring,709,29,12,115,10.45,0.000%,1.20684,10.71,0.53,9087.7
PC&APP:realTimeMonitoringflow,209,42,26,93,10.44,0.000%,.35507,22.52,0.17,64939.9
PC&APP:woProcessingStatusdaily,268,42,27,78,8.98,0.000%,.45626,1.40,0.21,3144.9
PC&APP:rwSupplySituationmonthly,251,32,17,132,12.62,0.000%,.42776,0.74,0.20,1770.9
PC&APP:pumpHousePumpMachine,233,34,16,64,9.70,0.000%,.39703,0.44,0.19,1146.2
PC&APP:deviceSituation,218,30,16,67,9.61,0.000%,.37133,0.47,0.17,1292.7
PC&APP:houseMeterCount,205,32,16,78,10.32,0.000%,.34904,0.51,0.16,1490.7
PC&APP:Supply Network-engineeringdetail,217,47,25,107,11.54,0.000%,.36957,1.69,0.17,4687.1
PC&APP:waterType,221,25,12,53,8.65,0.000%,.37617,0.32,0.18,870.2
PC&APP:Complaint-detail,219,24,10,59,9.19,0.000%,.37274,0.42,0.18,1146.1
PC&APP:engineeringManagementIndicators,220,28,15,66,8.66,0.000%,.37453,0.53,0.18,1450.8
PC&APP:Application-detail,428,82,25,181,39.45,0.000%,.72763,3.71,0.33,5218.1
PC&APP:energyConsumption,240,71,53,212,13.09,0.000%,.40865,0.48,0.20,1203.2
PC&APP:seat,214,50,25,118,17.76,0.000%,.36474,3.44,0.16,9645.3
PC&APP:wsoOverview,222,27,14,52,8.20,0.000%,.37810,0.32,0.17,872.2
PC&APP:userCategory,216,29,12,107,12.65,0.000%,.37505,0.33,0.17,901.1
PC&APP:waterFactoryEnergyConsumption,214,32,15,91,11.37,0.000%,.36501,0.40,0.17,1120.1
PC&APP:complaintClassification,232,32,15,98,10.18,0.000%,.39521,0.33,0.19,859.2
PC&APP:proxyGroup,223,24,12,88,10.42,0.000%,.37967,0.62,0.16,1684.0
PC&APP:dwSwPumpingStation,219,44,25,198,16.03,0.000%,.37346,0.72,0.17,1974.9
PC&APP:woStatisticsmonthly,228,29,15,102,9.59,0.000%,.38861,1.14,0.18,3015.0
PC&APP:Leakage-minNightFlow,218,54,18,146,12.35,0.000%,.37151,0.38,0.19,1053.2
PC&APP:waterPlantsEnergyConsumptionmonthly,186,30,15,114,11.16,0.000%,.31658,0.37,0.15,1207.1
PC&APP:workOrderAndCall,213,28,14,109,10.48,0.000%,.36256,0.56,0.18,1579.2
PC&APP:Leakage-pipline,235,183,142,559,33.25,0.000%,.39983,0.51,0.20,1305.0
PC&APP:supplyAnalysisdaily,219,39,25,72,8.95,0.000%,.37273,1.59,0.17,4357.9
PC&APP:nightMinFlow,239,46,28,119,10.32,0.000%,.40745,0.68,0.19,1709.7
PC&APP:workOrder,235,28,15,76,9.04,0.000%,.40087,0.70,0.18,1785.0
PC&APP:pressureFlowMonitoring,234,30,14,80,9.85,0.000%,.39863,13.53,0.19,34750.5
PC&APP:Leakage-condition,237,260,210,579,31.81,0.000%,.40323,0.92,0.20,2336.2
PC&APP:waterQualityPassRatemonthly,211,33,19,108,11.04,0.000%,.35958,0.74,0.17,2093.6
PC&APP:waterFee,228,29,14,65,9.67,0.000%,.38829,0.42,0.17,1103.1
PC&APP:Leakage-detail,228,31,13,81,10.73,0.000%,.38782,0.32,0.18,857.1
PC&APP:dwSwReservoir,430,135,60,252,30.40,0.000%,.73236,0.63,0.33,887.2
PC&APP:waterOutput,240,237,202,533,34.10,0.000%,.40866,0.49,0.20,1236.7
PC&APP:waterLevelChange,217,235,200,337,18.60,0.000%,.37039,0.45,0.19,1239.7
PC&APP:delayStatistics,208,54,25,104,15.53,0.000%,.35429,0.54,0.16,1564.0
PC&APP:userinfo,230,39,21,178,14.22,0.000%,.39202,0.42,0.17,1102.2
PC&APP:waterMeterCondition,229,29,14,102,11.07,0.000%,.39009,0.29,0.18,762.1
PC&APP:Cockpit-mainAsset,220,239,201,650,40.34,0.000%,.37490,2.03,0.17,5541.0
PC&APP:wsoMonitoringdata,213,34,20,98,10.18,0.000%,.36281,8.04,0.16,22689.3
PC&APP:Mainpage,204,58,27,126,17.60,0.000%,.34806,7.45,0.15,21916.4
PC&APP:pipelineNetworkAssets,248,35,18,176,12.90,0.000%,.42288,0.74,0.19,1779.9
PC&APP:contractNetPaymentdialog,218,29,15,65,9.67,0.000%,.37156,0.43,0.17,1191.1
PC&APP:Inside service fault-search,246,27,14,103,10.83,0.000%,.41965,2.04,0.20,4983.7
PC&APP:rawWaterReservoirdaily,232,48,36,76,8.17,0.000%,.39568,1.11,0.18,2865.2
PC&APP:supplyAnalysis,216,29,17,91,9.23,0.000%,.36815,0.47,0.17,1300.8
PC&APP:woProcessingStatusmmonthly,216,30,16,101,10.35,0.000%,.36862,0.58,0.17,1615.8
PC&APP:rwStorage,240,163,114,246,22.48,0.000%,.40945,0.51,0.18,1281.8
PC&APP:waterQualityParametersTrendmonthly,240,55,39,104,9.96,0.000%,.40902,1.16,0.20,2906.3
PC&APP:productSalesDiffTrendmonthly,217,47,31,170,13.68,0.000%,.36991,1.15,0.18,3180.2
PC&APP:pipelinestatistics,238,27,14,110,10.66,0.000%,.40650,0.34,0.19,849.1
PC&APP:BurstPipe-detail,220,40,19,166,16.20,0.000%,.37521,0.78,0.17,2124.0
PC&APP:rwSupplySituationDaily,238,377,337,415,15.61,0.000%,.40529,2.65,0.19,6684.1
PC&APP:waterQualityParametersTrend,222,32,20,71,8.22,0.000%,.38567,0.63,0.19,1683.1
PC&APP:Inside service fault-result,230,25,9,50,8.86,0.000%,.39952,0.28,0.18,713.0
TOTAL,27000,51,6,650,57.65,0.000%,45.82726,287.05,21.62,6414.1
