"wo_biz_type_code","origin_code","topic_type","biz_type_cn","biz_type_tc","biz_type_en","dim_load_time","dim_update_time"
BL_EV_000001,,EVENT,水质投诉,水質投訴,Water Quality Complaint,2025-12-11 15:36:42.746,2025-12-11 15:36:42.746
BL_EV_000002,,EVENT,爆漏/泄漏,爆漏/泄漏,Burst / Leak,2025-12-11 15:36:42.748,2025-12-11 15:36:42.748
BL_EV_000003,,EVENT,内部服务爆漏,內部服務爆漏,Internal Service Burst,2025-12-11 15:36:42.748,2025-12-11 15:36:42.748
BL_EV_000004,,EVENT,内部服务泄漏,內部服務泄漏,Internal Service Leak,2025-12-11 15:36:42.749,2025-12-11 15:36:42.749
BL_EV_000005,,EVENT,人为损坏,人為損壞,Man-made Damage,2025-12-11 15:36:42.749,2025-12-11 15:36:42.749
BT_WS_000001,PSMA,WATER_SUPPLY,分拆水表,分拆水錶,Separate Meter,2025-12-11 15:36:42.749,2025-12-11 15:36:42.749
BT_WS_000002,PMWI,WATER_SUPPLY,折衷式消防花洒系统/消防喉辘/消防栓,折衷式消防花灑系統/消防喉轆/消防栓,Improvised Fire Sprinkler System/Fire Hose Reel System/Fire Hydrant,2025-12-11 15:36:42.749,2025-12-11 15:36:42.749
BT_WS_000003,PPMA,WATER_SUPPLY,流动水表,流動水錶,Portable Meter,2025-12-11 15:36:42.749,2025-12-11 15:36:42.749
BT_WS_000004,PMWF,WATER_SUPPLY,餐饮业/运水烟罩,餐飲業/運水煙罩,Food Business/Hydro-Vent,2025-12-11 15:36:42.749,2025-12-11 15:36:42.749
BT_WS_000005,PRPA,WATER_SUPPLY,水管及装置更换,水管及裝置更換,Replumbing,2025-12-11 15:36:42.749,2025-12-11 15:36:42.749
BT_WS_000006,PMER,WATER_SUPPLY,搬移表位,搬移錶位,Relocation of  Meter,2025-12-11 15:36:42.749,2025-12-11 15:36:42.749
BT_WS_000007,PNBA,WATER_SUPPLY,新建楼宇,新建樓宇,New Building,2025-12-11 15:36:42.749,2025-12-11 15:36:42.749
BT_WS_000008,PMEA,WATER_SUPPLY,加大水表,加大水錶,Enlargement of Meter,2025-12-11 15:36:42.749,2025-12-11 15:36:42.749
BT_WS_000009,PMWS,WATER_SUPPLY,其他（可多选）,其他（可多选）,Others,2025-12-11 15:36:42.749,2025-12-11 15:36:42.749
BT_WS_000010,PCTS,WATER_SUPPLY,改用咸水/再造水冲厕,改用鹹水/再造水沖廁,Conversion to Salt Water for Flushing,2025-12-11 15:36:42.749,2025-12-11 15:36:42.749
BT_WS_000011,PRFA,WATER_SUPPLY,重新接驳水表（处所应已安装内部供水系统）,重新接駁水錶（處所應已安裝內部供水系統）,Refixing/Reconnection of Meter,2025-12-11 15:36:42.750,2025-12-11 15:36:42.750
BT_WS_000012,PSDU,WATER_SUPPLY,劏房,劏房,Separate Water Meters for Subdivided Units,2025-12-11 15:36:42.750,2025-12-11 15:36:42.750
BT_WS_000013,PVHA,WATER_SUPPLY,村屋,村屋,Village Type House,2025-12-11 15:36:42.750,2025-12-11 15:36:42.750
BT_WS_000014,PMWT,WATER_SUPPLY,用作系统性冲洗的临时水表,用作系統性沖洗的臨時水錶,Temporary Meter of Systematic Flushing,2025-12-11 15:36:42.750,2025-12-11 15:36:42.750
BT_WS_000015,PTWC,WATER_SUPPLY,地区临时供水,地盤臨時供水,Temporary Water Supply for Construction Site,2025-12-11 15:36:42.750,2025-12-11 15:36:42.750
CU_PE_100001,,COMPLAINTS,输配管网投诉,輸配管網投訴,Complaints (Supply & Distribution Network),2025-12-11 15:36:42.750,2025-12-11 15:36:42.750
CU_PE_100002,,COMPLAINTS,私人水管投诉,私人水管投訴,Complaints (Inside Service),2025-12-11 15:36:42.750,2025-12-11 15:36:42.750
CU_PE_100003,,COMPLAINTS,树木投诉,樹木投訴,Complaints (Trees),2025-12-11 15:36:42.750,2025-12-11 15:36:42.750
CU_PE_100004,,COMPLAINTS,斜坡投诉,斜坡投訴,Complaints (Slopes),2025-12-11 15:36:42.750,2025-12-11 15:36:42.750
CU_PE_100005,,COMPLAINTS,供水设施投诉,供水設施投訴,Complaints (Waterworks installations),2025-12-11 15:36:42.750,2025-12-11 15:36:42.750
CU_PE_100006,,COMPLAINTS,账户账单投诉,賬戶賬單投訴 ,Account matters,2025-12-11 15:36:42.751,2025-12-11 15:36:42.751
CU_PE_100007,,COMPLAINTS,用户权投诉,用戶權投訴,CoC matters,2025-12-11 15:36:42.751,2025-12-11 15:36:42.751
CU_PE_100008,S,PROJECT,客户接驳工程,客戶接駁工程,CS Connection,2025-12-11 15:36:42.751,2025-12-11 15:36:42.751
CU_PE_100009,D,PROJECT,水管及接驳点改道工程,水管及接駁點改道工程,Diversion of Water mains and Connections,2025-12-11 15:36:42.751,2025-12-11 15:36:42.751
CU_PE_100010,E,PROJECT,供水网络扩展工程,供水網絡擴展工程,Extension of Supply Network,2025-12-11 15:36:42.751,2025-12-11 15:36:42.751
CU_PE_100011,I,PROJECT,改善工程,改善工程,Improvement Work,2025-12-11 15:36:42.751,2025-12-11 15:36:42.751
CU_PE_100012,G,PROJECT,紧急维修工程,緊急維修工程,Emergency Repair,2025-12-11 15:36:42.751,2025-12-11 15:36:42.751
CU_PE_100013,V,PROJECT,阀门操作工程,閥門操作工程,Valve Operation,2025-12-11 15:36:42.751,2025-12-11 15:36:42.751
CU_PE_100014,P,PROJECT,土木规划维护工程,土木規劃維護工程,Civil Planned Maintenance,2025-12-11 15:36:42.752,2025-12-11 15:36:42.752
CU_PE_100015,R,PROJECT,现有水管更换工程,現有水管更換工程,Replacement of Existing Watermains,2025-12-11 15:36:42.752,2025-12-11 15:36:42.752
CU_PE_100016,RM,PROJECT,日常维护工程,日常維護工程,Routine Maintenance,2025-12-11 15:36:42.752,2025-12-11 15:36:42.752
CU_PE_100017,L,PROJECT,斜坡维护工程,斜坡維護工程,Slope Maintenance,2025-12-11 15:36:42.752,2025-12-11 15:36:42.752
CU_PE_100018,H,PROJECT,水源设施维护工程,水源設施維護工程,Headworks Maintenance,2025-12-11 15:36:42.752,2025-12-11 15:36:42.752
CU_PE_100019,C,PROJECT,改造工程,改造工程,Conversion,2025-12-11 15:36:42.752,2025-12-11 15:36:42.752
CU_PE_100020,O,PROJECT,其他工程,其他工程,Others,2025-12-11 15:36:42.752,2025-12-11 15:36:42.752
CU_PE_100021,DW,PROJECT,损坏修复工程,損壞修復工程,Damage Work,2025-12-11 15:36:42.752,2025-12-11 15:36:42.752
CU_PE_100022,F,PROJECT,故障维修工程,故障維修工程,Fault Repair,2025-12-11 15:36:42.752,2025-12-11 15:36:42.752
CU_PE_100023,FA,PROJECT,故障处理,故障處理,Fault Attendance,2025-12-11 15:36:42.752,2025-12-11 15:36:42.752
CU_PE_100024,FB,PROJECT,故障翻新工程,故障翻新工程,Fault Refurbishment,2025-12-11 15:36:42.752,2025-12-11 15:36:42.752
CU_PE_100025,FR,PROJECT,故障纠正工程,故障糾正工程,Fault Rectification,2025-12-11 15:36:42.752,2025-12-11 15:36:42.752
CU_PE_100026,MD,PROJECT,改装工程,改裝工程,Modification,2025-12-11 15:36:42.753,2025-12-11 15:36:42.753
CU_PE_100027,N,PROJECT,新建工程,新建工程,New Work,2025-12-11 15:36:42.753,2025-12-11 15:36:42.753
CU_PE_100028,NR,PROJECT,非日常工程,非日常工程,Non-routine Work,2025-12-11 15:36:42.753,2025-12-11 15:36:42.753
CU_PE_100029,RP,PROJECT,更换工程,更換工程,Replacement,2025-12-11 15:36:42.753,2025-12-11 15:36:42.753
CU_PE_100030,SAO,PROJECT,计划维护（协助订单）,計劃維護（協助訂單）,Scheduled Maint.(Assist Order),2025-12-11 15:36:42.753,2025-12-11 15:36:42.753
CU_PE_100031,SM,PROJECT,计划维护工程,計劃維護工程,Schedule Maint.,2025-12-11 15:36:42.753,2025-12-11 15:36:42.753
CU_PE_100032,SS,PROJECT,计划维护（分区）,計劃維護（分區）,Schedule Maint.(Section),2025-12-11 15:36:42.753,2025-12-11 15:36:42.753
CU_PE_100033,T,PROJECT,三通接驳工程,三通接駁工程,Tee-connection Work,2025-12-11 15:36:42.753,2025-12-11 15:36:42.753
CU_PE_100034,TE,PROJECT,测试及校准工程,測試及校準工程,Testing & Calibration,2025-12-11 15:36:42.753,2025-12-11 15:36:42.753
CU_PE_100035,U,PROJECT,非计划维护工程,非計劃維護工程,Unschedule Maint.,2025-12-11 15:36:42.753,2025-12-11 15:36:42.753
CU_PE_100036,MC,PROJECT,小型合约工程,小型合約工程,Minor Contract,2025-12-11 15:36:42.753,2025-12-11 15:36:42.753
CU_PE_100037,NRM,PROJECT,非日常维护工程,非日常維護工程,Non-routine Maintenance,2025-12-11 15:36:42.753,2025-12-11 15:36:42.753
CU_PE_100038,OM,PROJECT,大修维护工程,大修維護工程,Overhaul Maintenance,2025-12-11 15:36:42.754,2025-12-11 15:36:42.754
CU_PE_100039,W,PROJECT,工程合约,工程合約,Works Contract,2025-12-11 15:36:42.754,2025-12-11 15:36:42.754
CU_PE_100040,MG,PROJECT,紧急维修工程（机电类）,緊急維修工程（機電類）,Emergency Repair (M&E),2025-12-11 15:36:42.754,2025-12-11 15:36:42.754
CP_WQ_000001,L1,WATER_QUALITY,集水区,集水區,water gathering ground,2025-12-11 15:50:00.000,2025-12-11 15:50:00.000
CP_WQ_000002,S1,WATER_QUALITY,"天拿水,油漆","天拿水,油漆",odour with solvent smell,2025-12-11 15:50:00.000,2025-12-11 15:50:00.000
CP_WQ_000008,C1,WATER_QUALITY,水黄; 奶白; 所有色,水黃;奶白;所有色,discoloured water,2025-12-11 15:50:00.000,2025-12-11 15:50:00.000
CP_WQ_000009,O1,WATER_QUALITY,虫; 咸; 味; 其它安全水质问题,蟲;咸;味;其它安全水質問題,other abnormal conditions related to water safety,2025-12-11 15:50:00.000,2025-12-11 15:50:00.000
CP_WQ_000004,S3,WATER_QUALITY,氯气; 漂白水,氯氣;漂白水,excessive chlorine,2025-12-11 15:50:00.000,2025-12-11 15:50:00.000
CP_WQ_000003,S2,WATER_QUALITY,怪味; 异味; 锈味,怪味;異味;鏽味,unknown odour other than solvent smell and excessive chlorine,2025-12-11 15:50:00.000,2025-12-11 15:50:00.000
CP_WQ_000005,P1,WATER_QUALITY,黑点; 黑粒,黑點;黑粒,bitumen particles in water,2025-12-11 15:50:00.000,2025-12-11 15:50:00.000
CP_WQ_000007,P3,WATER_QUALITY,粒粒,粒粒,unknown particles other than bitumen and sand in water,2025-12-11 15:50:00.000,2025-12-11 15:50:00.000
CP_WQ_000006,P2,WATER_QUALITY,沙粒,沙粒,sand in water,2025-12-11 15:50:00.000,2025-12-11 15:50:00.000
TP_FA_000006,"0001",FAULT_COMPLAINT,爆管/严重渗漏,爆管/嚴重滲漏,Pipe Burst/Serious Leakage of Inside Service,2025-12-11 15:36:42.754,2025-12-11 15:36:42.754
TP_FA_000007,"0004",FAULT_COMPLAINT,渗漏,滲漏,Seepage,2025-12-11 15:36:42.754,2025-12-11 15:36:42.754
TP_FA_000008,"0011",FAULT_COMPLAINT,非法改管,非法改管,Unauthorized Extension,2025-12-11 15:36:42.754,2025-12-11 15:36:42.754
TP_FA_000009,"0003",FAULT_COMPLAINT,停水/水量小,停水/水量小,Lack of Potable/Flushing Supply,2025-12-11 15:36:42.754,2025-12-11 15:36:42.754
TP_FA_000010,"0039",FAULT_COMPLAINT,其他,其他,Others,2025-12-11 15:36:42.754,2025-12-11 15:36:42.754
TP_FA_000011,"0002",FAULT_COMPLAINT,水质,水質,Water Quality,2025-12-11 15:36:42.754,2025-12-11 15:36:42.754
TP_FA_000012,"0005",FAULT_COMPLAINT,水费纠纷,水費糾紛,Water Charge Dispute,2025-12-11 15:36:42.755,2025-12-11 15:36:42.755
TP_FA_000013,"0006",FAULT_COMPLAINT,水量偏高,水量偏高,High Consumption Inspection,2025-12-11 15:36:42.755,2025-12-11 15:36:42.755
TP_FA_000014,"0007",FAULT_COMPLAINT,水量不正常,水量不正常,Abnormal Consumption,2025-12-11 15:36:42.755,2025-12-11 15:36:42.755
TP_FA_000015,"0008",FAULT_COMPLAINT,确认水表安装位置,確認水表安裝位置,Confirm Meter Arrangement,2025-12-11 15:36:42.755,2025-12-11 15:36:42.755
TP_FA_000016,"0009",FAULT_COMPLAINT,检查水表更换,檢查水表更換,Inspection for Meter Replacement,2025-12-11 15:36:42.755,2025-12-11 15:36:42.755
TP_FA_000017,"0032",FAULT_COMPLAINT,水表丢失,水錶丟失,Meter Lost,2025-12-11 15:36:42.755,2025-12-11 15:36:42.755
TP_FA_000018,"0010",FAULT_FA,用水性质,用水性質,Nature of Supply,2025-12-11 15:36:42.755,2025-12-11 15:36:42.755
TP_FA_000019,"0012",FAULT_FA,I/S公共服务疑似缺陷检查,I/S公共服務疑似缺陷檢查,Suspected Defective I/S Inspection for Communal Service,2025-12-11 15:36:42.755,2025-12-11 15:36:42.755
TP_FA_000020,"0013",FAULT_FA,I/S楼宇疑似缺陷检查,I/S樓宇疑似缺陷檢查,Suspected Defective I/S Inspection for Individual Premise,2025-12-11 15:36:42.755,2025-12-11 15:36:42.755
TP_FA_000021,"0014",FAULT_FA,PU随机检查,PU隨機檢查,PU Random Check,2025-12-11 15:36:42.755,2025-12-11 15:36:42.755
TP_FA_000022,"0015",FAULT_FA,PU调查,PU調查,PU Investigation,2025-12-11 15:36:42.755,2025-12-11 15:36:42.755
TP_FA_000023,"0040",FAULT_FA,协助工单,協助工單,Assit WorkOrder,2025-12-11 15:36:42.755,2025-12-11 15:36:42.755
TP_FA_000024,"0041",FAULT_FA,form k,form k,form k,2025-12-11 15:36:42.756,2025-12-11 15:36:42.756
CU_TS_000001,"3",TEMPORY_SUPPLY,消防栓,消防栓,Fire Hydrant,2026-01-12 11:21:12.824,2026-01-12 11:21:12.824
CU_TS_000002,"4",TEMPORY_SUPPLY,水箱,水箱,Water Tank,2026-01-12 11:21:13.009,2026-01-12 11:21:13.009
CU_TS_000003,"2",TEMPORY_SUPPLY,水车,水車,Water Wheel,2026-01-12 11:21:13.199,2026-01-12 11:21:13.199
CU_EM_100001,"1",CUSTOMER_EMERGENCY,一般,一般,Genearl,2026-01-21 15:47:50.621,2026-01-21 15:47:50.621
CU_EM_100002,"2",CUSTOMER_EMERGENCY,紧急,緊急,Emergency,2026-01-21 15:47:50.621,2026-01-21 15:47:50.621
