"ig_id","ig_name","ig_cname","ig_rpt_label","region_code","region_name","region_cname","region_ind","ig_ind","ir_id","i_code","ir_rpt_label","ir_name","ir_cname","level_type","level_unit","dead_storage","twl","capacity","min_storage","limit_m","dim_update_time","dim_load_time"
IG00000026,ABERDEEN GROUP,香港仔水塘群組,ABERDEEN GROUP,HKI,Hong Kong,香港,I,N,IR00000011,RV010,Aberdeen UPP RV,Aberdeen Upper Reservoir,香港仔上水塘,B,M,,111.2520,0.7730,0.3000,112.2520,2025-12-01 00:01:36.996,2025-12-01 00:01:36.996
IG00000028,SHEK PIK,石壁水塘,SHEK PIK,HKI,Hong Kong,香港,I,N,IR00000015,RV021,Shek Pik RV,Shek Pik Reservoir,石壁水塘,B,M,1.4990,54.0320,24.4610,7.9560,55.0320,2025-12-01 00:01:36.996,2025-12-01 00:01:36.996
IG00000027,POKFULAM,薄扶林水塘,POKFULAM,HKI,Hong Kong,香港,I,N,IR00000002,RV001,Pok Fu Lam RV,Pok Fu Lam Reservoir,薄扶林水塘,B,M,,168.5200,0.2330,0.0910,169.5200,2025-12-01 00:01:36.996,2025-12-01 00:01:36.996
IG00000025,TAI TAM GROUP,大潭水塘群組,TAI TAM GROUP,HKI,Hong Kong,香港,I,N,IR00000005,RV004,Tai Tam INT RV,Tai Tam Intermediate Reservoir,大潭中水塘,B,M,,58.1650,0.6860,0.0450,59.1650,2025-12-01 00:01:36.996,2025-12-01 00:01:36.996
IG00000021,KOWLOON GROUP,九龍水塘群組,KOWLOON GROUP,NTE,New Territories East,新界東,M,N,IR00000012,RV011,Kowloon BYW RV,Kowloon Byewash Reservoir,九龍副水塘,B,F,,115.0620,0.8000,0.4320,116.0620,2025-12-01 00:01:36.996,2025-12-01 00:01:36.996
IG00000029,TAI LAM CHUNG,大欖涌水塘,TAI LAM CHUNG,NTW,New Territories West,新界西,M,N,IR00000014,RV013,Tai Lam Chung RV,Tai Lam Chung Reservoir,大欖涌水塘,B,F,,60.9600,20.4900,5.5200,61.9600,2025-12-01 00:01:36.996,2025-12-01 00:01:36.996
IG00000022,PLOVER COVE,船灣淡水湖,PLOVER COVE,NTE,New Territories East,新界東,M,N,IR00000017,RV025,Plover Cove RV,Plover Cove Reservoir,船灣淡水湖,P,M,0.1111,13.4110,229.7290,37.7320,14.9110,2025-12-01 00:01:36.996,2025-12-01 00:01:36.996
IG00000030,SHING MUN GROUP,城門水塘群組,SHING MUN GROUP,NTE,New Territories East,新界東,M,N,IR00000013,RV012,Shing Mun RV,Shing Mun Reservoir,城門水塘,B,F,,190.5000,13.2790,2.8190,191.5000,2025-12-01 00:01:36.996,2025-12-01 00:01:36.996
IG00000024,LOWER SHING MUN,下城門水塘,LOWER SHING MUN,NTE,New Territories East,新界東,M,N,IR00000016,RV022,Lower Shing Mun RV,Lower Shing Mun Reservoir,下城門水塘,B,M,0.0122,90.2210,4.2990,0.5000,91.2210,2025-12-01 00:01:36.996,2025-12-01 00:01:36.996
IG00000025,TAI TAM GROUP,大潭水塘群組,TAI TAM GROUP,HKI,Hong Kong,香港,I,N,IR00000004,RV003,Tai Tam BYW RV,Tai Tam Byewash Reservoir,大潭副水塘,B,M,,151.4000,0.0800,0.0050,152.4000,2025-12-01 00:01:36.996,2025-12-01 00:01:36.996
IG00000021,KOWLOON GROUP,九龍水塘群組,KOWLOON GROUP,NTE,New Territories East,新界東,M,N,IR00000006,RV005,Kowloon RV,Kowloon Reservoir,九龍水塘,B,F,,136.5500,1.5780,0.2270,137.5500,2025-12-01 00:01:36.996,2025-12-01 00:01:36.996
IG00000021,KOWLOON GROUP,九龍水塘群組,KOWLOON GROUP,NTE,New Territories East,新界東,M,N,IR00000008,RV007,Shek Lei Pui RV,Shek Lei Pui Reservoir,石梨貝水塘,B,F,,195.0960,0.3740,0.1820,196.0960,2025-12-01 00:01:36.996,2025-12-01 00:01:36.996
IG00000026,ABERDEEN GROUP,香港仔水塘群組,ABERDEEN GROUP,HKI,Hong Kong,香港,I,N,IR00000010,RV009,Aberdeen LOW RV,Aberdeen Lower Reservoir,香港仔下水塘,B,M,,80.3150,0.4860,0.0910,81.3150,2025-12-01 00:01:36.996,2025-12-01 00:01:36.996
IG00000030,SHING MUN GROUP,城門水塘群組,SHING MUN GROUP,NTE,New Territories East,新界東,M,N,IR00000009,RV008,Kowloon RPT RV,Kowloon Reception Reservoir,九龍接收水塘,B,M,,145.5420,0.1210,0.0910,146.5420,2025-12-01 00:01:36.996,2025-12-01 00:01:36.996
IG00000025,TAI TAM GROUP,大潭水塘群組,TAI TAM GROUP,HKI,Hong Kong,香港,I,N,IR00000003,RV002,Tai Tam UPP RV,Tai Tam Upper Reservoir,大潭上水塘,B,M,,152.3160,1.4900,0.6360,153.3160,2025-12-01 00:01:36.996,2025-12-01 00:01:36.996
IG00000025,TAI TAM GROUP,大潭水塘群組,TAI TAM GROUP,HKI,Hong Kong,香港,I,N,IR00000007,RV006,Tai Tam Tuk RV,Tai Tam Tuk Reservoir,大潭篤水塘,B,M,,35.4918,6.0470,2.3590,36.9490,2025-12-01 00:01:36.996,2025-12-01 00:01:36.996
IG00000023,HIGH ISLAND,萬宜水庫,HIGH ISLAND,NTE,New Territories East,新界東,M,N,IR00000018,RV027,High Island RV,High Island Reservoir,萬宜水庫,P,M,,60.9600,281.1240,46.8250,62.4600,2025-12-01 00:01:36.996,2025-12-01 00:01:36.996
