"tw_id","i_code","tw_name","tw_cname","rpt_label","region_code","region_name","region_cname","region_ind","capacity","dim_update_time","dim_load_time"
TW00000006,TW005,Tsuen Wan Water Treatment Works,荃灣濾水廠,Tsuen Wan WTW,NTW,New Territories West,新界西,M,318.0000,2025-12-01 00:01:37.208,2025-12-01 00:01:37.208
TW00000007,TW006,Sai Wan Treatment Works,西灣濾水廠,Sai Wan TW,HKI,Hong Kong,香港,I,10.0000,2025-12-01 00:01:37.208,2025-12-01 00:01:37.208
TW00000029,TW028,Yi O Chlorination Station,二澳加氯站,Yi O Chlorination Station,HKI,Hong Kong,香港,I,0.0000,2025-12-01 00:01:37.208,2025-12-01 00:01:37.208
TW00000015,TW014,Tai Po Tau Water Treatment Works,大埔頭濾水廠,Tai Po Tau WTW,NTE,New Territories East,新界東,M,109.0000,2025-12-01 00:01:37.208,2025-12-01 00:01:37.208
TW00000003,TW002,Elliot Treatment Works,西區濾水廠,Elliot TW,HKI,Hong Kong,香港,I,5.5000,2025-12-01 00:01:37.208,2025-12-01 00:01:37.208
TW00000008,TW007,Aberdeen Water Treatment Works,香港仔濾水廠,Aberdeen WTW,HKI,Hong Kong,香港,I,25.0000,2025-12-01 00:01:37.208,2025-12-01 00:01:37.208
TW00000024,TW024,Ma On Shan Water Treatment Works,馬鞍山濾水廠,Ma On Shan WTW,NTE,New Territories East,新界東,M,227.0000,2025-12-01 00:01:37.208,2025-12-01 00:01:37.208
TW00000027,TW026,Tai Po Water Treatment Works,大埔濾水廠,Tai Po WTW,NTE,New Territories East,新界東,M,800.0000,2025-12-01 00:01:37.208,2025-12-01 00:01:37.208
TW00000023,TW023,Sham Tseng Water Treatment Works,深井濾水廠,Sham Tseng WTW,NTW,New Territories West,新界西,M,36.0000,2025-12-01 00:01:37.208,2025-12-01 00:01:37.208
TW00000013,TW012,Yuen Long Treatment Works,元朗濾水廠,Yuen Long TW,NTW,New Territories West,新界西,M,27.0000,2025-12-01 00:01:37.208,2025-12-01 00:01:37.208
TW00000026,TW022,Tai Lam Chung No.2 Chlorination Station,大欖涌二號加氯站,Tai Lam Chung No.2 Chlorination Station,NTW,New Territories West,新界西,M,0.0000,2025-12-01 00:01:37.208,2025-12-01 00:01:37.208
TW00000002,TW001,Shek Lei Pui Water Treatment Works,石梨貝濾水廠,Shek Lei Pui WTW,K,Kowloon,九龍,M,76.0000,2025-12-01 00:01:37.208,2025-12-01 00:01:37.208
TW00000020,TW019,Cheung Sha Water Treatment Works,長沙濾水廠,Cheung Sha WTW,HKI,Hong Kong,香港,I,6.0000,2025-12-01 00:01:37.208,2025-12-01 00:01:37.208
TW00000022,TW021,Au Tau Water Treatment Works,凹頭濾水廠,Au Tau WTW,NTW,New Territories West,新界西,M,330.0000,2025-12-01 00:01:37.208,2025-12-01 00:01:37.208
TW00000005,TW004,Tai Po Road Water Treatment Works,大埔道濾水廠,Tai Po Road WTW,K,Kowloon,九龍,M,32.0000,2025-12-01 00:01:37.208,2025-12-01 00:01:37.208
TW00000012,TW011,Tai O Water Treatment Works,大澳濾水廠,Tai O WTW,HKI,Hong Kong,香港,I,2.0000,2025-12-01 00:01:37.208,2025-12-01 00:01:37.208
TW00000018,TW017,Sheung Shui Water Treatment Works,上水濾水廠,Sheung Shui WTW,NTE,New Territories East,新界東,M,200.0000,2025-12-01 00:01:37.208,2025-12-01 00:01:37.208
TW00000021,TW020,Pak Kong Water Treatment Works,北港濾水廠,Pak Kong WTW,NTE,New Territories East,新界東,M,800.0000,2025-12-01 00:01:37.208,2025-12-01 00:01:37.208
TW00000028,TW027,Ngau Tam Mei Water Treatment Works,牛潭尾濾水廠,Ngau Tam Mei WTW,NTW,New Territories West,新界西,M,230.0000,2025-12-01 00:01:37.208,2025-12-01 00:01:37.208
TW00000025,TW025,Siu Ho Wan Water Treatment Works,小蠔灣濾水廠,Siu Ho Wan WTW,HKI,Hong Kong,香港,I,150.0000,2025-12-01 00:01:37.208,2025-12-01 00:01:37.208
TW00000009,TW008,Shek Pik Chlorination Station,石壁加氯站,Shek Pik Chlorination Station,HKI,Hong Kong,香港,I,0.0000,2025-12-01 00:01:37.208,2025-12-01 00:01:37.208
TW00000011,TW010,Tai Lam Chung Chlorination Station,大欖涌加氯站,Tai Lam Chung Chlorination Station,NTW,New Territories West,新界西,M,0.0000,2025-12-01 00:01:37.208,2025-12-01 00:01:37.208
TW00000016,TW015,Red Hill Water Treatment Works,紅山濾水廠,Red Hill WTW,HKI,Hong Kong,香港,I,20.0000,2025-12-01 00:01:37.208,2025-12-01 00:01:37.208
TW00000019,TW018,Yau Kom Tau Water Treatment Works,油柑頭濾水廠,Yau Kom Tau WTW,NTW,New Territories West,新界西,M,250.0000,2025-12-01 00:01:37.208,2025-12-01 00:01:37.208
TW00000014,TW013,Sha Tin Water Treatment Works,沙田濾水廠,Sha Tin WTW,NTE,New Territories East,新界東,M,540.0000,2025-12-01 00:01:37.208,2025-12-01 00:01:37.208
TW00000017,TW016,Tuen Mun Water Treatment Works,屯門濾水廠,Tuen Mun WTW,NTW,New Territories West,新界西,M,370.0000,2025-12-01 00:01:37.208,2025-12-01 00:01:37.208
TW00000004,TW003,Eastern Water Treatment Works,東區濾水廠,Eastern WTW,HKI,Hong Kong,香港,I,48.0000,2025-12-01 00:01:37.208,2025-12-01 00:01:37.208
TW00000010,TW009,Silver Mine Bay Water Treatment Works,銀灣濾水廠,Silver Mine Bay WTW,HKI,Hong Kong,香港,I,159.0000,2025-12-01 00:01:37.208,2025-12-01 00:01:37.208
