"asset_id","region_abbr","sub_region","i_code","i_type_code","i_type_desc","ps_en","ps_cn","address_en","address_cn","dim_update_time","dim_load_time"
84,NTW,NTW(D1),PS084,SW,Salt Water,Tsuen Wan Salt Water Pumping Station,荃灣海水抽水站,"Hoi Hing Road, Tsuen Wan",荃灣海興道,2025-11-24 15:46:21.012,2025-11-24 15:46:21.012
89,NTW,"",TW018,Combine,Combine TW & FW,Yau Kom Tau Water Treatment Works,油柑頭濾水廠,"9.75 Milestone Castle Peak Road, Yau Kom Tau, Tsuen Wan",荃灣油柑頭青山公路九點七五咪,2025-11-24 15:46:21.012,2025-11-24 15:46:21.012
102,NTW,"",TW027,Combine,Combine TW & FW,Ngau Tam Mei Water Treatment Works,牛潭尾濾水廠,"Chuk Yau Road, Ngau Tam Mei, Yuen Long",元朗牛潭尾竹攸路,2025-11-24 15:46:21.012,2025-11-24 15:46:21.012
158,NTW,NTW(D4),PS047,SW,Salt Water,Kwai Shing Salt Water Pumping Station,葵盛海水抽水站,"Kwai Shing Circuit, Kwai Chung",葵涌葵盛圍,2025-11-24 15:46:21.012,2025-11-24 15:46:21.012
97,NTW,NTW(D5),PS141,FW,Fresh Water,A Kung Tin Fresh Water Pumping Station,亞公田食水抽水站,"Fan Kam Road, Pat Heung",元朗八鄉粉錦公路,2025-11-24 15:46:21.012,2025-11-24 15:46:21.012
87,NTW,NTW(D1),PS041,Combine,Combine TW & FW,Tsuen Wan West Fresh Water and Salt Water Pumping Station,荃灣西食水及海水抽水站,"Route Twisk North 99, Route Twisk Villa, Tsuen Wan",荃灣荃錦公路北99號,2025-11-24 15:46:21.012,2025-11-24 15:46:21.012
23,HKI,HKI(D2),PS028,FW,Fresh Water,Magazine Gap Road Fresh Water Pumping Station,馬己仙峽道食水抽水站,"Magazine Gap Road, Mid-levels",半山區馬己仙峽道,2025-11-24 15:46:21.012,2025-11-24 15:46:21.012
20,HKI,HKI(D2),PS091,FW,Fresh Water,Harcourt Road Fresh Water Pumping Station,夏慤道食水抽水站,"Fenwick Pier Street, Wan Chai",灣仔分域碼頭街,2025-11-24 15:46:21.012,2025-11-24 15:46:21.012
38,HKI,HKI(D3),PS001,RW,Raw Water,Aberdeen Raw Water Pumping Station,香港仔原水抽水站,"Aberdeen Reservoir Road, Aberdeen",香港仔香港仔水塘道,2025-11-24 15:46:21.012,2025-11-24 15:46:21.012
64,NTE,NTE(D1),PS095,FW,Fresh Water,Ha Wong Yi Au Fresh Water Pumping Station,下黃宜凹食水抽水站,"Ha Wong Yi Au Village, Tai Po Road, Tai Po",大埔大埔道下黃宜凹村,2025-11-24 15:46:21.012,2025-11-24 15:46:21.012
29,HKI,HKI(D2),PS102,FW,Fresh Water,Sai Ying Pun Fresh Water Pumping Station,西營盤食水抽水站,"Junction of Water Street & Connaught Road West, Sai Ying Pun",西營盤水街及干諾道西交界,2025-11-24 15:46:21.012,2025-11-24 15:46:21.012
58,HKI,HKI(D4),PS144,FW,Fresh Water,Pak Kok Tsui Fresh Water Pumping Station,北角咀食水抽水站,"Lot IS319, Pak Kok, Lamma Island.",南丫島北角地段319,2025-11-24 15:46:21.012,2025-11-24 15:46:21.012
70,NTE,NTE(D1),PS108,FW,Fresh Water,Shek Mun Fresh Water Booster Pumping Station,石門食水增壓抽水站,"On Ping Street, Sha Tin",沙田安平街,2025-11-24 15:46:21.012,2025-11-24 15:46:21.012
110,K,K(D3),PS066,FW,Fresh Water,Shun Lee Tsuen Fresh Water Pumping Station,順利邨食水抽水站,"Shun Lee Tsuen Clear Water Bay Road, Choi Wan",彩雲清水灣道順利邨,2025-11-24 15:46:21.012,2025-11-24 15:46:21.012
118,K,K(D3),PS107,FW,Fresh Water,Ngau Chi Wan High Level Fresh Water Pumping Station,牛池灣高地食水抽水站,"Ngau Chi Wan Clear Water Bay Road, Choi Wan",牛池灣彩雲清水灣道,2025-11-24 15:46:21.012,2025-11-24 15:46:21.012
170,HKI,HKI(D3),PS156,SW,Salt Water,Telegraph Bay Salt Water Pumping Station,鋼綫灣海水抽水站,Pok Fu Lam,薄扶林,2025-11-24 15:46:21.012,2025-11-24 15:46:21.012
150,NTW,NTW(D4),PS103,Combine,Combine TW & FW,Tsing Yi North High Level Fresh Water and Salt Water Pumping Station,青衣北高地食水及海水抽水站,"Liu To Road, Tsing Yi",青衣寮肚路,2025-11-24 15:46:21.012,2025-11-24 15:46:21.012
99,NTW,NTW(D2),PS116,FW,Fresh Water,So Kwun Tan Fresh Water Pumping Station,掃管灘食水抽水站,"So Kwun Wat Road, Tuen Mun",屯門掃管笏路,2025-11-24 15:46:21.012,2025-11-24 15:46:21.012
7,HKI,HKI(D4),PS099,RW,Raw Water,Cheung Sha Fresh Water Pumping Station,長沙食水抽水站,"Cheung Sha, Lantau Island",大嶼山長沙,2025-11-24 15:46:21.012,2025-11-24 15:46:21.012
71,NTE,NTE(D2),PS111,FW,Fresh Water,Tai Po East Fresh Water Pumping Station,大埔東食水抽水站,"Ting Kok Road, Tai Po",大埔汀角路,2025-11-24 15:46:21.012,2025-11-24 15:46:21.012
73,NTE,NTE(D2),PS077,RW,Raw Water,Fanling Raw Water Pumping Station,粉嶺原水抽水站,"Fan Kam Road, Fanling",粉嶺粉錦公路,2025-11-24 15:46:21.012,2025-11-24 15:46:21.012
117,K,K(D3),PS092,FW,Fresh Water,Ma Chai Hang Fresh Water Booster Pumping Station,馬仔坑食水增壓抽水站,"Lion Rock Park Ma Chai Hang, Chuk Yuen",竹園馬仔坑獅子山公園,2025-11-24 15:46:21.012,2025-11-24 15:46:21.012
128,NTE,"",TW024,Combine,Combine TW & FW,Ma On Shan Water Treatment Works,馬鞍山濾水廠,"Kwun Hang Village, Sai Sha Road, Ma On Shan",馬鞍山西沙路官坑村,2025-11-24 15:46:21.012,2025-11-24 15:46:21.012
239,NTW,NTW(D2),PS162,SW,Salt Water,Lok On Pai Salt Water Pumping Station,樂安排海水抽水站,"Tsing Fat Street, Lok On Pai, Tuen Mun",屯門樂安排青發街,2025-11-24 15:46:21.012,2025-11-24 15:46:21.012
9,HKI,HKI(D4),PS112,FW,Fresh Water,Peng Chau Fresh Water Pumping Station,坪洲食水抽水站,"42 Tai Wo, Peng Chau",坪洲大窩42號,2025-11-24 15:46:21.012,2025-11-24 15:46:21.012
24,HKI,HKI(D2),PS025,FW,Fresh Water,Albany No.2 Fresh Water Pumping Station,雅賓利二號食水抽水站,"Magazine Gap Road, Mid-levels",半山區馬己仙峽道,2025-11-24 15:46:21.012,2025-11-24 15:46:21.012
109,K,K(D3),PS164,FW,Fresh Water,Shum Wan Shan Fresh Water Pumping Station,沈雲山食水抽水站,"Jordan Valley, Ngau Tau Kok",牛頭角佐敦谷,2025-11-24 15:46:21.012,2025-11-24 15:46:21.012
114,NTE,NTE(D3),PS056,RW,Raw Water,Hoi Ha Lowland Raw Water Pumping Station,海下低地原水抽水站,"Hoi Ha Village, Sai Kung",西貢海下村,2025-11-24 15:46:21.012,2025-11-24 15:46:21.012
55,HKI,HKI(D1),PS068,FW,Fresh Water,Braemar Hill Fresh Water Pumping Station,寶馬山食水抽水站,"Braemar Hill Road near Wai Tsui Crescent, North Point",北角寶馬山道近慧翠道,2025-11-24 15:46:21.012,2025-11-24 15:46:21.012
111,NTE,NTE(D3),PS123,FW,Fresh Water,Tseung Kwan O High Level No.2 Fresh Water Pumping Station,將軍澳高地二號食水抽水站,"Tsui Lam Road, Tseung Kwan O",將軍澳翠琳路,2025-11-24 15:46:21.012,2025-11-24 15:46:21.012
147,K,K(D1),PS037,FW,Fresh Water,Ma Tau Wai Fresh Water Pumping Station,馬頭圍食水抽水站,"Sheung Woo Street, Ho Man Tin",何文田常和街,2025-11-24 15:46:21.012,2025-11-24 15:46:21.012
10,HKI,"",TW025,Combine,Combine TW & FW,Siu Ho Wan Water Treatment Works,小蠔灣濾水廠,"640 Cheung Tung Road, Tung Chung, Lantau Island",大嶼山東涌翔東路640號,2025-11-24 15:46:21.012,2025-11-24 15:46:21.012
66,NTE,NTE(D1),PS120,SW,Salt Water,Sha Tin Seafront Salt Water Pumping Station,沙田海傍海水抽水站,"Kiu Ha Road, Ma Liu Shui",馬料水橋下路,2025-11-24 15:46:21.012,2025-11-24 15:46:21.012
108,K,K(D4),PS044,SW,Salt Water,Sau Mau Ping Salt Water Pumping Station,秀茂坪海水抽水站,Tseng Kwan O Road Near Sau Mau Ping Estate Sau Mau Ping,秀茂坪將軍澳道近秀茂坪邨,2025-11-24 15:46:21.012,2025-11-24 15:46:21.012
129,NTE,"",TW020,Combine,Combine TW & FW,Pak Kong Water Treatment Works,北港濾水廠,"20 Pak Kong Road, Sai Kung",西貢北港路20號,2025-11-24 15:46:21.012,2025-11-24 15:46:21.012
164,K,K(D2),PS124,SW,Salt Water,Cheung Sha Wan Salt Water Pumping Station,長沙灣海水抽水站,"Hoi Fan Road, Cheung Sha Wan",長沙灣海帆道,2025-11-24 15:46:21.012,2025-11-24 15:46:21.012
153,K,K(D1),PS118,SW,Salt Water,Kowloon South No.2 Salt Water Pumping Station,九龍南二號海水抽水站,"New Reclamation Area, Yau Ma Tei",油麻地填海區,2025-11-24 15:46:21.012,2025-11-24 15:46:21.012
236,HKI,HKI(D1),PS157,SW,Salt Water,Bowen Drive Salt Water Pumping Station,寶雲徑海水抽水站,NA,NA,2025-11-24 15:46:21.012,2025-11-24 15:46:21.012
85,NTW,NTW(D5),PS145,FW,Fresh Water,Sheung Tsuen Fresh Water Pumping Station,上村食水抽水站,"Kam Sheung Road, Kam Tin",錦田錦上路,2025-11-24 15:46:21.012,2025-11-24 15:46:21.012
93,NTW,NTW(D1),PS089,FW,Fresh Water,Tsuen Wan West Ultra High Level Fresh Water Pumping Station,荃灣西超高地食水抽水站,"Route Twisk North 99, Route Twisk Villa, Tsuen Wan",荃灣荃錦公路北99號,2025-11-24 15:46:21.012,2025-11-24 15:46:21.012
145,NTW,NTW(D4),PS053,FW,Fresh Water,Lai Chi Kok Fresh Water Pumping Station,荔枝角食水抽水站,"Wah Tai Road, Lai Chi Kok",荔枝角華泰路,2025-11-24 15:46:21.012,2025-11-24 15:46:21.012
34,HKI,HKI(D3),PS003,RW,Raw Water,Tai Tam Tuk Raw Water Pumping Station,大潭篤原水抽水站,"Tai Tam Reservoir Road, Tai Tam",大潭大潭水塘道,2025-11-24 15:46:21.012,2025-11-24 15:46:21.012
51,HKI,HKI(D1),PS115,Combine,Combine TW & FW,Shau Kei Wan Fresh Water and Salt Water Pumping Station,筲箕灣食水及海水抽水站,"Yiu Hing Road, Shau Kei Wan",筲箕灣耀興道,2025-11-24 15:46:21.012,2025-11-24 15:46:21.012
130,NTE,NTE(D3),PS129,RW,Raw Water,Sai O Raw Water Pumping Station,西澳原水抽水站,"Sai Sha Road, Sai O, Sai Kung",西貢西澳西沙路,2025-11-24 15:46:21.012,2025-11-24 15:46:21.012
146,NTW,NTW(D4),PS064,SW,Salt Water,Lai Chi Kok Salt Water Pumping Station,荔枝角海水抽水站,"Lai King Hill Road, Lai Chi Kok",荔枝角荔景山道,2025-11-24 15:46:21.012,2025-11-24 15:46:21.012
16,HKI,HKI(D1),PS090,FW,Fresh Water,Chai Wan North No.2 Fresh Water Pumping Station,柴灣北二號食水抽水站,"Chai Wan Road opp. Chai Wan Fire Station, Chai Wan",柴灣柴灣道柴灣消防局對面,2025-11-24 15:46:21.012,2025-11-24 15:46:21.012
53,HKI,HKI(D1),PS052,FW,Fresh Water,Tong Shui Road Fresh Water Pumping Station,糖水道食水抽水站,"Tong Shui Road, North Point",北角糖水道,2025-11-24 15:46:21.012,2025-11-24 15:46:21.012
69,NTE,NTE(D2),PS106,FW,Fresh Water,Hong Lok Yuen Fresh Water Booster Pumping Station,康樂園食水增壓抽水站,"Hong Lok Yuen, Tai Po",大埔康樂園,2025-11-24 15:46:21.012,2025-11-24 15:46:21.012
50,HKI,HKI(D2),PS030,FW,Fresh Water,Severn Road Fresh Water Pumping Station,施勳道食水抽水站,"Severn Road, Mount Gough, The Peak",山頂歌賦山施勳道,2025-11-24 15:46:21.012,2025-11-24 15:46:21.012
59,HKI,HKI(D2),PS153,SW,Salt Water,Sheung Wan Salt Water Pumping Station,上環海水抽水站,"1 Chung Kong Road, Sheung Wan",上環中港道1號,2025-11-24 15:46:21.012,2025-11-24 15:46:21.012
116,NTE,NTE(D3),PS058,RW,Raw Water,Long Keng Lowland Raw Water Pumping Station,浪徑低地原水抽水站,"Long Keng Village, Sai Kung",西貢浪徑村,2025-11-24 15:46:21.012,2025-11-24 15:46:21.012
13,HKI,HKI(D1),PS006,FW,Fresh Water,Bowen Road Fresh Water Pumping Station,寶雲道食水抽水站,"2A Bowen Drive, Mid-levels",半山區寶雲徑2號A,2025-11-24 15:46:21.012,2025-11-24 15:46:21.012
119,NTE,NTE(D3),PS059,RW,Raw Water,Pak Tam Chung Lowland Raw Water Pumping Station,北潭涌低地原水抽水站,"Wong Shek Po Tsak Yue Wu Village, Sai Kung",西貢黃石鯽魚湖村,2025-11-24 15:46:21.012,2025-11-24 15:46:21.012
140,K,K(D2),PS035,SW,Salt Water,Beacon Hill Salt Water Pumping Station,筆架山海水抽水站,"Tai Wo Ping Road, Sham Shui Po",深水埗大窩坪道,2025-11-24 15:46:21.012,2025-11-24 15:46:21.012
106,K,K(D4),PS098,SW,Salt Water,Cha Kwo Ling Salt Water Pumping Station,茶果嶺海水抽水站,"Cha Kwo Ling Road, Cha Kwo Ling",茶果嶺茶果嶺道,2025-11-24 15:46:21.012,2025-11-24 15:46:21.012
86,NTW,NTW(D1),PS121,RW,Raw Water,Sham Tseng Raw Water Pumping Station,深井原水抽水站,"Sham Tseng Tsuen, Sham Tseng, Tsuen Wan",荃灣深井深井新村,2025-11-24 15:46:21.012,2025-11-24 15:46:21.012
28,HKI,HKI(D1),PS114,SW,Salt Water,Sai Wan Ho Salt Water Pumping Station,西灣河海水抽水站,"Lei King Road, Sai Wan Ho, Shau Kei Wan",筲箕灣西灣河利景道,2025-11-24 15:46:21.012,2025-11-24 15:46:21.012
4,HKI,HKI(D4),PS134,RW,Raw Water,Pui O No.2 Raw Water Pumping Station,貝澳二號原水抽水站,"2A Pui O Lo Wai Tsuen, Lantau Island",大嶼山貝澳老圍村2號A,2025-11-24 15:46:21.012,2025-11-24 15:46:21.012
5,HKI,HKI(D4),PS016,RW,Raw Water,Shek Pik Raw Water Pumping Station,石壁原水抽水站,"Shek Pik Reservoir Road, Lantau Island",大嶼山石壁水塘道,2025-11-24 15:46:21.012,2025-11-24 15:46:21.012
172,HKI,HKI(D3),PS165,SW,Salt Water,Wah Fu Salt Water Pumping Station,華富海水抽水站,Wah Fu,華富,2025-11-24 15:46:21.012,2025-11-24 15:46:21.012
54,HKI,HKI(D3),PS080,FW,Fresh Water,Wong Chuk Hang Fresh Water Pumping Station,黃竹坑食水抽水站,"Nam Fung Road, Aberdeen",香港仔南風道,2025-11-24 15:46:21.012,2025-11-24 15:46:21.012
48,HKI,HKI(D3),PS125,FW,Fresh Water,Repulse Bay Fresh Water Pumping Station,淺水灣食水抽水站,"Belleview Drive, Repulse Bay",淺水灣麗景道,2025-11-24 15:46:21.012,2025-11-24 15:46:21.012
67,NTE,NTE(D2),PS130,SW,Salt Water,Tai Po Salt Water Pumping Station,大埔海水抽水站,"17 Dai Kwai Street, Tai Po",大埔大貴街17號,2025-11-24 15:46:21.012,2025-11-24 15:46:21.012
218,NTE,NTE(D1),PS155,FW,Fresh Water,To Shek Fresh Water Pumping Station,多石食水抽水站,"To Shek, Sha Tin",沙田多石,2025-11-24 15:46:21.012,2025-11-24 15:46:21.012
160,NTW,NTW(D4),PS073,SW,Salt Water,Tai Wo Tsuen Salt Water Pumping Station,大窩村海水抽水站,"Wah Yiu Road, Kwai Chung",葵涌華瑤路,2025-11-24 15:46:21.012,2025-11-24 15:46:21.012
78,NTE,NTE(D1),PS019,RW,Raw Water,Tai Po Tau Raw Water Pumping Station,大埔頭原水抽水站,"2800 Tai Po Road, Tai Wo Section, Tai Po",大埔大埔道太和段2800號,2025-11-24 15:46:21.012,2025-11-24 15:46:21.012
1,HKI,HKI(D4),PS021,FW,Fresh Water,Cheung Chau Fresh Water Pumping Station,長洲食水抽水站,"15 Cheung Kwai Road, Cheung Chau",長洲 長貴路15號,2025-11-24 15:46:21.012,2025-11-24 15:46:21.012
18,HKI,HKI(D1),PS007,Combine,Combine TW & FW,Eastern Fresh Water Pumping Station,東區食水抽水站,"37 Stubbs Road, Wan Chai",灣仔司徒拔道37號,2025-11-24 15:46:21.012,2025-11-24 15:46:21.012
143,NTW,NTW(D4),PS010,FW,Fresh Water,Kau Wa Keng Fresh Water Pumping Station,九華徑食水抽水站,"Cheung Hang Road, Kau Wa Keng, Lai Chi Kok",荔枝角九華徑長坑道,2025-11-24 15:46:21.012,2025-11-24 15:46:21.012
31,HKI,HKI(D1),PS127,SW,Salt Water,Siu Sai Wan Salt Water Pumping Station,小西灣海水抽水站,"Siu Sai Wan Road, Chai Wan",柴灣小西灣道,2025-11-24 15:46:21.012,2025-11-24 15:46:21.012
14,HKI,HKI(D3),PS036,SW,Salt Water,Brick Hill Salt Water Pumping Station,南朗山海水抽水站,"Shum Wan Road, Aberdeen",香港仔深灣道,2025-11-24 15:46:21.012,2025-11-24 15:46:21.012
32,HKI,HKI(D1),PS128,FW,Fresh Water,So Kon Po No.2 Fresh Water Pumping Station,掃桿埔二號食水抽水站,"Behind Hong Kong Stadium, So Kon Po",掃桿埔香港大球場後面,2025-11-24 15:46:21.012,2025-11-24 15:46:21.012
43,HKI,HKI(D1),PS002,FW,Fresh Water,Middle Gap Fresh Water Pumping Station,中峽食水抽水站,"Mount Nicholson Road, Mount Nicholson",聶歌信山聶歌信山道,2025-11-24 15:46:21.012,2025-11-24 15:46:21.012
219,NTE,NTE(D1),PS159,FW,Fresh Water,Kau To Fresh Water Pumping Station,九肚食水抽水站,"Ma Liu Shui Section, Tai Po Road",大埔公路馬料水段,2025-11-24 15:46:21.012,2025-11-24 15:46:21.012
155,K,K(D2),PS034,FW,Fresh Water,Beacon Hill Fresh Water Pumping Station,筆架山食水抽水站,"Beacon Hill Road, Kowloon Tong",九龍塘筆架山道,2025-11-24 15:46:21.012,2025-11-24 15:46:21.012
88,NTW,NTW(D2),PS075,SW,Salt Water,Tuen Mun Salt Water Pumping Station,屯門海水抽水站,"Mei Lok Lane, Tuen Mun",屯門美樂里,2025-11-24 15:46:21.012,2025-11-24 15:46:21.012
142,NTW,NTW(D4),PS026,SW,Salt Water,Ha Lo Wai Salt Water Pumping Station,下老圍海水抽水站,"Shing Mun Ha Chuen, Tsuen Wan",荃灣城門下村,2025-11-24 15:46:21.012,2025-11-24 15:46:21.012
151,NTW,NTW(D4),PS074,SW,Salt Water,Tsing Yi Salt Water Pumping Station,青衣海水抽水站,"Cheung Fai Road, Tsing Yi",青衣長輝路,2025-11-24 15:46:21.012,2025-11-24 15:46:21.012
92,NTW,NTW(D2),PS154,TW,Treatment Works,Tai Lam Chung Raw Water Pumping Station,大欖涌原水抽水站,"16 1/2 Milestone Castle Peak Road, Tai Lam Chung",大欖涌青山公路十六咪半,2025-11-24 15:46:21.012,2025-11-24 15:46:21.012
95,NTW,NTW(D1),PS038,RW,Raw Water,Tsuen Wan Raw Water Pumping Station,荃灣原水抽水站,"11 Shing Mun Road, Tsuen Wan",荃灣城門道11號,2025-11-24 15:46:21.012,2025-11-24 15:46:21.012
105,NTW,NTW(D3),PS149,FW,Fresh Water,Tan Kwai Tsuen Fresh Water Pumping Station,丹桂村食水抽水站,"Tan Kwai Tsuen, Yuen Long",元朗丹桂村,2025-11-24 15:46:21.012,2025-11-24 15:46:21.012
17,HKI,HKI(D1),PS076,FW,Fresh Water,Eastern No.2 Fresh Water Pumping Station,東區二號食水抽水站,"37 Stubbs Road, Wan Chai",灣仔司徒拔道37號,2025-11-24 15:46:21.012,2025-11-24 15:46:21.012
33,HKI,HKI(D3),PS008,FW,Fresh Water,Stanley Mound Fresh Water Pumping Station,赤柱崗食水抽水站,"Stanley Mound Road, Stanley",赤柱赤柱村道,2025-11-24 15:46:21.012,2025-11-24 15:46:21.012
35,HKI,HKI(D3),PS032,FW,Fresh Water,Telegraph Bay Fresh Water Pumping Station,鋼線灣食水抽水站,Kong Sin Wan,鋼綫灣,2025-11-24 15:46:21.012,2025-11-24 15:46:21.012
46,HKI,HKI(D1),PS140,FW,Fresh Water,Sai Wan No.2 Fresh Water Pumping Station,西灣二號食水抽水站,"Tai Tam Road, Tai Tam",大潭大潭道,2025-11-24 15:46:21.012,2025-11-24 15:46:21.012
57,HKI,HKI(D2),PS146,FW,Fresh Water,Albany No.3 Fresh Water Pumping Station,雅賓利三號食水抽水站,"Magazine Gap Road, Mid-levels (near Brewin Path Temporary Playground)",半山區馬己仙峽道(鄰近蒲魯賢徑臨時遊樂場),2025-11-24 15:46:21.012,2025-11-24 15:46:21.012
80,NTE,NTE(D1),PS097,FW,Fresh Water,Siu Lek Yuen Fresh Water Pumping Station,小瀝源食水抽水站,"Kwong Yuen Estate, Sha Tin",沙田廣源邨,2025-11-24 15:46:21.012,2025-11-24 15:46:21.012
134,NTE,NTE(D3),PS152,FW,Fresh Water,Tsui Lam Fresh Water Pumping Station,翠林食水抽水站,Adjacent to Tseung Kwan O Primary Fresh Water Service Reservoir,將軍澳主食水配水庫側,2025-11-24 15:46:21.012,2025-11-24 15:46:21.012
168,HKI,HKI(D2),PS166,FW,Fresh Water,Kotewall Road Fresh Water Pumping Station,旭龢道食水抽水站,"Kotewall Road, Central Mid-Level",中區半山旭龢道,2025-11-24 15:46:21.012,2025-11-24 15:46:21.012
238,HKI,HKI(D2),PS004,FW,Fresh Water,Peak Fresh Water Pumping Station,山頂食水抽水站,"Victoria Peak, The Peak",山頂扯旗山,2025-11-24 15:46:21.012,2025-11-24 15:46:21.012
27,HKI,HKI(D1),PS078,SW,Salt Water,Quarry Bay Salt Water Pumping Station,鰂魚涌海水抽水站,"Hoi Yu Street, Quarry Bay",鰂魚涌海裕街,2025-11-24 15:46:21.012,2025-11-24 15:46:21.012
63,NTE,NTE(D1),PS063,Combine,Combine TW & FW,Fo Tan Fresh Water and Salt Water Pumping Station,火炭食水及海水抽水站,"3 Sui Wo Road, Sha Tin",沙田穗禾路3 號,2025-11-24 15:46:21.012,2025-11-24 15:46:21.012
76,NTE,"",TW017,Combine,Combine TW & FW,Sheung Shui Water Treatment Works,上水濾水廠,"30 Fu Tei Au Road, Sheung Shui",上水虎地坳道30號,2025-11-24 15:46:21.012,2025-11-24 15:46:21.012
107,K,K(D3),PS022,Combine,Combine TW & FW,Diamond Hill Fresh Water and Salt Water Pumping Station,鑽石山食水及海水抽水站,"Sha Tin Pass Road, Wong Tai Sin",黃大仙沙田坳道,2025-11-24 15:46:21.012,2025-11-24 15:46:21.012
21,HKI,HKI(D2),PS027,SW,Salt Water,Kennedy Town Salt Water Pumping Station,堅尼地城海水抽水站,"34 Victoria Road, Mount Davis",摩星嶺域多利道34 號,2025-11-24 15:46:21.012,2025-11-24 15:46:21.012
25,HKI,HKI(D2),PS094,Combine,Combine TW & FW,Western Fresh Water and Salt Water Pumping Station,西區食水及海水抽水站,"76 Pok Fu Lam Road, Pok Fu Lam",薄扶林薄扶林道76號,2025-11-24 15:46:21.012,2025-11-24 15:46:21.012
26,HKI,HKI(D1),PS046,SW,Salt Water,North Point High Level Salt Water Pumping Station,北角高地海水抽水站,"Tin Hau Temple Road, North Point",北角天后廟道,2025-11-24 15:46:21.012,2025-11-24 15:46:21.012
149,K,K(D4),PS045,SW,Salt Water,Tai Wan Salt Water Pumping Station,大環海水抽水站,"Wan Hoi Street, Hung Hom",紅磡環海街,2025-11-24 15:46:21.012,2025-11-24 15:46:21.012
166,HKI,HKI(D4),PS161,SW,Salt Water,Sunny Bay Salt Water Pumping Station,欣澳海水抽水站,"Ta Pang Po, Lantau Island",大嶼山打棚埔,2025-11-24 15:46:21.012,2025-11-24 15:46:21.012
112,NTE,NTE(D3),PS135,SW,Salt Water,Tseung Kwan O Salt Water Pumping Station,將軍澳海水抽水站,"Area 86, Tsueng Kwan O",將軍澳八十六區,2025-11-24 15:46:21.012,2025-11-24 15:46:21.012
96,NTW,"",TW016,Combine,Combine TW & FW,Tuen Mun Water Treatment Works,屯門濾水廠,"21 Milestone Castle Peak Road, Fu Tei, Tuen Mun",屯門虎地青山公路二十一咪,2025-11-24 15:46:21.012,2025-11-24 15:46:21.012
19,HKI,HKI(D2),PS009,FW,Fresh Water,Garden Road Fresh Water Pumping Station,花園道食水抽水站,"Garden Road, Central",中區花園道,2025-11-24 15:46:21.012,2025-11-24 15:46:21.012
30,HKI,HKI(D3),PS029,FW,Fresh Water,Sandy Bay Fresh Water Pumping Station,大口環食水抽水站,"Sandy Bay Road, Pok Fu Lam",薄扶林大口環道,2025-11-24 15:46:21.012,2025-11-24 15:46:21.012
56,HKI,HKI(D1),PS013,FW,Fresh Water,North Point Fresh Water Pumping Station,北角食水抽水站,"Tin Hau Temple Road, North Point",北角天后廟道,2025-11-24 15:46:21.012,2025-11-24 15:46:21.012
122,NTE,NTE(D1),PS061,RW,Raw Water,Tai Shui Hang Lowland Raw Water Pumping Station,大水坑低地原水抽水站,"Tai Shui Hang Village, Ma On Shan",馬鞍山大水坑村,2025-11-24 15:46:21.012,2025-11-24 15:46:21.012
82,NTE,"",TW026,Combine,Combine TW & FW,Tai Po Water Treatment Works,大埔濾水廠,"Tai Po Road, Tai Wo Section, Tai Po",大埔大埔道太和段,2025-11-24 15:46:21.012,2025-11-24 15:46:21.012
136,K,K(D3),PS160,SW,Salt Water,Shum Wan Shan Salt Water Pumping Station,沈雲山海水抽水站,Jordan Valley,佐敦谷,2025-11-24 15:46:21.012,2025-11-24 15:46:21.012
144,K,K(D1),PS110,SW,Salt Water,King's Park Salt Water Pumping Station,京士柏海水抽水站,"King's Park Road, Ho Man Tin",何文田京士柏道,2025-11-24 15:46:21.012,2025-11-24 15:46:21.012
231,HKI,HKI(D1),PS158,SW,Salt Water,Wan Chai No.2 Salt Water Pumping Station,灣仔二號海水抽水站,"Wan Shing Street, Wan Chai",灣仔運盛街,2025-11-24 15:46:21.012,2025-11-24 15:46:21.012
163,K,K(D2),PS113,Combine,Combine TW & FW,Piper's Hill Ultra High Level Fresh Water and Salt Water Pumping Station,琵琶山超高地食水及海水抽水站,"Caldecott Road, Cheung Sha Wan",長沙灣赫德傑道,2025-11-24 15:46:21.012,2025-11-24 15:46:21.012
115,NTE,NTE(D3),PS057,RW,Raw Water,Kei Ling Ha Lowland Raw Water Pumping Station,企嶺下低地原水抽水站,"near Tai Wan Tsuen, Sai Kung",西貢近大環村,2025-11-24 15:46:21.012,2025-11-24 15:46:21.012
126,NTE,NTE(D3),PS062,RW,Raw Water,Wu Lei Tau Lowland Raw Water Pumping Station,狐狸頭低地原水抽水站,"Tai Chung Hau Village, Sai Kung",西貢大涌口村,2025-11-24 15:46:21.012,2025-11-24 15:46:21.012
12,HKI,HKI(D3),PS105,SW,Salt Water,Ap Lei Chau Salt Water Pumping Station,鴨脷洲海水抽水站,"Lee Nam Road near Lee Lok Street, Ap Lei Chau",鴨脷洲利南道近利樂街,2025-11-24 15:46:21.012,2025-11-24 15:46:21.012
135,NTE,NTE(D3),PS051,RW,Raw Water,High Island Raw Water Pumping Station,萬宜原水抽水站,"High Island Reservoir, Pak Tam Chung, Sai Kung",西貢北潭涌萬宜水庫,2025-11-24 15:46:21.012,2025-11-24 15:46:21.012
