"sr_id","i_code","sr_name_en","sr_name_tc","rpt_label","region_abbr","sub_region","region_ind","w_type","w_type_desc","dim_update_time","dim_load_time"
SR00000369,TC007,Sham Tseng West Fresh Water Service Reservoir (2nd Portion),深井西(2)食水配水庫,Sham Tseng West FW SR 2,NTW,,M,F,Fresh Water,2025-08-18 14:15:38.088,2025-08-18 14:15:38.088
SR00000017,SR019,Tai Po Road Fresh Water Service Reservoir,大埔道食水配水庫,Tai Po Road FW SR,K,K(D1),M,F,Fresh Water,2025-08-18 14:15:38.088,2025-08-18 14:15:38.088
SR00000154,SR146,Yau Kom Tau Fresh Water Primary Service Reservoir,油柑頭食水主配水庫,Yau Kom Tau FW SR,NTW,NTW(D1),M,F,Fresh Water,2025-08-18 14:15:38.088,2025-08-18 14:15:38.088
SR00000172,SR170,Tseung Kwan O Fresh Water Primary Service Reservoir,將軍澳食水主配水庫,Tseung Kwan O FW Primary SR,NTE,NTE(D3),M,F,Fresh Water,2025-08-18 14:15:38.088,2025-08-18 14:15:38.088
SR00000332,SR230,Butterfly Valley Fresh Water Primary Service Reservoir,蝴蝶谷食水主配水庫,Butterfly Valley FW Primary SR,K,K(D2),M,F,Fresh Water,2025-08-18 14:15:38.088,2025-08-18 14:15:38.088
SR00000191,SR188,Sham Tseng West Fresh Water Service Reservoir,深井西食水配水庫,Sham Tseng West FW SR,NTW,NTW(D1),M,F,Fresh Water,2025-08-18 14:15:38.088,2025-08-18 14:15:38.088
SR00000108,SR104,Lion Rock High Level No.2 Fresh Water Primary Service Reservoir,獅子山高地二號食水主配水庫,Lion Rock H/L No.2 FW Primary SR,K,K(D3),M,F,Fresh Water,2025-08-18 14:15:38.088,2025-08-18 14:15:38.088
SR00000180,SR184,Au Tau Fresh Water Primary Service Reservoir,凹頭食水主配水庫,Au Tau FW Primary SR,NTW,NTW(D5),M,F,Fresh Water,2025-08-18 14:15:38.088,2025-08-18 14:15:38.088
SR00000020,SR022,Kau Wa Keng Fresh Water Service Reservoir,九華徑食水配水庫,Kau Wa Keng FW SR,NTW,NTW(D4),M,F,Fresh Water,2025-08-18 14:15:38.088,2025-08-18 14:15:38.088
SR00000022,SR024,Tsuen Wan Fresh Water Service Reservoir,荃灣食水配水庫,Tsuen Wan FW SR,NTW,NTW(D1),M,F,Fresh Water,2025-08-18 14:15:38.088,2025-08-18 14:15:38.088
SR00000062,SR053,Lion Rock Low Level Fresh Water Primary Service Reservoir,獅子山低地食水主配水庫,Lion Rock L/L FW Primary SR,K,K(D3),M,F,Fresh Water,2025-08-18 14:15:38.088,2025-08-18 14:15:38.088
SR00000210,WT007,Sandy Bay Fresh Water Balance Tank,大口環食水調節缸,Sandy Bay FW BAL Tank,HKI,,I,F,Fresh Water,2025-08-18 14:15:38.088,2025-08-18 14:15:38.088
SR00000053,SR050,Tai Po Tau Fresh Water Primary Service Reservoir,大埔頭食水主配水庫,Tai Po Tau FW Primary SR,NTE,NTE(D1),M,F,Fresh Water,2025-08-18 14:15:38.088,2025-08-18 14:15:38.088
SR00000147,SR150,Pun Chun Yuen Fresh Water Service Reservoir,半春園食水配水庫,Pun Chun Yuen FW SR,NTE,NTE(D1),M,F,Fresh Water,2025-08-18 14:15:38.088,2025-08-18 14:15:38.088
SR00000294,SR207,Yau Kom Tau No.2 Fresh Water Primary Service Reservoir,油柑頭二號食水主配水庫,Yau Kom Tau No.2 FW Primary SR,NTW,NTW(D1),M,F,Fresh Water,2025-08-18 14:15:38.088,2025-08-18 14:15:38.088
SR00000175,SR171,Tsuen Wan No.2 Fresh Water Service Reservoir,荃灣二號食水配水庫,Tsuen Wan No.2 FW SR,NTW,NTW(D1),M,F,Fresh Water,2025-08-18 14:15:38.088,2025-08-18 14:15:38.088
SR00000093,SR093,Tuen Mun Fresh Water Primary Service Reservoir,屯門食水主配水庫,Tuen Mun FW Primary SR,NTW,NTW(D2),M,F,Fresh Water,2025-08-18 14:15:38.088,2025-08-18 14:15:38.088
SR00000329,SR225,Ngau Tam Mei Fresh Water Primary Service Reservoir,牛潭尾食水主配水庫,Ngau Tam Mei FW Primary SR,NTW,NTW(D5),M,F,Fresh Water,2025-08-18 14:15:38.088,2025-08-18 14:15:38.088
SR00000061,SR052,Lion Rock High Level Fresh Water Primary Service Reservoir,獅子山高地食水主配水庫,Lion Rock H/L FW Primary SR,K,K(D3),M,F,Fresh Water,2025-08-18 14:15:38.088,2025-08-18 14:15:38.088
SR00000035,SR037,Kau Wa Keng No.2 Fresh Water Service Reservoir,九華徑二號食水配水庫,Kau Wa Keng No.2 FW SR,NTW,NTW(D4),M,F,Fresh Water,2025-08-18 14:15:38.088,2025-08-18 14:15:38.088
SR00000298,SR210,Ma On Shan Fresh Water Primary Service Reservoir,馬鞍山食水主配水庫,Ma On Shan FW Primary SR,NTE,NTE(D3),M,F,Fresh Water,2025-08-18 14:15:38.088,2025-08-18 14:15:38.088
SR00000396,SR252,Western No.2  Fresh Water Service Reservoir,西區二號食水配水庫,Western No.2 FW SR,HKI,HKI(D2),I,F,Fresh Water,2025-08-18 14:15:38.088,2025-08-18 14:15:38.088
SR00000196,SR196,Repulse Bay Fresh Water Service Reservoir,淺水灣食水配水庫,Repulse Bay FW SR,HKI,HKI(D3),I,F,Fresh Water,2025-08-18 14:15:38.088,2025-08-18 14:15:38.088
SR00000026,SR088,Magazine Gap Road No.2 Fresh Water Service Reservoir,馬己仙峽道二號食水配水庫,Magazine Gap Road No.2 FW SR,HKI,HKI(D2),I,F,Fresh Water,2025-08-18 14:15:38.088,2025-08-18 14:15:38.088
SR00000052,SR048,Silver Mine Bay Fresh Water Service Reservoir,銀灣食水配水庫,Silver Mine Bay FW SR,HKI,HKI(D4),I,F,Fresh Water,2025-08-18 14:15:38.088,2025-08-18 14:15:38.088
SR00000040,SR063,Mount Davis Fresh Water Primary Service Reservoir,摩星嶺食水主配水庫,Mount Davis FW Primary SR,HKI,HKI(D3),I,F,Fresh Water,2025-08-18 14:15:38.088,2025-08-18 14:15:38.088
SR00000346,SR233,Magazine Gap Road No.3 Fresh Water Service Reservoir,馬己仙峽道三號食水配水庫,Magazine Gap Road No.3 FW SR,HKI,HKI(D2),I,F,Fresh Water,2025-08-18 14:15:38.088,2025-08-18 14:15:38.088
SR00000080,SR084,Red Hill Fresh Water Service Reservoir,紅山食水配水庫,Red Hill FW SR,HKI,HKI(D3),I,F,Fresh Water,2025-08-18 14:15:38.088,2025-08-18 14:15:38.088
SR00000395,SR251,Western Fresh Water Service Reservoir,西區食水配水庫,Western FW SR,HKI,HKI(D2),I,F,Fresh Water,2025-08-18 14:15:38.088,2025-08-18 14:15:38.088
