"sr_id","i_code","sr_name","sr_cname","rpt_label","region_code","region_name","region_cname","region_ind","w_type","w_type_desc","div_height","capacity","w_lim","num_of_storage","dim_update_time","dim_load_time"
SR00000395,SR251,Western Fresh Water Service Reservoir,西區食水配水庫,Western FW SR,HKI,Hong Kong,香港,I,F,Fresh Water,9.0000,18889.0000,0.0000,2,2025-11-27 00:01:38.875,2025-11-27 00:01:38.875
SR00000154,SR146,Yau Kom Tau Fresh Water Primary Service Reservoir,油柑頭食水主配水庫,Yau Kom Tau FW SR,NTW,New Territories West,新界西,M,F,Fresh Water,4.5000,35592.0000,0.0000,2,2025-11-27 00:01:38.875,2025-11-27 00:01:38.875
SR00000294,SR207,Yau Kom Tau No.2 Fresh Water Primary Service Reservoir,油柑頭二號食水主配水庫,Yau Kom Tau No.2 FW Primary SR,NTW,New Territories West,新界西,M,F,Fresh Water,5.3000,54681.0000,0.0000,2,2025-11-27 00:01:38.875,2025-11-27 00:01:38.875
SR00000196,SR196,Repulse Bay Fresh Water Service Reservoir,淺水灣食水配水庫,Repulse Bay FW SR,HKI,Hong Kong,香港,I,F,Fresh Water,4.0000,10440.0000,0.0000,2,2025-11-27 00:01:38.875,2025-11-27 00:01:38.875
SR00000172,SR170,Tseung Kwan O Fresh Water Primary Service Reservoir,將軍澳食水主配水庫,Tseung Kwan O FW Primary SR,NTE,New Territories East,新界東,M,F,Fresh Water,9.0000,152076.0000,0.0000,2,2025-11-27 00:01:38.875,2025-11-27 00:01:38.875
SR00000298,SR210,Ma On Shan Fresh Water Primary Service Reservoir,馬鞍山食水主配水庫,Ma On Shan FW Primary SR,NTE,New Territories East,新界東,M,F,Fresh Water,9.7500,40297.3200,0.0000,2,2025-11-27 00:01:38.875,2025-11-27 00:01:38.875
SR00000047,SR046,Magazine Gap Road Fresh Water Service Reservoir,馬己仙峽道食水配水庫,Magazine Gap Road FW SR,HKI,Hong Kong,香港,I,F,Fresh Water,,2123.0000,0.0000,2,2025-11-27 00:01:38.875,2025-11-27 00:01:38.875
SR00000020,SR022,Kau Wa Keng Fresh Water Service Reservoir,九華徑食水配水庫,Kau Wa Keng FW SR,NTW,New Territories West,新界西,M,F,Fresh Water,5.4860,56699.0000,0.0000,2,2025-11-27 00:01:38.875,2025-11-27 00:01:38.875
SR00000080,SR084,Red Hill Fresh Water Service Reservoir,紅山食水配水庫,Red Hill FW SR,HKI,Hong Kong,香港,I,F,Fresh Water,3.9630,12434.0000,0.0000,2,2025-11-27 00:01:38.875,2025-11-27 00:01:38.875
SR00000378,TC013,Magazine Gap Road No.3 (Old) Fresh Water Service Reservoir,馬己仙峽道三號食水配水庫(舊),Magazine Gap Road No.3 (Old) FW SR,HKI,Hong Kong,香港,I,F,Fresh Water,,1000.0000,0.0000,2,2025-11-27 00:01:38.875,2025-11-27 00:01:38.875
SR00000329,SR225,Ngau Tam Mei Fresh Water Primary Service Reservoir,牛潭尾食水主配水庫,Ngau Tam Mei FW Primary SR,NTW,New Territories West,新界西,M,F,Fresh Water,9.9500,40750.0000,0.0000,2,2025-11-27 00:01:38.875,2025-11-27 00:01:38.875
SR00000346,SR233,Magazine Gap Road No.3 Fresh Water Service Reservoir,馬己仙峽道三號食水配水庫,Magazine Gap Road No.3 FW SR,HKI,Hong Kong,香港,I,F,Fresh Water,5.4160,4760.2740,0.0000,2,2025-11-27 00:01:38.875,2025-11-27 00:01:38.875
SR00000191,SR188,Sham Tseng West Fresh Water Service Reservoir,深井西食水配水庫,Sham Tseng West FW SR,NTW,New Territories West,新界西,M,F,Fresh Water,5.5000,19222.0000,0.0000,2,2025-11-27 00:01:38.875,2025-11-27 00:01:38.875
SR00000022,SR024,Tsuen Wan Fresh Water Service Reservoir,荃灣食水配水庫,Tsuen Wan FW SR,NTW,New Territories West,新界西,M,F,Fresh Water,3.9620,21450.0000,0.0000,2,2025-11-27 00:01:38.875,2025-11-27 00:01:38.875
SR00000396,SR252,Western No.2  Fresh Water Service Reservoir,西區二號食水配水庫,Western No.2 FW SR,HKI,Hong Kong,香港,I,F,Fresh Water,9.0000,7907.0000,0.0000,2,2025-11-27 00:01:38.875,2025-11-27 00:01:38.875
SR00000093,SR093,Tuen Mun Fresh Water Primary Service Reservoir,屯門食水主配水庫,Tuen Mun FW Primary SR,NTW,New Territories West,新界西,M,F,Fresh Water,4.5720,26722.0000,0.0000,2,2025-11-27 00:01:38.875,2025-11-27 00:01:38.875
SR00000061,SR052,Lion Rock High Level Fresh Water Primary Service Reservoir,獅子山高地食水主配水庫,Lion Rock H/L FW Primary SR,K,Kowloon,九龍,M,F,Fresh Water,0.0000,102587.0000,0.0000,2,2025-11-27 00:01:38.875,2025-11-27 00:01:38.875
SR00000147,SR150,Pun Chun Yuen Fresh Water Service Reservoir,半春園食水配水庫,Pun Chun Yuen FW SR,NTE,New Territories East,新界東,M,F,Fresh Water,8.2750,68000.0000,0.0000,2,2025-11-27 00:01:38.875,2025-11-27 00:01:38.875
SR00000040,SR063,Mount Davis Fresh Water Primary Service Reservoir,摩星嶺食水主配水庫,Mount Davis FW Primary SR,HKI,Hong Kong,香港,I,F,Fresh Water,9.1440,142843.0000,0.0000,2,2025-11-27 00:01:38.875,2025-11-27 00:01:38.875
SR00000052,SR048,Silver Mine Bay Fresh Water Service Reservoir,銀灣食水配水庫,Silver Mine Bay FW SR,HKI,Hong Kong,香港,I,F,Fresh Water,3.9600,21308.0000,0.0000,2,2025-11-27 00:01:38.875,2025-11-27 00:01:38.875
SR00000053,SR050,Tai Po Tau Fresh Water Primary Service Reservoir,大埔頭食水主配水庫,Tai Po Tau FW Primary SR,NTE,New Territories East,新界東,M,F,Fresh Water,5.7910,18538.0000,0.0000,2,2025-11-27 00:01:38.875,2025-11-27 00:01:38.875
SR00000017,SR019,Tai Po Road Fresh Water Service Reservoir,大埔道食水配水庫,Tai Po Road FW SR,K,Kowloon,九龍,M,F,Fresh Water,3.2000,23922.0000,0.0000,2,2025-11-27 00:01:38.875,2025-11-27 00:01:38.875
SR00000180,SR184,Au Tau Fresh Water Primary Service Reservoir,凹頭食水主配水庫,Au Tau FW Primary SR,NTW,New Territories West,新界西,M,F,Fresh Water,8.4800,100548.0000,0.0000,2,2025-11-27 00:01:38.875,2025-11-27 00:01:38.875
SR00000108,SR104,Lion Rock High Level No.2 Fresh Water Primary Service Reservoir,獅子山高地二號食水主配水庫,Lion Rock H/L No.2 FW Primary SR,K,Kowloon,九龍,M,F,Fresh Water,0.0000,95490.0000,0.0000,2,2025-11-27 00:01:38.875,2025-11-27 00:01:38.875
SR00000062,SR053,Lion Rock Low Level Fresh Water Primary Service Reservoir,獅子山低地食水主配水庫,Lion Rock L/L FW Primary SR,K,Kowloon,九龍,M,F,Fresh Water,0.0000,76911.0000,0.0000,2,2025-11-27 00:01:38.875,2025-11-27 00:01:38.875
SR00000175,SR171,Tsuen Wan No.2 Fresh Water Service Reservoir,荃灣二號食水配水庫,Tsuen Wan No.2 FW SR,NTW,New Territories West,新界西,M,F,Fresh Water,6.0000,34048.0000,0.0000,2,2025-11-27 00:01:38.875,2025-11-27 00:01:38.875
SR00000035,SR037,Kau Wa Keng No.2 Fresh Water Service Reservoir,九華徑二號食水配水庫,Kau Wa Keng No.2 FW SR,NTW,New Territories West,新界西,M,F,Fresh Water,5.9440,35046.0000,0.0000,2,2025-11-27 00:01:38.875,2025-11-27 00:01:38.875
SR00000332,SR230,Butterfly Valley Fresh Water Primary Service Reservoir,蝴蝶谷食水主配水庫,Butterfly Valley FW Primary SR,K,Kowloon,九龍,M,F,Fresh Water,9.0000,40082.0000,0.0000,2,2025-11-27 00:01:38.875,2025-11-27 00:01:38.875
SR00000023,SR025,Western Fresh Water Service Reservoir (Old),西區食水配水庫(舊),Western FW SR,HKI,Hong Kong,香港,I,F,Fresh Water,5.8670,24172.0000,0.0000,2,2025-11-27 00:01:38.875,2025-11-27 00:01:38.875
SR00000026,SR088,Magazine Gap Road No.2 Fresh Water Service Reservoir,馬己仙峽道二號食水配水庫,Magazine Gap Road No.2 FW SR,HKI,Hong Kong,香港,I,F,Fresh Water,0.0000,2282.0000,0.0000,2,2025-11-27 00:01:38.875,2025-11-27 00:01:38.875
SR00000210,WT007,Sandy Bay Fresh Water Balance Tank,大口環食水調節缸,Sandy Bay FW BAL Tank,HKI,Hong Kong,香港,I,F,Fresh Water,,7947.0000,0.0000,2,2025-11-27 00:01:38.875,2025-11-27 00:01:38.875
SR00000369,TC007,Sham Tseng West Fresh Water Service Reservoir (2nd Portion),深井西(2)食水配水庫,Sham Tseng West FW SR 2,NTW,New Territories West,新界西,M,F,Fresh Water,,10000.0000,0.0000,2,2025-11-27 00:01:38.875,2025-11-27 00:01:38.875
