"rw_id","rw_name","rw_cname","rpt_label","region_code","region_name","region_cname","region_ind","ig_ind","source_rw","source_desc","dim_update_time","dim_load_time"
IG00000026,ABERDEEN GROUP,香港仔水塘群組,ABERDEEN GROUP,HKI,Hong Kong,香港,I,N,O,Others,2025-12-01 00:02:07.955,2025-12-01 00:02:07.955
IG00000025,TAI TAM GROUP,大潭水塘群組,TAI TAM GROUP,HKI,Hong Kong,香港,I,N,O,Others,2025-12-01 00:02:07.955,2025-12-01 00:02:07.955
RW00000004,RIVER INDUS,,River Indus,NTE,New Territories East,新界東,M, ,R,River,2025-12-01 00:02:07.955,2025-12-01 00:02:07.955
IG00000029,TAI LAM CHUNG,大欖涌水塘,TAI LAM CHUNG,NTW,New Territories West,新界西,M,N,O,Others,2025-12-01 00:02:07.955,2025-12-01 00:02:07.955
RW00000005,SEA WATER INTAKE BY TKODP,將軍澳海水,Sea Water Intake by TKODP,NTE,New Territories East,新界東,M, ,S,Sea Water,2025-12-01 00:02:07.955,2025-12-01 00:02:07.955
RW00000003,YI O INTAKE,二澳,YI O INTAKE,HKI,Hong Kong,香港,I, ,R,River,2025-12-01 00:02:07.955,2025-12-01 00:02:07.955
IG00000027,POKFULAM,薄扶林水塘,POKFULAM,HKI,Hong Kong,香港,I,N,O,Others,2025-12-01 00:02:07.955,2025-12-01 00:02:07.955
IG00000028,SHEK PIK,石壁水塘,SHEK PIK,HKI,Hong Kong,香港,I,N,O,Others,2025-12-01 00:02:07.955,2025-12-01 00:02:07.955
IG00000030,SHING MUN GROUP,城門水塘群組,SHING MUN GROUP,NTE,New Territories East,新界東,M,N,O,Others,2025-12-01 00:02:07.955,2025-12-01 00:02:07.955
RW00000001,GUANGDONG WATER,廣東原水,DJ Water,NTE,New Territories East,新界東,M, ,G,Guangdong,2025-12-01 00:02:07.955,2025-12-01 00:02:07.955
IG00000024,LOWER SHING MUN,下城門水塘,LOWER SHING MUN,NTE,New Territories East,新界東,M,N,O,Others,2025-12-01 00:02:07.955,2025-12-01 00:02:07.955
IG00000021,KOWLOON GROUP,九龍水塘群組,KOWLOON GROUP,NTE,New Territories East,新界東,M,N,O,Others,2025-12-01 00:02:07.955,2025-12-01 00:02:07.955
IG00000023,HIGH ISLAND,萬宜水庫,HIGH ISLAND,NTE,New Territories East,新界東,M,N,O,Others,2025-12-01 00:02:07.955,2025-12-01 00:02:07.955
IG00000022,PLOVER COVE,船灣淡水湖,PLOVER COVE,NTE,New Territories East,新界東,M,N,O,Others,2025-12-01 00:02:07.955,2025-12-01 00:02:07.955
