"ps_id","i_code","ps_name","ps_cname","rpt_label","region_code","region_name","region_cname","region_ind","w_type","w_type_desc","repumping","remarks","dim_update_time","dim_load_time"
PS00000023,PS020,Tai Po Tau No.2 Raw Water Pumping Station,大埔頭二號原水抽水站,Tai Po Tau No.2 RW PS,NTE,New Territories East,新界東,M,R,Raw Water,N,,2025-12-01 00:02:06.134,2025-12-01 00:02:06.134
PS00000029,PS026,Ha Lo Wai Salt Water Pumping Station,下老圍海水抽水站,Ha Lo Wai SW PS,NTW,New Territories West,新界西,M,S,Salt Water,Y,,2025-12-01 00:02:06.134,2025-12-01 00:02:06.134
PS00000035,PS032,Telegraph Bay Fresh Water Pumping Station,鋼線灣食水抽水站,Telegraph Bay FW PS,HKI,Hong Kong,香港,I,F,Fresh Water,N,,2025-12-01 00:02:06.134,2025-12-01 00:02:06.134
PS00000051,PS048,Chai Wan North Fresh Water Pumping Station,柴灣北食水抽水站,Chai Wan North FW PS,HKI,Hong Kong,香港,I,F,Fresh Water,N,,2025-12-01 00:02:06.134,2025-12-01 00:02:06.134
PS00000054,PS051,High Island Raw Water Pumping Station,萬宜原水抽水站,High Island RW PS,NTE,New Territories East,新界東,M,R,Raw Water,N,,2025-12-01 00:02:06.134,2025-12-01 00:02:06.134
PS00000067,PS064,Lai Chi Kok Salt Water Pumping Station,荔枝角海水抽水站,Lai Chi Kok SW PS,NTW,New Territories West,新界西,M,S,Salt Water,N,,2025-12-01 00:02:06.134,2025-12-01 00:02:06.134
PS00000080,PS077,Fanling Raw Water Pumping Station,粉嶺原水抽水站,Fanling RW PS,NTE,New Territories East,新界東,M,R,Raw Water,N,,2025-12-01 00:02:06.134,2025-12-01 00:02:06.134
PS00000099,PS098,Cha Kwo Ling Salt Water Pumping Station,茶果嶺海水抽水站,Cha Kwo Ling SW PS,K,Kowloon,九龍,M,S,Salt Water,N,,2025-12-01 00:02:06.134,2025-12-01 00:02:06.134
PS00000042,PS039,Tai Mei Tuk Raw Water Pumping Station,大美督原水抽水站,Tai Mei Tuk RW PS,NTE,New Territories East,新界東,M,R,Raw Water,N,,2025-12-01 00:02:06.134,2025-12-01 00:02:06.134
PS00000160,TC015,Kau Wa Keng Low Level Fresh Water Pumping Station,九華徑低地食水抽水站,Kau Wa Keng L/L FW PS,NTW,New Territories West,新界西,M,F,Fresh Water,N,,2025-12-01 00:02:06.134,2025-12-01 00:02:06.134
PS00000013,PS010,Kau Wa Keng Fresh Water Pumping Station,九華徑食水抽水站,Kau Wa Keng FW PS,NTW,New Territories West,新界西,M,F,Fresh Water,N,,2025-12-01 00:02:06.134,2025-12-01 00:02:06.134
PS00000025,PS022,Diamond Hill Fresh Water and Salt Water Pumping Station,鑽石山食水及海水抽水站,Diamond Hill FW&SW PS,K,Kowloon,九龍,M,M,Fresh and Salt Water,Y,,2025-12-01 00:02:06.134,2025-12-01 00:02:06.134
PS00000028,PS025,Albany No.2 Fresh Water Pumping Station,雅賓利二號食水抽水站,Albany No.2 FW PS,HKI,Hong Kong,香港,I,F,Fresh Water,N,,2025-12-01 00:02:06.134,2025-12-01 00:02:06.134
PS00000097,PS096,Mount Parker Road Fresh Water Pumping Station,柏架山道食水抽水站,Mount Parker Road FW PS,HKI,Hong Kong,香港,I,F,Fresh Water,N,,2025-12-01 00:02:06.134,2025-12-01 00:02:06.134
PS00000106,PS105,Ap Lei Chau Salt Water Pumping Station,鴨脷洲海水抽水站,Ap Lei Chau SW PS,HKI,Hong Kong,香港,I,S,Salt Water,N,,2025-12-01 00:02:06.134,2025-12-01 00:02:06.134
PS00000113,PS112,Peng Chau Fresh Water Pumping Station,坪洲食水抽水站,Peng Chau FW PS,HKI,Hong Kong,香港,I,F,Fresh Water,N,,2025-12-01 00:02:06.134,2025-12-01 00:02:06.134
PS00000116,PS115,Shau Kei Wan Fresh Water and Salt Water Pumping Station,筲箕灣食水及海水抽水站,Shau Kei Wan FW&SW PS,HKI,Hong Kong,香港,I,M,Fresh and Salt Water,Y,,2025-12-01 00:02:06.134,2025-12-01 00:02:06.134
PS00000129,PS128,So Kon Po No.2 Fresh Water Pumping Station,掃桿埔二號食水抽水站,So Kon Po No.2 FW PS,HKI,Hong Kong,香港,I,F,Fresh Water,N,,2025-12-01 00:02:06.134,2025-12-01 00:02:06.134
PS00000094,PS093,Tai Mei Tuk No.2 Raw Water Pumping Station,大美督二號原水抽水站,Tai Mei Tuk No.2 RW PS,NTE,New Territories East,新界東,M,R,Raw Water,N,,2025-12-01 00:02:06.134,2025-12-01 00:02:06.134
PS00000166,PS165,Wah Fu Salt Water Pumping Station,華富海水抽水站,Wah Fu SW PS,HKI,Hong Kong,香港,I,S,Salt Water,Y,,2025-12-01 00:02:06.134,2025-12-01 00:02:06.134
PS00000007,PS004,Peak Fresh Water Pumping Station,山頂食水抽水站,Peak FW PS,HKI,Hong Kong,香港,I,F,Fresh Water,N,,2025-12-01 00:02:06.134,2025-12-01 00:02:06.134
PS00000024,PS021,Cheung Chau Fresh Water Pumping Station,長洲食水抽水站,Cheung Chau FW PS,HKI,Hong Kong,香港,I,F,Fresh Water,N,,2025-12-01 00:02:06.134,2025-12-01 00:02:06.134
PS00000044,PS041,Tsuen Wan West Fresh Water and Salt Water Pumping Station,荃灣西食水及海水抽水站,Tsuen Wan West FW&SW PS,NTW,New Territories West,新界西,M,M,Fresh and Salt Water,Y,,2025-12-01 00:02:06.134,2025-12-01 00:02:06.134
PS00000056,PS053,Lai Chi Kok Fresh Water Pumping Station,荔枝角食水抽水站,Lai Chi Kok FW PS,NTW,New Territories West,新界西,M,F,Fresh Water,Y,,2025-12-01 00:02:06.134,2025-12-01 00:02:06.134
PS00000060,PS057,Kei Ling Ha Lowland Raw Water Pumping Station,企嶺下低地原水抽水站,Kei Ling Ha LWD RW PS,NTE,New Territories East,新界東,M,R,Raw Water,N,,2025-12-01 00:02:06.134,2025-12-01 00:02:06.134
PS00000071,PS068,Braemar Hill Fresh Water Pumping Station,寶馬山食水抽水站,Braemar Hill FW PS,HKI,Hong Kong,香港,I,F,Fresh Water,N,,2025-12-01 00:02:06.134,2025-12-01 00:02:06.134
PS00000095,PS094,Western Fresh Water and Salt Water Pumping Station,西區食水及海水抽水站,Western FW&SW PS,HKI,Hong Kong,香港,I,M,Fresh and Salt Water,Y,,2025-12-01 00:02:06.134,2025-12-01 00:02:06.134
PS00000104,PS103,Tsing Yi North High Level Fresh Water and Salt Water Pumping Station,青衣北高地食水及海水抽水站,Tsing Yi North H/L FW&SW PS,NTW,New Territories West,新界西,M,M,Fresh and Salt Water,Y,,2025-12-01 00:02:06.134,2025-12-01 00:02:06.134
PS00000107,PS106,Hong Lok Yuen Fresh Water Booster Pumping Station,康樂園食水增壓抽水站,Hong Lok Yuen FW BST PS,NTE,New Territories East,新界東,M,F,Fresh Water,N,,2025-12-01 00:02:06.134,2025-12-01 00:02:06.134
PS00000110,PS109,Tseung Kwan O High Level Fresh Water Pumping Station,將軍澳高地食水抽水站,Tseung Kwan O H/L FW PS,NTE,New Territories East,新界東,M,F,Fresh Water,N,,2025-12-01 00:02:06.134,2025-12-01 00:02:06.134
PS00000126,PS125,Repulse Bay Fresh Water Pumping Station,淺水灣食水抽水站,Repulse Bay FW PS,HKI,Hong Kong,香港,I,F,Fresh Water,N,,2025-12-01 00:02:06.134,2025-12-01 00:02:06.134
PS00000134,PS134,Pui O No.2 Raw Water Pumping Station,貝澳二號原水抽水站,Pui O No.2 RW PS,HKI,Hong Kong,香港,I,R,Raw Water,N,,2025-12-01 00:02:06.134,2025-12-01 00:02:06.134
PS00000005,PS002,Middle Gap Fresh Water Pumping Station,中峽食水抽水站,Middle Gap FW PS,HKI,Hong Kong,香港,I,F,Fresh Water,N,,2025-12-01 00:02:06.134,2025-12-01 00:02:06.134
PS00000009,PS006,Bowen Road Fresh Water Pumping Station,寶雲道食水抽水站,Bowen Road FW PS,HKI,Hong Kong,香港,I,F,Fresh Water,N,,2025-12-01 00:02:06.134,2025-12-01 00:02:06.134
PS00000012,PS009,Garden Road Fresh Water Pumping Station,花園道食水抽水站,Garden Road FW PS,HKI,Hong Kong,香港,I,F,Fresh Water,N,,2025-12-01 00:02:06.134,2025-12-01 00:02:06.134
PS00000014,PS011,Chai Wan Road Booster Pumping Station,柴灣道增壓抽水站,Chai Wan Road BST PS,HKI,Hong Kong,香港,I,R,Raw Water,N,,2025-12-01 00:02:06.134,2025-12-01 00:02:06.134
PS00000019,PS016,Shek Pik Raw Water Pumping Station,石壁原水抽水站,Shek Pik RW PS,HKI,Hong Kong,香港,I,R,Raw Water,N,,2025-12-01 00:02:06.134,2025-12-01 00:02:06.134
PS00000026,PS023,Lower Shing Mun Raw Water Pumping Station,下城門原水抽水站,Lower Shing Mun RW PS,NTE,New Territories East,新界東,M,R,Raw Water,N,,2025-12-01 00:02:06.134,2025-12-01 00:02:06.134
PS00000030,PS027,Kennedy Town Salt Water Pumping Station,堅尼地城海水抽水站,Kennedy Town SW PS,HKI,Hong Kong,香港,I,S,Salt Water,N,,2025-12-01 00:02:06.134,2025-12-01 00:02:06.134
PS00000033,PS030,Severn Road Fresh Water Pumping Station,施勳道食水抽水站,Severn Road FW PS,HKI,Hong Kong,香港,I,F,Fresh Water,N,,2025-12-01 00:02:06.134,2025-12-01 00:02:06.134
PS00000053,PS050,Ching Cheung Road Temporary Fresh Water Pumping Station,呈祥道臨時食水抽水站,Ching Cheung Road Temporary FW PS,K,Kowloon,九龍,M,F,Fresh Water,N,,2025-12-01 00:02:06.134,2025-12-01 00:02:06.134
PS00000063,PS060,Tai Mong Tsai Lowland Raw Water Pumping Station,大網仔低地原水抽水站,Tai Mong Tsai LWD RW PS,NTE,New Territories East,新界東,M,R,Raw Water,N,,2025-12-01 00:02:06.134,2025-12-01 00:02:06.134
PS00000075,PS072,Tai Po Tau No.3 Raw Water Pumping Station,大埔頭三號原水抽水站,Tai Po Tau No.3 RW PS,NTE,New Territories East,新界東,M,R,Raw Water,N,,2025-12-01 00:02:06.134,2025-12-01 00:02:06.134
PS00000081,PS078,Quarry Bay Salt Water Pumping Station,鰂魚涌海水抽水站,Quarry Bay SW PS,HKI,Hong Kong,香港,I,S,Salt Water,N,,2025-12-01 00:02:06.134,2025-12-01 00:02:06.134
PS00000092,PS091,Harcourt Road Fresh Water Pumping Station,夏道食水抽水站,Harcourt Road FW PS,HKI,Hong Kong,香港,I,F,Fresh Water,N,,2025-12-01 00:02:06.134,2025-12-01 00:02:06.134
PS00000048,PS045,Tai Wan Salt Water Pumping Station,大環海水抽水站,Tai Wan SW PS,K,Kowloon,九龍,M,S,Salt Water,N,,2025-12-01 00:02:06.134,2025-12-01 00:02:06.134
PS00000103,PS102,Sai Ying Pun Fresh Water Pumping Station,西營盤食水抽水站,Sai Ying Pun FW PS,HKI,Hong Kong,香港,I,F,Fresh Water,N,,2025-12-01 00:02:06.134,2025-12-01 00:02:06.134
PS00000105,PS104,Wan Chai Salt Water Pumping Station,灣仔海水抽水站,Wan Chai SW PS,HKI,Hong Kong,香港,I,S,Salt Water,N,,2025-12-01 00:02:06.134,2025-12-01 00:02:06.134
PS00000119,PS118,Kowloon South No.2 Salt Water Pumping Station,九龍南二號海水抽水站,Kowloon South No.2 SW PS,K,Kowloon,九龍,M,S,Salt Water,N,,2025-12-01 00:02:06.134,2025-12-01 00:02:06.134
PS00000149,PS152,Tsui Lam Fresh Water Pumping Station,翠林食水抽水站,Tsui Lam FW PS,NTE,New Territories East,新界東,M,F,Fresh Water,N,,2025-12-01 00:02:06.134,2025-12-01 00:02:06.134
PS00000018,PS015,Pui O Raw Water Pumping Station,貝澳原水抽水站,Pui O RW PS,HKI,Hong Kong,香港,I,R,Raw Water,N,,2025-12-01 00:02:06.134,2025-12-01 00:02:06.134
PS00000034,PS031,Shum Wan Shan Fresh Water Pumping Station (Old),沈雲山食水抽水站(舊),Shum Wan Shan FW PS,K,Kowloon,九龍,M,F,Fresh Water,N,,2025-12-01 00:02:06.134,2025-12-01 00:02:06.134
PS00000118,PS117,Au Tau No.2 Raw Water Pumping Station,凹頭二號原水抽水站,Au Tau No.2 RW PS,NTW,New Territories West,新界西,M,R,Raw Water,N,,2025-12-01 00:02:06.134,2025-12-01 00:02:06.134
PS00000120,PS119,Muk Wu No.3 Raw Water Pumping Station,木湖三號原水抽水站,Muk Wu No.3 RW PS,NTE,New Territories East,新界東,M,R,Raw Water,N,,2025-12-01 00:02:06.134,2025-12-01 00:02:06.134
PS00000082,PS079,River Ganges Lowland Raw Water Pumping Station,平原河低地原水抽水站,River Ganges LWD RW PS,NTE,New Territories East,新界東,M,R,Raw Water,N,,2025-12-01 00:02:06.134,2025-12-01 00:02:06.134
PS00000085,PS082,Sheung Shui Fresh Water Pumping Station,上水食水抽水站,Sheung Shui FW PS,NTE,New Territories East,新界東,M,F,Fresh Water,N,,2025-12-01 00:02:06.134,2025-12-01 00:02:06.134
PS00000098,PS097,Siu Lek Yuen Fresh Water Pumping Station,小瀝源食水抽水站,Siu Lek Yuen FW PS,NTE,New Territories East,新界東,M,F,Fresh Water,N,,2025-12-01 00:02:06.134,2025-12-01 00:02:06.134
PS00000111,PS110,King's Park Salt Water Pumping Station,京士柏海水抽水站,King's Park SW PS,K,Kowloon,九龍,M,S,Salt Water,Y,,2025-12-01 00:02:06.134,2025-12-01 00:02:06.134
PS00000122,PS121,Sham Tseng Raw Water Pumping Station,深井原水抽水站,Sham Tseng RW PS,NTW,New Territories West,新界西,M,R,Raw Water,N,,2025-12-01 00:02:06.134,2025-12-01 00:02:06.134
PS00000123,PS122,Tai Po Tau No.4 Raw Water Pumping Station,大埔頭四號原水抽水站,Tai Po Tau No.4 RW PS,NTE,New Territories East,新界東,M,R,Raw Water,N,,2025-12-01 00:02:06.134,2025-12-01 00:02:06.134
PS00000141,PS142,Mount Parker Road Temporary Fresh Water Pumping Station,柏架山道臨時食水抽水站,Mount Parker Road Temporary FW PS,HKI,Hong Kong,香港,I,F,Fresh Water,N,,2025-12-01 00:02:06.134,2025-12-01 00:02:06.134
PS00000144,PS146,Albany No.3 Fresh Water Pumping Station,雅賓利三號食水抽水站,Albany No.3 FW PS,HKI,Hong Kong,香港,I,F,Fresh Water,N,,2025-12-01 00:02:06.134,2025-12-01 00:02:06.134
PS00000015,PS012,Victoria Road Pumping Station,域多利道抽水站,Victoria Road PS,HKI,Hong Kong,香港,I,R,Raw Water,N,,2025-12-01 00:02:06.134,2025-12-01 00:02:06.134
PS00000069,PS066,Shun Lee Tsuen Fresh Water Pumping Station,順利食水抽水站,Shun Lee Tsuen FW PS,K,Kowloon,九龍,M,F,Fresh Water,N,,2025-12-01 00:02:06.134,2025-12-01 00:02:06.134
PS00000070,PS067,Tuen Mun Fresh Water Pumping Station,屯門食水抽水站,Tuen Mun FW PS,NTW,New Territories West,新界西,M,F,Fresh Water,N,,2025-12-01 00:02:06.134,2025-12-01 00:02:06.134
PS00000072,PS069,Lam Tei Raw Water Pumping Station,藍地原水抽水站,Lam Tei RW PS,NTW,New Territories West,新界西,M,R,Raw Water,N,,2025-12-01 00:02:06.134,2025-12-01 00:02:06.134
PS00000038,PS035,Beacon Hill Salt Water Pumping Station,筆架山海水抽水站,Beacon Hill SW PS,K,Kowloon,九龍,M,S,Salt Water,Y,,2025-12-01 00:02:06.134,2025-12-01 00:02:06.134
PS00000039,PS036,Brick Hill Salt Water Pumping Station,南朗山海水抽水站,Brick Hill SW PS,HKI,Hong Kong,香港,I,S,Salt Water,N,,2025-12-01 00:02:06.134,2025-12-01 00:02:06.134
PS00000043,PS040,River Indus Lowland Raw Water Pumping Station,梧桐河低地原水抽水站,River Indus LWD RW PS,NTE,New Territories East,新界東,M,R,Raw Water,N,,2025-12-01 00:02:06.134,2025-12-01 00:02:06.134
PS00000100,PS099,Cheung Sha Fresh Water Pumping Station,長沙食水抽水站,Cheung Sha FW PS,HKI,Hong Kong,香港,I,F,Fresh Water,N,,2025-12-01 00:02:06.134,2025-12-01 00:02:06.134
PS00000108,PS107,Ngau Chi Wan High Level Fresh Water Pumping Station,牛池灣高地食水抽水站,Ngau Chi Wan H/L FW PS,K,Kowloon,九龍,M,F,Fresh Water,N,,2025-12-01 00:02:06.134,2025-12-01 00:02:06.134
PS00000121,PS120,Sha Tin Seafront Salt Water Pumping Station,沙田海傍海水抽水站,Sha Tin Seafront SW PS,NTE,New Territories East,新界東,M,S,Salt Water,N,,2025-12-01 00:02:06.134,2025-12-01 00:02:06.134
PS00000124,PS123,Tseung Kwan O High Level No.2 Fresh Water Pumping Station,將軍澳高地二號食水抽水站,Tseung Kwan O H/L No.2 FW PS,NTE,New Territories East,新界東,M,F,Fresh Water,N,,2025-12-01 00:02:06.134,2025-12-01 00:02:06.134
PS00000132,PS131,Ma On Shan Fresh Water Pumping Station,馬鞍山食水抽水站,Ma On Shan FW PS,NTE,New Territories East,新界東,M,F,Fresh Water,N,,2025-12-01 00:02:06.134,2025-12-01 00:02:06.134
PS00000151,PS153,Sheung Wan Salt Water Pumping Station,上環海水抽水站,Sheung Wan SW PS,HKI,Hong Kong,香港,I,S,Salt Water,N,,2025-12-01 00:02:06.134,2025-12-01 00:02:06.134
PS00000162,PS160,Shum Wan Shan Salt Water Pumping Station,沈雲山海水抽水站,Shum Wan Shan SW PS,K,Kowloon,九龍,M,S,Salt Water,Y,,2025-12-01 00:02:06.134,2025-12-01 00:02:06.134
PS00000040,PS037,Ma Tau Wai Fresh Water Pumping Station,馬頭圍食水抽水站,Ma Tau Wai FW PS,K,Kowloon,九龍,M,F,Fresh Water,N,,2025-12-01 00:02:06.134,2025-12-01 00:02:06.134
PS00000057,PS054,Stanley Mound No.2 Fresh Water Pumping Station,赤柱崗二號食水抽水站,Stanley Mound No.2 FW PS,HKI,Hong Kong,香港,I,F,Fresh Water,N,,2025-12-01 00:02:06.134,2025-12-01 00:02:06.134
PS00000059,PS056,Hoi Ha Lowland Raw Water Pumping Station,海下低地原水抽水站,Hoi Ha LWD RW PS,NTE,New Territories East,新界東,M,R,Raw Water,N,,2025-12-01 00:02:06.134,2025-12-01 00:02:06.134
PS00000064,PS061,Tai Shui Hang Lowland Raw Water Pumping Station,大水坑低地原水抽水站,Tai Shui Hang LWD RW PS,NTE,New Territories East,新界東,M,R,Raw Water,N,,2025-12-01 00:02:06.134,2025-12-01 00:02:06.134
PS00000065,PS062,Wu Lei Tau Lowland Raw Water Pumping Station,狐狸頭低地原水抽水站,Wu Lei Tau LWD RW PS,NTE,New Territories East,新界東,M,R,Raw Water,N,,2025-12-01 00:02:06.134,2025-12-01 00:02:06.134
PS00000066,PS063,Fo Tan Fresh Water and Salt Water Pumping Station,火炭食水及海水抽水站,Fo Tan FW&SW PS,NTE,New Territories East,新界東,M,M,Fresh and Salt Water,Y,,2025-12-01 00:02:06.134,2025-12-01 00:02:06.134
PS00000096,PS095,Ha Wong Yi Au Fresh Water Pumping Station,下黃宜凹食水抽水站,Ha Wong Yi Au FW PS,NTE,New Territories East,新界東,M,F,Fresh Water,N,,2025-12-01 00:02:06.134,2025-12-01 00:02:06.134
PS00000102,PS101,Sai Wan Pumping Station,西灣抽水站,Sai Wan PS,HKI,Hong Kong,香港,I,R,Raw Water,N,,2025-12-01 00:02:06.134,2025-12-01 00:02:06.134
PS00000131,PS130,Tai Po Salt Water Pumping Station,大埔海水抽水站,Tai Po SW PS,NTE,New Territories East,新界東,M,S,Salt Water,N,,2025-12-01 00:02:06.134,2025-12-01 00:02:06.134
PS00000077,PS074,Tsing Yi Salt Water Pumping Station,青衣海水抽水站,Tsing Yi SW PS,NTW,New Territories West,新界西,M,S,Salt Water,N,,2025-12-01 00:02:06.134,2025-12-01 00:02:06.134
PS00000087,PS085,Yau Kom Tau Fresh Water Pumping Station,油柑頭食水抽水站,Yau Kom Tau FW PS,NTW,New Territories West,新界西,M,F,Fresh Water,N,,2025-12-01 00:02:06.134,2025-12-01 00:02:06.134
PS00000090,PS089,Tsuen Wan West Ultra High Level Fresh Water Pumping Station,荃灣西超高地食水抽水站,Tsuen Wan West Ultra H/L FW PS,NTW,New Territories West,新界西,M,F,Fresh Water,N,,2025-12-01 00:02:06.134,2025-12-01 00:02:06.134
PS00000093,PS092,Ma Chai Hang Fresh Water Booster Pumping Station,馬仔坑食水增壓抽水站,Ma Chai Hang FW BST PS,K,Kowloon,九龍,M,F,Fresh Water,N,,2025-12-01 00:02:06.134,2025-12-01 00:02:06.134
PS00000133,PS132,Siu Ho Wan Raw Water and Fresh Water Pumping Station,小蠔灣原水及食水抽水站,Siu Ho Wan RW&FW PS,HKI,Hong Kong,香港,I,F,Fresh Water,N,,2025-12-01 00:02:06.134,2025-12-01 00:02:06.134
PS00000137,PS137,Shum Wan Shan (Temporary) Pumping Station,沈雲山(臨時)抽水站,Shum Wan Shan (Temporary) PS,NTE,New Territories East,新界東,M,R,Raw Water,N,,2025-12-01 00:02:06.134,2025-12-01 00:02:06.134
PS00000152,PS154,Tai Lam Chung Raw Water Pumping Station,大欖涌原水抽水站,Tai Lam Chung RW PS,NTW,New Territories West,新界西,M,R,Raw Water,N,,2025-12-01 00:02:06.134,2025-12-01 00:02:06.134
PS00000150,PS149,Tan Kwai Tsuen Fresh Water Pumping Station,丹桂村食水抽水站,Tan Kwai Tsuen FW PS,NTW,New Territories West,新界西,M,F,Fresh Water,N,,2025-12-01 00:02:06.134,2025-12-01 00:02:06.134
PS00000153,PS155,To Shek Fresh Water Pumping Station,多石食水抽水站,To Shek FW PS,NTE,New Territories East,新界東,M,F,Fresh Water,N,,2025-12-01 00:02:06.134,2025-12-01 00:02:06.134
PS00000127,PS126,Sha Tin Salt Water Booster Pumping Station,沙田海水增壓抽水站,Sha Tin SW BST PS,NTE,New Territories East,新界東,M,S,Salt Water,Y,,2025-12-01 00:02:06.134,2025-12-01 00:02:06.134
PS00000128,PS127,Siu Sai Wan Salt Water Pumping Station,小西灣海水抽水站,Siu Sai Wan SW PS,HKI,Hong Kong,香港,I,S,Salt Water,N,,2025-12-01 00:02:06.134,2025-12-01 00:02:06.134
PS00000084,PS081,Muk Wu No.2 Raw Water Pumping Station,木湖二號原水抽水站,Muk Wu No.2 RW PS,NTE,New Territories East,新界東,M,R,Raw Water,N,,2025-12-01 00:02:06.134,2025-12-01 00:02:06.134
PS00000088,PS086,Au Tau Raw Water and Fresh Water Pumping Station,凹頭原水及食水抽水站,Au Tau RW&FW PS,NTW,New Territories West,新界西,M,F,Fresh Water,N,,2025-12-01 00:02:06.134,2025-12-01 00:02:06.134
PS00000089,PS088,Harbour Island Raw Water Pumping Station,白沙頭洲原水抽水站,Harbour Island RW PS,NTE,New Territories East,新界東,M,R,Raw Water,N,,2025-12-01 00:02:06.134,2025-12-01 00:02:06.134
PS00000139,PS139,Queen Elizabeth Hospital (S.W.) Pumping Station,伊利沙伯醫院(海水)抽水站,Queen Elizabeth Hospital SW PS,K,Kowloon,九龍,M,R,Raw Water,N,,2025-12-01 00:02:06.134,2025-12-01 00:02:06.134
PS00000143,PS144,Pak Kok Tsui Fresh Water Pumping Station,北角咀食水抽水站,Pak Kok Tsui FW PS,HKI,Hong Kong,香港,I,F,Fresh Water,N,,2025-12-01 00:02:06.134,2025-12-01 00:02:06.134
PS00000145,PS150,Ngau Tam Mei Raw Water Pumping Station,牛潭尾原水抽水站,Ngau Tam Mei RW PS,NTW,New Territories West,新界西,M,R,Raw Water,N,,2025-12-01 00:02:06.134,2025-12-01 00:02:06.134
PS00000147,PS148,Tai Po Fresh Water Pumping Station,大埔食水抽水站,Tai Po FW PS,NTE,New Territories East,新界東,M,F,Fresh Water,N,,2025-12-01 00:02:06.134,2025-12-01 00:02:06.134
PS00000157,PS159,Kau To Fresh Water Pumping Station,九肚食水抽水站,Kau To Fresh Water Pumping Station,NTE,New Territories East,新界東,M,F,Fresh Water,N,,2025-12-01 00:02:06.134,2025-12-01 00:02:06.134
PS00000164,PS162,Lok On Pai Salt Water Pumping Station,樂安排海水抽水站,Lok On Pai SW PS,NTW,New Territories West,新界西,M,S,Salt Water,N,,2025-12-01 00:02:06.134,2025-12-01 00:02:06.134
PS00000010,PS007,Eastern Fresh Water Pumping Station,東區食水抽水站,Eastern FW PS,HKI,Hong Kong,香港,I,F,Fresh Water,N,,2025-12-01 00:02:06.134,2025-12-01 00:02:06.134
PS00000027,PS024,North Point Lower (S.W.) Pumping Station,北角下(海水)抽水站,North Point LOW SW PS,HKI,Hong Kong,香港,I,R,Raw Water,N,,2025-12-01 00:02:06.134,2025-12-01 00:02:06.134
PS00000045,PS042,Yau Tong Salt Water Pumping Station,油塘海水抽水站,Yau Tong SW PS,K,Kowloon,九龍,M,S,Salt Water,N,,2025-12-01 00:02:06.134,2025-12-01 00:02:06.134
PS00000047,PS044,Sau Mau Ping Salt Water Pumping Station,秀茂坪海水抽水站,Sau Mau Ping SW PS,K,Kowloon,九龍,M,S,Salt Water,Y,,2025-12-01 00:02:06.134,2025-12-01 00:02:06.134
PS00000055,PS052,Tong Shui Road Fresh Water Pumping Station,糖水道食水抽水站,Tong Shui Road FW PS,HKI,Hong Kong,香港,I,F,Fresh Water,N,,2025-12-01 00:02:06.134,2025-12-01 00:02:06.134
PS00000061,PS058,Long Keng Lowland Raw Water Pumping Station,浪徑低地原水抽水站,Long Keng LWD RW PS,NTE,New Territories East,新界東,M,R,Raw Water,N,,2025-12-01 00:02:06.134,2025-12-01 00:02:06.134
PS00000062,PS059,Pak Tam Chung Lowland Raw Water Pumping Station,北潭涌低地原水抽水站,Pak Tam Chung LWD RW PS,NTE,New Territories East,新界東,M,R,Raw Water,N,,2025-12-01 00:02:06.134,2025-12-01 00:02:06.134
PS00000079,PS076,Eastern No.2 Fresh Water Pumping Station,東區二號食水抽水站,Eastern No.2 FW PS,HKI,Hong Kong,香港,I,F,Fresh Water,N,,2025-12-01 00:02:06.134,2025-12-01 00:02:06.134
PS00000161,PS161,Sunny Bay Salt Water Pumping Station,欣澳海水抽水站,Sunny Bay SW PS,HKI,Hong Kong,香港,I,S,Salt Water,N,,2025-12-01 00:02:06.134,2025-12-01 00:02:06.134
PS00000002,PS145,Sheung Tsuen Fresh Water Pumping Station,上村食水抽水站,Sheung Tsuen FW PS,NTW,New Territories West,新界西,M,F,Fresh Water,N,,2025-12-01 00:02:06.134,2025-12-01 00:02:06.134
PS00000020,PS017,Sha Tin Fresh Water Pumping Station,沙田食水抽水站,Sha Tin FW PS,NTE,New Territories East,新界東,M,F,Fresh Water,N,,2025-12-01 00:02:06.134,2025-12-01 00:02:06.134
PS00000022,PS019,Tai Po Tau Raw Water Pumping Station,大埔頭原水抽水站,Tai Po Tau RW PS,NTE,New Territories East,新界東,M,R,Raw Water,N,,2025-12-01 00:02:06.134,2025-12-01 00:02:06.134
PS00000032,PS029,Sandy Bay Fresh Water Pumping Station,大口環食水抽水站,Sandy Bay FW PS,HKI,Hong Kong,香港,I,F,Fresh Water,N,,2025-12-01 00:02:06.134,2025-12-01 00:02:06.134
PS00000050,PS047,Kwai Shing Salt Water Pumping Station,葵盛海水抽水站,Kwai Shing SW PS,NTW,New Territories West,新界西,M,S,Salt Water,Y,,2025-12-01 00:02:06.134,2025-12-01 00:02:06.134
PS00000074,PS071,So Kon Po Fresh Water Pumping Station,掃桿埔食水抽水站,So Kon Po FW PS,HKI,Hong Kong,香港,I,F,Fresh Water,N,,2025-12-01 00:02:06.134,2025-12-01 00:02:06.134
PS00000086,PS084,Tsuen Wan Salt Water Pumping Station,荃灣海水抽水站,Tsuen Wan SW PS,NTW,New Territories West,新界西,M,S,Salt Water,N,,2025-12-01 00:02:06.134,2025-12-01 00:02:06.134
PS00000109,PS108,Shek Mun Fresh Water Booster Pumping Station,石門食水增壓抽水站,Shek Mun FW BST PS,NTE,New Territories East,新界東,M,F,Fresh Water,N,,2025-12-01 00:02:06.134,2025-12-01 00:02:06.134
PS00000112,PS111,Tai Po East Fresh Water Pumping Station,大埔東食水抽水站,Tai Po East FW PS,NTE,New Territories East,新界東,M,F,Fresh Water,N,,2025-12-01 00:02:06.134,2025-12-01 00:02:06.134
PS00000125,PS124,Cheung Sha Wan Salt Water Pumping Station,長沙灣海水抽水站,Cheung Sha Wan SW PS,K,Kowloon,九龍,M,S,Salt Water,N,,2025-12-01 00:02:06.134,2025-12-01 00:02:06.134
PS00000130,PS129,Sai O Raw Water Pumping Station,西澳原水抽水站,Sai O RW PS,NTE,New Territories East,新界東,M,R,Raw Water,N,,2025-12-01 00:02:06.134,2025-12-01 00:02:06.134
PS00000136,PS135,Tseung Kwan O Salt Water Pumping Station,將軍澳海水抽水站,Tseung Kwan O SW PS,NTE,New Territories East,新界東,M,S,Salt Water,N,,2025-12-01 00:02:06.134,2025-12-01 00:02:06.134
PS00000146,PS151,Ngau Tam Mei Fresh Water Pumping Station,牛潭尾食水抽水站,Ngau Tam Mei FW PS,NTW,New Territories West,新界西,M,F,Fresh Water,N,,2025-12-01 00:02:06.134,2025-12-01 00:02:06.134
PS00000159,TC014,Kau Wa Keng High Level Fresh Water Pumping Station,九華徑高地食水抽水站,Kau Wa Keng H/L FW PS,NTW,New Territories West,新界西,M,F,Fresh Water,N,,2025-12-01 00:02:06.134,2025-12-01 00:02:06.134
PS00000163,PS156,Telegraph Bay Salt Water Pumping Station,鋼灣海水抽水站,Telegraph Bay SW PS,HKI,Hong Kong,香港,I,S,Salt Water,N,,2025-12-01 00:02:06.134,2025-12-01 00:02:06.134
PS00000008,PS005,Albany Fresh Water Pumping Station,雅賓利食水抽水站,Albany FW PS,HKI,Hong Kong,香港,I,F,Fresh Water,N,,2025-12-01 00:02:06.134,2025-12-01 00:02:06.134
PS00000016,PS013,North Point Fresh Water Pumping Station,北角食水抽水站,North Point FW PS,HKI,Hong Kong,香港,I,F,Fresh Water,N,,2025-12-01 00:02:06.134,2025-12-01 00:02:06.134
PS00000017,PS014,Cheung Sha Shaft Raw Water Pumping Station,長沙豎井原水抽水站,Cheung Sha Shaft RW PS,HKI,Hong Kong,香港,I,R,Raw Water,N,,2025-12-01 00:02:06.134,2025-12-01 00:02:06.134
PS00000049,PS046,North Point High Level Salt Water Pumping Station,北角高地海水抽水站,North Point H/L SW PS,HKI,Hong Kong,香港,I,S,Salt Water,Y,,2025-12-01 00:02:06.134,2025-12-01 00:02:06.134
PS00000076,PS073,Tai Wo Tsuen Salt Water Pumping Station,大窩村海水抽水站,Tai Wo Tsuen SW PS,NTW,New Territories West,新界西,M,S,Salt Water,Y,,2025-12-01 00:02:06.134,2025-12-01 00:02:06.134
PS00000037,PS034,Beacon Hill Fresh Water Pumping Station,筆架山食水抽水站,Beacon Hill FW PS,K,Kowloon,九龍,M,F,Fresh Water,N,,2025-12-01 00:02:06.134,2025-12-01 00:02:06.134
PS00000101,PS100,Pak Kong Fresh Water Pumping Station,北港食水抽水站,Pak Kong FW PS,NTE,New Territories East,新界東,M,F,Fresh Water,N,,2025-12-01 00:02:06.134,2025-12-01 00:02:06.134
PS00000117,PS116,So Kwun Tan Fresh Water Pumping Station,掃管灘食水抽水站,So Kwun Tan FW PS,NTW,New Territories West,新界西,M,F,Fresh Water,N,,2025-12-01 00:02:06.134,2025-12-01 00:02:06.134
PS00000142,PS143,Muk Wu 'B' Temporary Raw Water Pumping Station,木湖'B'臨時原水抽水站,Muk Wu 'B' Temporary RW PS,NTE,New Territories East,新界東,M,R,Raw Water,N,,2025-12-01 00:02:06.134,2025-12-01 00:02:06.134
PS00000021,PS018,Sha Tin No.2 Fresh Water Pumping Station,沙田二號食水抽水站,Sha Tin No.2 FW PS,NTE,New Territories East,新界東,M,F,Fresh Water,N,,2025-12-01 00:02:06.134,2025-12-01 00:02:06.134
PS00000046,PS043,Central Water Front Salt Water Pumping Station,中區海傍海水抽水站,Central Water Front SW PS,HKI,Hong Kong,香港,I,S,Salt Water,N,,2025-12-01 00:02:06.134,2025-12-01 00:02:06.134
PS00000058,PS055,Ho Chung Lowland Raw Water Pumping Station,蠔涌低地原水抽水站,Ho Chung LWD RW PS,NTE,New Territories East,新界東,M,R,Raw Water,N,,2025-12-01 00:02:06.134,2025-12-01 00:02:06.134
PS00000068,PS065,Muk Wu 'A' Pumping Station,木湖'A'抽水站,Muk Wu 'A' PS,NTE,New Territories East,新界東,M,R,Raw Water,N,,2025-12-01 00:02:06.134,2025-12-01 00:02:06.134
PS00000114,PS113,Piper's Hill Ultra High Level Fresh Water and Salt Water Pumping Station,琵琶山超高地食水及海水抽水站,Piper's Hill Ultra H/L FW&SW PS,K,Kowloon,九龍,M,M,Fresh and Salt Water,Y,,2025-12-01 00:02:06.134,2025-12-01 00:02:06.134
PS00000140,PS140,Sai Wan No.2 Fresh Water Pumping Station,西灣二號食水抽水站,Sai Wan No.2 FW PS,HKI,Hong Kong,香港,I,F,Fresh Water,N,,2025-12-01 00:02:06.134,2025-12-01 00:02:06.134
PS00000148,PS147,Tai Po Kau Fresh Water Pumping Station,大埔滘食水抽水站,Tai Po Kau FW PS,NTE,New Territories East,新界東,M,F,Fresh Water,N,,2025-12-01 00:02:06.134,2025-12-01 00:02:06.134
PS00000004,PS001,Aberdeen Raw Water Pumping Station,香港仔原水抽水站,Aberdeen RW PS,HKI,Hong Kong,香港,I,R,Raw Water,N,,2025-12-01 00:02:06.134,2025-12-01 00:02:06.134
PS00000003,PS141,A Kung Tin Fresh Water Pumping Station,亞公田食水抽水站,A Kung Tin FW PS,NTW,New Territories West,新界西,M,F,Fresh Water,N,,2025-12-01 00:02:06.134,2025-12-01 00:02:06.134
PS00000006,PS003,Tai Tam Tuk Raw Water Pumping Station,大潭篤原水抽水站,Tai Tam Tuk RW PS,HKI,Hong Kong,香港,I,R,Raw Water,N,,2025-12-01 00:02:06.134,2025-12-01 00:02:06.134
PS00000011,PS008,Stanley Mound Fresh Water Pumping Station,赤柱崗食水抽水站,Stanley Mound FW PS,HKI,Hong Kong,香港,I,F,Fresh Water,N,,2025-12-01 00:02:06.134,2025-12-01 00:02:06.134
PS00000041,PS038,Tsuen Wan Raw Water Pumping Station,荃灣原水抽水站,Tsuen Wan RW PS,NTW,New Territories West,新界西,M,R,Raw Water,N,,2025-12-01 00:02:06.134,2025-12-01 00:02:06.134
PS00000031,PS028,Magazine Gap Road Fresh Water Pumping Station,馬己仙峽道食水抽水站,Magazine Gap Road FW PS,HKI,Hong Kong,香港,I,F,Fresh Water,N,,2025-12-01 00:02:06.134,2025-12-01 00:02:06.134
PS00000036,PS033,Tsuen Wan Fresh Water Pumping Station,荃灣食水抽水站,Tsuen Wan FW PS,NTW,New Territories West,新界西,M,F,Fresh Water,N,,2025-12-01 00:02:06.134,2025-12-01 00:02:06.134
PS00000073,PS070,Lower Shing Mun No.2 Raw Water Pumping Station,下城門二號原水抽水站,Lower Shing Mun No.2 RW PS,NTE,New Territories East,新界東,M,R,Raw Water,N,,2025-12-01 00:02:06.134,2025-12-01 00:02:06.134
PS00000078,PS075,Tuen Mun Salt Water Pumping Station,屯門海水抽水站,Tuen Mun SW PS,NTW,New Territories West,新界西,M,S,Salt Water,N,,2025-12-01 00:02:06.134,2025-12-01 00:02:06.134
PS00000083,PS080,Wong Chuk Hang Fresh Water Pumping Station,黃竹坑食水抽水站,Wong Chuk Hang FW PS,HKI,Hong Kong,香港,I,F,Fresh Water,N,,2025-12-01 00:02:06.134,2025-12-01 00:02:06.134
PS00000091,PS090,Chai Wan North No.2 Fresh Water Pumping Station,柴灣北二號食水抽水站,Chai Wan North No.2 FW PS,HKI,Hong Kong,香港,I,F,Fresh Water,N,,2025-12-01 00:02:06.134,2025-12-01 00:02:06.134
PS00000115,PS114,Sai Wan Ho Salt Water Pumping Station,西灣河海水抽水站,Sai Wan Ho SW PS,HKI,Hong Kong,香港,I,S,Salt Water,N,,2025-12-01 00:02:06.134,2025-12-01 00:02:06.134
PS00000135,PS136,Tseung Kwan O Salt Water Booster Pumping Station,將軍澳海水增壓抽水站,Tseung Kwan O SW BST PS,NTE,New Territories East,新界東,M,S,Salt Water,Y,,2025-12-01 00:02:06.134,2025-12-01 00:02:06.134
PS00000138,PS138,Kowloon South (S.W.) Pumping Station,南九龍(海水)抽水站,Kowloon South SW PS,K,Kowloon,九龍,M,R,Raw Water,N,,2025-12-01 00:02:06.134,2025-12-01 00:02:06.134
