"asset_id","asset_name","asset_desc","loca_code","region_abbr","i_type_id","i_type_code","i_type_desc","dim_update_time","dim_load_time"
96,Tuen Mun WTW & PS,Tuen Mun WTW & PS,NW15,NTW,4,Combine,Combine TW & FW,2025-08-19 10:33:13.074,2025-08-19 10:33:13.074
82,Tai Po WTW & PS,Tai Po WTW & PS,NE20,NTE,4,Combine,Combine TW & FW,2025-08-19 10:33:13.074,2025-08-19 10:33:13.074
75,Sha Tin WTW & PS,Sha Tin WTW & PS,NE13,NTE,4,Combine,Combine TW & FW,2025-08-19 10:33:13.074,2025-08-19 10:33:13.074
76,Sheung Shui WTW & PS,Sheung Shui WTW & PS,NE14,NTE,4,Combine,Combine TW & FW,2025-08-19 10:33:13.074,2025-08-19 10:33:13.074
128,Ma On Shan WTW & PS,Ma On Shan WTW & PS,SE23,NTE,4,Combine,Combine TW & FW,2025-08-19 10:33:13.074,2025-08-19 10:33:13.074
8,Cheung Sha WTW,Cheung Sha WTW,HK08,HKI,3,TW,Treatment Works,2025-08-19 10:33:13.074,2025-08-19 10:33:13.074
89,Yau Kom Tau WTW & PS,Yau Kom Tau WTW & PS,NW07,NTW,4,Combine,Combine TW & FW,2025-08-19 10:33:13.074,2025-08-19 10:33:13.074
102,Ngau Tam Mei WTW & PS,Ngau Tam Mei WTW & PS,NW21,NTW,4,Combine,Combine TW & FW,2025-08-19 10:33:13.074,2025-08-19 10:33:13.074
101,Sham Tseng WTW,Sham Tseng WTW,NW20,NTW,3,TW,Treatment Works,2025-08-19 10:33:13.074,2025-08-19 10:33:13.074
94,Au Tau WTW,Au Tau WTW,NW13,NTW,4,Combine,Combine TW & FW,2025-08-19 10:33:13.074,2025-08-19 10:33:13.074
152,Tsuen Wan WTW & PS,Tsuen Wan WTW & PS,SW13,NTW,4,Combine,Combine TW & FW,2025-08-19 10:33:13.074,2025-08-19 10:33:13.074
47,Red Hill WTW,Red Hill WTW,HKE37,HKI,3,TW,Treatment Works,2025-08-19 10:33:13.074,2025-08-19 10:33:13.074
159,Tai Po Road WTW,Tai Po Road WTW,SW20,K,3,TW,Treatment Works,2025-08-19 10:33:13.074,2025-08-19 10:33:13.074
129,Pak Kong WTW & PS,Pak Kong WTW & PS,SE24,NTE,4,Combine,Combine TW & FW,2025-08-19 10:33:13.074,2025-08-19 10:33:13.074
10,Siu Ho Wan WTW & PS,Siu Ho Wan WTW & PS,HK10,HKI,4,Combine,Combine TW & FW,2025-08-19 10:33:13.074,2025-08-19 10:33:13.074
6,Silver Mine Bay WTW,Silver Mine Bay WTW,HK06,HKI,3,TW,Treatment Works,2025-08-19 10:33:13.074,2025-08-19 10:33:13.074
11,Tai O WTW,Tai O WTW,HK11,HKI,3,TW,Treatment Works,2025-08-19 10:33:13.074,2025-08-19 10:33:13.074
