"asset_id","asset_name","asset_desc","loca_code","acc_no","region_id","region_code","region_desc","i_type_id","i_type_code","i_type_desc","fw_portion","sw_portion","rw_portion","tw_portion","remarks","is_active","official_name","station_code","is_billing","is_ps","is_ecw","region_rpt","is_hkp","is_fy","is_water_eff","water_eff_type_id","i_num","dim_update_time","dim_load_time","dt"
84,Tsuen Wan SWPS,Tsuen Wan SWPS,NW01,"91985007034",4,NTW,N.T. West Region,7,SW,Salt Water,0.00000,0.00000,0.00000,0.00000,(Formerly 9198500703),1,undefined,TSWNC/13,1,1,1,NTW,1,1,1,7,PS 084,2025-09-15 14:25:38.850,2025-09-15 14:25:38.850,20250314
89,Yau Kom Tau WTW & PS,Yau Kom Tau WTW & PS,NW07,"91124013065",4,NTW,N.T. West Region,4,Combine,Combine TW & FW,0.75000,0.00000,0.00000,0.25000,(Formerly 9112401306),1,undefined,undefined,1,1,1,NTW,1,0,0,4,undefined,2025-09-15 14:25:38.850,2025-09-15 14:25:38.850,20250314
102,Ngau Tam Mei WTW & PS,Ngau Tam Mei WTW & PS,NW21,"94000725435",4,NTW,N.T. West Region,4,Combine,Combine TW & FW,0.48000,0.00000,0.04000,0.48000,undefined,1,undefined,undefined,1,1,1,NTW,1,0,0,4,undefined,2025-09-15 14:25:38.850,2025-09-15 14:25:38.850,20250314
158,Kwai Shing SWPS,Kwai Shing SWPS,SW19,"92797002038",4,NTW,N.T. West Region,7,SW,Salt Water,0.00000,0.00000,0.00000,0.00000,undefined,1,undefined,PENSL/05,1,1,1,NTW,1,1,1,7,PS 047,2025-09-15 14:25:38.850,2025-09-15 14:25:38.850,20250314
97,A Kung Tin FWPS,A Kung Tin FWPS,NW16,"76724073018",4,NTW,N.T. West Region,1,FW,Fresh Water,0.00000,0.00000,0.00000,0.00000,undefined,1,A Kung Tin FWPS,undefined,1,1,1,NTW,1,1,1,1,PS 141,2025-09-15 14:25:38.850,2025-09-15 14:25:38.850,20250314
101,Sham Tseng WTW,Sham Tseng WTW,NW20,"92502806011",4,NTW,N.T. West Region,3,TW,Treatment Works,0.00000,0.00000,0.00000,0.00000,(Formerly 9250280601),1,undefined,undefined,1,1,1,NTW,1,0,0,3,undefined,2025-09-15 14:25:38.850,2025-09-15 14:25:38.850,20250314
178,Fu Tei Sheung Tsuen FWPH,Fu Tei Sheung Tsuen FWPH,NW27,"85550001082",4,NTW,N.T. West Region,1,FW,Fresh Water,0.00000,0.00000,0.00000,0.00000,undefined,1,undefined,undefined,0,1,0,NTW,0,1,0,1,undefined,2025-09-15 14:25:38.850,2025-09-15 14:25:38.850,20250314
180,Ha Kwai Chung FWPH,Ha Kwai Chung FWPH,NW29,"92480991045",4,NTW,N.T. West Region,1,FW,Fresh Water,0.00000,0.00000,0.00000,0.00000,undefined,1,undefined,undefined,0,1,0,NTW,0,1,0,1,undefined,2025-09-15 14:25:38.850,2025-09-15 14:25:38.850,20250314
258,Tuen Mun TW (OSCG In1),Tuen Mun WTW (OSCG In1),OSTM1,"82849834055",4,NTW,N.T. West Region,3,TW,Treatment Works,0.00000,0.00000,0.00000,0.00000,OSCG,1,undefined,undefined,1,1,0,"",1,1,0,1,undefined,2025-09-15 14:25:38.850,2025-09-15 14:25:38.850,20250314
87,Tsuen Wan West FW & SWPS,Tsuen Wan West FW & SWPS,NW05,"99949487026",4,NTW,N.T. West Region,4,Combine,Combine TW & FW,0.67000,0.33000,0.00000,0.00000,(Formerly 9994948702),1,undefined,TSWW/14,1,1,1,NTW,1,1,1,9,PS 041,2025-09-15 14:25:38.850,2025-09-15 14:25:38.850,20250314
94,Au Tau WTW,Au Tau WTW,NW13,"78619097038",4,NTW,N.T. West Region,4,Combine,Combine TW & FW,0.64000,0.00000,0.29000,0.07000,(Formerly 7861909703),1,Au Tau WTW,undefined,1,1,1,NTW,1,0,0,4,undefined,2025-09-15 14:25:38.850,2025-09-15 14:25:38.850,20250314
152,Tsuen Wan WTW & PS,Tsuen Wan WTW & PS,SW13,"99949492096",4,NTW,N.T. West Region,4,Combine,Combine TW & FW,0.63000,0.00000,0.00000,0.37000,(Formerly 9994949209),1,undefined,undefined,1,1,1,NTW,1,0,0,4,undefined,2025-09-15 14:25:38.850,2025-09-15 14:25:38.850,20250314
23,Magazine Gap Road FWPS,Magazine Gap Road FWPS,HKE12,"4009200002",1,HKI,Hong Kong & Island Region,1,FW,Fresh Water,0.00000,0.00000,0.00000,0.00000,undefined,1,undefined,MGFW/15,1,1,1,HKI,1,1,1,1,PS 028,2025-09-15 14:25:38.850,2025-09-15 14:25:38.850,20250314
20,Harcourt Road FWPS(meter A),Harcourt Road FWPS(meter 1),HKE09,"4354417702",1,HKI,Hong Kong & Island Region,1,FW,Fresh Water,0.00000,0.00000,0.00000,0.00000,(Formerly 4005606303),1,undefined,HRFW/13,1,1,1,HKI,1,1,1,1,PS 091,2025-09-15 14:25:38.850,2025-09-15 14:25:38.850,20250314
37,Aberdeen WTW (Ceased operation),No plan to be decommissioned.,HKE26,"1304361009",1,HKI,Hong Kong & Island Region,3,TW,Treatment Works,0.00000,0.00000,0.00000,0.00000,used for RW supply for toilet flushing.,1,Aberdeen WTW,undefined,1,1,1,HKI,0,0,0,3,undefined,2025-09-15 14:25:38.850,2025-09-15 14:25:38.850,20250314
38,Aberdeen RWPS,Aberdeen RWPS,HKE27,"1304360001",1,HKI,Hong Kong & Island Region,2,RW,Raw Water,0.00000,0.00000,0.00000,0.00000,undefined,1,Aberdeen RWPS,ABRW/01,1,1,1,HKI,1,1,0,2,PS 001,2025-09-15 14:25:38.850,2025-09-15 14:25:38.850,20250314
64,Ha Wong Yi Au FWPS,Ha Wong Yi Au FWPS,NE02,"68462346032",3,NTE,N.T. East Region,1,FW,Fresh Water,0.00000,0.00000,0.00000,0.00000,undefined,1,undefined,undefined,1,1,1,NTE,1,1,1,1,PS 095,2025-09-15 14:25:38.850,2025-09-15 14:25:38.850,20250314
131,Pak Tam Chung FWPH,Pak Tam Chung FWPH,SE26,"60979035082",3,NTE,N.T. East Region,1,FW,Fresh Water,0.00000,0.00000,0.00000,0.00000,undefined,1,undefined,undefined,0,1,0,NTE,0,1,1,1,PH 045,2025-09-15 14:25:38.850,2025-09-15 14:25:38.850,20250314
29,Sai Ying Pun FWPS,Sai Ying Pun FWPS,HKE18,"4008210003",1,HKI,Hong Kong & Island Region,1,FW,Fresh Water,0.00000,0.00000,0.00000,0.00000,undefined,1,undefined,SYPFW/25,1,1,1,HKI,1,1,1,1,PS 102,2025-09-15 14:25:38.850,2025-09-15 14:25:38.850,20250314
47,Red Hill WTW,Red Hill WTW,HKE37,"1705315307",1,HKI,Hong Kong & Island Region,3,TW,Treatment Works,0.00000,0.00000,0.00000,0.00000,(Formerly 1705315710),1,undefined,undefined,1,1,1,HKI,0,0,0,3,undefined,2025-09-15 14:25:38.850,2025-09-15 14:25:38.850,20250314
58,Pak Kok Tsui FWPS,Pak Kok Tsui FWPS,HKE49,"1339020506",1,HKI,Hong Kong & Island Region,1,FW,Fresh Water,0.00000,0.00000,0.00000,0.00000,undefined,1,undefined,PKTFW/49,1,1,1,HKI,1,1,0,1,undefined,2025-09-15 14:25:38.850,2025-09-15 14:25:38.850,20250314
68,Tai Po Tau WTW (decommissioned),Tai Po Tau WTW (decommissioned),NE06,"99928928043",3,NTE,N.T. East Region,3,TW,Treatment Works,0.00000,0.00000,0.00000,0.00000,has been decommissioned on 27.4.2018.,1,undefined,undefined,1,1,1,NTE,1,0,0,3,undefined,2025-09-15 14:25:38.850,2025-09-15 14:25:38.850,20250314
70,Shek Mun FW Booster PS,Shek Mun FW Booster PS,NE08,"67011580006",3,NTE,N.T. East Region,1,FW,Fresh Water,0.00000,0.00000,0.00000,0.00000,"(Formerly 99949489091,6701158000)",1,undefined,undefined,1,1,1,NTE,1,1,1,1,PS 108,2025-09-15 14:25:38.850,2025-09-15 14:25:38.850,20250314
110,Shun Lee Tsuen FWPS,Shun Lee Tsuen FWPS,SE05,"25858037028",2,K,Kowloon Region,1,FW,Fresh Water,0.00000,0.00000,0.00000,0.00000,undefined,1,undefined,SHULF/15,1,1,1,K,1,1,1,1,PS 066,2025-09-15 14:25:38.850,2025-09-15 14:25:38.850,20250314
118,Ngau Chi Wan HL FWPS,Ngau Chi Wan HL FWPS,SE13,"25650781037",2,K,Kowloon Region,1,FW,Fresh Water,0.00000,0.00000,0.00000,0.00000,undefined,1,undefined,NGCWH/11,1,1,1,K,1,1,1,1,PS 107,2025-09-15 14:25:38.850,2025-09-15 14:25:38.850,20250314
199,Tai Mei Tuk No.2 RWPS,Tai Mei Tuk No.2 RWPS,NE00B,"0",3,NTE,N.T. East Region,2,RW,Raw Water,0.00000,0.00000,0.00000,0.00000,undefined,1,undefined,TMTBPS/16,0,1,1,NTE,1,1,0,2,undefined,2025-09-15 14:25:38.850,2025-09-15 14:25:38.850,20250314
209,Wong Mo Ying FWPH,Wong Mo Ying FWPH,NE38,"60904605058",3,NTE,N.T. East Region,1,FW,Fresh Water,0.00000,0.00000,0.00000,0.00000,undefined,1,undefined,undefined,0,1,0,NTE,0,1,0,1,undefined,2025-09-15 14:25:38.850,2025-09-15 14:25:38.850,20250314
215,Fa Sam Hang FWPH,Fa Sam Hang FWPH,NE22,"3806221050",3,NTE,N.T. East Region,1,FW,Fresh Water,0.00000,0.00000,0.00000,0.00000,undefined,1,undefined,undefined,0,1,0,NTE,0,1,0,1,undefined,2025-09-15 14:25:38.850,2025-09-15 14:25:38.850,20250314
225,Lai Chi Hang FWPH,Lai Chi Hang FWPH,NE25,"68452340105",3,NTE,N.T. East Region,1,FW,Fresh Water,0.00000,0.00000,0.00000,0.00000,undefined,1,undefined,undefined,0,1,0,NTE,0,1,0,1,undefined,2025-09-15 14:25:38.850,2025-09-15 14:25:38.850,20250314
256,Pak Kong TW (OSCG D1),Pak Kong WTW (OSCG D1),OSPK1,"82855082435",3,NTE,N.T. East Region,3,TW,Treatment Works,0.00000,0.00000,0.00000,0.00000,OSCG,1,undefined,undefined,1,1,0,"",1,1,0,1,undefined,2025-09-15 14:25:38.850,2025-09-15 14:25:38.850,20250314
79,Sha Tin SW Booster PS,Sha Tin SW Booster PS,NE17,"66972979051",3,NTE,N.T. East Region,7,SW,Salt Water,0.00000,0.00000,0.00000,0.00000,(Formerly 6697297905),1,undefined,undefined,1,1,1,NTE,1,1,1,7,PS 126,2025-09-15 14:25:38.850,2025-09-15 14:25:38.850,20250314
15,Central Water Front SWPS(building demol),building demolished on 30/6/2006,HKE04,"4007700007",1,HKI,Hong Kong & Island Region,7,SW,Salt Water,0.00000,0.00000,0.00000,0.00000,Land returned to DLO on 14/2/2007,1,Central Water Front SWPS,CWFSW/50,1,1,1,HKI,0,0,0,7,undefined,2025-09-15 14:25:38.850,2025-09-15 14:25:38.850,20250314
170,Telegraph Bay SWPS,Telegraph Bay SWPS,HKE56,"4340581904",1,HKI,Hong Kong & Island Region,7,SW,Salt Water,0.00000,0.00000,0.00000,0.00000,undefined,1,undefined,TBSW/53,1,1,1,HKI,1,1,1,7,PS 156,2025-09-15 14:25:38.850,2025-09-15 14:25:38.850,20250314
262,Siu Ho Wan TW (OSCG Tx1),Siu Ho Wan WTW (OSCG Tx1),OSSH1,"82852146528",1,HKI,Hong Kong & Island Region,3,TW,Treatment Works,0.00000,0.00000,0.00000,0.00000,OSCG,1,undefined,undefined,1,1,0,"",1,1,0,1,undefined,2025-09-15 14:25:38.850,2025-09-15 14:25:38.850,20250314
150,Tsing Yi North HL FW & SWPS,Tsing Yi North HL FW & SWPS,SW11,"92360830038",4,NTW,N.T. West Region,4,Combine,Combine TW & FW,0.58000,0.42000,0.00000,0.00000,(Formerly 9236083003),1,undefined,TSYN/10,1,1,1,NTW,1,1,1,9,PS 103,2025-09-15 14:25:38.850,2025-09-15 14:25:38.850,20250314
99,So Kwun Tan FWPS,So Kwun Tan FWPS,NW18,"85113109038",4,NTW,N.T. West Region,1,FW,Fresh Water,0.00000,0.00000,0.00000,0.00000,undefined,1,undefined,undefined,1,1,1,NTW,1,1,0,1,undefined,2025-09-15 14:25:38.850,2025-09-15 14:25:38.850,20250314
246,Au Tau TW (OSCG Tx1),Au Tau WTW (OSCG Tx1),OSAT1,"82854111340",4,NTW,N.T. West Region,3,TW,Treatment Works,0.00000,0.00000,0.00000,0.00000,OSCG,1,undefined,undefined,1,1,0,"",1,1,0,1,undefined,2025-09-15 14:25:38.850,2025-09-15 14:25:38.850,20250314
7,Cheung Sha RWPS,Formerly named Cheung Sha FWPS,HK07,"60180467085",1,HKI,Hong Kong & Island Region,2,RW,Raw Water,0.00000,0.00000,0.00000,0.00000,(Formerly 6018046708),1,Cheung Sha FWPS,CSTW/44,1,1,1,HKI,1,1,1,1,PS 099,2025-09-15 14:25:38.850,2025-09-15 14:25:38.850,20250314
8,Cheung Sha WTW,Cheung Sha WTW,HK08,"60180470088",1,HKI,Hong Kong & Island Region,3,TW,Treatment Works,0.00000,0.00000,0.00000,0.00000,(Formerly 6018047008),1,Cheung Sha WTW,undefined,1,1,1,HKI,0,0,0,3,undefined,2025-09-15 14:25:38.850,2025-09-15 14:25:38.850,20250314
65,Lower Shing Mun RWPS,Lower Shing Mun RWPS,NE03,"63562781074",3,NTE,N.T. East Region,2,RW,Raw Water,0.00000,0.00000,0.00000,0.00000,(Formerly 6356278107),1,undefined,LOSMA/10,1,1,1,NTE,1,1,1,2,PS 023,2025-09-15 14:25:38.850,2025-09-15 14:25:38.850,20250314
71,Tai Po East FWPS,Tai Po East FWPS,NE09,"69430710061",3,NTE,N.T. East Region,1,FW,Fresh Water,0.00000,0.00000,0.00000,0.00000,undefined,1,undefined,undefined,0,1,1,NTE,0,1,1,1,PS 111,2025-09-15 14:25:38.850,2025-09-15 14:25:38.850,20250314
73,Fanling RWPS,Fanling RWPS,NE11,"73602019058",3,NTE,N.T. East Region,2,RW,Raw Water,0.00000,0.00000,0.00000,0.00000,(Formerly 7360201905),1,undefined,FANLI/01,1,1,1,NTE,1,1,1,2,PS 077,2025-09-15 14:25:38.850,2025-09-15 14:25:38.850,20250314
117,Ma Chai Hang FW Booster PS,Ma Chai Hang FW Booster PS,SE12,"24945085028",2,K,Kowloon Region,1,FW,Fresh Water,0.00000,0.00000,0.00000,0.00000,undefined,1,undefined,MACCH/09,1,1,1,K,1,1,1,1,PS 092,2025-09-15 14:25:38.850,2025-09-15 14:25:38.850,20250314
259,Tuen Mun TW (OSCG In2),Tuen Mun WTW (OSCG In2),OSTM2,"82849834020",4,NTW,N.T. West Region,3,TW,Treatment Works,0.00000,0.00000,0.00000,0.00000,OSCG,1,undefined,undefined,1,1,0,"",1,1,0,1,undefined,2025-09-15 14:25:38.850,2025-09-15 14:25:38.850,20250314
239,Lok On Pai SWPS,Lok On Pai SWPS,SW27,"82841714981",4,NTW,N.T. West Region,7,SW,Salt Water,0.00000,0.00000,0.00000,0.00000,undefined,1,undefined,undefined,1,1,1,NTW,1,1,1,7,PS 162,2025-09-15 14:25:38.850,2025-09-15 14:25:38.850,20250314
174,Au Tau No.2 RWPS,Au Tau No.2 RWPS,NW00A,"0",4,NTW,N.T. West Region,2,RW,Raw Water,0.00000,0.00000,0.00000,0.00000,undefined,1,Au Tau No.2 RWPS,AUTUB/01,1,1,1,NTW,1,1,0,2,PS 117,2025-09-15 14:25:38.850,2025-09-15 14:25:38.850,20250314
179,Fung Kong Tsuen FWPH,Fung Kong Tsuen FWPH,NW28,"84039021013",4,NTW,N.T. West Region,1,FW,Fresh Water,0.00000,0.00000,0.00000,0.00000,undefined,1,undefined,undefined,0,1,0,NTW,0,1,0,1,undefined,2025-09-15 14:25:38.850,2025-09-15 14:25:38.850,20250314
183,Lo Wai FWPH,Lo Wai FWPH,NW32,"91718530072",4,NTW,N.T. West Region,1,FW,Fresh Water,0.00000,0.00000,0.00000,0.00000,undefined,1,undefined,undefined,0,1,0,NTW,0,1,0,1,undefined,2025-09-15 14:25:38.850,2025-09-15 14:25:38.850,20250314
6,Silver Mine Bay WTW,Silver Mine Bay WTW,HK06,"47378158899",1,HKI,Hong Kong & Island Region,3,TW,Treatment Works,0.00000,0.00000,0.00000,0.00000,(Formerly 60103098023),1,undefined,undefined,1,1,0,HKI,0,0,0,3,undefined,2025-09-15 14:25:38.850,2025-09-15 14:25:38.850,20250314
11,Tai O WTW,Tai O WTW,HK11,"60035100091",1,HKI,Hong Kong & Island Region,3,TW,Treatment Works,0.00000,0.00000,0.00000,0.00000,(Formerly 6003510009),1,undefined,undefined,1,1,0,HKI,0,0,0,3,undefined,2025-09-15 14:25:38.850,2025-09-15 14:25:38.850,20250314
9,Peng Chau FWPS,Peng Chau FWPS,HK09,"60567731103",1,HKI,Hong Kong & Island Region,1,FW,Fresh Water,0.00000,0.00000,0.00000,0.00000,undefined,1,undefined,PCFW/21,1,1,1,HKI,1,1,1,1,PS 112,2025-09-15 14:25:38.850,2025-09-15 14:25:38.850,20250314
24,Albany No.2 FWPS,Albany No.2 FWPS,HKE13,"4006021001",1,HKI,Hong Kong & Island Region,1,FW,Fresh Water,0.00000,0.00000,0.00000,0.00000,undefined,1,Albany No.2 FWPS,A2FW/03,1,1,1,HKI,1,1,1,1,PS 025,2025-09-15 14:25:38.850,2025-09-15 14:25:38.850,20250314
61,Albany FWPS(Ceased operation),Albany FWPS(Ceased operation on 15.9.19),?,?,1,HKI,Hong Kong & Island Region,1,FW,Fresh Water,0.00000,0.00000,0.00000,0.00000,Past HKE52,1,Albany FWPS,A1FW/47,0,1,1,HKI,0,0,0,1,PS 005,2025-09-15 14:25:38.850,2025-09-15 14:25:38.850,20250314
109,Shum Wan Shan FWPS,Shum Wan Shan FWPS,SE04,"82813278938",2,K,Kowloon Region,1,FW,Fresh Water,0.00000,0.00000,0.00000,0.00000,undefined,1,undefined,SHUWF/13,1,1,1,K,1,1,1,1,PS 164,2025-09-15 14:25:38.850,2025-09-15 14:25:38.850,20250314
114,Hoi Ha Lowland RWPS,Hoi Ha Lowland RWPS,SE09,"60967501103",3,NTE,N.T. East Region,2,RW,Raw Water,0.00000,0.00000,0.00000,0.00000,undefined,1,undefined,HOIHA/06,1,1,1,NTE,1,1,0,2,undefined,2025-09-15 14:25:38.850,2025-09-15 14:25:38.850,20250314
121,Tai Mong Tsai Lowland RWPS,Tai Mong Tsai Lowland RWPS,SE16,"60904098072",3,NTE,N.T. East Region,2,RW,Raw Water,0.00000,0.00000,0.00000,0.00000,undefined,1,undefined,TAIMS/18,1,1,1,NTE,1,1,0,2,undefined,2025-09-15 14:25:38.850,2025-09-15 14:25:38.850,20250314
55,Braemar Hill FWPS,Braemar Hill FWPS,HKE46,"1804062007",1,HKI,Hong Kong & Island Region,1,FW,Fresh Water,0.00000,0.00000,0.00000,0.00000,undefined,1,Braemar Hill FWPS,BHFW/06,1,1,1,HKI,1,1,1,1,PS 068,2025-09-15 14:25:38.850,2025-09-15 14:25:38.850,20250314
111,Tseung Kwan O HL No.2 FWPS,Tseung Kwan O HL No.2 FWPS,SE06,"60625630102",3,NTE,N.T. East Region,1,FW,Fresh Water,0.00000,0.00000,0.00000,0.00000,undefined,1,undefined,TKOH2/23,1,1,1,NTE,1,1,1,1,PS 123,2025-09-15 14:25:38.850,2025-09-15 14:25:38.850,20250314
123,Temp MSE Regional Depot,Temp MSE Regional Depot,SE18,"25655053007",3,NTE,N.T. East Region,5,MISC,Miscellanous,0.00000,0.00000,0.00000,0.00000,undefined,0,undefined,undefined,1,1,1,NTE,1,0,0,5,undefined,2025-09-15 14:25:38.850,2025-09-15 14:25:38.850,20250314
138,Ta Tit Yan FWPH,Ta Tit Yan FWPH,SE33,"82814492905",3,NTE,N.T. East Region,1,FW,Fresh Water,0.00000,0.00000,0.00000,0.00000,undefined,1,undefined,undefined,0,1,0,NTE,0,1,0,1,undefined,2025-09-15 14:25:38.850,2025-09-15 14:25:38.850,20250314
147,Ma Tau Wai FWPS,Ma Tau Wai FWPS,SW08,"20900056027",2,K,Kowloon Region,1,FW,Fresh Water,0.00000,0.00000,0.00000,0.00000,(Formerly 2090005602),1,undefined,MATWF/10,1,1,1,K,1,1,1,1,PS 037,2025-09-15 14:25:38.850,2025-09-15 14:25:38.850,20250314
203,Tsiu Keng Shaft RW Irrigation PH,Tsiu Keng Shaft RW Irrigation PH,NE36,"74057003107",3,NTE,N.T. East Region,2,RW,Raw Water,0.00000,0.00000,0.00000,0.00000,undefined,1,undefined,undefined,0,1,0,NTE,0,1,0,2,undefined,2025-09-15 14:25:38.850,2025-09-15 14:25:38.850,20250314
211,Sha Tau FWPH,Sha Tau FWPH,NE33,"49195519557",3,NTE,N.T. East Region,1,FW,Fresh Water,0.00000,0.00000,0.00000,0.00000,undefined,1,undefined,undefined,0,1,0,NTE,0,1,0,1,undefined,2025-09-15 14:25:38.850,2025-09-15 14:25:38.850,20250314
175,Au Tau RW & FW PS,Au Tau RW & FW PS,NW00B,"0",4,NTW,N.T. West Region,4,Combine,Combine TW & FW,0.00000,0.00000,0.00000,0.00000,undefined,1,Au Tau RFWPS,AUTAU/02,1,1,1,NTW,1,1,1,8,PS 086,2025-09-15 14:25:38.850,2025-09-15 14:25:38.850,20250314
189,Sheung Yat Chuen FWPH,Sheung Yat Chuen FWPH,NW37,"91769015106",4,NTW,N.T. West Region,1,FW,Fresh Water,0.00000,0.00000,0.00000,0.00000,undefined,1,undefined,undefined,0,1,0,NTW,0,1,0,1,undefined,2025-09-15 14:25:38.850,2025-09-15 14:25:38.850,20250314
182,Ki Lun Shan FWPH,Ki Lun Shan FWPH,NW31,"76301490071",4,NTW,N.T. West Region,1,FW,Fresh Water,0.00000,0.00000,0.00000,0.00000,undefined,1,undefined,undefined,0,1,0,NTW,0,1,0,1,undefined,2025-09-15 14:25:38.850,2025-09-15 14:25:38.850,20250314
1,Cheung Chau FWPS,Cheung Chau FWPS,HK01,"62003815023",1,HKI,Hong Kong & Island Region,1,FW,Fresh Water,0.00000,0.00000,0.00000,0.00000,undefined,1,Cheung Chau FWPS,CCFW/09,1,1,1,HKI,1,1,1,1,PS 021,2025-09-15 14:25:38.850,2025-09-15 14:25:38.850,20250314
5,Shek Pik RWPS,Shek Pik RWPS,HK05,"60061015027",1,HKI,Hong Kong & Island Region,2,RW,Raw Water,0.00000,0.00000,0.00000,0.00000,undefined,1,undefined,SPVT/45,1,1,1,HKI,1,1,0,2,undefined,2025-09-15 14:25:38.850,2025-09-15 14:25:38.850,20250314
13,Bowen Rd FWPS,Bowen Rd FWPS,HKE02,"4009249304",1,HKI,Hong Kong & Island Region,1,FW,Fresh Water,0.00000,0.00000,0.00000,0.00000,(Formerly 4009250010),1,Bowen Road FWPS,BRFW/05,1,1,1,HKI,1,1,1,1,PS 006,2025-09-15 14:25:38.850,2025-09-15 14:25:38.850,20250314
16,Chai Wan North No.2 FWPS,Chai Wan North No.2 FWPS,HKE05,"1715002109",1,HKI,Hong Kong & Island Region,1,FW,Fresh Water,0.00000,0.00000,0.00000,0.00000,undefined,1,Chai Wan North No.2 FWPS,CW2FW/08,1,1,1,HKI,1,1,1,1,PS 090,2025-09-15 14:25:38.850,2025-09-15 14:25:38.850,20250314
32,So Kon Po No.2 FWPS,So Kon Po No.2 FWPS,HKE21,"4004800507",1,HKI,Hong Kong & Island Region,1,FW,Fresh Water,0.00000,0.00000,0.00000,0.00000,undefined,1,So Kon Po No.2 FWPS,SKP2FW/32,1,1,1,HKI,1,1,1,1,PS 128,2025-09-15 14:25:38.850,2025-09-15 14:25:38.850,20250314
48,Repulse Bay FWPS,Repulse Bay FWPS,HKE38,"1603039210",1,HKI,Hong Kong & Island Region,1,FW,Fresh Water,0.00000,0.00000,0.00000,0.00000,undefined,1,undefined,RPFW/23,1,1,1,HKI,1,1,1,1,PS 125,2025-09-15 14:25:38.850,2025-09-15 14:25:38.850,20250314
50,Severn Road FWPS,Severn Road FWPS,HKE40,"1005310003",1,HKI,Hong Kong & Island Region,1,FW,Fresh Water,0.00000,0.00000,0.00000,0.00000,undefined,1,undefined,SRFW/27,1,1,1,HKI,1,1,1,1,PS 030,2025-09-15 14:25:38.850,2025-09-15 14:25:38.850,20250314
126,Wu Lei Tau Lowland RWPS,Wu Lei Tau Lowland RWPS,SE21,"60956652008",3,NTE,N.T. East Region,2,RW,Raw Water,0.00000,0.00000,0.00000,0.00000,undefined,1,undefined,undefined,1,1,1,NTE,1,1,0,2,undefined,2025-09-15 14:25:38.850,2025-09-15 14:25:38.850,20250314
130,Sai O RWPS,Sai O RWPS,SE25,"67840217054",3,NTE,N.T. East Region,2,RW,Raw Water,0.00000,0.00000,0.00000,0.00000,undefined,1,undefined,SAIOPS/14,1,1,1,NTE,1,1,0,2,undefined,2025-09-15 14:25:38.850,2025-09-15 14:25:38.850,20250314
43,Middle Gap FWPS,Middle Gap FWPS,HKE32,"138309003",1,HKI,Hong Kong & Island Region,1,FW,Fresh Water,0.00000,0.00000,0.00000,0.00000,undefined,1,undefined,MGFW/16,1,1,1,HKI,1,1,1,1,PS 002,2025-09-15 14:25:38.850,2025-09-15 14:25:38.850,20250314
62,Chai Wan North FWPS(not in use),Chai Wan North FWPS(not in use),HKE53,"1715002000",1,HKI,Hong Kong & Island Region,1,FW,Fresh Water,0.00000,0.00000,0.00000,0.00000,undefined,1,Chai Wan North FWPS,CW1FW/48,1,1,1,HKI,1,1,0,1,undefined,2025-09-15 14:25:38.850,2025-09-15 14:25:38.850,20250314
69,Hong Lok Yuen FW Booster PS,Hong Lok Yuen FW Booster PS,NE07,"68681055045",3,NTE,N.T. East Region,1,FW,Fresh Water,0.00000,0.00000,0.00000,0.00000,undefined,1,undefined,undefined,1,1,1,NTE,1,1,1,1,PS 106,2025-09-15 14:25:38.850,2025-09-15 14:25:38.850,20250314
83,River Ganges Lowland RWPS Ceased operati,Ceased operation,NE21,"75830857045",3,NTE,N.T. East Region,2,RW,Raw Water,0.00000,0.00000,0.00000,0.00000,Ceased operation in June 1987,1,undefined,undefined,1,1,1,NTE,1,1,0,2,undefined,2025-09-15 14:25:38.850,2025-09-15 14:25:38.850,20250314
119,Pak Tam Chung Lowland RWPS,Pak Tam Chung Lowland RWPS,SE14,"60751171009",3,NTE,N.T. East Region,2,RW,Raw Water,0.00000,0.00000,0.00000,0.00000,undefined,1,undefined,PAKTC/13,1,1,1,NTE,1,1,0,2,undefined,2025-09-15 14:25:38.850,2025-09-15 14:25:38.850,20250314
135,High Island RWPS,High Island RWPS,SE30,"60751057095",3,NTE,N.T. East Region,2,RW,Raw Water,0.00000,0.00000,0.00000,0.00000,undefined,1,undefined,HISLM/04,1,1,1,NTE,1,1,0,2,undefined,2025-09-15 14:25:38.850,2025-09-15 14:25:38.850,20250314
204,Kau Sai Chau FWPH,Kau Sai Chau FWPH,NE23,"83443529788",3,NTE,N.T. East Region,1,FW,Fresh Water,0.00000,0.00000,0.00000,0.00000,undefined,1,undefined,undefined,0,1,0,NTE,0,1,0,1,undefined,2025-09-15 14:25:38.850,2025-09-15 14:25:38.850,20250314
219,Kau To FWPS,Kau To FWPS,NE40,"82819767842",3,NTE,N.T. East Region,1,FW,Fresh Water,0.00000,0.00000,0.00000,0.00000,undefined,1,undefined,undefined,0,1,1,NTE,1,1,0,1,undefined,2025-09-15 14:25:38.850,2025-09-15 14:25:38.850,20250314
200,Muk Wu No.2 RWPS,Muk Wu No.2 RWPS,NE00C,"0",3,NTE,N.T. East Region,2,RW,Raw Water,0.00000,0.00000,0.00000,0.00000,undefined,1,undefined,MUKWBPS/11,0,1,1,NTE,0,1,1,2,PS 081,2025-09-15 14:25:38.850,2025-09-15 14:25:38.850,20250314
201,Muk Wu No.3 RWPS,Muk Wu No.3 RWPS,NE00D,"0",3,NTE,N.T. East Region,2,RW,Raw Water,0.00000,0.00000,0.00000,0.00000,undefined,1,undefined,MUKWU/12,0,1,1,NTE,0,1,1,2,PS 119,2025-09-15 14:25:38.850,2025-09-15 14:25:38.850,20250314
220,Lower Shing Mun No.2 RWPS,Lower Shing Mun No.2 RWPS,NE00E,"0",3,NTE,N.T. East Region,2,RW,Raw Water,0.00000,0.00000,0.00000,0.00000,undefined,1,undefined,LOSMB/09,0,1,1,NTE,1,1,0,2,undefined,2025-09-15 14:25:38.850,2025-09-15 14:25:38.850,20250314
226,Harbour Island RWPS,Harbour Island RWPS,NE00Z,"0",3,NTE,N.T. East Region,2,RW,Raw Water,0.00000,0.00000,0.00000,0.00000,undefined,1,undefined,HABIS/03,0,1,1,NTE,1,1,0,2,undefined,2025-09-15 14:25:38.850,2025-09-15 14:25:38.850,20250314
233,Sham Wat FWPH,Sham Wat FWPH,HK14,"60048240053",1,HKI,Hong Kong & Island Region,1,FW,Fresh Water,0.00000,0.00000,0.00000,0.00000,undefined,1,undefined,undefined,1,1,1,HKI,0,1,0,1,undefined,2025-09-15 14:25:38.850,2025-09-15 14:25:38.850,20250314
128,Ma On Shan WTW & PS,Ma On Shan WTW & PS,SE23,"67815623093",3,NTE,N.T. East Region,4,Combine,Combine TW & FW,0.85000,0.00000,0.00000,0.15000,(Formerly 6781562309),1,undefined,undefined,1,1,1,NTE,1,0,0,4,undefined,2025-09-15 14:25:38.850,2025-09-15 14:25:38.850,20250314
88,Tuen Mun SWPS,Tuen Mun SWPS,NW06,"85209930048",4,NTW,N.T. West Region,7,SW,Salt Water,0.00000,0.00000,0.00000,0.00000,(Formerly 8520993004),1,undefined,TUMNS/16,1,1,1,NTW,1,1,1,7,PS 075,2025-09-15 14:25:38.850,2025-09-15 14:25:38.850,20250314
142,Ha Lo Wai SWPS,Ha Lo Wai SWPS,SW03,"99949453084",4,NTW,N.T. West Region,7,SW,Salt Water,0.00000,0.00000,0.00000,0.00000,(Formerly 9994945308),1,undefined,HALOW/03,1,1,1,NTW,1,1,1,7,PS 026,2025-09-15 14:25:38.850,2025-09-15 14:25:38.850,20250314
151,Tsing Yi SWPS,Tsing Yi SWPS,SW12,"92211480035",4,NTW,N.T. West Region,7,SW,Salt Water,0.00000,0.00000,0.00000,0.00000,(Formerly 9221148003),1,undefined,TSYIS/11,1,1,1,NTW,1,1,1,7,PS 074,2025-09-15 14:25:38.850,2025-09-15 14:25:38.850,20250314
92,Tai Lam Chung RWPS,Tai Lam Chung RWPS,NW11,"85016987093",4,NTW,N.T. West Region,3,TW,Treatment Works,0.00000,0.00000,1.00000,0.00000,(Formerly 8501698709),1,Tai Lam Chung RWPS,undefined,1,1,1,NTW,1,1,0,3,PS 154,2025-09-15 14:25:38.850,2025-09-15 14:25:38.850,20250314
100,Lung Kwu Sheung Tan FWPH,Lung Kwu Sheung Tan FWPH,NW19,"85214970006",4,NTW,N.T. West Region,1,FW,Fresh Water,0.00000,0.00000,0.00000,0.00000,undefined,1,undefined,undefined,1,1,1,NTW,0,1,0,1,undefined,2025-09-15 14:25:38.850,2025-09-15 14:25:38.850,20250314
176,Choi Yuen Tsuen FWPH,Choi Yuen Tsuen FWPH,NW25,"91184232028",4,NTW,N.T. West Region,1,FW,Fresh Water,0.00000,0.00000,0.00000,0.00000,undefined,1,Choi Yuen Tsuen FWPH,undefined,0,1,0,NTW,0,1,0,1,undefined,2025-09-15 14:25:38.850,2025-09-15 14:25:38.850,20250314
188,Shek Lei Hill FWPH (decommissioned),Building not yet demolished.,NW00O,???,4,NTW,N.T. West Region,1,FW,Fresh Water,0.00000,0.00000,0.00000,0.00000,Ceased operation on 1/9/2001,1,undefined,undefined,0,1,0,NTW,0,1,0,1,undefined,2025-09-15 14:25:38.850,2025-09-15 14:25:38.850,20250314
192,Wo Yi Hop FWPH,Wo Yi Hop FWPH,NW40,"91761014085",4,NTW,N.T. West Region,1,FW,Fresh Water,0.00000,0.00000,0.00000,0.00000,undefined,1,undefined,undefined,0,1,0,NTW,0,1,0,1,undefined,2025-09-15 14:25:38.850,2025-09-15 14:25:38.850,20250314
95,Tsuen Wan RWPS,Tsuen Wan RWPS,NW14,"99949489091",4,NTW,N.T. West Region,2,RW,Raw Water,0.00000,0.00000,0.00000,0.00000,(Formerly 9994948909),1,undefined,TSWN1/12,1,1,1,NTW,1,1,1,2,PS 038,2025-09-15 14:25:38.850,2025-09-15 14:25:38.850,20250314
105,Tan Kwai Tsuen FWPS,Tan Kwai Tsuen FWPS,NW24,"83251716531",4,NTW,N.T. West Region,1,FW,Fresh Water,0.00000,0.00000,0.00000,0.00000,undefined,1,undefined,TANKW/09,1,1,1,NTW,1,1,1,1,PS 149,2025-09-15 14:25:38.850,2025-09-15 14:25:38.850,20250314
181,Hon Man Tsuen FWPH,Hon Man Tsuen FWPH,NW30,"91122974041",4,NTW,N.T. West Region,1,FW,Fresh Water,0.00000,0.00000,0.00000,0.00000,undefined,1,undefined,undefined,0,1,0,NTW,0,1,0,1,undefined,2025-09-15 14:25:38.850,2025-09-15 14:25:38.850,20250314
184,Lui Kung Tin FWPH,Lui Kung Tin FWPH,NW33,"11554133281",4,NTW,N.T. West Region,1,FW,Fresh Water,0.00000,0.00000,0.00000,0.00000,undefined,1,undefined,undefined,0,1,0,NTW,0,1,0,1,undefined,2025-09-15 14:25:38.850,2025-09-15 14:25:38.850,20250314
190,Shung Shan San Tsuen FWPH,Shung Shan San Tsuen FWPH,NW38,"77121563001",4,NTW,N.T. West Region,1,FW,Fresh Water,0.00000,0.00000,0.00000,0.00000,undefined,1,undefined,undefined,0,1,0,NTW,0,1,0,1,undefined,2025-09-15 14:25:38.850,2025-09-15 14:25:38.850,20250314
193,Wong Chuk Yuen FWPH,Wong Chuk Yuen FWPH,NW41,"88586689201",4,NTW,N.T. West Region,1,FW,Fresh Water,0.00000,0.00000,0.00000,0.00000,undefined,1,undefined,undefined,0,1,0,NTW,0,1,0,1,undefined,2025-09-15 14:25:38.850,2025-09-15 14:25:38.850,20250314
3,Pui O RWPS (Ceased operation),Planned to be decommissioned,HK03,"60112089021",1,HKI,Hong Kong & Island Region,2,RW,Raw Water,0.00000,0.00000,0.00000,0.00000,(Formerly 6011208902),1,undefined,POARW/41,1,1,1,HKI,0,1,0,2,undefined,2025-09-15 14:25:38.850,2025-09-15 14:25:38.850,20250314
17,Eastern No.2 FWPS,Eastern No.2 FWPS,HKE06,"4009050200",1,HKI,Hong Kong & Island Region,1,FW,Fresh Water,0.00000,0.00000,0.00000,0.00000,undefined,1,undefined,E2FW/11,1,1,1,HKI,1,1,1,1,PS 076,2025-09-15 14:25:38.850,2025-09-15 14:25:38.850,20250314
33,Stanley Mound FWPS,Stanley Mound FWPS,HKE22,"1713649501",1,HKI,Hong Kong & Island Region,1,FW,Fresh Water,0.00000,0.00000,0.00000,0.00000,undefined,1,undefined,SMFW/33,1,1,1,HKI,1,1,1,1,PS 008,2025-09-15 14:25:38.850,2025-09-15 14:25:38.850,20250314
72,River Indus Lowland RWPS Ceased operatio,Ceased operation,NE10,"99932845104",3,NTE,N.T. East Region,2,RW,Raw Water,0.00000,0.00000,0.00000,0.00000,Ceased operation in April 1994.,1,undefined,undefined,1,1,1,NTE,1,1,0,2,undefined,2025-09-15 14:25:38.850,2025-09-15 14:25:38.850,20250314
113,Ho Chung Lowland RWPS,Ho Chung Lowland RWPS,SE08,"60941990008",3,NTE,N.T. East Region,2,RW,Raw Water,0.00000,0.00000,0.00000,0.00000,undefined,1,undefined,HOCHG/05,1,1,1,NTE,1,1,0,2,undefined,2025-09-15 14:25:38.850,2025-09-15 14:25:38.850,20250314
35,Telegraph Bay FWPS,Telegraph Bay FWPS,HKE24,"4360447900",1,HKI,Hong Kong & Island Region,1,FW,Fresh Water,0.00000,0.00000,0.00000,0.00000,undefined,1,undefined,TBFW/35,1,1,1,HKI,1,1,1,1,PS 032,2025-09-15 14:25:38.850,2025-09-15 14:25:38.850,20250314
46,Sai Wan No.2 FWPS,Sai Wan No.2 FWPS,HKE35,"4001370007",1,HKI,Hong Kong & Island Region,1,FW,Fresh Water,0.00000,0.00000,0.00000,0.00000,(Formerly 1705474000),1,undefined,SW2FW/18,1,1,1,HKI,1,1,1,1,PS 140,2025-09-15 14:25:38.850,2025-09-15 14:25:38.850,20250314
57,Albany No.3 FWPS,Albany No.3 FWPS,HKE48,"0207035009",1,HKI,Hong Kong & Island Region,1,FW,Fresh Water,0.00000,0.00000,0.00000,0.00000,undefined,1,Albany No.3 FWPS,A3FW/04,1,1,1,HKI,1,1,1,1,PS 146,2025-09-15 14:25:38.850,2025-09-15 14:25:38.850,20250314
80,Siu Lek Yuen FWPS,Siu Lek Yuen FWPS,NE18,"66932931023",3,NTE,N.T. East Region,1,FW,Fresh Water,0.00000,0.00000,0.00000,0.00000,undefined,1,undefined,undefined,1,1,1,NTE,1,1,1,1,PS 097,2025-09-15 14:25:38.850,2025-09-15 14:25:38.850,20250314
124,Tseung Kwan O HL FWPS,Tseung Kwan O HL FWPS,SE19,"60625635009",3,NTE,N.T. East Region,1,FW,Fresh Water,0.00000,0.00000,0.00000,0.00000,undefined,1,undefined,TKWNO/22,0,1,1,NTE,1,1,1,1,PS 109,2025-09-15 14:25:38.850,2025-09-15 14:25:38.850,20250314
134,Tsui Lam FWPS,Tsui Lam FWPS,SE29,"31725277453",3,NTE,N.T. East Region,1,FW,Fresh Water,0.00000,0.00000,0.00000,0.00000,undefined,1,undefined,TSULM/26,1,1,1,NTE,1,1,1,1,PS 152,2025-09-15 14:25:38.850,2025-09-15 14:25:38.850,20250314
137,Chai Kek FWPH,Chai Kek FWPH,SE32,"69524031051",3,NTE,N.T. East Region,1,FW,Fresh Water,0.00000,0.00000,0.00000,0.00000,undefined,1,Chai Kek FWPH,undefined,0,1,0,NTE,0,1,0,1,undefined,2025-09-15 14:25:38.850,2025-09-15 14:25:38.850,20250314
168,Kotewall Road FWPS,Kotewall Road FWPS,HKE52,"4331908500",1,HKI,Hong Kong & Island Region,1,FW,Fresh Water,0.00000,0.00000,0.00000,0.00000,undefined,1,undefined,KRFW/46,1,1,1,HKI,1,1,1,1,PS 166,2025-09-15 14:25:38.850,2025-09-15 14:25:38.850,20250314
198,Tai Mei Tuk RWPS,Tai Mei Tuk RWPS,NE00A,"0",3,NTE,N.T. East Region,2,RW,Raw Water,0.00000,0.00000,0.00000,0.00000,undefined,1,undefined,TMTAPS/17,0,1,1,NTE,1,1,0,2,undefined,2025-09-15 14:25:38.850,2025-09-15 14:25:38.850,20250314
213,Pak Tin North FWPH,Pak Tin North FWPH,NE32,"62966998087",3,NTE,N.T. East Region,1,FW,Fresh Water,0.00000,0.00000,0.00000,0.00000,undefined,1,undefined,undefined,0,1,0,NTE,0,1,0,1,undefined,2025-09-15 14:25:38.850,2025-09-15 14:25:38.850,20250314
216,Ma On Shan Tsuen FWPH,Ma On Shan Tsuen FWPH,NE29,"70691952284",3,NTE,N.T. East Region,1,FW,Fresh Water,0.00000,0.00000,0.00000,0.00000,undefined,1,undefined,undefined,0,1,0,NTE,0,1,0,1,undefined,2025-09-15 14:25:38.850,2025-09-15 14:25:38.850,20250314
222,Lin Au FWPH,Lin Au FWPH,NE26,"68760026106",3,NTE,N.T. East Region,1,FW,Fresh Water,0.00000,0.00000,0.00000,0.00000,undefined,1,undefined,undefined,0,1,0,NTE,0,1,0,1,undefined,2025-09-15 14:25:38.850,2025-09-15 14:25:38.850,20250314
234,Shek Mun Kap FWPH,Shek Mun Kap FWPH,HK15,"61420610953",1,HKI,Hong Kong & Island Region,1,FW,Fresh Water,0.00000,0.00000,0.00000,0.00000,undefined,1,undefined,undefined,1,1,1,HKI,0,1,0,1,undefined,2025-09-15 14:25:38.850,2025-09-15 14:25:38.850,20250314
238,Peak FWPS,Peak FWPS,HKE64,"1013427007",1,HKI,Hong Kong & Island Region,1,FW,Fresh Water,0.00000,0.00000,0.00000,0.00000,(Formerly 1013427007),1,undefined,P2FW/57,1,1,0,HKI,1,1,0,1,PS 004,2025-09-15 14:25:38.850,2025-09-15 14:25:38.850,20250314
243,Sau Mau Ping FWPS,Sau Mau Ping FWPS,??,"82844919658",2,K,Kowloon Region,1,FW,Fresh Water,0.00000,0.00000,0.00000,0.00000,undefined,1,undefined,undefined,1,1,1,K,1,1,1,1,PS 168,2025-09-15 14:25:38.850,2025-09-15 14:25:38.850,20250314
257,Pak Kong TW (OSCG D2),Pak Kong WTW (OSCG D2),OSPK2,"82855237154",3,NTE,N.T. East Region,3,TW,Treatment Works,0.00000,0.00000,0.00000,0.00000,OSCG,1,undefined,undefined,1,1,0,"",1,1,0,1,undefined,2025-09-15 14:25:38.850,2025-09-15 14:25:38.850,20250314
260,Ma On Shan TW (OSCG Tx1),Ma On Shan WTW (OSCG Tx1),OSMO1,"82854201688",3,NTE,N.T. East Region,3,TW,Treatment Works,0.00000,0.00000,0.00000,0.00000,OSCG,1,undefined,undefined,1,1,0,"",1,1,0,1,undefined,2025-09-15 14:25:38.850,2025-09-15 14:25:38.850,20250314
27,Quarry Bay SWPS,Quarry Bay SWPS,HKE16,"4003160005",1,HKI,Hong Kong & Island Region,7,SW,Salt Water,0.00000,0.00000,0.00000,0.00000,undefined,1,undefined,QBSW/22,1,1,1,HKI,1,1,1,7,PS 078,2025-09-15 14:25:38.850,2025-09-15 14:25:38.850,20250314
63,Fo Tan FW & SW PS,Fo Tan FW & SW PS,NE01,"64653909047",3,NTE,N.T. East Region,4,Combine,Combine TW & FW,0.88000,0.12000,0.00000,0.00000,(Formerly 6465390904),1,undefined,FOTAN/02,1,1,1,NTE,1,1,1,9,PS 063,2025-09-15 14:25:38.850,2025-09-15 14:25:38.850,20250314
75,Sha Tin WTW & PS,Sha Tin WTW & PS,NE13,"23425070261",3,NTE,N.T. East Region,4,Combine,Combine TW & FW,0.95000,0.00000,0.00000,0.05000,undefined,1,undefined,undefined,1,1,1,NTE,1,0,0,4,undefined,2025-09-15 14:25:38.850,2025-09-15 14:25:38.850,20250314
76,Sheung Shui WTW & PS,Sheung Shui WTW & PS,NE14,"73620915082",3,NTE,N.T. East Region,4,Combine,Combine TW & FW,0.89000,0.00000,0.00000,0.11000,undefined,1,undefined,undefined,1,1,1,NTE,1,0,0,4,undefined,2025-09-15 14:25:38.850,2025-09-15 14:25:38.850,20250314
107,Diamond Hill FW & SW PS,Diamond Hill FW & SW PS,SE02,"24780993042",2,K,Kowloon Region,4,Combine,Combine TW & FW,0.57000,0.00000,0.00000,0.43000,undefined,1,Diamond Hill FSWPS,DIAHFS/06,1,1,1,K,1,1,1,9,PS 022,2025-09-15 14:25:38.850,2025-09-15 14:25:38.850,20250314
21,Kennedy Town SWPS,Kennedy Town SWPS,HKE10,"4008752003",1,HKI,Hong Kong & Island Region,7,SW,Salt Water,0.00000,0.00000,0.00000,0.00000,undefined,1,undefined,KTSW/14,1,1,1,HKI,1,1,1,7,PS 027,2025-09-15 14:25:38.850,2025-09-15 14:25:38.850,20250314
25,Western FW & SWPS,Western FW & SWPS,HKE14,"4009297503",1,HKI,Hong Kong & Island Region,4,Combine,Combine TW & FW,0.83000,0.17000,0.00000,0.00000,undefined,1,undefined,WF&SW/38,1,1,1,HKI,1,1,1,9,PS 094,2025-09-15 14:25:38.850,2025-09-15 14:25:38.850,20250314
26,North Point HL SWPS,North Point HL SWPS,HKE15,"4003665702",1,HKI,Hong Kong & Island Region,7,SW,Salt Water,0.00000,0.00000,0.00000,0.00000,undefined,1,undefined,NPSW/20,1,1,1,HKI,1,1,1,7,PS 046,2025-09-15 14:25:38.850,2025-09-15 14:25:38.850,20250314
217,Wong Chuk Yeung FWPH,Wong Chuk Yeung FWPH,NE37,"33898673256",3,NTE,N.T. East Region,1,FW,Fresh Water,0.00000,0.00000,0.00000,0.00000,undefined,1,undefined,undefined,0,1,0,NTE,0,1,0,1,undefined,2025-09-15 14:25:38.850,2025-09-15 14:25:38.850,20250314
229,Luk Keng FWPH,Luk Keng FWPH,NE28,"6517325433",3,NTE,N.T. East Region,1,FW,Fresh Water,0.00000,0.00000,0.00000,0.00000,undefined,1,undefined,undefined,0,1,0,NTE,0,1,0,1,undefined,2025-09-15 14:25:38.850,2025-09-15 14:25:38.850,20250314
10,Siu Ho Wan WTW & PS,Siu Ho Wan WTW & PS,HK10,"60401346092",1,HKI,Hong Kong & Island Region,4,Combine,Combine TW & FW,0.61000,0.00000,0.00000,0.39000,undefined,1,undefined,SHWTW/40,1,1,1,HKI,1,1,1,8,TW 025,2025-09-15 14:25:38.850,2025-09-15 14:25:38.850,20250314
206,Pak Kong Au FWPH,Pak Kong Au FWPH,NE31,"60910600074",3,NTE,N.T. East Region,1,FW,Fresh Water,0.00000,0.00000,0.00000,0.00000,undefined,1,undefined,undefined,0,1,0,NTE,0,1,0,1,undefined,2025-09-15 14:25:38.850,2025-09-15 14:25:38.850,20250314
207,Muk Min Shan FWPH,Muk Min Shan FWPH,NE30,"60922698037",3,NTE,N.T. East Region,1,FW,Fresh Water,0.00000,0.00000,0.00000,0.00000,undefined,1,undefined,undefined,0,1,0,NTE,0,1,0,1,undefined,2025-09-15 14:25:38.850,2025-09-15 14:25:38.850,20250314
212,Yau Oi Tsuen FWPH,Yau Oi Tsuen FWPH,NE39,"63315015004",3,NTE,N.T. East Region,1,FW,Fresh Water,0.00000,0.00000,0.00000,0.00000,undefined,1,undefined,undefined,0,1,0,NTE,0,1,0,1,undefined,2025-09-15 14:25:38.850,2025-09-15 14:25:38.850,20250314
221,Tai Po Kau FWPS,Tai Po Kau FWPS,NE41,"62572925031",3,NTE,N.T. East Region,1,FW,Fresh Water,0.00000,0.00000,0.00000,0.00000,undefined,1,undefined,undefined,0,1,1,NTE,1,1,1,1,PS 147,2025-09-15 14:25:38.850,2025-09-15 14:25:38.850,20250314
235,Wong Kung Tin FWPH,Wong Kung Tin FWPH,HK17,"60097950047",1,HKI,Hong Kong & Island Region,1,FW,Fresh Water,0.00000,0.00000,0.00000,0.00000,undefined,1,undefined,undefined,1,1,1,HKI,0,1,0,1,undefined,2025-09-15 14:25:38.850,2025-09-15 14:25:38.850,20250314
255,Silver Mine Bay TW (OSCG Tx2),Silver Mine Bay WTW (OSCG Tx2),OSSM2,"82853952654",1,HKI,Hong Kong & Island Region,3,TW,Treatment Works,0.00000,0.00000,0.00000,0.00000,OSCG,1,undefined,undefined,1,1,0,"",1,1,0,1,undefined,2025-09-15 14:25:38.850,2025-09-15 14:25:38.850,20250314
66,Sha Tin Seafront SWPS,Sha Tin Seafront SWPS,NE04,"63580931012",3,NTE,N.T. East Region,7,SW,Salt Water,0.00000,0.00000,0.00000,0.00000,(Formerly 6358093101),1,undefined,STNSF/15,1,1,1,NTE,1,1,1,7,PS 120,2025-09-15 14:25:38.850,2025-09-15 14:25:38.850,20250314
108,Sau Mau Ping SWPS,Sau Mau Ping SWPS,SE03,"34967260016",2,K,Kowloon Region,7,SW,Salt Water,0.00000,0.00000,0.00000,0.00000,undefined,1,undefined,SAUMP/12,1,1,1,K,1,1,0,7,undefined,2025-09-15 14:25:38.850,2025-09-15 14:25:38.850,20250314
129,Pak Kong WTW & PS,Pak Kong WTW & PS,SE24,"60930001061",3,NTE,N.T. East Region,4,Combine,Combine TW & FW,0.92000,0.00000,0.00000,0.08000,(Formerly 6093000106),1,undefined,undefined,1,1,1,NTE,1,0,0,4,undefined,2025-09-15 14:25:38.850,2025-09-15 14:25:38.850,20250314
164,Cheung Sha Wan SWPS,Cheung Sha Wan SWPS,SW25,"82812902136",2,K,Kowloon Region,7,SW,Salt Water,0.00000,0.00000,0.00000,0.00000,undefined,1,Cheung Sha Wan SWPS,NCSW/04,1,1,1,K,1,1,1,7,PS 124,2025-09-15 14:25:38.850,2025-09-15 14:25:38.850,20250314
173,Bowen SWPS(Not in use),Bowen SWPS(Not in use),HK00F,???,1,HKI,Hong Kong & Island Region,7,SW,Salt Water,0.00000,0.00000,0.00000,0.00000,undefined,1,Bowen Drive SWPS,BWSW/56,0,1,0,HKI,0,0,0,7,undefined,2025-09-15 14:25:38.850,2025-09-15 14:25:38.850,20250314
153,Kowloon South No.2 SWPS,Kowloon South No.2 SWPS,SW14,"11530910018",2,K,Kowloon Region,7,SW,Salt Water,0.00000,0.00000,0.00000,0.00000,(Formerly 1153091001),1,undefined,NKLSS/08,1,1,1,K,1,1,0,7,undefined,2025-09-15 14:25:38.850,2025-09-15 14:25:38.850,20250314
236,Bowen Drive SWPS,Bowen Drive SWPS,HKE58,"4335135207",1,HKI,Hong Kong & Island Region,7,SW,Salt Water,0.00000,0.00000,0.00000,0.00000,undefined,1,Bowen Drive SWPS,BRSW/56,1,1,1,HKI,1,1,0,7,undefined,2025-09-15 14:25:38.850,2025-09-15 14:25:38.850,20250314
85,Sheung Tsuen FWPS,Sheung Tsuen FWPS,NW02,"76769961007",4,NTW,N.T. West Region,1,FW,Fresh Water,0.00000,0.00000,0.00000,0.00000,(Formerly 7675298505),1,undefined,undefined,1,1,1,NTW,1,1,1,1,PS 145,2025-09-15 14:25:38.850,2025-09-15 14:25:38.850,20250314
93,Tsuen Wan West UHL FWPS,Tsuen Wan West UHL FWPS,NW12,"91922641087",4,NTW,N.T. West Region,1,FW,Fresh Water,0.00000,0.00000,0.00000,0.00000,(Formerly 9192264108),1,undefined,TSWWU/15,1,1,1,NTW,1,1,1,1,PS 089,2025-09-15 14:25:38.850,2025-09-15 14:25:38.850,20250314
145,Lai Chi Kok FWPS,Lai Chi Kok FWPS,SW06,"17299020033",4,NTW,N.T. West Region,1,FW,Fresh Water,0.00000,0.00000,0.00000,0.00000,(Formerly 1729902003),1,undefined,LAICK/06,1,1,1,NTW,1,1,1,1,PS 053,2025-09-15 14:25:38.850,2025-09-15 14:25:38.850,20250314
185,San Shek Wan FWPH,San Shek Wan FWPH,NW34,"85208999068",4,NTW,N.T. West Region,1,FW,Fresh Water,0.00000,0.00000,0.00000,0.00000,undefined,1,undefined,undefined,0,1,0,NTW,0,1,0,1,undefined,2025-09-15 14:25:38.850,2025-09-15 14:25:38.850,20250314
187,Shek Lei Hang FWPH,Shek Lei Hang FWPH,NW36,"92635353052",4,NTW,N.T. West Region,1,FW,Fresh Water,0.00000,0.00000,0.00000,0.00000,undefined,1,undefined,undefined,0,1,0,NTW,0,1,0,1,undefined,2025-09-15 14:25:38.850,2025-09-15 14:25:38.850,20250314
253,Au Tau TW (OSCG Tx2),Au Tau WTW (OSCG Tx2),OSAT2,"82854111605",4,NTW,N.T. West Region,3,TW,Treatment Works,0.00000,0.00000,0.00000,0.00000,OSCG,1,undefined,undefined,1,1,0,"",1,1,0,1,undefined,2025-09-15 14:25:38.850,2025-09-15 14:25:38.850,20250314
34,Tai Tam Tuk RWPS,Tai Tam Tuk RWPS,HKE23,"4001350300",1,HKI,Hong Kong & Island Region,2,RW,Raw Water,0.00000,0.00000,0.00000,0.00000,undefined,1,undefined,TTTRW/34,1,1,1,HKI,1,1,1,2,PS 003,2025-09-15 14:25:38.850,2025-09-15 14:25:38.850,20250314
44,Mount Parker Road FWPS (Acc. No. 1),Mount Parker Road FWPS (Acc. No. 1),HKE33,"1848410009",1,HKI,Hong Kong & Island Region,1,FW,Fresh Water,0.00000,0.00000,0.00000,0.00000,undefined,1,undefined,MPFW/17,1,1,1,HKI,1,1,0,1,undefined,2025-09-15 14:25:38.850,2025-09-15 14:25:38.850,20250314
254,Silver Mine Bay TW (OSCG Tx1),Silver Mine Bay WTW (OSCG Tx1),OSSM1,"82852890209",1,HKI,Hong Kong & Island Region,3,TW,Treatment Works,0.00000,0.00000,0.00000,0.00000,OSCG,1,undefined,undefined,1,1,0,"",1,1,0,1,undefined,2025-09-15 14:25:38.850,2025-09-15 14:25:38.850,20250314
263,Siu Ho Wan TW (OSCG Tx2),Siu Ho Wan WTW (OSCG Tx2),OSSH2,"82852146579",1,HKI,Hong Kong & Island Region,3,TW,Treatment Works,0.00000,0.00000,0.00000,0.00000,OSCG,1,undefined,undefined,1,1,0,"",1,1,0,1,undefined,2025-09-15 14:25:38.850,2025-09-15 14:25:38.850,20250314
155,Beacon Hill FWPS,Beacon Hill FWPS,SW16,"34940305085",2,K,Kowloon Region,1,FW,Fresh Water,0.00000,0.00000,0.00000,0.00000,(Formerly 3494030508),1,Beacon Hill FWPS,BECHF/01,1,1,1,K,1,1,0,1,PS 034,2025-09-15 14:25:38.850,2025-09-15 14:25:38.850,20250314
159,Tai Po Road WTW,Tai Po Road WTW,SW20,"14285706089",2,K,Kowloon Region,3,TW,Treatment Works,0.00000,0.00000,0.00000,0.00000,undefined,1,undefined,undefined,1,1,0,K,0,0,0,3,undefined,2025-09-15 14:25:38.850,2025-09-15 14:25:38.850,20250314
241,Eastern WTW (Ceased operation),No plan to be decommissioned.,HK00H,???,1,HKI,Hong Kong & Island Region,3,TW,Treatment Works,0.00000,0.00000,0.00000,0.00000,Account No. share with Eastern FWPS,1,undefined,undefined,1,1,1,HKI,1,1,0,3,undefined,2025-09-15 14:25:38.850,2025-09-15 14:25:38.850,20250314
18,Eastern FWPS,Eastern FWPS,HKE07,"4009050004",1,HKI,Hong Kong & Island Region,4,Combine,Combine TW & FW,0.95000,0.00000,0.00000,0.05000,undefined,1,undefined,E1FW/10,1,1,1,HKI,1,1,1,1,PS 007,2025-09-15 14:25:38.850,2025-09-15 14:25:38.850,20250314
31,Siu Sai Wan SWPS,Siu Sai Wan SWPS,HKE20,"4002000310",1,HKI,Hong Kong & Island Region,7,SW,Salt Water,0.00000,0.00000,0.00000,0.00000,undefined,1,undefined,SSWSW/30,1,1,1,HKI,1,1,1,7,PS 127,2025-09-15 14:25:38.850,2025-09-15 14:25:38.850,20250314
67,Tai Po SWPS,Tai Po SWPS,NE05,"69043022011",3,NTE,N.T. East Region,7,SW,Salt Water,0.00000,0.00000,0.00000,0.00000,(Formerly 6904302201),1,undefined,TPOSW/19,1,1,1,NTE,1,1,1,7,PS 130,2025-09-15 14:25:38.850,2025-09-15 14:25:38.850,20250314
14,Brick Hill SWPS,Brick Hill SWPS,HKE03,"4010505010",1,HKI,Hong Kong & Island Region,7,SW,Salt Water,0.00000,0.00000,0.00000,0.00000,undefined,1,Brick Hill SWPS,BHSW/07,1,1,1,HKI,1,1,1,7,PS 036,2025-09-15 14:25:38.850,2025-09-15 14:25:38.850,20250314
59,Sheung Wan SWPS,Sheung Wan SWPS,HKE50,"4007822201",1,HKI,Hong Kong & Island Region,7,SW,Salt Water,0.00000,0.00000,0.00000,0.00000,(Formerly 0616312000),1,undefined,SWSW/29,1,1,1,HKI,1,1,1,7,PS 153,2025-09-15 14:25:38.850,2025-09-15 14:25:38.850,20250314
125,Tseung Kwan O SW Booster PS,Tseung Kwan O SW Booster PS,SE20,"03704668058",3,NTE,N.T. East Region,7,SW,Salt Water,0.00000,0.00000,0.00000,0.00000,undefined,1,undefined,TKOSW/24,1,1,1,NTE,1,1,1,7,PS 136,2025-09-15 14:25:38.850,2025-09-15 14:25:38.850,20250314
163,Pipers Hill UHL FW & SW PS,Piper's Hill UHL FW & SWPS,SW24,"82805678568",2,K,Kowloon Region,4,Combine,Combine TW & FW,0.50000,0.50000,0.00000,0.00000,undefined,1,Piper's Hill UHL FW & SW PS,undefined,1,1,1,K,1,1,1,9,PS 113,2025-09-15 14:25:38.850,2025-09-15 14:25:38.850,20250314
172,Wah Fu SWPS,Wah Fu SWPS,HKE57,"4340582106",1,HKI,Hong Kong & Island Region,7,SW,Salt Water,0.00000,0.00000,0.00000,0.00000,undefined,1,undefined,WFSW/54,0,1,1,HKI,1,1,0,7,undefined,2025-09-15 14:25:38.850,2025-09-15 14:25:38.850,20250314
140,Beacon Hill SWPS,Beacon Hill SWPS,SW01,"34943210041",2,K,Kowloon Region,7,SW,Salt Water,0.00000,0.00000,0.00000,0.00000,(Formerly 3494321004),1,Beacon Hill SWPS,BECHS/02,1,1,1,K,1,1,0,7,PS 035,2025-09-15 14:25:38.850,2025-09-15 14:25:38.850,20250314
146,Lai Chi Kok SWPS,Lai Chi Kok SWPS,SW07,"92860080079",4,NTW,N.T. West Region,7,SW,Salt Water,0.00000,0.00000,0.00000,0.00000,(Formerly 9286008007),1,undefined,LOKSW/07,1,1,1,NTW,1,1,1,7,PS 064,2025-09-15 14:25:38.850,2025-09-15 14:25:38.850,20250314
160,Tai Wo Tsuen SWPS,Tai Wo Tsuen SWPS,SW21,"92910007071",4,NTW,N.T. West Region,7,SW,Salt Water,0.00000,0.00000,0.00000,0.00000,undefined,1,undefined,TAWTS/08,1,1,1,NTW,1,1,1,7,PS 073,2025-09-15 14:25:38.850,2025-09-15 14:25:38.850,20250314
86,Sham Tseng RWPS,Sham Tseng RWPS,NW03,"92511659091",4,NTW,N.T. West Region,2,RW,Raw Water,0.00000,0.00000,0.00000,0.00000,(Formerly 9251165909),1,undefined,undefined,1,1,1,NTW,1,1,1,2,PS 121,2025-09-15 14:25:38.850,2025-09-15 14:25:38.850,20250314
98,Tai Lam Chung No. 2 Chlorination Station,Tai Lam Chung No. 2 Chlorination Station,NW17,"85016986000",4,NTW,N.T. West Region,3,TW,Treatment Works,0.00000,0.00000,0.00000,0.00000,undefined,1,undefined,undefined,1,1,1,NTW,1,1,0,3,undefined,2025-09-15 14:25:38.850,2025-09-15 14:25:38.850,20250314
143,Kau Wa Keng FWPS,Kau Wa Keng FWPS,SW04,"17262231101",4,NTW,N.T. West Region,1,FW,Fresh Water,0.00000,0.00000,0.00000,0.00000,undefined,1,undefined,KAUWK/04,1,1,1,NTW,1,1,1,1,PS 010,2025-09-15 14:25:38.850,2025-09-15 14:25:38.850,20250314
186,Sham Tseng FWPH,Sham Tseng FWPH,NW35,"92511734100",4,NTW,N.T. West Region,1,FW,Fresh Water,0.00000,0.00000,0.00000,0.00000,undefined,1,undefined,undefined,0,1,0,NTW,0,1,0,1,undefined,2025-09-15 14:25:38.850,2025-09-15 14:25:38.850,20250314
191,Tsuen Wan West UHL FWPH,Tsuen Wan West UHL FWPH,NW39,"91918024084",4,NTW,N.T. West Region,1,FW,Fresh Water,0.00000,0.00000,0.00000,0.00000,undefined,1,undefined,undefined,0,1,0,NTW,0,1,0,1,undefined,2025-09-15 14:25:38.850,2025-09-15 14:25:38.850,20250314
4,Pui O No.2 RWPS,Pui O No.2 RWPS,HK04,"60110755016",1,HKI,Hong Kong & Island Region,2,RW,Raw Water,0.00000,0.00000,0.00000,0.00000,(Formerly 6011400502),1,Pui O No.2 RWPS,POBRW/42,1,1,1,HKI,1,1,1,2,PS 134,2025-09-15 14:25:38.850,2025-09-15 14:25:38.850,20250314
52,So Kon Po FWPS,So Kon Po FWPS,HKE42,"0938149200",1,HKI,Hong Kong & Island Region,1,FW,Fresh Water,0.00000,0.00000,0.00000,0.00000,(Formerly 4004800006),1,undefined,SKP1FW/31,1,1,1,HKI,1,1,1,1,PS 071,2025-09-15 14:25:38.850,2025-09-15 14:25:38.850,20250314
148,Shek Lei Pui WTW (Ceased operation),Ceased operation on 16/10/2012,SW09,"14285705103",2,K,Kowloon Region,3,TW,Treatment Works,0.00000,0.00000,0.00000,0.00000,(Formerly 1428570510),1,undefined,undefined,1,1,0,K,1,0,0,3,undefined,2025-09-15 14:25:38.850,2025-09-15 14:25:38.850,20250314
169,Shui Hau FWPH,Shui Hau FWPH,HK16,"60253356028",1,HKI,Hong Kong & Island Region,1,FW,Fresh Water,0.00000,0.00000,0.00000,0.00000,undefined,1,Shui Hau FWPH,SHFW/43,0,1,1,HKI,1,1,0,1,undefined,2025-09-15 14:25:38.850,2025-09-15 14:25:38.850,20250314
214,Sha Tin West FWPH,Sha Tin West FWPH,NE34,"62966964035",3,NTE,N.T. East Region,1,FW,Fresh Water,0.00000,0.00000,0.00000,0.00000,undefined,1,undefined,undefined,0,1,0,NTE,0,1,0,1,undefined,2025-09-15 14:25:38.850,2025-09-15 14:25:38.850,20250314
261,Ma On Shan TW (OSCG Tx2),Ma On Shan WTW (OSCG Tx2),OSMO2,"82854202320",3,NTE,N.T. East Region,3,TW,Treatment Works,0.00000,0.00000,0.00000,0.00000,OSCG,1,undefined,undefined,1,1,0,"",1,1,0,1,undefined,2025-09-15 14:25:38.850,2025-09-15 14:25:38.850,20250314
265,Sheung Shui TW (OSCG Tx2),Sheung Shui WTW (OSCG Tx2),OSSS2,"82855463933",3,NTE,N.T. East Region,3,TW,Treatment Works,0.00000,0.00000,0.00000,0.00000,OSCG,1,undefined,undefined,1,1,0,"",1,1,0,1,undefined,2025-09-15 14:25:38.850,2025-09-15 14:25:38.850,20250314
51,Shau Kei Wan FW & SWPS,Shau Kei Wan FW & SWPS,HKE41,"4002510004",1,HKI,Hong Kong & Island Region,4,Combine,Combine TW & FW,0.30000,0.70000,0.00000,0.00000,(Formerly 1215582009),1,undefined,SKWF&SW/28,1,1,1,HKI,1,1,1,9,PS 115,2025-09-15 14:25:38.850,2025-09-15 14:25:38.850,20250314
53,Tong Shui Road FWPS,Tong Shui Road FWPS,HKE43,"1462360104",1,HKI,Hong Kong & Island Region,1,FW,Fresh Water,0.00000,0.00000,0.00000,0.00000,(Formerly 1462360006),1,undefined,TSRFW/36,1,1,1,HKI,1,1,1,1,PS 052,2025-09-15 14:25:38.850,2025-09-15 14:25:38.850,20250314
54,Wong Chuk Hang FWPS,Wong Chuk Hang FWPS,HKE45,"1619976107",1,HKI,Hong Kong & Island Region,1,FW,Fresh Water,0.00000,0.00000,0.00000,0.00000,(Formerly 1619976009),1,undefined,WCHFW/39,1,1,1,HKI,1,1,1,1,PS 080,2025-09-15 14:25:38.850,2025-09-15 14:25:38.850,20250314
78,Tai Po Tau RWPSs,Tai Po Tau RWPSs,NE16,"99928925102",3,NTE,N.T. East Region,2,RW,Raw Water,0.00000,0.00000,0.00000,0.00000,(Formerly 9992892510),1,undefined,TAPT/20,1,1,1,NTE,1,1,1,2,PS 019,2025-09-15 14:25:38.850,2025-09-15 14:25:38.850,20250314
115,Kei Ling Ha Lowland RWPS,Kei Ling Ha Lowland RWPS,SE10,"61010998072",3,NTE,N.T. East Region,2,RW,Raw Water,0.00000,0.00000,0.00000,0.00000,undefined,1,undefined,KEILH/07,1,1,1,NTE,1,1,0,2,undefined,2025-09-15 14:25:38.850,2025-09-15 14:25:38.850,20250314
116,Long Keng Lowland RWPS,Long Keng Lowland RWPS,SE11,"60905320055",3,NTE,N.T. East Region,2,RW,Raw Water,0.00000,0.00000,0.00000,0.00000,undefined,1,undefined,LONGK/08,1,1,1,NTE,1,1,0,2,undefined,2025-09-15 14:25:38.850,2025-09-15 14:25:38.850,20250314
156,Ching Cheung Rd Temp FWPS,Ching Cheung Rd Temp FWPS,SW17,"14285030064",2,K,Kowloon Region,1,FW,Fresh Water,0.00000,0.00000,0.00000,0.00000,undefined,1,Ching Cheung Road Temp FWPS,CHICR/05,0,1,1,K,1,1,0,1,undefined,2025-09-15 14:25:38.850,2025-09-15 14:25:38.850,20250314
195,Sha Tin Pass FWPH,Sha Tin Pass FWPH,SE37,"97162736222",2,K,Kowloon Region,1,FW,Fresh Water,0.00000,0.00000,0.00000,0.00000,undefined,1,undefined,undefined,0,1,0,K,0,1,1,1,PH 042,2025-09-15 14:25:38.850,2025-09-15 14:25:38.850,20250314
205,Kei Pik Shan FWPH,Kei Pik Shan FWPH,NE24,"60918533001",3,NTE,N.T. East Region,1,FW,Fresh Water,0.00000,0.00000,0.00000,0.00000,undefined,1,undefined,undefined,0,1,0,NTE,0,1,1,1,PH 037,2025-09-15 14:25:38.850,2025-09-15 14:25:38.850,20250314
218,To Shek FWPS,To Shek FWPS,NE00U,"82814653763",3,NTE,N.T. East Region,1,FW,Fresh Water,0.00000,0.00000,0.00000,0.00000,undefined,1,undefined,undefined,0,1,1,NTE,1,1,1,1,PS 155,2025-09-15 14:25:38.850,2025-09-15 14:25:38.850,20250314
264,Sheung Shui TW (OSCG Tx1),Sheung Shui WTW (OSCG Tx1),OSSS1,"82855462146",3,NTE,N.T. East Region,3,TW,Treatment Works,0.00000,0.00000,0.00000,0.00000,OSCG,1,undefined,undefined,1,1,0,"",1,1,0,1,undefined,2025-09-15 14:25:38.850,2025-09-15 14:25:38.850,20250314
12,Ap Lei Chau SWPS,Ap Lei Chau SWPS,HKE01,"4010091605",1,HKI,Hong Kong & Island Region,7,SW,Salt Water,0.00000,0.00000,0.00000,0.00000,undefined,1,Ap Lei Chau SWPS,ALCSW/02,1,1,1,HKI,1,1,1,7,PS 105,2025-09-15 14:25:38.850,2025-09-15 14:25:38.850,20250314
28,Sai Wan Ho SWPS,Sai Wan Ho SWPS,HKE17,"4002538101",1,HKI,Hong Kong & Island Region,7,SW,Salt Water,0.00000,0.00000,0.00000,0.00000,undefined,1,undefined,SWHSW/24,1,1,1,HKI,1,1,1,7,PS 114,2025-09-15 14:25:38.850,2025-09-15 14:25:38.850,20250314
36,Wan Chai SWPS (Land returned),Land returned to relevant authorities.,HKE25,"4005175006",1,HKI,Hong Kong & Island Region,7,SW,Salt Water,0.00000,0.00000,0.00000,0.00000,Land has been handled over to CEDD on 14,1,undefined,WCSW/37,1,1,1,HKI,1,1,0,7,undefined,2025-09-15 14:25:38.850,2025-09-15 14:25:38.850,20250314
106,Cha Kwo Ling SWPS,Cha Kwo Ling SWPS,SE01,"29170077028",2,K,Kowloon Region,7,SW,Salt Water,0.00000,0.00000,0.00000,0.00000,undefined,1,Cha Kwo Ling SWPS,CHAWL/03,1,1,1,K,1,1,1,7,PS 098,2025-09-15 14:25:38.850,2025-09-15 14:25:38.850,20250314
40,Chai Wan SWPS (decommissioned),Building not yet demolished.,HKE29,"1770181009",1,HKI,Hong Kong & Island Region,7,SW,Salt Water,0.00000,0.00000,0.00000,0.00000,Formally decommissioned on 9.5.1997.,1,undefined,CWSW/51,1,1,1,HKI,1,1,0,7,undefined,2025-09-15 14:25:38.850,2025-09-15 14:25:38.850,20250314
149,Tai Wan SWPS,Tai Wan SWPS,SW10,"18500997020",2,K,Kowloon Region,7,SW,Salt Water,0.00000,0.00000,0.00000,0.00000,(Formerly 1850099702),1,undefined,TAIWN/16,1,1,1,K,1,1,1,7,PS 045,2025-09-15 14:25:38.850,2025-09-15 14:25:38.850,20250314
166,Sunny Bay SWPS,Sunny Bay SWPS,HK12,"82812560186",1,HKI,Hong Kong & Island Region,7,SW,Salt Water,0.00000,0.00000,0.00000,0.00000,undefined,1,undefined,SBSW/52,1,1,1,HKI,1,1,1,7,PS 161,2025-09-15 14:25:38.850,2025-09-15 14:25:38.850,20250314
112,Tseung Kwan O SWPS,Tseung Kwan O SWPS,SE07,"94637943501",3,NTE,N.T. East Region,7,SW,Salt Water,0.00000,0.00000,0.00000,0.00000,undefined,1,undefined,TKOSW/25,1,1,1,NTE,1,1,1,7,PS 135,2025-09-15 14:25:38.850,2025-09-15 14:25:38.850,20250314
96,Tuen Mun WTW & PS,Tuen Mun WTW & PS,NW15,"85550020047",4,NTW,N.T. West Region,4,Combine,Combine TW & FW,0.91000,0.00000,0.00000,0.09000,(Formerly 8555002004),1,undefined,TUEMN/17,1,1,1,NTW,1,0,0,4,undefined,2025-09-15 14:25:38.850,2025-09-15 14:25:38.850,20250314
177,Chuen Lung FWPH,Chuen Lung FWPH,NW26,"91926191047",4,NTW,N.T. West Region,1,FW,Fresh Water,0.00000,0.00000,0.00000,0.00000,undefined,1,Chuen Lung FWPH,undefined,0,1,0,NTW,0,1,0,1,undefined,2025-09-15 14:25:38.850,2025-09-15 14:25:38.850,20250314
19,Garden Road FWPS,Garden Road FWPS,HKE08,"4006035006",1,HKI,Hong Kong & Island Region,1,FW,Fresh Water,0.00000,0.00000,0.00000,0.00000,undefined,1,undefined,GRFW/12,1,1,1,HKI,1,1,1,1,PS 009,2025-09-15 14:25:38.850,2025-09-15 14:25:38.850,20250314
30,Sandy Bay FWPS,Sandy Bay FWPS,HKE19,"4009600308",1,HKI,Hong Kong & Island Region,1,FW,Fresh Water,0.00000,0.00000,0.00000,0.00000,(Formerly 4009600003),1,undefined,SBFW/26,1,1,1,HKI,1,1,1,1,PS 029,2025-09-15 14:25:38.850,2025-09-15 14:25:38.850,20250314
56,North Point FWPS,North Point FWPS,HKE47,"4003665506",1,HKI,Hong Kong & Island Region,1,FW,Fresh Water,0.00000,0.00000,0.00000,0.00000,(Formerly 1812130406),1,undefined,NPFW/19,1,1,1,HKI,1,1,1,1,PS 013,2025-09-15 14:25:38.850,2025-09-15 14:25:38.850,20250314
81,Lin Ma Hang FWPH,Lin Ma Hang FWPH,NE19,"75830854104",3,NTE,N.T. East Region,1,FW,Fresh Water,0.00000,0.00000,0.00000,0.00000,undefined,1,undefined,undefined,0,1,0,NTE,0,1,0,1,undefined,2025-09-15 14:25:38.850,2025-09-15 14:25:38.850,20250314
122,Tai Shui Hang Lowland RWPS,Tai Shui Hang Lowland RWPS,SE17,"64926455100",3,NTE,N.T. East Region,2,RW,Raw Water,0.00000,0.00000,0.00000,0.00000,undefined,1,undefined,TAISH/21,1,1,1,NTE,1,1,0,2,undefined,2025-09-15 14:25:38.850,2025-09-15 14:25:38.850,20250314
228,Ting Kok FWPH,Ting Kok FWPH,NE35,"69602347045",3,NTE,N.T. East Region,1,FW,Fresh Water,0.00000,0.00000,0.00000,0.00000,undefined,1,undefined,undefined,0,1,0,NTE,0,1,0,1,undefined,2025-09-15 14:25:38.850,2025-09-15 14:25:38.850,20250314
82,Tai Po WTW & PS,Tai Po WTW & PS,NE20,"51458042116",3,NTE,N.T. East Region,4,Combine,Combine TW & FW,0.33000,0.00000,0.00000,0.67000,undefined,1,undefined,undefined,1,1,1,NTE,1,0,0,4,undefined,2025-09-15 14:25:38.850,2025-09-15 14:25:38.850,20250314
136,Shum Wan Shan SWPS,Shum Wan Shan SWPS,SE31,"82811463429",2,K,Kowloon Region,7,SW,Salt Water,0.00000,0.00000,0.00000,0.00000,undefined,1,undefined,SHUSW/14,1,1,1,K,1,1,1,7,PS 160,2025-09-15 14:25:38.850,2025-09-15 14:25:38.850,20250314
144,Kings Park SWPS,King's Park SWPS,SW05,"20250007015",2,K,Kowloon Region,7,SW,Salt Water,0.00000,0.00000,0.00000,0.00000,(Formerly 2025000701),1,undefined,KPKSW/07,1,1,1,K,1,1,1,7,PS 110,2025-09-15 14:25:38.850,2025-09-15 14:25:38.850,20250314
231,Wan Chai No.2 SWPS,Wan Chai No.2 SWPS,HKE59,"4349131308",1,HKI,Hong Kong & Island Region,7,SW,Salt Water,0.00000,0.00000,0.00000,0.00000,undefined,1,undefined,WC2SW/55,1,1,0,HKI,1,1,1,7,PS 158,2025-09-15 14:25:38.850,2025-09-15 14:25:38.850,20250314
