[{"processDefinition":{"id":20444,"code":19714042627234,"name":"dim_wtw_etl_water_quality_day","version":5,"releaseState":"ONLINE","projectCode":18796782717216,"description":"Clean and load water quality data in the dim layer","globalParams":"[]","globalParamList":[],"globalParamMap":{},"createTime":"2025-11-18 14:12:38","updateTime":"2025-12-17 11:47:17","flag":"YES","userId":2,"userName":null,"projectName":null,"locations":"[{\"taskCode\":19714467496608,\"x\":578.03125,\"y\":180},{\"taskCode\":19714042627232,\"x\":300,\"y\":180}]","scheduleReleaseState":null,"timeout":0,"tenantId":-1,"tenantCode":null,"modifyBy":null,"warningGroupId":0,"executionType":"PARALLEL"},"processTaskRelationList":[{"id":25098,"name":"","processDefinitionVersion":5,"projectCode":18796782717216,"processDefinitionCode":19714042627234,"preTaskCode":0,"preTaskVersion":0,"postTaskCode":19714042627232,"postTaskVersion":4,"conditionType":"NONE","conditionParams":{},"createTime":"2025-12-17 11:47:17","updateTime":"2025-12-17 11:47:17","operator":2,"operateTime":"2025-12-17 11:47:17"},{"id":25099,"name":"","processDefinitionVersion":5,"projectCode":18796782717216,"processDefinitionCode":19714042627234,"preTaskCode":19714042627232,"preTaskVersion":4,"postTaskCode":19714467496608,"postTaskVersion":1,"conditionType":"NONE","conditionParams":{},"createTime":"2025-12-17 11:47:17","updateTime":"2025-12-17 11:47:17","operator":2,"operateTime":"2025-12-17 11:47:17"}],"taskDefinitionList":[{"id":21614,"code":19714467496608,"name":"dim_to_dws","version":1,"description":"","projectCode":18796782717216,"userId":2,"taskType":"SUB_PROCESS","taskParams":{"localParams":[],"resourceList":[],"processDefinitionCode":19714074897570},"taskParamList":[],"taskParamMap":null,"flag":"YES","taskPriority":"MEDIUM","userName":null,"projectName":null,"workerGroup":"default","environmentCode":17270889904672,"failRetryTimes":0,"failRetryInterval":1,"timeoutFlag":"CLOSE","timeoutNotifyStrategy":null,"timeout":0,"delayTime":0,"resourceIds":"","createTime":"2025-11-18 15:08:32","updateTime":"2025-11-18 15:08:32","modifyBy":null,"taskGroupId":0,"taskGroupPriority":0,"cpuQuota":-1,"memoryMax":-1,"taskExecuteType":"BATCH","operator":2,"operateTime":"2025-11-18 15:08:32"},{"id":22040,"code":19714042627232,"name":"dim_wtw_etl_water_quality_day_sql_dim_wtw_water_quality_paramaters_all","version":4,"description":"","projectCode":18796782717216,"userId":2,"taskType":"SQL","taskParams":{"localParams":[],"resourceList":[],"type":"POSTGRESQL","datasource":4,"sql":"-- ****************************************************************************************\r\n-- subject     areas: Water Treatment Works\r\n-- function describe: Water Treatment Works Water Quality\r\n-- create         by: dongmaochen\r\n-- create       date: 2025-11-17\r\n-- modify date                modify by                    modify content\r\n-- None                       None                         None\r\n-- source table\r\n-- coss_ods.ods_labconnect_wtw_wqmm_config_df\r\n-- coss_ods.ods_labconnect_wtw_wqmm_parameter_limit_df\r\n-- coss_ods.ods_labconnect_wtw_wqmm_location_df\r\n-- target table\r\n-- coss_dim.dim_wtw_water_quality_paramaters\r\n-- ****************************************************************************************\r\ninsert into coss_dim.dim_wtw_water_quality_parameters\r\nselect\r\n    t.config_id,                              -- ID Of Each Parameter Set\r\n    t.wtw_id,                                 -- ID Of The Corresponding WTW\r\n    case\r\n        when wtw_id = 1 then 'TW025'\r\n        when wtw_id = 2 then 'TW009'\r\n        when wtw_id = 3 then 'TW015'\r\n        when wtw_id = 4 then 'TW019'\r\n        when wtw_id = 5 then 'TW011'\r\n        else '10000'\r\n    end as i_code,                            -- Installations Code\r\n    t.config_type,                            -- Configuration Type 0: Parameters For Water Quality Monitoring; 1: Parameters For Online Analyzer Verification; 2: Sampling Frequency\r\n    t.effective_date,                         -- Datetime When The Record Is Created\r\n    t.verification_interval_hr,               -- This Field Only Has Meaning If Config_Type = 2.The Interval (Hrs) In Which The Online Analyzer Verification Test Is Performed. If This Field Is Empty, No Online Analyzer Verification Test Is Required For The Specific WTW.\r\n    t.jar_test_interval_hr,                   -- This Field Only Has Meaning If Config_Type = 2.The Interval (Hrs) In Which The Jar Test Is Performed. If This Field Is Empty, No Jar Test Is Required For The Specific WTW.\r\n    t.jar_measure_type,                       -- (If Config_Type <> 2, Use Default Value 0) 0: The Jar Test Measurement Is \"絮凝大小\"; 1: The Jar Test Measurement Is \"沉澱速度\"\r\n    t.require_to_test,                        -- (If Config_Type <> 2, Use Default Value False)True: Perform Taste & Odour Test;False: No Need To Perform Taste & Odour Test\r\n    t1.parameter_limit_id,                    -- ID Of Each Item In The Parameters\r\n    t1.loc_id,                                -- ID Of The Corresponding Sampling Location\r\n    t1.target_type,                           -- Target Type: 0: Operational Target; 1: Critical Limit\r\n    t1.ph_compare,                            -- Define Whether pH Value Is Acceptable Or Not\r\n    t1.ph_min_value,                          -- Define Whether pH Value Is Acceptable Or Not\r\n    t1.ph_min_val_dp,                         -- No. Of Decimal Places For Min Value,-1: If The Value Is Null\r\n    t1.ph_max_value,                          -- Define Whether pH Value Is Acceptable Or Not\r\n    t1.ph_max_val_dp,                         -- No. Of Decimal Places For Max Value,-1: If The Value Is Null\r\n    t1.turb_compare,                          -- Define Whether Turbidity Value Is Acceptable Or Not\r\n    t1.turb_min_value,                        -- Define Whether Turbidity Value Is Acceptable Or Not\r\n    t1.turb_min_val_dp,                       -- No. Of Decimal Places For Min Value,-1: If The Value Is Null\r\n    t1.turb_max_value,                        -- Define Whether Turbidity Value Is Acceptable Or Not\r\n    t1.turb_max_val_dp,                       -- No. Of Decimal Places For Max Value,-1: If The Value Is Null\r\n    t1.rcl2_compare,                          -- Define Whether Residual Chlorine Is Acceptable Or Not\r\n    t1.rcl2_min_value,                        -- Define Whether Residual Chlorine Is Acceptable Or Not\r\n    t1.rcl2_min_val_dp,                       -- No. Of Decimal Places For Min Value,-1: If The Value Is Null\r\n    t1.rcl2_max_value,                        -- Define Whether Residual Chlorine Is Acceptable Or Not\r\n    t1.rcl2_max_val_dp,                       -- No. Of Decimal Places For Max Value,-1: If The Value Is Null\r\n    t1.uv_compare,                            -- Define Whether UV Light Is Acceptable Or Not\r\n    t1.uv_min_value,                          -- Define Whether UV Light Is Acceptable Or Not\r\n    t1.uv_min_val_dp,                         -- No. Of Decimal Places For Min Value,-1: If The Value Is Null\r\n    t1.uv_max_value,                          -- Define Whether UV Light Is Acceptable Or Not\r\n    t1.uv_max_val_dp,                         -- No. Of Decimal Places For Max Value,-1: If The Value Is Null\r\n    t1.fluoride_compare,                      -- Define Whether Fluoride Is Acceptable Or Not\r\n    t1.fluoride_min_value,                    -- Define Whether Fluoride Is Acceptable Or Not\r\n    t1.fluoride_min_val_dp,                   -- No. Of Decimal Places For Min Value,-1: If The Value Is Null\r\n    t1.fluoride_max_value,                    -- Define Whether Fluoride Is Acceptable Or Not\r\n    t1.fluoride_max_val_dp,                   -- No. Of Decimal Places For Max Value,-1: If The Value Is Null\r\n    t1.mn_compare,                            -- Define Whether Manganese Is Acceptable Or Not\r\n    t1.mn_min_value,                          -- Define Whether Manganese Is Acceptable Or Not\r\n    t1.mn_min_val_dp,                         -- No. Of Decimal Places For Min Value,-1: If The Value Is Null\r\n    t1.mn_max_value,                          -- Define Whether Manganese Is Acceptable Or Not\r\n    t1.mn_max_val_dp,                         -- No. Of Decimal Places For Max Value,-1: If The Value Is Null\r\n    t1.nh3_compare,                           -- Define Whether Ammonia Is Acceptable Or Not\r\n    t1.nh3_min_value,                         -- Define Whether Ammonia Is Acceptable Or Not\r\n    t1.nh3_min_val_dp,                        -- No. Of Decimal Places For Min Value,-1: If The Value Is Null\r\n    t1.nh3_max_value,                         -- Define Whether Ammonia Is Acceptable Or Not\r\n    t1.nh3_max_val_dp,                        -- No. Of Decimal Places For Max Value,-1: If The Value Is Null\r\n    t2.loc_full_name,                         -- Location Full Name (Including Suffices). This Field Can Also Be Used For Translation In UI And Labeling In Reports.\r\n    t2.loc_name,                              -- Name Of The Location\r\n    t2.loc_suffix,                            -- Suffix Of The Location\r\n    t2.loc_name_chi,                          -- Name Of The Location In Chinese (For Reporting)\r\n    current_timestamp as dim_update_time,\r\n    current_timestamp as dim_load_time\r\nfrom\r\n    coss_ods.ods_labconnect_wtw_wqmm_config_df t\r\n    inner join coss_ods.ods_labconnect_wtw_wqmm_parameter_limit_df t1 \r\n        on t.config_id = t1.config_id\r\n    inner join coss_ods.ods_labconnect_wtw_wqmm_location_df t2 \r\n        on t1.loc_id = t2.loc_id\r\non duplicate key update\r\n    config_id = values(config_id),\r\n    wtw_id = values(wtw_id),\r\n    i_code = values(i_code),\r\n    config_type = values(config_type),\r\n    created_date = values(created_date),\r\n    verification_interval_hr = values(verification_interval_hr),\r\n    jar_test_interval_hr = values(jar_test_interval_hr),\r\n    jar_measure_type = values(jar_measure_type),\r\n    require_to_test = values(require_to_test),\r\n    loc_id = values(loc_id),\r\n    target_type = values(target_type),\r\n    ph_compare = values(ph_compare),\r\n    ph_min_value = values(ph_min_value),\r\n    ph_min_val_dp = values(ph_min_val_dp),\r\n    ph_max_value = values(ph_max_value),\r\n    ph_max_val_dp = values(ph_max_val_dp),\r\n    turb_compare = values(turb_compare),\r\n    turb_min_value = values(turb_min_value),\r\n    turb_min_val_dp = values(turb_min_val_dp),\r\n    turb_max_value = values(turb_max_value),\r\n    turb_max_val_dp = values(turb_max_val_dp),\r\n    rcl2_compare = values(rcl2_compare),\r\n    rcl2_min_value = values(rcl2_min_value),\r\n    rcl2_min_val_dp = values(rcl2_min_val_dp),\r\n    rcl2_max_value = values(rcl2_max_value),\r\n    rcl2_max_val_dp = values(rcl2_max_val_dp),\r\n    uv_compare = values(uv_compare),\r\n    uv_min_value = values(uv_min_value),\r\n    uv_min_val_dp = values(uv_min_val_dp),\r\n    uv_max_value = values(uv_max_value),\r\n    uv_max_val_dp = values(uv_max_val_dp),\r\n    fluoride_compare = values(fluoride_compare),\r\n    fluoride_min_value = values(fluoride_min_value),\r\n    fluoride_min_val_dp = values(fluoride_min_val_dp),\r\n    fluoride_max_value = values(fluoride_max_value),\r\n    fluoride_max_val_dp = values(fluoride_max_val_dp),\r\n    mn_compare = values(mn_compare),\r\n    mn_min_value = values(mn_min_value),\r\n    mn_min_val_dp = values(mn_min_val_dp),\r\n    mn_max_value = values(mn_max_value),\r\n    mn_max_val_dp = values(mn_max_val_dp),\r\n    nh3_compare = values(nh3_compare),\r\n    nh3_min_value = values(nh3_min_value),\r\n    nh3_min_val_dp = values(nh3_min_val_dp),\r\n    nh3_max_value = values(nh3_max_value),\r\n    nh3_max_val_dp = values(nh3_max_val_dp),\r\n    loc_full_name = values(loc_full_name),\r\n    loc_name = values(loc_name),\r\n    loc_suffix = values(loc_suffix),\r\n    loc_name_chi = values(loc_name_chi),\r\n    dim_update_time = values(dim_update_time)","sqlType":"1","preStatements":[],"postStatements":[],"segmentSeparator":";","displayRows":10},"taskParamList":[],"taskParamMap":null,"flag":"YES","taskPriority":"MEDIUM","userName":null,"projectName":null,"workerGroup":"default","environmentCode":17270889904672,"failRetryTimes":0,"failRetryInterval":1,"timeoutFlag":"CLOSE","timeoutNotifyStrategy":null,"timeout":0,"delayTime":0,"resourceIds":"","createTime":"2025-11-18 14:12:38","updateTime":"2025-12-17 11:47:17","modifyBy":null,"taskGroupId":0,"taskGroupPriority":0,"cpuQuota":-1,"memoryMax":-1,"taskExecuteType":"BATCH","operator":2,"operateTime":"2025-12-17 11:47:17"}],"schedule":null}]