[{"processDefinition":{"id":20446,"code":19714074897570,"name":"dws_wtw_etl_water_quality_day","version":6,"releaseState":"ONLINE","projectCode":18796782717216,"description":"Clean and load water quality data in the dws layer","globalParams":"[]","globalParamList":[],"globalParamMap":{},"createTime":"2025-11-18 14:16:50","updateTime":"2025-12-17 13:35:27","flag":"YES","userId":2,"userName":null,"projectName":null,"locations":"[{\"taskCode\":19714076736800,\"x\":27.96875,\"y\":130},{\"taskCode\":19714074897568,\"x\":353,\"y\":130},{\"taskCode\":20034468693280,\"x\":653.03125,\"y\":130}]","scheduleReleaseState":null,"timeout":0,"tenantId":-1,"tenantCode":null,"modifyBy":null,"warningGroupId":0,"executionType":"PARALLEL"},"processTaskRelationList":[{"id":25110,"name":"","processDefinitionVersion":6,"projectCode":18796782717216,"processDefinitionCode":19714074897570,"preTaskCode":0,"preTaskVersion":0,"postTaskCode":19714076736800,"postTaskVersion":1,"conditionType":"NONE","conditionParams":{},"createTime":"2025-12-17 13:35:27","updateTime":"2025-12-17 13:35:27","operator":2,"operateTime":"2025-12-17 13:35:27"},{"id":25112,"name":"","processDefinitionVersion":6,"projectCode":18796782717216,"processDefinitionCode":19714074897570,"preTaskCode":19714074897568,"preTaskVersion":3,"postTaskCode":20034468693280,"postTaskVersion":1,"conditionType":"NONE","conditionParams":{},"createTime":"2025-12-17 13:35:27","updateTime":"2025-12-17 13:35:27","operator":2,"operateTime":"2025-12-17 13:35:27"},{"id":25111,"name":"","processDefinitionVersion":6,"projectCode":18796782717216,"processDefinitionCode":19714074897570,"preTaskCode":19714076736800,"preTaskVersion":1,"postTaskCode":19714074897568,"postTaskVersion":3,"conditionType":"NONE","conditionParams":{},"createTime":"2025-12-17 13:35:27","updateTime":"2025-12-17 13:35:27","operator":2,"operateTime":"2025-12-17 13:35:27"}],"taskDefinitionList":[{"id":21609,"code":19714076736800,"name":"dws_wtw_etl_water_quality_day_sql_dws_wtw_verification_item_di_year_update_time","version":1,"description":"","projectCode":18796782717216,"userId":2,"taskType":"SQL","taskParams":{"localParams":[{"prop":"dws_update_time","direct":"OUT","type":"VARCHAR","value":""}],"resourceList":[],"type":"POSTGRESQL","datasource":4,"sql":"select\r\n    coalesce(max(dws_update_time), '1900-01-01 00:00:00') as dws_update_time\r\nfrom\r\n    coss_dws.dws_wtw_verification_item_di_year","sqlType":"0","preStatements":[],"postStatements":[],"segmentSeparator":";","displayRows":10},"taskParamList":[{"prop":"dws_update_time","direct":"OUT","type":"VARCHAR","value":""}],"taskParamMap":{"dws_update_time":""},"flag":"YES","taskPriority":"MEDIUM","userName":null,"projectName":null,"workerGroup":"default","environmentCode":17270889904672,"failRetryTimes":0,"failRetryInterval":1,"timeoutFlag":"CLOSE","timeoutNotifyStrategy":null,"timeout":0,"delayTime":0,"resourceIds":"","createTime":"2025-11-18 14:54:39","updateTime":"2025-11-18 14:54:39","modifyBy":null,"taskGroupId":0,"taskGroupPriority":0,"cpuQuota":-1,"memoryMax":-1,"taskExecuteType":"BATCH","operator":2,"operateTime":"2025-11-18 14:54:39"},{"id":22041,"code":19714074897568,"name":"dws_wtw_etl_water_quality_day_sql_dws_wtw_verification_item_di_year_add","version":3,"description":"","projectCode":18796782717216,"userId":2,"taskType":"SQL","taskParams":{"localParams":[],"resourceList":[],"type":"POSTGRESQL","datasource":4,"sql":"-- ****************************************************************************************\r\n-- subject     areas: Water Treatment Works\r\n-- function describe: Water Treatment Works Water Quality\r\n-- create         by: dongmaochen\r\n-- create       date: 2025-11-17\r\n-- modify date                modify by                    modify content\r\n-- None                       None                         None\r\n-- source table\r\n-- coss_dwd.dwd_wtw_verification_di_year\r\n-- coss_dwd.dwd_wtw_verification_item_di_year\r\n-- target table\r\n-- coss_dws.dws_wtw_verification_item_di_year\r\n-- ****************************************************************************************\r\ninsert into coss_dws.dws_wtw_verification_item_di_year\r\nselect\r\n    t.verification_id,               -- ID Of Each Online Analyzer Verification Record\r\n    t.wtw_id,                        -- ID Of The Corresponding WTW\r\n    t.status,                        -- Status Of The Reminder:0: Reported And Not Yet Approved ;1: Approved And Require Acknowledged.;2: Approved/Acknowledged And Not Yet Reviewed;3: Reviewed;-1: Rejected\r\n    t.last_updated_date,             -- Datetime When The Record Is Updated\r\n    t.sample_date,                   -- Datetime When The Sample Is Taken\r\n    t.reviewed_date,                 -- Datetime When The Sample Record Is Reviewed\r\n    t.wtw_code,                      -- WTW Code\r\n    t.wtw_name,                      -- WTW English Name (For Phase 1 & 3 Reporting)\r\n    t.wtw_name_chi,                  -- WTW Chinese Name (For Phase 2 Reporting)\r\n    t.phase_1,                       -- True: WTW Has Joined Phase 1, Which Should Show Up In Phase 1 Site.False: WTW Should Not Show Up In Phase 1 Site\r\n    t.phase_2,                       -- True: WTW Has Joined Phase 2, Which Should Show Up In Phase 2 Site.False: WTW Should Not Show Up In Phase 2 Site\r\n    t.phase_3,                       -- True: WTW Has Joined Phase 3, Which Should Show Up In Phase 3 Site.False: WTW Should Not Show Up In Phase 3 Site\r\n    t1.verification_item_id,         -- ID Of Each Record Item\r\n    t1.loc_id,                       -- ID Of The Sampling Location\r\n    t1.loc_full_name,                -- Location Full Name (Including Suffices). This Field Can Also Be Used For Translation In UI And Labeling In Reports.\r\n    t1.loc_name,                     -- Name Of The Location\r\n    t1.loc_suffix,                   -- Suffix Of The Location\r\n    t1.loc_name_chi,                 -- Name Of The Location In Chinese (For Reporting)\r\n    t1.ph_manual,                    -- Sample Value Of pH From Manual Test\r\n    t1.ph_manual_dp,                 -- No. Of Decimal Places Required For The Value From Manual Test\r\n    t1.ph_analyzer,                  -- Sample Value Of pH From Online Analyzer\r\n    t1.ph_analyzer_dp,               -- No. Of Decimal Places Required For The Value From Online Analyzer\r\n    t1.ph_remarks,                   -- Remarks On The pH Sample\r\n    t1.turb_manual,                  -- Sample Value Of Turbidity From Manual Test\r\n    t1.turb_manual_dp,               -- No. Of Decimal Places Required For The Value From Manual Test\r\n    t1.turb_analyzer,                -- Sample Value Of Turbidity From Online Analyzer\r\n    t1.turb_analyzer_dp,             -- No. Of Decimal Places Required For The Value From Online Analyzer\r\n    t1.turb_remarks,                 -- Remarks On The Turbidity Sample\r\n    t1.rcl2_manual,                  -- Sample Value Of Residual Chlorine From Manual Test\r\n    t1.rcl2_manual_dp,               -- No. Of Decimal Places Required For The Value From Manual Test\r\n    t1.rcl2_analyzer,                -- Sample Value Of Residual Chlorine From Online Analyzer\r\n    t1.rcl2_analyzer_dp,             -- No. Of Decimal Places Required For The Value From Online Analyzer\r\n    t1.rcl2_remarks,                 -- Remarks On The Sample Of Residual Chlorine\r\n    t1.fluoride_manual,              -- Sample Value Of Fluoride From Manual Test\r\n    t1.fluoride_manual_dp,           -- No. Of Decimal Places Required For The Value From Manual Test\r\n    t1.fluoride_analyzer,            -- Sample Value Of Fluoride From Online Analyzer\r\n    t1.fluoride_analyzer_dp,         -- No. Of Decimal Places Required For The Value From Online Analyzer\r\n    t1.fluoride_remarks,             -- Remarks On The Sample Of Fluoride\r\n    t1.mn_manual,                    -- Sample Value Of Mangenese From Manual Test\r\n    t1.mn_manual_dp,                 -- No. Of Decimal Places Required For The Value From Manual Test\r\n    t1.mn_analyzer,                  -- Sample Value Of Mangenese From Online Analyzer\r\n    t1.mn_analyzer_dp,               -- No. Of Decimal Places Required For The Value From Online Analyzer\r\n    t1.mn_remarks,                   -- Remarks On The Sample Of Mangenese\r\n    t1.nh3_manual,                   -- Sample Value Of Ammonia From Manual Test\r\n    t1.nh3_manual_dp,                -- No. Of Decimal Places Required For The Value From Manual Test\r\n    t1.nh3_analyzer,                 -- Sample Value Of Ammonia From Online Analyzer\r\n    t1.nh3_analyzer_dp,              -- No. Of Decimal Places Required For The Value From Online Analyzer\r\n    t1.nh3_remarks,                  -- Remarks On The Sample Of Ammonia\r\n    t1.uv_manual,                    -- Sample Value Of UV Light From Manual Test\r\n    t1.uv_manual_dp,                 -- No. Of Decimal Places Required For The Value From Manual Test\r\n    t1.uv_analyzer,                  -- Sample Value Of UV Light From Online Analyzer\r\n    t1.uv_analyzer_dp,               -- No. Of Decimal Places Required For The Value From Online Analyzer\r\n    t1.uv_remarks,                   -- Remarks On The Sample Of UV Light\r\n    current_timestamp as dws_update_time,\r\n    current_timestamp as dws_load_time\r\nfrom \r\n    coss_dwd.dwd_wtw_verification_di_year t\r\n    inner join coss_dwd.dwd_wtw_verification_item_di_year t1 \r\n        on t.verification_id = t1.verification_id\r\nwhere t.dwd_update_time >= '${dws_update_time}' \r\n  and t1.dwd_update_time >= '${dws_update_time}'\r\non duplicate key update\r\n    verification_id = values(verification_id),\r\n    wtw_id = values(wtw_id),\r\n    status = values(status),\r\n    last_updated_date = values(last_updated_date),\r\n    sample_date = values(sample_date),\r\n    reviewed_date = values(reviewed_date),\r\n    wtw_code = values(wtw_code),\r\n    wtw_name = values(wtw_name),\r\n    wtw_name_chi = values(wtw_name_chi),\r\n    phase_1 = values(phase_1),\r\n    phase_2 = values(phase_2),\r\n    phase_3 = values(phase_3),\r\n    loc_id = values(loc_id),\r\n    loc_full_name = values(loc_full_name),\r\n    loc_name = values(loc_name),\r\n    loc_suffix = values(loc_suffix),\r\n    loc_name_chi = values(loc_name_chi),\r\n    ph_manual = values(ph_manual),\r\n    ph_manual_dp = values(ph_manual_dp),\r\n    ph_analyzer = values(ph_analyzer),\r\n    ph_analyzer_dp = values(ph_analyzer_dp),\r\n    ph_remarks = values(ph_remarks),\r\n    turb_manual = values(turb_manual),\r\n    turb_manual_dp = values(turb_manual_dp),\r\n    turb_analyzer = values(turb_analyzer),\r\n    turb_analyzer_dp = values(turb_analyzer_dp),\r\n    turb_remarks = values(turb_remarks),\r\n    rcl2_manual = values(rcl2_manual),\r\n    rcl2_manual_dp = values(rcl2_manual_dp),\r\n    rcl2_analyzer = values(rcl2_analyzer),\r\n    rcl2_analyzer_dp = values(rcl2_analyzer_dp),\r\n    rcl2_remarks = values(rcl2_remarks),\r\n    fluoride_manual = values(fluoride_manual),\r\n    fluoride_manual_dp = values(fluoride_manual_dp),\r\n    fluoride_analyzer = values(fluoride_analyzer),\r\n    fluoride_analyzer_dp = values(fluoride_analyzer_dp),\r\n    fluoride_remarks = values(fluoride_remarks),\r\n    mn_manual = values(mn_manual),\r\n    mn_manual_dp = values(mn_manual_dp),\r\n    mn_analyzer = values(mn_analyzer),\r\n    mn_analyzer_dp = values(mn_analyzer_dp),\r\n    mn_remarks = values(mn_remarks),\r\n    nh3_manual = values(nh3_manual),\r\n    nh3_manual_dp = values(nh3_manual_dp),\r\n    nh3_analyzer = values(nh3_analyzer),\r\n    nh3_analyzer_dp = values(nh3_analyzer_dp),\r\n    nh3_remarks = values(nh3_remarks),\r\n    uv_manual = values(uv_manual),\r\n    uv_manual_dp = values(uv_manual_dp),\r\n    uv_analyzer = values(uv_analyzer),\r\n    uv_analyzer_dp = values(uv_analyzer_dp),\r\n    uv_remarks = values(uv_remarks),\r\n    dws_update_time = values(dws_update_time)","sqlType":"1","preStatements":[],"postStatements":[],"segmentSeparator":";","displayRows":10},"taskParamList":[],"taskParamMap":null,"flag":"YES","taskPriority":"MEDIUM","userName":null,"projectName":null,"workerGroup":"default","environmentCode":17270889904672,"failRetryTimes":0,"failRetryInterval":1,"timeoutFlag":"CLOSE","timeoutNotifyStrategy":null,"timeout":0,"delayTime":0,"resourceIds":"","createTime":"2025-11-18 14:16:50","updateTime":"2025-12-17 11:48:20","modifyBy":null,"taskGroupId":0,"taskGroupPriority":0,"cpuQuota":-1,"memoryMax":-1,"taskExecuteType":"BATCH","operator":2,"operateTime":"2025-12-17 11:48:20"},{"id":22046,"code":20034468693280,"name":"dws_to_dm","version":1,"description":"","projectCode":18796782717216,"userId":2,"taskType":"SUB_PROCESS","taskParams":{"localParams":[],"resourceList":[],"processDefinitionCode":19716514595492},"taskParamList":[],"taskParamMap":null,"flag":"YES","taskPriority":"MEDIUM","userName":null,"projectName":null,"workerGroup":"default","environmentCode":17270889904672,"failRetryTimes":0,"failRetryInterval":1,"timeoutFlag":"CLOSE","timeoutNotifyStrategy":null,"timeout":0,"delayTime":0,"resourceIds":"","createTime":"2025-12-17 13:35:27","updateTime":"2025-12-17 13:35:27","modifyBy":null,"taskGroupId":0,"taskGroupPriority":0,"cpuQuota":-1,"memoryMax":-1,"taskExecuteType":"BATCH","operator":2,"operateTime":"2025-12-17 13:35:27"}],"schedule":null}]