[{"processDefinition":{"id":20455,"code":19716514595492,"name":"dm_wtw_etl_water_quality_day","version":5,"releaseState":"ONLINE","projectCode":18796782717216,"description":"Clean and load water quality data in the dm layer","globalParams":"[]","globalParamList":[],"globalParamMap":{},"createTime":"2025-11-18 19:34:30","updateTime":"2025-12-17 13:32:31","flag":"YES","userId":2,"userName":null,"projectName":null,"locations":"[{\"taskCode\":19716527676960,\"x\":90,\"y\":656},{\"taskCode\":19716514595488,\"x\":390,\"y\":523.9914779663086},{\"taskCode\":19716519606688,\"x\":90,\"y\":420},{\"taskCode\":19716528160416,\"x\":90,\"y\":786},{\"taskCode\":19716526409760,\"x\":90,\"y\":523.9914779663086},{\"taskCode\":19716514595489,\"x\":390,\"y\":420},{\"taskCode\":19716514595490,\"x\":400,\"y\":786},{\"taskCode\":19716514595491,\"x\":400,\"y\":656}]","scheduleReleaseState":null,"timeout":0,"tenantId":-1,"tenantCode":null,"modifyBy":null,"warningGroupId":0,"executionType":"PARALLEL"},"processTaskRelationList":[{"id":25103,"name":"","processDefinitionVersion":5,"projectCode":18796782717216,"processDefinitionCode":19716514595492,"preTaskCode":0,"preTaskVersion":0,"postTaskCode":19716519606688,"postTaskVersion":1,"conditionType":"NONE","conditionParams":{},"createTime":"2025-12-17 13:32:31","updateTime":"2025-12-17 13:32:31","operator":2,"operateTime":"2025-12-17 13:32:31"},{"id":25105,"name":"","processDefinitionVersion":5,"projectCode":18796782717216,"processDefinitionCode":19716514595492,"preTaskCode":0,"preTaskVersion":0,"postTaskCode":19716526409760,"postTaskVersion":1,"conditionType":"NONE","conditionParams":{},"createTime":"2025-12-17 13:32:31","updateTime":"2025-12-17 13:32:31","operator":2,"operateTime":"2025-12-17 13:32:31"},{"id":25108,"name":"","processDefinitionVersion":5,"projectCode":18796782717216,"processDefinitionCode":19716514595492,"preTaskCode":19716528160416,"preTaskVersion":1,"postTaskCode":19716514595490,"postTaskVersion":2,"conditionType":"NONE","conditionParams":{},"createTime":"2025-12-17 13:32:31","updateTime":"2025-12-17 13:32:31","operator":2,"operateTime":"2025-12-17 13:32:31"},{"id":25109,"name":"","processDefinitionVersion":5,"projectCode":18796782717216,"processDefinitionCode":19716514595492,"preTaskCode":19716526409760,"preTaskVersion":1,"postTaskCode":19716514595488,"postTaskVersion":2,"conditionType":"NONE","conditionParams":{},"createTime":"2025-12-17 13:32:31","updateTime":"2025-12-17 13:32:31","operator":2,"operateTime":"2025-12-17 13:32:31"},{"id":25102,"name":"","processDefinitionVersion":5,"projectCode":18796782717216,"processDefinitionCode":19716514595492,"preTaskCode":0,"preTaskVersion":0,"postTaskCode":19716527676960,"postTaskVersion":1,"conditionType":"NONE","conditionParams":{},"createTime":"2025-12-17 13:32:31","updateTime":"2025-12-17 13:32:31","operator":2,"operateTime":"2025-12-17 13:32:31"},{"id":25107,"name":"","processDefinitionVersion":5,"projectCode":18796782717216,"processDefinitionCode":19716514595492,"preTaskCode":19716527676960,"preTaskVersion":1,"postTaskCode":19716514595491,"postTaskVersion":2,"conditionType":"NONE","conditionParams":{},"createTime":"2025-12-17 13:32:31","updateTime":"2025-12-17 13:32:31","operator":2,"operateTime":"2025-12-17 13:32:31"},{"id":25104,"name":"","processDefinitionVersion":5,"projectCode":18796782717216,"processDefinitionCode":19716514595492,"preTaskCode":0,"preTaskVersion":0,"postTaskCode":19716528160416,"postTaskVersion":1,"conditionType":"NONE","conditionParams":{},"createTime":"2025-12-17 13:32:31","updateTime":"2025-12-17 13:32:31","operator":2,"operateTime":"2025-12-17 13:32:31"},{"id":25106,"name":"","processDefinitionVersion":5,"projectCode":18796782717216,"processDefinitionCode":19716514595492,"preTaskCode":19716519606688,"preTaskVersion":1,"postTaskCode":19716514595489,"postTaskVersion":2,"conditionType":"NONE","conditionParams":{},"createTime":"2025-12-17 13:32:31","updateTime":"2025-12-17 13:32:31","operator":2,"operateTime":"2025-12-17 13:32:31"}],"taskDefinitionList":[{"id":21622,"code":19716527676960,"name":"dm_wtw_etl_water_quality_day_sql_dm_wtw_filtered_water_quality_di_update_time","version":1,"description":"","projectCode":18796782717216,"userId":2,"taskType":"SQL","taskParams":{"localParams":[{"prop":"dm_update_time","direct":"OUT","type":"VARCHAR","value":""}],"resourceList":[],"type":"POSTGRESQL","datasource":4,"sql":"select\r\n    coalesce(max(dm_update_time), '1900-01-01 00:00:00') as dm_update_time\r\nfrom\r\n    coss_dm.dm_wtw_filtered_water_quality_di","sqlType":"0","preStatements":[],"postStatements":[],"segmentSeparator":";","displayRows":10},"taskParamList":[{"prop":"dm_update_time","direct":"OUT","type":"VARCHAR","value":""}],"taskParamMap":{"dm_update_time":""},"flag":"YES","taskPriority":"MEDIUM","userName":null,"projectName":null,"workerGroup":"default","environmentCode":17270889904672,"failRetryTimes":0,"failRetryInterval":1,"timeoutFlag":"CLOSE","timeoutNotifyStrategy":null,"timeout":0,"delayTime":0,"resourceIds":"","createTime":"2025-11-18 19:41:50","updateTime":"2025-11-18 19:41:50","modifyBy":null,"taskGroupId":0,"taskGroupPriority":0,"cpuQuota":-1,"memoryMax":-1,"taskExecuteType":"BATCH","operator":2,"operateTime":"2025-11-18 19:41:50"},{"id":21620,"code":19716519606688,"name":"dm_wtw_etl_water_quality_day_sql_dm_wtw_raw_water_quality_di_update_time","version":1,"description":"","projectCode":18796782717216,"userId":2,"taskType":"SQL","taskParams":{"localParams":[{"prop":"dm_update_time","direct":"OUT","type":"VARCHAR","value":""}],"resourceList":[],"type":"POSTGRESQL","datasource":4,"sql":"select\r\n    coalesce(max(dm_update_time), '1900-01-01 00:00:00') as dm_update_time\r\nfrom\r\n    coss_dm.dm_wtw_raw_water_quality_di","sqlType":"0","preStatements":[],"postStatements":[],"segmentSeparator":";","displayRows":10},"taskParamList":[{"prop":"dm_update_time","direct":"OUT","type":"VARCHAR","value":""}],"taskParamMap":{"dm_update_time":""},"flag":"YES","taskPriority":"MEDIUM","userName":null,"projectName":null,"workerGroup":"default","environmentCode":17270889904672,"failRetryTimes":0,"failRetryInterval":1,"timeoutFlag":"CLOSE","timeoutNotifyStrategy":null,"timeout":0,"delayTime":0,"resourceIds":"","createTime":"2025-11-18 19:41:50","updateTime":"2025-11-18 19:41:50","modifyBy":null,"taskGroupId":0,"taskGroupPriority":0,"cpuQuota":-1,"memoryMax":-1,"taskExecuteType":"BATCH","operator":2,"operateTime":"2025-11-18 19:41:50"},{"id":21623,"code":19716528160416,"name":"dm_wtw_etl_water_quality_day_sql_dm_wtw_final_water_quality_di_update_time","version":1,"description":"","projectCode":18796782717216,"userId":2,"taskType":"SQL","taskParams":{"localParams":[{"prop":"dm_update_time","direct":"OUT","type":"VARCHAR","value":""}],"resourceList":[],"type":"POSTGRESQL","datasource":4,"sql":"select\r\n    coalesce(max(dm_update_time), '1900-01-01 00:00:00') as dm_update_time\r\nfrom\r\n    coss_dm.dm_wtw_final_water_quality_di","sqlType":"0","preStatements":[],"postStatements":[],"segmentSeparator":";","displayRows":10},"taskParamList":[{"prop":"dm_update_time","direct":"OUT","type":"VARCHAR","value":""}],"taskParamMap":{"dm_update_time":""},"flag":"YES","taskPriority":"MEDIUM","userName":null,"projectName":null,"workerGroup":"default","environmentCode":17270889904672,"failRetryTimes":0,"failRetryInterval":1,"timeoutFlag":"CLOSE","timeoutNotifyStrategy":null,"timeout":0,"delayTime":0,"resourceIds":"","createTime":"2025-11-18 19:41:50","updateTime":"2025-11-18 19:41:50","modifyBy":null,"taskGroupId":0,"taskGroupPriority":0,"cpuQuota":-1,"memoryMax":-1,"taskExecuteType":"BATCH","operator":2,"operateTime":"2025-11-18 19:41:50"},{"id":21621,"code":19716526409760,"name":"dm_wtw_etl_water_quality_day_sql_dm_wtw_dosed_water_quality_di_update_time","version":1,"description":"","projectCode":18796782717216,"userId":2,"taskType":"SQL","taskParams":{"localParams":[{"prop":"dm_update_time","direct":"OUT","type":"VARCHAR","value":""}],"resourceList":[],"type":"POSTGRESQL","datasource":4,"sql":"select\r\n    coalesce(max(dm_update_time), '1900-01-01 00:00:00') as dm_update_time\r\nfrom\r\n    coss_dm.dm_wtw_dosed_water_quality_di","sqlType":"0","preStatements":[],"postStatements":[],"segmentSeparator":";","displayRows":10},"taskParamList":[{"prop":"dm_update_time","direct":"OUT","type":"VARCHAR","value":""}],"taskParamMap":{"dm_update_time":""},"flag":"YES","taskPriority":"MEDIUM","userName":null,"projectName":null,"workerGroup":"default","environmentCode":17270889904672,"failRetryTimes":0,"failRetryInterval":1,"timeoutFlag":"CLOSE","timeoutNotifyStrategy":null,"timeout":0,"delayTime":0,"resourceIds":"","createTime":"2025-11-18 19:41:50","updateTime":"2025-11-18 19:41:50","modifyBy":null,"taskGroupId":0,"taskGroupPriority":0,"cpuQuota":-1,"memoryMax":-1,"taskExecuteType":"BATCH","operator":2,"operateTime":"2025-11-18 19:41:50"},{"id":22042,"code":19716514595488,"name":"dm_wtw_etl_water_quality_day_sql_dm_wtw_dosed_water_quality_di_add","version":2,"description":"","projectCode":18796782717216,"userId":2,"taskType":"SQL","taskParams":{"localParams":[],"resourceList":[],"type":"POSTGRESQL","datasource":4,"sql":"-- ****************************************************************************************\r\n-- subject     areas: Water Treatment Works\r\n-- function describe: Water Treatment Works Water Quality\r\n-- create         by: dongmaochen\r\n-- create       date: 2025-11-17\r\n-- modify date                modify by                    modify content\r\n-- None                       None                         None\r\n-- source table\r\n-- coss_dws.dws_wtw_verification_item_di_year\r\n-- coss_dim.dim_wtw_water_quality_parameters\r\n-- target table\r\n-- coss_dm.dm_wtw_dosed_water_quality_di\r\n-- ****************************************************************************************\r\ninsert into coss_dm.dm_wtw_dosed_water_quality_di (\r\n    wtw_id,\r\n    loc_id,\r\n    i_code,\r\n    sample_date,\r\n    ph_manual,\r\n    ph_analyzer,\r\n    ph_is_pass,\r\n    rcl2_manual,\r\n    rcl2_analyzer,\r\n    rcl2_is_pass,\r\n    dosed_is_pass,\r\n    ph_compare,\r\n    ph_min_value,\r\n    ph_max_value,\r\n    rcl2_compare,\r\n    rcl2_min_value,\r\n    rcl2_max_value,\r\n    dm_update_time,\r\n    dm_load_time\r\n)\r\nselect\r\n    t.wtw_id, -- ID Of The Corresponding WTW\r\n    t.loc_id, -- ID Of The Sampling Location\r\n    t1.i_code, -- Installations Code\r\n    t.sample_date, -- Datetime When The Sample Is Taken\r\n    t.ph_manual, -- Sample Value Of pH From Manual Test\r\n    t.ph_analyzer, -- Sample Value Of pH From Online Analyzer\r\n    if(t.ph_manual >= t1.ph_min_value and t.ph_manual <= t1.ph_max_value, 1, 0) as ph_is_pass, -- pH Is Pass\r\n    t.rcl2_manual, -- Sample Value Of Residual Chlorine From Manual Test\r\n    t.rcl2_analyzer, -- Sample Value Of Residual Chlorine From Online Analyzer\r\n    if(true, 1, 0) as rcl2_is_pass, -- Rcl2 Is Pass\r\n    if((if(t.ph_manual >= t1.ph_min_value and t.ph_manual <= t1.ph_max_value, 1, 0)) + if(true, 1, 0) = 2, 1, 0) as dosed_is_pass, -- Dosed Is Pass\r\n    t1.ph_compare, -- Define Whether pH Value Is Acceptable Or Not\r\n    t1.ph_min_value, -- Define Whether pH Value Is Acceptable Or Not\r\n    t1.ph_max_value, -- Define Whether pH Value Is Acceptable Or Not\r\n    t1.rcl2_compare, -- Define Whether Residual Chlorine Is Acceptable Or Not\r\n    t1.rcl2_min_value, -- Define Whether Residual Chlorine Is Acceptable Or Not\r\n    t1.rcl2_max_value, -- Define Whether Residual Chlorine Is Acceptable Or Not\r\n    current_timestamp as dm_update_time,\r\n    current_timestamp as dm_load_time\r\nfrom (\r\n    select\r\n        wtw_id,\r\n        loc_id,\r\n        sample_date,\r\n        ph_manual,\r\n        ph_analyzer,\r\n        rcl2_manual,\r\n        rcl2_analyzer\r\n    from coss_dws.dws_wtw_verification_item_di_year\r\n    where wtw_id = 1\r\n      and loc_id = 20\r\n      and dws_update_time >= '${dm_update_time}'\r\n) t\r\ninner join (\r\n    select\r\n        wtw_id,\r\n        loc_id,\r\n        i_code,\r\n        ph_compare,\r\n        ph_min_value,\r\n        ph_max_value,\r\n        rcl2_compare,\r\n        rcl2_min_value,\r\n        rcl2_max_value\r\n    from coss_dim.dim_wtw_water_quality_parameters\r\n    where wtw_id = 1\r\n      and loc_id = 20\r\n      and parameter_limit_id = 21\r\n) t1 on t.wtw_id = t1.wtw_id \r\n    and t.loc_id = t1.loc_id\r\n\r\nunion all\r\n\r\nselect\r\n    t.wtw_id, -- ID Of The Corresponding WTW\r\n    t.loc_id, -- ID Of The Sampling Location\r\n    t1.i_code, -- Installations Code\r\n    t.sample_date, -- Datetime When The Sample Is Taken\r\n    t.ph_manual, -- Sample Value Of pH From Manual Test\r\n    t.ph_analyzer, -- Sample Value Of pH From Online Analyzer\r\n    if(t.ph_manual >= t1.ph_min_value and t.ph_manual <= t1.ph_max_value, 1, 0) as ph_is_pass, -- pH Is Pass\r\n    t.rcl2_manual, -- Sample Value Of Residual Chlorine From Manual Test\r\n    t.rcl2_analyzer, -- Sample Value Of Residual Chlorine From Online Analyzer\r\n    if(true, 1, 0) as rcl2_is_pass, -- Rcl2 Is Pass\r\n    if((if(t.ph_manual >= t1.ph_min_value and t.ph_manual <= t1.ph_max_value, 1, 0)) + if(true, 1, 0) = 2, 1, 0) as dosed_is_pass, -- Dosed Is Pass\r\n    t1.ph_compare, -- Define Whether pH Value Is Acceptable Or Not\r\n    t1.ph_min_value, -- Define Whether pH Value Is Acceptable Or Not\r\n    t1.ph_max_value, -- Define Whether pH Value Is Acceptable Or Not\r\n    t1.rcl2_compare, -- Define Whether Residual Chlorine Is Acceptable Or Not\r\n    t1.rcl2_min_value, -- Define Whether Residual Chlorine Is Acceptable Or Not\r\n    t1.rcl2_max_value, -- Define Whether Residual Chlorine Is Acceptable Or Not\r\n    current_timestamp as dm_update_time,\r\n    current_timestamp as dm_load_time\r\nfrom (\r\n    select\r\n        wtw_id,\r\n        loc_id,\r\n        sample_date,\r\n        ph_manual,\r\n        ph_analyzer,\r\n        rcl2_manual,\r\n        rcl2_analyzer\r\n    from coss_dws.dws_wtw_verification_item_di_year\r\n    where wtw_id = 2\r\n      and loc_id = 20\r\n      and dws_update_time >= '${dm_update_time}'\r\n) t\r\ninner join (\r\n    select\r\n        wtw_id,\r\n        loc_id,\r\n        i_code,\r\n        ph_compare,\r\n        ph_min_value,\r\n        ph_max_value,\r\n        rcl2_compare,\r\n        rcl2_min_value,\r\n        rcl2_max_value\r\n    from coss_dim.dim_wtw_water_quality_parameters\r\n    where wtw_id = 2\r\n      and loc_id = 20\r\n      and parameter_limit_id = 37\r\n) t1 on t.wtw_id = t1.wtw_id \r\n    and t.loc_id = t1.loc_id\r\n\r\nunion all\r\n\r\nselect\r\n    t.wtw_id, -- ID Of The Corresponding WTW\r\n    t.loc_id, -- ID Of The Sampling Location\r\n    t1.i_code, -- Installations Code\r\n    t.sample_date, -- Datetime When The Sample Is Taken\r\n    t.ph_manual, -- Sample Value Of pH From Manual Test\r\n    t.ph_analyzer, -- Sample Value Of pH From Online Analyzer\r\n    if(t.ph_manual >= t1.ph_min_value and t.ph_manual <= t1.ph_max_value, 1, 0) as ph_is_pass, -- pH Is Pass\r\n    t.rcl2_manual, -- Sample Value Of Residual Chlorine From Manual Test\r\n    t.rcl2_analyzer, -- Sample Value Of Residual Chlorine From Online Analyzer\r\n    if(t.rcl2_manual >= t1.rcl2_min_value and t.rcl2_manual <= t1.rcl2_max_value, 1, 0) as rcl2_is_pass, -- Rcl2 Is Pass\r\n    if(\r\n        (if(t.ph_manual >= t1.ph_min_value and t.ph_manual <= t1.ph_max_value, 1, 0)) + \r\n        (if(t.rcl2_manual >= t1.rcl2_min_value and t.rcl2_manual <= t1.rcl2_max_value, 1, 0)) = 2, \r\n        1, \r\n        0\r\n    ) as dosed_is_pass, -- Dosed Is Pass\r\n    t1.ph_compare, -- Define Whether pH Value Is Acceptable Or Not\r\n    t1.ph_min_value, -- Define Whether pH Value Is Acceptable Or Not\r\n    t1.ph_max_value, -- Define Whether pH Value Is Acceptable Or Not\r\n    t1.rcl2_compare, -- Define Whether Residual Chlorine Is Acceptable Or Not\r\n    t1.rcl2_min_value, -- Define Whether Residual Chlorine Is Acceptable Or Not\r\n    t1.rcl2_max_value, -- Define Whether Residual Chlorine Is Acceptable Or Not\r\n    current_timestamp as dm_update_time,\r\n    current_timestamp as dm_load_time\r\nfrom (\r\n    select\r\n        wtw_id,\r\n        loc_id,\r\n        sample_date,\r\n        ph_manual,\r\n        ph_analyzer,\r\n        rcl2_manual,\r\n        rcl2_analyzer\r\n    from coss_dws.dws_wtw_verification_item_di_year\r\n    where wtw_id = 3\r\n      and loc_id = 20\r\n      and dws_update_time >= '${dm_update_time}'\r\n) t\r\ninner join (\r\n    select\r\n        wtw_id,\r\n        loc_id,\r\n        i_code,\r\n        ph_compare,\r\n        ph_min_value,\r\n        ph_max_value,\r\n        rcl2_compare,\r\n        rcl2_min_value,\r\n        rcl2_max_value\r\n    from coss_dim.dim_wtw_water_quality_parameters\r\n    where wtw_id = 3\r\n      and loc_id = 20\r\n      and parameter_limit_id = 11\r\n) t1 on t.wtw_id = t1.wtw_id \r\n    and t.loc_id = t1.loc_id\r\n\r\nunion all\r\n\r\nselect\r\n    t.wtw_id, -- ID Of The Corresponding WTW\r\n    t.loc_id, -- ID Of The Sampling Location\r\n    t1.i_code, -- Installations Code\r\n    t.sample_date, -- Datetime When The Sample Is Taken\r\n    t.ph_manual, -- Sample Value Of pH From Manual Test\r\n    t.ph_analyzer, -- Sample Value Of pH From Online Analyzer\r\n    if(t.ph_manual >= t1.ph_min_value and t.ph_manual <= t1.ph_max_value, 1, 0) as ph_is_pass, -- pH Is Pass\r\n    t.rcl2_manual, -- Sample Value Of Residual Chlorine From Manual Test\r\n    t.rcl2_analyzer, -- Sample Value Of Residual Chlorine From Online Analyzer\r\n    if(t.rcl2_manual >= t1.rcl2_min_value and t.rcl2_manual <= t1.rcl2_max_value, 1, 0) as rcl2_is_pass, -- Rcl2 Is Pass\r\n    if(\r\n        (if(t.ph_manual >= t1.ph_min_value and t.ph_manual <= t1.ph_max_value, 1, 0)) + \r\n        (if(t.rcl2_manual >= t1.rcl2_min_value and t.rcl2_manual <= t1.rcl2_max_value, 1, 0)) = 2, \r\n        1, \r\n        0\r\n    ) as dosed_is_pass, -- Dosed Is Pass\r\n    t1.ph_compare, -- Define Whether pH Value Is Acceptable Or Not\r\n    t1.ph_min_value, -- Define Whether pH Value Is Acceptable Or Not\r\n    t1.ph_max_value, -- Define Whether pH Value Is Acceptable Or Not\r\n    t1.rcl2_compare, -- Define Whether Residual Chlorine Is Acceptable Or Not\r\n    t1.rcl2_min_value, -- Define Whether Residual Chlorine Is Acceptable Or Not\r\n    t1.rcl2_max_value, -- Define Whether Residual Chlorine Is Acceptable Or Not\r\n    current_timestamp as dm_update_time,\r\n    current_timestamp as dm_load_time\r\nfrom (\r\n    select\r\n        wtw_id,\r\n        loc_id,\r\n        sample_date,\r\n        ph_manual,\r\n        ph_analyzer,\r\n        rcl2_manual,\r\n        rcl2_analyzer\r\n    from coss_dws.dws_wtw_verification_item_di_year\r\n    where wtw_id = 4\r\n      and loc_id = 20\r\n      and dws_update_time >= '${dm_update_time}'\r\n) t\r\ninner join (\r\n    select\r\n        wtw_id,\r\n        loc_id,\r\n        i_code,\r\n        ph_compare,\r\n        ph_min_value,\r\n        ph_max_value,\r\n        rcl2_compare,\r\n        rcl2_min_value,\r\n        rcl2_max_value\r\n    from coss_dim.dim_wtw_water_quality_parameters\r\n    where wtw_id = 4\r\n      and loc_id = 20\r\n      and parameter_limit_id = 3\r\n) t1 on t.wtw_id = t1.wtw_id \r\n    and t.loc_id = t1.loc_id\r\n\r\nunion all\r\n\r\nselect\r\n    t.wtw_id, -- ID Of The Corresponding WTW\r\n    t.loc_id, -- ID Of The Sampling Location\r\n    t1.i_code, -- Installations Code\r\n    t.sample_date, -- Datetime When The Sample Is Taken\r\n    t.ph_manual, -- Sample Value Of pH From Manual Test\r\n    t.ph_analyzer, -- Sample Value Of pH From Online Analyzer\r\n    if(t.ph_manual >= t1.ph_min_value and t.ph_manual <= t1.ph_max_value, 1, 0) as ph_is_pass, -- pH Is Pass\r\n    t.rcl2_manual, -- Sample Value Of Residual Chlorine From Manual Test\r\n    t.rcl2_analyzer, -- Sample Value Of Residual Chlorine From Online Analyzer\r\n    if(true, 1, 0) as rcl2_is_pass, -- Rcl2 Is Pass\r\n    if((if(t.ph_manual >= t1.ph_min_value and t.ph_manual <= t1.ph_max_value, 1, 0)) + if(true, 1, 0) = 2, 1, 0) as dosed_is_pass, -- Dosed Is Pass\r\n    t1.ph_compare, -- Define Whether pH Value Is Acceptable Or Not\r\n    t1.ph_min_value, -- Define Whether pH Value Is Acceptable Or Not\r\n    t1.ph_max_value, -- Define Whether pH Value Is Acceptable Or Not\r\n    t1.rcl2_compare, -- Define Whether Residual Chlorine Is Acceptable Or Not\r\n    t1.rcl2_min_value, -- Define Whether Residual Chlorine Is Acceptable Or Not\r\n    t1.rcl2_max_value, -- Define Whether Residual Chlorine Is Acceptable Or Not\r\n    current_timestamp as dm_update_time,\r\n    current_timestamp as dm_load_time\r\nfrom (\r\n    select\r\n        wtw_id,\r\n        loc_id,\r\n        sample_date,\r\n        ph_manual,\r\n        ph_analyzer,\r\n        rcl2_manual,\r\n        rcl2_analyzer\r\n    from coss_dws.dws_wtw_verification_item_di_year\r\n    where wtw_id = 5\r\n      and loc_id = 20\r\n      and dws_update_time >= '${dm_update_time}'\r\n) t\r\ninner join (\r\n    select\r\n        wtw_id,\r\n        loc_id,\r\n        i_code,\r\n        ph_compare,\r\n        ph_min_value,\r\n        ph_max_value,\r\n        rcl2_compare,\r\n        rcl2_min_value,\r\n        rcl2_max_value\r\n    from coss_dim.dim_wtw_water_quality_parameters\r\n    where wtw_id = 5\r\n      and loc_id = 20\r\n      and parameter_limit_id = 47\r\n) t1 on t.wtw_id = t1.wtw_id \r\n    and t.loc_id = t1.loc_id\r\n\r\non duplicate key update\r\n    wtw_id = values(wtw_id),\r\n    ph_manual = values(ph_manual),\r\n    ph_analyzer = values(ph_analyzer),\r\n    ph_is_pass = values(ph_is_pass),\r\n    rcl2_manual = values(rcl2_manual),\r\n    rcl2_analyzer = values(rcl2_analyzer),\r\n    rcl2_is_pass = values(rcl2_is_pass),\r\n    dosed_is_pass = values(dosed_is_pass),\r\n    ph_compare = values(ph_compare),\r\n    ph_min_value = values(ph_min_value),\r\n    ph_max_value = values(ph_max_value),\r\n    rcl2_compare = values(rcl2_compare),\r\n    rcl2_min_value = values(rcl2_min_value),\r\n    rcl2_max_value = values(rcl2_max_value),\r\n    dm_update_time = values(dm_update_time);","sqlType":"1","preStatements":[],"postStatements":[],"segmentSeparator":";","displayRows":10},"taskParamList":[],"taskParamMap":null,"flag":"YES","taskPriority":"MEDIUM","userName":null,"projectName":null,"workerGroup":"default","environmentCode":17270889904672,"failRetryTimes":0,"failRetryInterval":1,"timeoutFlag":"CLOSE","timeoutNotifyStrategy":null,"timeout":0,"delayTime":0,"resourceIds":"","createTime":"2025-11-18 19:34:30","updateTime":"2025-12-17 13:32:31","modifyBy":null,"taskGroupId":0,"taskGroupPriority":0,"cpuQuota":-1,"memoryMax":-1,"taskExecuteType":"BATCH","operator":2,"operateTime":"2025-12-17 13:32:31"},{"id":22043,"code":19716514595489,"name":"dm_wtw_etl_water_quality_day_sql_dm_wtw_raw_water_quality_di_add","version":2,"description":"","projectCode":18796782717216,"userId":2,"taskType":"SQL","taskParams":{"localParams":[],"resourceList":[],"type":"POSTGRESQL","datasource":4,"sql":"-- ****************************************************************************************\r\n-- subject     areas: Water Treatment Works\r\n-- function describe: Water Treatment Works Water Quality\r\n-- create         by: dongmaochen\r\n-- create       date: 2025-11-17\r\n-- modify date                modify by                    modify content\r\n-- None                       None                         None\r\n-- source table\r\n-- coss_dws.dws_wtw_verification_item_di_year\r\n-- coss_dim.dim_wtw_water_quality_parameters\r\n-- target table\r\n-- coss_dm.dm_wtw_raw_water_quality_di\r\n-- ****************************************************************************************\r\ninsert into coss_dm.dm_wtw_raw_water_quality_di (\r\n    wtw_id,\r\n    loc_id,\r\n    i_code,\r\n    sample_date,\r\n    ph_manual,\r\n    ph_analyzer,\r\n    ph_is_pass,\r\n    turb_manual,\r\n    turb_analyzer,\r\n    turb_is_pass,\r\n    raw_is_pass,\r\n    ph_compare,\r\n    ph_min_value,\r\n    ph_max_value,\r\n    turb_compare,\r\n    turb_min_value,\r\n    turb_max_value,\r\n    dm_update_time,\r\n    dm_load_time\r\n)\r\nselect\r\n    t.wtw_id, -- ID Of The Corresponding WTW\r\n    t.loc_id, -- ID Of The Sampling Location\r\n    t1.i_code, -- Installations Code\r\n    t.sample_date, -- Datetime When The Sample Is Taken\r\n    t.ph_manual, -- Sample Value Of pH From Manual Test\r\n    t.ph_analyzer, -- Sample Value Of pH From Online Analyzer\r\n    if(t.ph_manual <= t1.ph_max_value, 1, 0) as ph_is_pass, -- pH Is Pass\r\n    t.turb_manual, -- Sample Value Of Turbidity From Manual Test\r\n    t.turb_analyzer, -- Sample Value Of Turbidity From Online Analyzer\r\n    if(t.turb_manual <= t1.turb_max_value, 1, 0) as turb_is_pass, -- Turb Is Pass\r\n    if((if(t.ph_manual <= t1.ph_max_value, 1, 0) + if(t.turb_manual <= t1.turb_max_value, 1, 0)) = 2, 1, 0) as raw_is_pass, -- Raw Water Is Pass\r\n    t1.ph_compare, -- Define Whether pH Value Is Acceptable Or Not\r\n    t1.ph_min_value, -- Define Whether pH Value Is Acceptable Or Not\r\n    t1.ph_max_value, -- Define Whether pH Value Is Acceptable Or Not\r\n    t1.turb_compare, -- Define Whether Turbidity Value Is Acceptable Or Not\r\n    t1.turb_min_value, -- Define Whether Turbidity Value Is Acceptable Or Not\r\n    t1.turb_max_value, -- Define Whether Turbidity Value Is Acceptable Or Not\r\n    current_timestamp as dm_update_time,\r\n    current_timestamp as dm_load_time\r\nfrom (\r\n    select\r\n        wtw_id,\r\n        loc_id,\r\n        sample_date,\r\n        ph_manual,\r\n        ph_analyzer,\r\n        turb_manual,\r\n        turb_analyzer\r\n    from coss_dws.dws_wtw_verification_item_di_year\r\n    where wtw_id = 1\r\n      and loc_id = 0\r\n      and dws_update_time >= '${dm_update_time}'\r\n) t\r\ninner join (\r\n    select\r\n        wtw_id,\r\n        loc_id,\r\n        i_code,\r\n        ph_compare,\r\n        ph_min_value,\r\n        ph_max_value,\r\n        turb_compare,\r\n        turb_min_value,\r\n        turb_max_value\r\n    from coss_dim.dim_wtw_water_quality_parameters\r\n    where wtw_id = 1\r\n      and loc_id = 0\r\n      and parameter_limit_id = 19\r\n) t1 on t.wtw_id = t1.wtw_id \r\n    and t.loc_id = t1.loc_id\r\n\r\nunion all\r\n\r\nselect\r\n    t.wtw_id, -- ID Of The Corresponding WTW\r\n    t.loc_id, -- ID Of The Sampling Location\r\n    t1.i_code, -- Installations Code\r\n    t.sample_date, -- Datetime When The Sample Is Taken\r\n    t.ph_manual, -- Sample Value Of pH From Manual Test\r\n    t.ph_analyzer, -- Sample Value Of pH From Online Analyzer\r\n    if(t.ph_manual <= t1.ph_max_value, 1, 0) as ph_is_pass, -- pH Is Pass\r\n    t.turb_manual, -- Sample Value Of Turbidity From Manual Test\r\n    t.turb_analyzer, -- Sample Value Of Turbidity From Online Analyzer\r\n    if(t.turb_manual <= t1.turb_max_value, 1, 0) as turb_is_pass, -- Turb Is Pass\r\n    if((if(t.ph_manual <= t1.ph_max_value, 1, 0) + if(t.turb_manual <= t1.turb_max_value, 1, 0)) = 2, 1, 0) as raw_is_pass, -- Raw Water Is Pass\r\n    t1.ph_compare, -- Define Whether pH Value Is Acceptable Or Not\r\n    t1.ph_min_value, -- Define Whether pH Value Is Acceptable Or Not\r\n    t1.ph_max_value, -- Define Whether pH Value Is Acceptable Or Not\r\n    t1.turb_compare, -- Define Whether Turbidity Value Is Acceptable Or Not\r\n    t1.turb_min_value, -- Define Whether Turbidity Value Is Acceptable Or Not\r\n    t1.turb_max_value, -- Define Whether Turbidity Value Is Acceptable Or Not\r\n    current_timestamp as dm_update_time,\r\n    current_timestamp as dm_load_time\r\nfrom (\r\n    select\r\n        wtw_id,\r\n        loc_id,\r\n        sample_date,\r\n        ph_manual,\r\n        ph_analyzer,\r\n        turb_manual,\r\n        turb_analyzer\r\n    from coss_dws.dws_wtw_verification_item_di_year\r\n    where wtw_id = 2\r\n      and loc_id = 0\r\n      and dws_update_time >= '${dm_update_time}'\r\n) t\r\ninner join (\r\n    select\r\n        wtw_id,\r\n        loc_id,\r\n        i_code,\r\n        ph_compare,\r\n        ph_min_value,\r\n        ph_max_value,\r\n        turb_compare,\r\n        turb_min_value,\r\n        turb_max_value\r\n    from coss_dim.dim_wtw_water_quality_parameters\r\n    where wtw_id = 2\r\n      and loc_id = 0\r\n      and parameter_limit_id = 35\r\n) t1 on t.wtw_id = t1.wtw_id \r\n    and t.loc_id = t1.loc_id\r\n\r\nunion all\r\n\r\nselect\r\n    t.wtw_id, -- ID Of The Corresponding WTW\r\n    t.loc_id, -- ID Of The Sampling Location\r\n    t1.i_code, -- Installations Code\r\n    t.sample_date, -- Datetime When The Sample Is Taken\r\n    t.ph_manual, -- Sample Value Of pH From Manual Test\r\n    t.ph_analyzer, -- Sample Value Of pH From Online Analyzer\r\n    if(t.ph_manual <= t1.ph_max_value, 1, 0) as ph_is_pass, -- pH Is Pass\r\n    t.turb_manual, -- Sample Value Of Turbidity From Manual Test\r\n    t.turb_analyzer, -- Sample Value Of Turbidity From Online Analyzer\r\n    if(t.turb_manual <= t1.turb_max_value, 1, 0) as turb_is_pass, -- Turb Is Pass\r\n    if((if(t.ph_manual <= t1.ph_max_value, 1, 0) + if(t.turb_manual <= t1.turb_max_value, 1, 0)) = 2, 1, 0) as raw_is_pass, -- Raw Water Is Pass\r\n    t1.ph_compare, -- Define Whether pH Value Is Acceptable Or Not\r\n    t1.ph_min_value, -- Define Whether pH Value Is Acceptable Or Not\r\n    t1.ph_max_value, -- Define Whether pH Value Is Acceptable Or Not\r\n    t1.turb_compare, -- Define Whether Turbidity Value Is Acceptable Or Not\r\n    t1.turb_min_value, -- Define Whether Turbidity Value Is Acceptable Or Not\r\n    t1.turb_max_value, -- Define Whether Turbidity Value Is Acceptable Or Not\r\n    current_timestamp as dm_update_time,\r\n    current_timestamp as dm_load_time\r\nfrom (\r\n    select\r\n        wtw_id,\r\n        loc_id,\r\n        sample_date,\r\n        ph_manual,\r\n        ph_analyzer,\r\n        turb_manual,\r\n        turb_analyzer\r\n    from coss_dws.dws_wtw_verification_item_di_year\r\n    where wtw_id = 3\r\n      and loc_id = 0\r\n      and dws_update_time >= '${dm_update_time}'\r\n) t\r\ninner join (\r\n    select\r\n        wtw_id,\r\n        loc_id,\r\n        i_code,\r\n        ph_compare,\r\n        ph_min_value,\r\n        ph_max_value,\r\n        turb_compare,\r\n        turb_min_value,\r\n        turb_max_value\r\n    from coss_dim.dim_wtw_water_quality_parameters\r\n    where wtw_id = 3\r\n      and loc_id = 0\r\n      and parameter_limit_id = 9\r\n) t1 on t.wtw_id = t1.wtw_id \r\n    and t.loc_id = t1.loc_id\r\n\r\nunion all\r\n\r\nselect\r\n    t.wtw_id, -- ID Of The Corresponding WTW\r\n    t.loc_id, -- ID Of The Sampling Location\r\n    t1.i_code, -- Installations Code\r\n    t.sample_date, -- Datetime When The Sample Is Taken\r\n    t.ph_manual, -- Sample Value Of pH From Manual Test\r\n    t.ph_analyzer, -- Sample Value Of pH From Online Analyzer\r\n    if(t.ph_manual <= t1.ph_max_value, 1, 0) as ph_is_pass, -- pH Is Pass\r\n    t.turb_manual, -- Sample Value Of Turbidity From Manual Test\r\n    t.turb_analyzer, -- Sample Value Of Turbidity From Online Analyzer\r\n    if(t.turb_manual <= t1.turb_max_value, 1, 0) as turb_is_pass, -- Turb Is Pass\r\n    if((if(t.ph_manual <= t1.ph_max_value, 1, 0) + if(t.turb_manual <= t1.turb_max_value, 1, 0)) = 2, 1, 0) as raw_is_pass, -- Raw Water Is Pass\r\n    t1.ph_compare, -- Define Whether pH Value Is Acceptable Or Not\r\n    t1.ph_min_value, -- Define Whether pH Value Is Acceptable Or Not\r\n    t1.ph_max_value, -- Define Whether pH Value Is Acceptable Or Not\r\n    t1.turb_compare, -- Define Whether Turbidity Value Is Acceptable Or Not\r\n    t1.turb_min_value, -- Define Whether Turbidity Value Is Acceptable Or Not\r\n    t1.turb_max_value, -- Define Whether Turbidity Value Is Acceptable Or Not\r\n    current_timestamp as dm_update_time,\r\n    current_timestamp as dm_load_time\r\nfrom (\r\n    select\r\n        wtw_id,\r\n        loc_id,\r\n        sample_date,\r\n        ph_manual,\r\n        ph_analyzer,\r\n        turb_manual,\r\n        turb_analyzer\r\n    from coss_dws.dws_wtw_verification_item_di_year\r\n    where wtw_id = 4\r\n      and loc_id = 0\r\n      and dws_update_time >= '${dm_update_time}'\r\n) t\r\ninner join (\r\n    select\r\n        wtw_id,\r\n        loc_id,\r\n        i_code,\r\n        ph_compare,\r\n        ph_min_value,\r\n        ph_max_value,\r\n        turb_compare,\r\n        turb_min_value,\r\n        turb_max_value\r\n    from coss_dim.dim_wtw_water_quality_parameters\r\n    where wtw_id = 4\r\n      and loc_id = 0\r\n      and parameter_limit_id = 1\r\n) t1 on t.wtw_id = t1.wtw_id \r\n    and t.loc_id = t1.loc_id\r\n\r\nunion all\r\n\r\nselect\r\n    t.wtw_id, -- ID Of The Corresponding WTW\r\n    t.loc_id, -- ID Of The Sampling Location\r\n    t1.i_code, -- Installations Code\r\n    t.sample_date, -- Datetime When The Sample Is Taken\r\n    t.ph_manual, -- Sample Value Of pH From Manual Test\r\n    t.ph_analyzer, -- Sample Value Of pH From Online Analyzer\r\n    if(t.ph_manual <= t1.ph_max_value, 1, 0) as ph_is_pass, -- pH Is Pass\r\n    t.turb_manual, -- Sample Value Of Turbidity From Manual Test\r\n    t.turb_analyzer, -- Sample Value Of Turbidity From Online Analyzer\r\n    if(t.turb_manual <= t1.turb_max_value, 1, 0) as turb_is_pass, -- Turb Is Pass\r\n    if((if(t.ph_manual <= t1.ph_max_value, 1, 0) + if(t.turb_manual <= t1.turb_max_value, 1, 0)) = 2, 1, 0) as raw_is_pass, -- Raw Water Is Pass\r\n    t1.ph_compare, -- Define Whether pH Value Is Acceptable Or Not\r\n    t1.ph_min_value, -- Define Whether pH Value Is Acceptable Or Not\r\n    t1.ph_max_value, -- Define Whether pH Value Is Acceptable Or Not\r\n    t1.turb_compare, -- Define Whether Turbidity Value Is Acceptable Or Not\r\n    t1.turb_min_value, -- Define Whether Turbidity Value Is Acceptable Or Not\r\n    t1.turb_max_value, -- Define Whether Turbidity Value Is Acceptable Or Not\r\n    current_timestamp as dm_update_time,\r\n    current_timestamp as dm_load_time\r\nfrom (\r\n    select\r\n        wtw_id,\r\n        0 as loc_id,\r\n        sample_date,\r\n        ph_manual,\r\n        ph_analyzer,\r\n        turb_manual,\r\n        turb_analyzer\r\n    from coss_dws.dws_wtw_verification_item_di_year\r\n    where wtw_id = 5\r\n      and loc_id in (1, 2)\r\n      and dws_update_time >= '${dm_update_time}'\r\n) t\r\ninner join (\r\n    select\r\n        wtw_id,\r\n        loc_id,\r\n        i_code,\r\n        ph_compare,\r\n        ph_min_value,\r\n        ph_max_value,\r\n        turb_compare,\r\n        turb_min_value,\r\n        turb_max_value\r\n    from coss_dim.dim_wtw_water_quality_parameters\r\n    where wtw_id = 5\r\n      and loc_id = 0\r\n      and parameter_limit_id = 45\r\n) t1 on t.wtw_id = t1.wtw_id \r\n    and t.loc_id = t1.loc_id\r\n\r\non duplicate key update\r\n    wtw_id = values(wtw_id),\r\n    ph_manual = values(ph_manual),\r\n    ph_analyzer = values(ph_analyzer),\r\n    ph_is_pass = values(ph_is_pass),\r\n    turb_manual = values(turb_manual),\r\n    turb_analyzer = values(turb_analyzer),\r\n    turb_is_pass = values(turb_is_pass),\r\n    raw_is_pass = values(raw_is_pass),\r\n    ph_compare = values(ph_compare),\r\n    ph_min_value = values(ph_min_value),\r\n    ph_max_value = values(ph_max_value),\r\n    turb_compare = values(turb_compare),\r\n    turb_min_value = values(turb_min_value),\r\n    turb_max_value = values(turb_max_value),\r\n    dm_update_time = values(dm_update_time);","sqlType":"1","preStatements":[],"postStatements":[],"segmentSeparator":";","displayRows":10},"taskParamList":[],"taskParamMap":null,"flag":"YES","taskPriority":"MEDIUM","userName":null,"projectName":null,"workerGroup":"default","environmentCode":17270889904672,"failRetryTimes":0,"failRetryInterval":1,"timeoutFlag":"CLOSE","timeoutNotifyStrategy":null,"timeout":0,"delayTime":0,"resourceIds":"","createTime":"2025-11-18 19:34:30","updateTime":"2025-12-17 13:32:31","modifyBy":null,"taskGroupId":0,"taskGroupPriority":0,"cpuQuota":-1,"memoryMax":-1,"taskExecuteType":"BATCH","operator":2,"operateTime":"2025-12-17 13:32:31"},{"id":22044,"code":19716514595490,"name":"dm_wtw_etl_water_quality_day_sql_dm_wtw_final_water_quality_di_add","version":2,"description":"","projectCode":18796782717216,"userId":2,"taskType":"SQL","taskParams":{"localParams":[],"resourceList":[],"type":"POSTGRESQL","datasource":4,"sql":"-- ****************************************************************************************\r\n-- subject     areas: Water Treatment Works\r\n-- function describe: Water Treatment Works Water Quality\r\n-- create         by: dongmaochen\r\n-- create       date: 2025-11-17\r\n-- modify date                modify by                    modify content\r\n-- None                       None                         None\r\n-- source table\r\n-- coss_dws.dws_wtw_verification_item_di_year\r\n-- coss_dim.dim_wtw_water_quality_parameters\r\n-- target table\r\n-- coss_dm.dm_wtw_final_water_quality_di\r\n-- ****************************************************************************************\r\ninsert into coss_dm.dm_wtw_final_water_quality_di (\r\n    wtw_id,\r\n    loc_id,\r\n    i_code,\r\n    sample_date,\r\n    ph_manual,\r\n    ph_analyzer,\r\n    ph_is_pass,\r\n    turb_manual,\r\n    turb_analyzer,\r\n    turb_is_pass,\r\n    rcl2_manual,\r\n    rcl2_analyzer,\r\n    rcl2_is_pass,\r\n    fluoride_manual,\r\n    fluoride_analyzer,\r\n    fluoride_is_pass,\r\n    mn_manual,\r\n    mn_analyzer,\r\n    mn_is_pass,\r\n    final_is_pass,\r\n    ph_compare,\r\n    ph_min_value,\r\n    ph_max_value,\r\n    turb_compare,\r\n    turb_min_value,\r\n    turb_max_value,\r\n    rcl2_compare,\r\n    rcl2_min_value,\r\n    rcl2_max_value,\r\n    fluoride_compare,\r\n    fluoride_min_value,\r\n    fluoride_max_value,\r\n    mn_compare,\r\n    mn_min_value,\r\n    mn_max_value,\r\n    dm_update_time,\r\n    dm_load_time\r\n)\r\nselect\r\n    t.wtw_id,                                                                             -- ID Of The Corresponding WTW\r\n    t.loc_id,                                                                              -- ID Of The Sampling Location\r\n    t1.i_code,                                                                            -- Installations Code\r\n    t.sample_date,                                                                         -- Datetime When The Sample Is Taken\r\n    t.ph_manual,                                                                           -- Sample Value Of pH From Manual Test\r\n    t.ph_analyzer,                                                                         -- Sample Value Of pH From Online Analyzer\r\n    if(t.ph_manual >= t1.ph_min_value and t.ph_manual <= t1.ph_max_value, 1, 0) as ph_is_pass,  -- pH Is Pass\r\n    t.turb_manual,                                                                         -- Sample Value Of Turbidity From Manual Test\r\n    t.turb_analyzer,                                                                       -- Sample Value Of Turbidity From Online Analyzer\r\n    if(t.turb_manual <= t1.turb_max_value, 1, 0) as turb_is_pass,                          -- Turb Is Pass\r\n    t.rcl2_manual,                                                                         -- Sample Value Of Residual Chlorine From Manual Test\r\n    t.rcl2_analyzer,                                                                       -- Sample Value Of Residual Chlorine From Online Analyzer\r\n    if(t.rcl2_manual <= t1.rcl2_max_value, 1, 0) as rcl2_is_pass,                          -- Rcl2 Is Pass\r\n    t.fluoride_manual,                                                                     -- Sample Value Of Fluoride From Manual Test\r\n    t.fluoride_analyzer,                                                                   -- Sample Value Of Fluoride From Online Analyzer\r\n    if(t.fluoride_manual <= t1.fluoride_max_value, 1, 0) as fluoride_is_pass,              -- Fluoride Is Pass\r\n    t.mn_manual,                                                                           -- Sample Value Of Mangenese From Manual Test\r\n    t.mn_analyzer,                                                                         -- Sample Value Of Mangenese From Online Analyzer\r\n    1 as mn_is_pass,                                                                       -- Mn Is Pass\r\n    if(\r\n        if(t.ph_manual >= t1.ph_min_value and t.ph_manual <= t1.ph_max_value, 1, 0) + \r\n        if(t.turb_manual <= t1.turb_max_value, 1, 0) + \r\n        if(t.rcl2_manual <= t1.rcl2_max_value, 1, 0) + \r\n        if(t.fluoride_manual <= t1.fluoride_max_value, 1, 0) + 1 = 5, \r\n        1, \r\n        0\r\n    ) as final_is_pass,                                                                    -- Final Is Pass\r\n    t1.ph_compare,                                                                         -- Define Whether pH Value Is Acceptable Or Not\r\n    t1.ph_min_value,                                                                       -- Define Whether pH Value Is Acceptable Or Not\r\n    t1.ph_max_value,                                                                       -- Define Whether pH Value Is Acceptable Or Not\r\n    t1.turb_compare,                                                                       -- Define Whether Turbidity Value Is Acceptable Or Not\r\n    t1.turb_min_value,                                                                     -- Define Whether Turbidity Value Is Acceptable Or Not\r\n    t1.turb_max_value,                                                                     -- Define Whether Turbidity Value Is Acceptable Or Not\r\n    t1.rcl2_compare,                                                                       -- Define Whether Residual Chlorine Is Acceptable Or Not\r\n    t1.rcl2_min_value,                                                                     -- Define Whether Residual Chlorine Is Acceptable Or Not\r\n    t1.rcl2_max_value,                                                                     -- Define Whether Residual Chlorine Is Acceptable Or Not\r\n    t1.fluoride_compare,                                                                   -- Define Whether Fluoride Is Acceptable Or Not\r\n    t1.fluoride_min_value,                                                                 -- Define Whether Fluoride Is Acceptable Or Not\r\n    t1.fluoride_max_value,                                                                 -- Define Whether Fluoride Is Acceptable Or Not\r\n    t1.mn_compare,                                                                         -- Define Whether Manganese Is Acceptable Or Not\r\n    t1.mn_min_value,                                                                       -- Define Whether Manganese Is Acceptable Or Not\r\n    t1.mn_max_value,                                                                       -- Define Whether Manganese Is Acceptable Or Not\r\n    current_timestamp as dm_update_time,\r\n    current_timestamp as dm_load_time\r\nfrom (\r\n    select\r\n        wtw_id,\r\n        loc_id,\r\n        sample_date,\r\n        ph_manual,\r\n        ph_analyzer,\r\n        turb_manual,\r\n        turb_analyzer,\r\n        rcl2_manual,\r\n        rcl2_analyzer,\r\n        fluoride_manual,\r\n        fluoride_analyzer,\r\n        mn_manual,\r\n        mn_analyzer\r\n    from coss_dws.dws_wtw_verification_item_di_year\r\n    where wtw_id = 1\r\n      and loc_id = 100\r\n      and dws_update_time >= '${dm_update_time}'\r\n) t\r\ninner join (\r\n    select\r\n        wtw_id,\r\n        loc_id,\r\n        i_code,\r\n        ph_compare,\r\n        ph_min_value,\r\n        ph_max_value,\r\n        turb_compare,\r\n        turb_min_value,\r\n        turb_max_value,\r\n        rcl2_compare,\r\n        rcl2_min_value,\r\n        rcl2_max_value,\r\n        fluoride_compare,\r\n        fluoride_min_value,\r\n        fluoride_max_value,\r\n        mn_compare,\r\n        mn_min_value,\r\n        mn_max_value\r\n    from coss_dim.dim_wtw_water_quality_parameters\r\n    where wtw_id = 1\r\n      and loc_id = 100\r\n      and parameter_limit_id = 34\r\n) t1 on t.wtw_id = t1.wtw_id \r\n   and t.loc_id = t1.loc_id\r\n\r\nunion all\r\n\r\nselect\r\n    t.wtw_id,                                                                             -- ID Of The Corresponding WTW\r\n    t.loc_id,                                                                              -- ID Of The Sampling Location\r\n    t1.i_code,                                                                            -- Installations Code\r\n    t.sample_date,                                                                         -- Datetime When The Sample Is Taken\r\n    t.ph_manual,                                                                           -- Sample Value Of pH From Manual Test\r\n    t.ph_analyzer,                                                                         -- Sample Value Of pH From Online Analyzer\r\n    if(t.ph_manual >= t1.ph_min_value and t.ph_manual <= t1.ph_max_value, 1, 0) as ph_is_pass,  -- pH Is Pass\r\n    t.turb_manual,                                                                         -- Sample Value Of Turbidity From Manual Test\r\n    t.turb_analyzer,                                                                       -- Sample Value Of Turbidity From Online Analyzer\r\n    if(t.turb_manual <= t1.turb_max_value, 1, 0) as turb_is_pass,                          -- Turb Is Pass\r\n    t.rcl2_manual,                                                                         -- Sample Value Of Residual Chlorine From Manual Test\r\n    t.rcl2_analyzer,                                                                       -- Sample Value Of Residual Chlorine From Online Analyzer\r\n    if(t.rcl2_manual >= t1.rcl2_min_value and t.rcl2_manual <= t1.rcl2_max_value, 1, 0) as rcl2_is_pass,  -- Rcl2 Is Pass\r\n    t.fluoride_manual,                                                                     -- Sample Value Of Fluoride From Manual Test\r\n    t.fluoride_analyzer,                                                                   -- Sample Value Of Fluoride From Online Analyzer\r\n    if(t.fluoride_manual >= t1.fluoride_min_value and t.fluoride_manual <= t1.fluoride_max_value, 1, 0) as fluoride_is_pass,  -- Fluoride Is Pass\r\n    t.mn_manual,                                                                           -- Sample Value Of Mangenese From Manual Test\r\n    t.mn_analyzer,                                                                         -- Sample Value Of Mangenese From Online Analyzer\r\n    1 as mn_is_pass,                                                                       -- Mn Is Pass\r\n    if(\r\n        if(t.ph_manual >= t1.ph_min_value and t.ph_manual <= t1.ph_max_value, 1, 0) + \r\n        if(t.turb_manual <= t1.turb_max_value, 1, 0) + \r\n        if(t.rcl2_manual >= t1.rcl2_min_value and t.rcl2_manual <= t1.rcl2_max_value, 1, 0) + \r\n        if(t.fluoride_manual >= t1.fluoride_min_value and t.fluoride_manual <= t1.fluoride_max_value, 1, 0) + 1 = 5, \r\n        1, \r\n        0\r\n    ) as final_is_pass,                                                                    -- Final Is Pass\r\n    t1.ph_compare,                                                                         -- Define Whether pH Value Is Acceptable Or Not\r\n    t1.ph_min_value,                                                                       -- Define Whether pH Value Is Acceptable Or Not\r\n    t1.ph_max_value,                                                                       -- Define Whether pH Value Is Acceptable Or Not\r\n    t1.turb_compare,                                                                       -- Define Whether Turbidity Value Is Acceptable Or Not\r\n    t1.turb_min_value,                                                                     -- Define Whether Turbidity Value Is Acceptable Or Not\r\n    t1.turb_max_value,                                                                     -- Define Whether Turbidity Value Is Acceptable Or Not\r\n    t1.rcl2_compare,                                                                       -- Define Whether Residual Chlorine Is Acceptable Or Not\r\n    t1.rcl2_min_value,                                                                     -- Define Whether Residual Chlorine Is Acceptable Or Not\r\n    t1.rcl2_max_value,                                                                     -- Define Whether Residual Chlorine Is Acceptable Or Not\r\n    t1.fluoride_compare,                                                                   -- Define Whether Fluoride Is Acceptable Or Not\r\n    t1.fluoride_min_value,                                                                 -- Define Whether Fluoride Is Acceptable Or Not\r\n    t1.fluoride_max_value,                                                                 -- Define Whether Fluoride Is Acceptable Or Not\r\n    t1.mn_compare,                                                                         -- Define Whether Manganese Is Acceptable Or Not\r\n    t1.mn_min_value,                                                                       -- Define Whether Manganese Is Acceptable Or Not\r\n    t1.mn_max_value,                                                                       -- Define Whether Manganese Is Acceptable Or Not\r\n    current_timestamp as dm_update_time,\r\n    current_timestamp as dm_load_time\r\nfrom (\r\n    select\r\n        wtw_id,\r\n        loc_id,\r\n        sample_date,\r\n        ph_manual,\r\n        ph_analyzer,\r\n        turb_manual,\r\n        turb_analyzer,\r\n        rcl2_manual,\r\n        rcl2_analyzer,\r\n        fluoride_manual,\r\n        fluoride_analyzer,\r\n        mn_manual,\r\n        mn_analyzer\r\n    from coss_dws.dws_wtw_verification_item_di_year\r\n    where wtw_id = 2\r\n      and loc_id = 100\r\n      and dws_update_time >= '${dm_update_time}'\r\n) t\r\ninner join (\r\n    select\r\n        wtw_id,\r\n        loc_id,\r\n        i_code,\r\n        ph_compare,\r\n        ph_min_value,\r\n        ph_max_value,\r\n        turb_compare,\r\n        turb_min_value,\r\n        turb_max_value,\r\n        rcl2_compare,\r\n        rcl2_min_value,\r\n        rcl2_max_value,\r\n        fluoride_compare,\r\n        fluoride_min_value,\r\n        fluoride_max_value,\r\n        mn_compare,\r\n        mn_min_value,\r\n        mn_max_value\r\n    from coss_dim.dim_wtw_water_quality_parameters\r\n    where wtw_id = 2\r\n      and loc_id = 100\r\n      and parameter_limit_id = 43\r\n) t1 on t.wtw_id = t1.wtw_id \r\n   and t.loc_id = t1.loc_id\r\n\r\nunion all\r\n\r\nselect\r\n    t.wtw_id,                                                                             -- ID Of The Corresponding WTW\r\n    t.loc_id,                                                                              -- ID Of The Sampling Location\r\n    t1.i_code,                                                                            -- Installations Code\r\n    t.sample_date,                                                                         -- Datetime When The Sample Is Taken\r\n    t.ph_manual,                                                                           -- Sample Value Of pH From Manual Test\r\n    t.ph_analyzer,                                                                         -- Sample Value Of pH From Online Analyzer\r\n    if(t.ph_manual >= t1.ph_min_value and t.ph_manual <= t1.ph_max_value, 1, 0) as ph_is_pass,  -- pH Is Pass\r\n    t.turb_manual,                                                                         -- Sample Value Of Turbidity From Manual Test\r\n    t.turb_analyzer,                                                                       -- Sample Value Of Turbidity From Online Analyzer\r\n    if(t.turb_manual <= t1.turb_max_value, 1, 0) as turb_is_pass,                          -- Turb Is Pass\r\n    t.rcl2_manual,                                                                         -- Sample Value Of Residual Chlorine From Manual Test\r\n    t.rcl2_analyzer,                                                                       -- Sample Value Of Residual Chlorine From Online Analyzer\r\n    if(t.rcl2_manual >= t1.rcl2_min_value and t.rcl2_manual <= t1.rcl2_max_value, 1, 0) as rcl2_is_pass,  -- Rcl2 Is Pass\r\n    t.fluoride_manual,                                                                     -- Sample Value Of Fluoride From Manual Test\r\n    t.fluoride_analyzer,                                                                   -- Sample Value Of Fluoride From Online Analyzer\r\n    if(t.fluoride_manual >= t1.fluoride_min_value and t.fluoride_manual <= t1.fluoride_max_value, 1, 0) as fluoride_is_pass,  -- Fluoride Is Pass\r\n    t.mn_manual,                                                                           -- Sample Value Of Mangenese From Manual Test\r\n    t.mn_analyzer,                                                                         -- Sample Value Of Mangenese From Online Analyzer\r\n    1 as mn_is_pass,                                                                       -- Mn Is Pass\r\n    if(\r\n        if(t.ph_manual >= t1.ph_min_value and t.ph_manual <= t1.ph_max_value, 1, 0) + \r\n        if(t.turb_manual <= t1.turb_max_value, 1, 0) + \r\n        if(t.rcl2_manual >= t1.rcl2_min_value and t.rcl2_manual <= t1.rcl2_max_value, 1, 0) + \r\n        if(t.fluoride_manual >= t1.fluoride_min_value and t.fluoride_manual <= t1.fluoride_max_value, 1, 0) + 1 = 5, \r\n        1, \r\n        0\r\n    ) as final_is_pass,                                                                    -- Final Is Pass\r\n    t1.ph_compare,                                                                         -- Define Whether pH Value Is Acceptable Or Not\r\n    t1.ph_min_value,                                                                       -- Define Whether pH Value Is Acceptable Or Not\r\n    t1.ph_max_value,                                                                       -- Define Whether pH Value Is Acceptable Or Not\r\n    t1.turb_compare,                                                                       -- Define Whether Turbidity Value Is Acceptable Or Not\r\n    t1.turb_min_value,                                                                     -- Define Whether Turbidity Value Is Acceptable Or Not\r\n    t1.turb_max_value,                                                                     -- Define Whether Turbidity Value Is Acceptable Or Not\r\n    t1.rcl2_compare,                                                                       -- Define Whether Residual Chlorine Is Acceptable Or Not\r\n    t1.rcl2_min_value,                                                                     -- Define Whether Residual Chlorine Is Acceptable Or Not\r\n    t1.rcl2_max_value,                                                                     -- Define Whether Residual Chlorine Is Acceptable Or Not\r\n    t1.fluoride_compare,                                                                   -- Define Whether Fluoride Is Acceptable Or Not\r\n    t1.fluoride_min_value,                                                                 -- Define Whether Fluoride Is Acceptable Or Not\r\n    t1.fluoride_max_value,                                                                 -- Define Whether Fluoride Is Acceptable Or Not\r\n    t1.mn_compare,                                                                         -- Define Whether Manganese Is Acceptable Or Not\r\n    t1.mn_min_value,                                                                       -- Define Whether Manganese Is Acceptable Or Not\r\n    t1.mn_max_value,                                                                       -- Define Whether Manganese Is Acceptable Or Not\r\n    current_timestamp as dm_update_time,\r\n    current_timestamp as dm_load_time\r\nfrom (\r\n    select\r\n        wtw_id,\r\n        loc_id,\r\n        sample_date,\r\n        ph_manual,\r\n        ph_analyzer,\r\n        turb_manual,\r\n        turb_analyzer,\r\n        rcl2_manual,\r\n        rcl2_analyzer,\r\n        fluoride_manual,\r\n        fluoride_analyzer,\r\n        mn_manual,\r\n        mn_analyzer\r\n    from coss_dws.dws_wtw_verification_item_di_year\r\n    where wtw_id = 3\r\n      and loc_id = 100\r\n      and dws_update_time >= '${dm_update_time}'\r\n) t\r\ninner join (\r\n    select\r\n        wtw_id,\r\n        loc_id,\r\n        i_code,\r\n        ph_compare,\r\n        ph_min_value,\r\n        ph_max_value,\r\n        turb_compare,\r\n        turb_min_value,\r\n        turb_max_value,\r\n        rcl2_compare,\r\n        rcl2_min_value,\r\n        rcl2_max_value,\r\n        fluoride_compare,\r\n        fluoride_min_value,\r\n        fluoride_max_value,\r\n        mn_compare,\r\n        mn_min_value,\r\n        mn_max_value\r\n    from coss_dim.dim_wtw_water_quality_parameters\r\n    where wtw_id = 3\r\n      and loc_id = 100\r\n      and parameter_limit_id = 17\r\n) t1 on t.wtw_id = t1.wtw_id \r\n   and t.loc_id = t1.loc_id\r\n\r\nunion all\r\n\r\nselect\r\n    t.wtw_id,                                                                             -- ID Of The Corresponding WTW\r\n    t.loc_id,                                                                              -- ID Of The Sampling Location\r\n    t1.i_code,                                                                            -- Installations Code\r\n    t.sample_date,                                                                         -- Datetime When The Sample Is Taken\r\n    t.ph_manual,                                                                           -- Sample Value Of pH From Manual Test\r\n    t.ph_analyzer,                                                                         -- Sample Value Of pH From Online Analyzer\r\n    if(t.ph_manual >= t1.ph_min_value and t.ph_manual <= t1.ph_max_value, 1, 0) as ph_is_pass,  -- pH Is Pass\r\n    t.turb_manual,                                                                         -- Sample Value Of Turbidity From Manual Test\r\n    t.turb_analyzer,                                                                       -- Sample Value Of Turbidity From Online Analyzer\r\n    if(t.turb_manual <= t1.turb_max_value, 1, 0) as turb_is_pass,                          -- Turb Is Pass\r\n    t.rcl2_manual,                                                                         -- Sample Value Of Residual Chlorine From Manual Test\r\n    t.rcl2_analyzer,                                                                       -- Sample Value Of Residual Chlorine From Online Analyzer\r\n    if(t.rcl2_manual >= t1.rcl2_min_value and t.rcl2_manual <= t1.rcl2_max_value, 1, 0) as rcl2_is_pass,  -- Rcl2 Is Pass\r\n    t.fluoride_manual,                                                                     -- Sample Value Of Fluoride From Manual Test\r\n    t.fluoride_analyzer,                                                                   -- Sample Value Of Fluoride From Online Analyzer\r\n    if(t.fluoride_manual >= t1.fluoride_min_value and t.fluoride_manual <= t1.fluoride_max_value, 1, 0) as fluoride_is_pass,  -- Fluoride Is Pass\r\n    t.mn_manual,                                                                           -- Sample Value Of Mangenese From Manual Test\r\n    t.mn_analyzer,                                                                         -- Sample Value Of Mangenese From Online Analyzer\r\n    1 as mn_is_pass,                                                                       -- Mn Is Pass\r\n    if(\r\n        if(t.ph_manual >= t1.ph_min_value and t.ph_manual <= t1.ph_max_value, 1, 0) + \r\n        if(t.turb_manual <= t1.turb_max_value, 1, 0) + \r\n        if(t.rcl2_manual >= t1.rcl2_min_value and t.rcl2_manual <= t1.rcl2_max_value, 1, 0) + \r\n        if(t.fluoride_manual >= t1.fluoride_min_value and t.fluoride_manual <= t1.fluoride_max_value, 1, 0) + 1 = 5, \r\n        1, \r\n        0\r\n    ) as final_is_pass,                                                                    -- Final Is Pass\r\n    t1.ph_compare,                                                                         -- Define Whether pH Value Is Acceptable Or Not\r\n    t1.ph_min_value,                                                                       -- Define Whether pH Value Is Acceptable Or Not\r\n    t1.ph_max_value,                                                                       -- Define Whether pH Value Is Acceptable Or Not\r\n    t1.turb_compare,                                                                       -- Define Whether Turbidity Value Is Acceptable Or Not\r\n    t1.turb_min_value,                                                                     -- Define Whether Turbidity Value Is Acceptable Or Not\r\n    t1.turb_max_value,                                                                     -- Define Whether Turbidity Value Is Acceptable Or Not\r\n    t1.rcl2_compare,                                                                       -- Define Whether Residual Chlorine Is Acceptable Or Not\r\n    t1.rcl2_min_value,                                                                     -- Define Whether Residual Chlorine Is Acceptable Or Not\r\n    t1.rcl2_max_value,                                                                     -- Define Whether Residual Chlorine Is Acceptable Or Not\r\n    t1.fluoride_compare,                                                                   -- Define Whether Fluoride Is Acceptable Or Not\r\n    t1.fluoride_min_value,                                                                 -- Define Whether Fluoride Is Acceptable Or Not\r\n    t1.fluoride_max_value,                                                                 -- Define Whether Fluoride Is Acceptable Or Not\r\n    t1.mn_compare,                                                                         -- Define Whether Manganese Is Acceptable Or Not\r\n    t1.mn_min_value,                                                                       -- Define Whether Manganese Is Acceptable Or Not\r\n    t1.mn_max_value,                                                                       -- Define Whether Manganese Is Acceptable Or Not\r\n    current_timestamp as dm_update_time,\r\n    current_timestamp as dm_load_time\r\nfrom (\r\n    select\r\n        wtw_id,\r\n        loc_id,\r\n        sample_date,\r\n        ph_manual,\r\n        ph_analyzer,\r\n        turb_manual,\r\n        turb_analyzer,\r\n        rcl2_manual,\r\n        rcl2_analyzer,\r\n        fluoride_manual,\r\n        fluoride_analyzer,\r\n        mn_manual,\r\n        mn_analyzer\r\n    from coss_dws.dws_wtw_verification_item_di_year\r\n    where wtw_id = 4\r\n      and loc_id = 100\r\n      and dws_update_time >= '${dm_update_time}'\r\n) t\r\ninner join (\r\n    select\r\n        wtw_id,\r\n        loc_id,\r\n        i_code,\r\n        ph_compare,\r\n        ph_min_value,\r\n        ph_max_value,\r\n        turb_compare,\r\n        turb_min_value,\r\n        turb_max_value,\r\n        rcl2_compare,\r\n        rcl2_min_value,\r\n        rcl2_max_value,\r\n        fluoride_compare,\r\n        fluoride_min_value,\r\n        fluoride_max_value,\r\n        mn_compare,\r\n        mn_min_value,\r\n        mn_max_value\r\n    from coss_dim.dim_wtw_water_quality_parameters\r\n    where wtw_id = 4\r\n      and loc_id = 100\r\n      and parameter_limit_id = 7\r\n) t1 on t.wtw_id = t1.wtw_id \r\n   and t.loc_id = t1.loc_id\r\n\r\nunion all\r\n\r\nselect\r\n    t.wtw_id,                                                                             -- ID Of The Corresponding WTW\r\n    t.loc_id,                                                                              -- ID Of The Sampling Location\r\n    t1.i_code,                                                                            -- Installations Code\r\n    t.sample_date,                                                                         -- Datetime When The Sample Is Taken\r\n    t.ph_manual,                                                                           -- Sample Value Of pH From Manual Test\r\n    t.ph_analyzer,                                                                         -- Sample Value Of pH From Online Analyzer\r\n    if(t.ph_manual >= t1.ph_min_value and t.ph_manual <= t1.ph_max_value, 1, 0) as ph_is_pass,  -- pH Is Pass\r\n    t.turb_manual,                                                                         -- Sample Value Of Turbidity From Manual Test\r\n    t.turb_analyzer,                                                                       -- Sample Value Of Turbidity From Online Analyzer\r\n    if(t.turb_manual <= t1.turb_max_value, 1, 0) as turb_is_pass,                          -- Turb Is Pass\r\n    t.rcl2_manual,                                                                         -- Sample Value Of Residual Chlorine From Manual Test\r\n    t.rcl2_analyzer,                                                                       -- Sample Value Of Residual Chlorine From Online Analyzer\r\n    if(t.rcl2_manual >= t1.rcl2_min_value and t.rcl2_manual <= t1.rcl2_max_value, 1, 0) as rcl2_is_pass,  -- Rcl2 Is Pass\r\n    t.fluoride_manual,                                                                     -- Sample Value Of Fluoride From Manual Test\r\n    t.fluoride_analyzer,                                                                   -- Sample Value Of Fluoride From Online Analyzer\r\n    if(t.fluoride_manual >= t1.fluoride_min_value and t.fluoride_manual <= t1.fluoride_max_value, 1, 0) as fluoride_is_pass,  -- Fluoride Is Pass\r\n    t.mn_manual,                                                                           -- Sample Value Of Mangenese From Manual Test\r\n    t.mn_analyzer,                                                                         -- Sample Value Of Mangenese From Online Analyzer\r\n    1 as mn_is_pass,                                                                       -- Mn Is Pass\r\n    if(\r\n        if(t.ph_manual >= t1.ph_min_value and t.ph_manual <= t1.ph_max_value, 1, 0) + \r\n        if(t.turb_manual <= t1.turb_max_value, 1, 0) + \r\n        if(t.rcl2_manual >= t1.rcl2_min_value and t.rcl2_manual <= t1.rcl2_max_value, 1, 0) + \r\n        if(t.fluoride_manual >= t1.fluoride_min_value and t.fluoride_manual <= t1.fluoride_max_value, 1, 0) + 1 = 5, \r\n        1, \r\n        0\r\n    ) as final_is_pass,                                                                    -- Final Is Pass\r\n    t1.ph_compare,                                                                         -- Define Whether pH Value Is Acceptable Or Not\r\n    t1.ph_min_value,                                                                       -- Define Whether pH Value Is Acceptable Or Not\r\n    t1.ph_max_value,                                                                       -- Define Whether pH Value Is Acceptable Or Not\r\n    t1.turb_compare,                                                                       -- Define Whether Turbidity Value Is Acceptable Or Not\r\n    t1.turb_min_value,                                                                     -- Define Whether Turbidity Value Is Acceptable Or Not\r\n    t1.turb_max_value,                                                                     -- Define Whether Turbidity Value Is Acceptable Or Not\r\n    t1.rcl2_compare,                                                                       -- Define Whether Residual Chlorine Is Acceptable Or Not\r\n    t1.rcl2_min_value,                                                                     -- Define Whether Residual Chlorine Is Acceptable Or Not\r\n    t1.rcl2_max_value,                                                                     -- Define Whether Residual Chlorine Is Acceptable Or Not\r\n    t1.fluoride_compare,                                                                   -- Define Whether Fluoride Is Acceptable Or Not\r\n    t1.fluoride_min_value,                                                                 -- Define Whether Fluoride Is Acceptable Or Not\r\n    t1.fluoride_max_value,                                                                 -- Define Whether Fluoride Is Acceptable Or Not\r\n    t1.mn_compare,                                                                         -- Define Whether Manganese Is Acceptable Or Not\r\n    t1.mn_min_value,                                                                       -- Define Whether Manganese Is Acceptable Or Not\r\n    t1.mn_max_value,                                                                       -- Define Whether Manganese Is Acceptable Or Not\r\n    current_timestamp as dm_update_time,\r\n    current_timestamp as dm_load_time\r\nfrom (\r\n    select\r\n        wtw_id,\r\n        loc_id,\r\n        sample_date,\r\n        ph_manual,\r\n        ph_analyzer,\r\n        turb_manual,\r\n        turb_analyzer,\r\n        rcl2_manual,\r\n        rcl2_analyzer,\r\n        fluoride_manual,\r\n        fluoride_analyzer,\r\n        mn_manual,\r\n        mn_analyzer\r\n    from coss_dws.dws_wtw_verification_item_di_year\r\n    where wtw_id = 5\r\n      and loc_id = 100\r\n      and dws_update_time >= '${dm_update_time}'\r\n) t\r\ninner join (\r\n    select\r\n        wtw_id,\r\n        loc_id,\r\n        i_code,\r\n        ph_compare,\r\n        ph_min_value,\r\n        ph_max_value,\r\n        turb_compare,\r\n        turb_min_value,\r\n        turb_max_value,\r\n        rcl2_compare,\r\n        rcl2_min_value,\r\n        rcl2_max_value,\r\n        fluoride_compare,\r\n        fluoride_min_value,\r\n        fluoride_max_value,\r\n        mn_compare,\r\n        mn_min_value,\r\n        mn_max_value\r\n    from coss_dim.dim_wtw_water_quality_parameters\r\n    where wtw_id = 5\r\n      and loc_id = 100\r\n      and parameter_limit_id = 51\r\n) t1 on t.wtw_id = t1.wtw_id \r\n   and t.loc_id = t1.loc_id\r\n\r\non duplicate key update\r\n    wtw_id = values(wtw_id),\r\n    ph_manual = values(ph_manual),\r\n    ph_analyzer = values(ph_analyzer),\r\n    ph_is_pass = values(ph_is_pass),\r\n    turb_manual = values(turb_manual),\r\n    turb_analyzer = values(turb_analyzer),\r\n    turb_is_pass = values(turb_is_pass),\r\n    rcl2_manual = values(rcl2_manual),\r\n    rcl2_analyzer = values(rcl2_analyzer),\r\n    rcl2_is_pass = values(rcl2_is_pass),\r\n    fluoride_manual = values(fluoride_manual),\r\n    fluoride_analyzer = values(fluoride_analyzer),\r\n    fluoride_is_pass = values(fluoride_is_pass),\r\n    mn_manual = values(mn_manual),\r\n    mn_analyzer = values(mn_analyzer),\r\n    mn_is_pass = values(mn_is_pass),\r\n    final_is_pass = values(final_is_pass),\r\n    ph_compare = values(ph_compare),\r\n    ph_min_value = values(ph_min_value),\r\n    ph_max_value = values(ph_max_value),\r\n    turb_compare = values(turb_compare),\r\n    turb_min_value = values(turb_min_value),\r\n    turb_max_value = values(turb_max_value),\r\n    rcl2_compare = values(rcl2_compare),\r\n    rcl2_min_value = values(rcl2_min_value),\r\n    rcl2_max_value = values(rcl2_max_value),\r\n    fluoride_compare = values(fluoride_compare),\r\n    fluoride_min_value = values(fluoride_min_value),\r\n    fluoride_max_value = values(fluoride_max_value),\r\n    mn_compare = values(mn_compare),\r\n    mn_min_value = values(mn_min_value),\r\n    mn_max_value = values(mn_max_value),\r\n    dm_update_time = values(dm_update_time)","sqlType":"1","preStatements":[],"postStatements":[],"segmentSeparator":";","displayRows":10},"taskParamList":[],"taskParamMap":null,"flag":"YES","taskPriority":"MEDIUM","userName":null,"projectName":null,"workerGroup":"default","environmentCode":17270889904672,"failRetryTimes":0,"failRetryInterval":1,"timeoutFlag":"CLOSE","timeoutNotifyStrategy":null,"timeout":0,"delayTime":0,"resourceIds":"","createTime":"2025-11-18 19:34:30","updateTime":"2025-12-17 13:32:31","modifyBy":null,"taskGroupId":0,"taskGroupPriority":0,"cpuQuota":-1,"memoryMax":-1,"taskExecuteType":"BATCH","operator":2,"operateTime":"2025-12-17 13:32:31"},{"id":22045,"code":19716514595491,"name":"dm_wtw_etl_water_quality_day_sql_dm_wtw_filtered_water_quality_di_add","version":2,"description":"","projectCode":18796782717216,"userId":2,"taskType":"SQL","taskParams":{"localParams":[],"resourceList":[],"type":"POSTGRESQL","datasource":4,"sql":"-- ****************************************************************************************\r\n-- subject     areas: Water Treatment Works\r\n-- function describe: Water Treatment Works Water Quality\r\n-- create         by: dongmaochen\r\n-- create       date: 2025-11-17\r\n-- modify date                modify by                    modify content\r\n-- None                       None                         None\r\n-- source table\r\n-- coss_dws.dws_wtw_verification_item_di_year\r\n-- coss_dim.dim_wtw_water_quality_parameters\r\n-- target table\r\n-- coss_dm.dm_wtw_filtered_water_quality_di\r\n-- ****************************************************************************************\r\ninsert into coss_dm.dm_wtw_filtered_water_quality_di (\r\n    wtw_id,\r\n    loc_id,\r\n    i_code,\r\n    sample_date,\r\n    turb_manual,\r\n    turb_analyzer,\r\n    turb_is_pass,\r\n    rcl2_manual,\r\n    rcl2_analyzer,\r\n    rcl2_is_pass,\r\n    filtered_is_pass,\r\n    turb_compare,\r\n    turb_min_value,\r\n    turb_max_value,\r\n    rcl2_compare,\r\n    rcl2_min_value,\r\n    rcl2_max_value,\r\n    dm_update_time,\r\n    dm_load_time\r\n)\r\nselect\r\n    t.wtw_id, -- ID Of The Corresponding WTW\r\n    t.loc_id, -- ID Of The Sampling Location\r\n    t1.i_code, -- Installations Code\r\n    t.sample_date, -- Datetime When The Sample Is Taken\r\n    t.turb_manual, -- Sample Value Of Turbidity From Manual Test\r\n    t.turb_analyzer, -- Sample Value Of Turbidity From Online Analyzer\r\n    if(t.turb_manual <= t1.turb_max_value, 1, 0) as turb_is_pass, -- Turb Is Pass\r\n    t.rcl2_manual, -- Sample Value Of Residual Chlorine From Manual Test\r\n    t.rcl2_analyzer, -- Sample Value Of Residual Chlorine From Online Analyzer\r\n    if(t.rcl2_manual >= t1.rcl2_min_value and t.rcl2_manual <= t1.rcl2_max_value, 1, 0) as rcl2_is_pass, -- Rcl2 Is Pass\r\n    if(\r\n        (if(t.turb_manual <= t1.turb_max_value, 1, 0)) + \r\n        (if(t.rcl2_manual >= t1.rcl2_min_value and t.rcl2_manual <= t1.rcl2_max_value, 1, 0)) = 2, \r\n        1, \r\n        0\r\n    ) as filtered_is_pass, -- Filtered Is Pass\r\n    t1.turb_compare, -- Define Whether Turbidity Value Is Acceptable Or Not\r\n    t1.turb_min_value, -- Define Whether Turbidity Value Is Acceptable Or Not\r\n    t1.turb_max_value, -- Define Whether Turbidity Value Is Acceptable Or Not\r\n    t1.rcl2_compare, -- Define Whether Residual Chlorine Is Acceptable Or Not\r\n    t1.rcl2_min_value, -- Define Whether Residual Chlorine Is Acceptable Or Not\r\n    t1.rcl2_max_value, -- Define Whether Residual Chlorine Is Acceptable Or Not\r\n    current_timestamp as dm_update_time,\r\n    current_timestamp as dm_load_time\r\nfrom (\r\n    select\r\n        wtw_id,\r\n        loc_id,\r\n        sample_date,\r\n        turb_manual,\r\n        turb_analyzer,\r\n        rcl2_manual,\r\n        rcl2_analyzer\r\n    from coss_dws.dws_wtw_verification_item_di_year\r\n    where wtw_id = 1\r\n      and loc_id = 40\r\n      and dws_update_time >= '${dm_update_time}'\r\n) t\r\ninner join (\r\n    select\r\n        wtw_id,\r\n        loc_id,\r\n        i_code,\r\n        turb_compare,\r\n        turb_min_value,\r\n        turb_max_value,\r\n        rcl2_compare,\r\n        rcl2_min_value,\r\n        rcl2_max_value\r\n    from coss_dim.dim_wtw_water_quality_parameters\r\n    where wtw_id = 1\r\n      and loc_id = 40\r\n      and parameter_limit_id = 27\r\n) t1 on t.wtw_id = t1.wtw_id \r\n    and t.loc_id = t1.loc_id\r\n\r\nunion all\r\n\r\nselect\r\n    t.wtw_id, -- ID Of The Corresponding WTW\r\n    t.loc_id, -- ID Of The Sampling Location\r\n    t1.i_code, -- Installations Code\r\n    t.sample_date, -- Datetime When The Sample Is Taken\r\n    t.turb_manual, -- Sample Value Of Turbidity From Manual Test\r\n    t.turb_analyzer, -- Sample Value Of Turbidity From Online Analyzer\r\n    if(t.turb_manual <= t1.turb_max_value, 1, 0) as turb_is_pass, -- Turb Is Pass\r\n    t.rcl2_manual, -- Sample Value Of Residual Chlorine From Manual Test\r\n    t.rcl2_analyzer, -- Sample Value Of Residual Chlorine From Online Analyzer\r\n    if(t.rcl2_manual >= t1.rcl2_min_value and t.rcl2_manual <= t1.rcl2_max_value, 1, 0) as rcl2_is_pass, -- Rcl2 Is Pass\r\n    if(\r\n        (if(t.turb_manual <= t1.turb_max_value, 1, 0)) + \r\n        (if(t.rcl2_manual >= t1.rcl2_min_value and t.rcl2_manual <= t1.rcl2_max_value, 1, 0)) = 2, \r\n        1, \r\n        0\r\n    ) as filtered_is_pass, -- Filtered Is Pass\r\n    t1.turb_compare, -- Define Whether Turbidity Value Is Acceptable Or Not\r\n    t1.turb_min_value, -- Define Whether Turbidity Value Is Acceptable Or Not\r\n    t1.turb_max_value, -- Define Whether Turbidity Value Is Acceptable Or Not\r\n    t1.rcl2_compare, -- Define Whether Residual Chlorine Is Acceptable Or Not\r\n    t1.rcl2_min_value, -- Define Whether Residual Chlorine Is Acceptable Or Not\r\n    t1.rcl2_max_value, -- Define Whether Residual Chlorine Is Acceptable Or Not\r\n    current_timestamp as dm_update_time,\r\n    current_timestamp as dm_load_time\r\nfrom (\r\n    select\r\n        wtw_id,\r\n        loc_id,\r\n        sample_date,\r\n        turb_manual,\r\n        turb_analyzer,\r\n        rcl2_manual,\r\n        rcl2_analyzer\r\n    from coss_dws.dws_wtw_verification_item_di_year\r\n    where wtw_id = 2\r\n      and loc_id = 40\r\n      and dws_update_time >= '${dm_update_time}'\r\n) t\r\ninner join (\r\n    select\r\n        wtw_id,\r\n        loc_id,\r\n        i_code,\r\n        turb_compare,\r\n        turb_min_value,\r\n        turb_max_value,\r\n        rcl2_compare,\r\n        rcl2_min_value,\r\n        rcl2_max_value\r\n    from coss_dim.dim_wtw_water_quality_parameters\r\n    where wtw_id = 2\r\n      and loc_id = 40\r\n      and parameter_limit_id = 41\r\n) t1 on t.wtw_id = t1.wtw_id \r\n    and t.loc_id = t1.loc_id\r\n\r\nunion all\r\n\r\nselect\r\n    t.wtw_id, -- ID Of The Corresponding WTW\r\n    t.loc_id, -- ID Of The Sampling Location\r\n    t1.i_code, -- Installations Code\r\n    t.sample_date, -- Datetime When The Sample Is Taken\r\n    t.turb_manual, -- Sample Value Of Turbidity From Manual Test\r\n    t.turb_analyzer, -- Sample Value Of Turbidity From Online Analyzer\r\n    if(t.turb_manual <= t1.turb_max_value, 1, 0) as turb_is_pass, -- Turb Is Pass\r\n    t.rcl2_manual, -- Sample Value Of Residual Chlorine From Manual Test\r\n    t.rcl2_analyzer, -- Sample Value Of Residual Chlorine From Online Analyzer\r\n    if(t.rcl2_manual >= t1.rcl2_min_value and t.rcl2_manual <= t1.rcl2_max_value, 1, 0) as rcl2_is_pass, -- Rcl2 Is Pass\r\n    if(\r\n        (if(t.turb_manual <= t1.turb_max_value, 1, 0)) + \r\n        (if(t.rcl2_manual >= t1.rcl2_min_value and t.rcl2_manual <= t1.rcl2_max_value, 1, 0)) = 2, \r\n        1, \r\n        0\r\n    ) as filtered_is_pass, -- Filtered Is Pass\r\n    t1.turb_compare, -- Define Whether Turbidity Value Is Acceptable Or Not\r\n    t1.turb_min_value, -- Define Whether Turbidity Value Is Acceptable Or Not\r\n    t1.turb_max_value, -- Define Whether Turbidity Value Is Acceptable Or Not\r\n    t1.rcl2_compare, -- Define Whether Residual Chlorine Is Acceptable Or Not\r\n    t1.rcl2_min_value, -- Define Whether Residual Chlorine Is Acceptable Or Not\r\n    t1.rcl2_max_value, -- Define Whether Residual Chlorine Is Acceptable Or Not\r\n    current_timestamp as dm_update_time,\r\n    current_timestamp as dm_load_time\r\nfrom (\r\n    select\r\n        wtw_id,\r\n        loc_id,\r\n        sample_date,\r\n        turb_manual,\r\n        turb_analyzer,\r\n        rcl2_manual,\r\n        rcl2_analyzer\r\n    from coss_dws.dws_wtw_verification_item_di_year\r\n    where wtw_id = 3\r\n      and loc_id in (44, 45)\r\n      and dws_update_time >= '${dm_update_time}'\r\n) t\r\ninner join (\r\n    select\r\n        wtw_id,\r\n        loc_id,\r\n        i_code,\r\n        turb_compare,\r\n        turb_min_value,\r\n        turb_max_value,\r\n        rcl2_compare,\r\n        rcl2_min_value,\r\n        rcl2_max_value\r\n    from coss_dim.dim_wtw_water_quality_parameters\r\n    where wtw_id = 3\r\n      and loc_id in (44, 45)\r\n      and parameter_limit_id in (13, 15)\r\n) t1 on t.wtw_id = t1.wtw_id \r\n    and t.loc_id = t1.loc_id\r\n\r\nunion all\r\n\r\nselect\r\n    t.wtw_id, -- ID Of The Corresponding WTW\r\n    t.loc_id, -- ID Of The Sampling Location\r\n    t1.i_code, -- Installations Code\r\n    t.sample_date, -- Datetime When The Sample Is Taken\r\n    t.turb_manual, -- Sample Value Of Turbidity From Manual Test\r\n    t.turb_analyzer, -- Sample Value Of Turbidity From Online Analyzer\r\n    if(t.turb_manual <= t1.turb_max_value, 1, 0) as turb_is_pass, -- Turb Is Pass\r\n    t.rcl2_manual, -- Sample Value Of Residual Chlorine From Manual Test\r\n    t.rcl2_analyzer, -- Sample Value Of Residual Chlorine From Online Analyzer\r\n    if(t.rcl2_manual >= t1.rcl2_min_value and t.rcl2_manual <= t1.rcl2_max_value, 1, 0) as rcl2_is_pass, -- Rcl2 Is Pass\r\n    if(\r\n        (if(t.turb_manual <= t1.turb_max_value, 1, 0)) + \r\n        (if(t.rcl2_manual >= t1.rcl2_min_value and t.rcl2_manual <= t1.rcl2_max_value, 1, 0)) = 2, \r\n        1, \r\n        0\r\n    ) as filtered_is_pass, -- Filtered Is Pass\r\n    t1.turb_compare, -- Define Whether Turbidity Value Is Acceptable Or Not\r\n    t1.turb_min_value, -- Define Whether Turbidity Value Is Acceptable Or Not\r\n    t1.turb_max_value, -- Define Whether Turbidity Value Is Acceptable Or Not\r\n    t1.rcl2_compare, -- Define Whether Residual Chlorine Is Acceptable Or Not\r\n    t1.rcl2_min_value, -- Define Whether Residual Chlorine Is Acceptable Or Not\r\n    t1.rcl2_max_value, -- Define Whether Residual Chlorine Is Acceptable Or Not\r\n    current_timestamp as dm_update_time,\r\n    current_timestamp as dm_load_time\r\nfrom (\r\n    select\r\n        wtw_id,\r\n        loc_id,\r\n        sample_date,\r\n        turb_manual,\r\n        turb_analyzer,\r\n        rcl2_manual,\r\n        rcl2_analyzer\r\n    from coss_dws.dws_wtw_verification_item_di_year\r\n    where wtw_id = 4\r\n      and loc_id = 40\r\n      and dws_update_time >= '${dm_update_time}'\r\n) t\r\ninner join (\r\n    select\r\n        wtw_id,\r\n        loc_id,\r\n        i_code,\r\n        turb_compare,\r\n        turb_min_value,\r\n        turb_max_value,\r\n        rcl2_compare,\r\n        rcl2_min_value,\r\n        rcl2_max_value\r\n    from coss_dim.dim_wtw_water_quality_parameters\r\n    where wtw_id = 4\r\n      and loc_id = 40\r\n      and parameter_limit_id = 5\r\n) t1 on t.wtw_id = t1.wtw_id \r\n    and t.loc_id = t1.loc_id\r\n\r\non duplicate key update\r\n    wtw_id = values(wtw_id),\r\n    turb_manual = values(turb_manual),\r\n    turb_analyzer = values(turb_analyzer),\r\n    turb_is_pass = values(turb_is_pass),\r\n    rcl2_manual = values(rcl2_manual),\r\n    rcl2_analyzer = values(rcl2_analyzer),\r\n    rcl2_is_pass = values(rcl2_is_pass),\r\n    filtered_is_pass = values(filtered_is_pass),\r\n    turb_compare = values(turb_compare),\r\n    turb_min_value = values(turb_min_value),\r\n    turb_max_value = values(turb_max_value),\r\n    rcl2_compare = values(rcl2_compare),\r\n    rcl2_min_value = values(rcl2_min_value),\r\n    rcl2_max_value = values(rcl2_max_value),\r\n    dm_update_time = values(dm_update_time);","sqlType":"1","preStatements":[],"postStatements":[],"segmentSeparator":";","displayRows":10},"taskParamList":[],"taskParamMap":null,"flag":"YES","taskPriority":"MEDIUM","userName":null,"projectName":null,"workerGroup":"default","environmentCode":17270889904672,"failRetryTimes":0,"failRetryInterval":1,"timeoutFlag":"CLOSE","timeoutNotifyStrategy":null,"timeout":0,"delayTime":0,"resourceIds":"","createTime":"2025-11-18 19:34:30","updateTime":"2025-12-17 13:32:31","modifyBy":null,"taskGroupId":0,"taskGroupPriority":0,"cpuQuota":-1,"memoryMax":-1,"taskExecuteType":"BATCH","operator":2,"operateTime":"2025-12-17 13:32:31"}],"schedule":null}]